Geography,Category,Packaging Class,Pack Type,Data Type,Unit,Year,Unit_Volume_MUnits
Western Europe,Coffee,Total,Total Packaging,Retail/off-trade Unit Volume,million units,2015,9598.9
Eastern Europe,Coffee,Total,Total Packaging,Retail/off-trade Unit Volume,million units,2015,5011.9
North America,Coffee,Total,Total Packaging,Retail/off-trade Unit Volume,million units,2015,2985.7
Latin America,Coffee,Total,Total Packaging,Retail/off-trade Unit Volume,million units,2015,3696.1
Asia Pacific,Coffee,Total,Total Packaging,Retail/off-trade Unit Volume,million units,2015,24251.7
Australasia,Coffee,Total,Total Packaging,Retail/off-trade Unit Volume,million units,2015,266.6
Middle East and Africa,Coffee,Total,Total Packaging,Retail/off-trade Unit Volume,million units,2015,641.9
Australia,Coffee,Total,Total Packaging,Retail/off-trade Unit Volume,million units,2015,236.7
Brazil,Coffee,Total,Total Packaging,Retail/off-trade Unit Volume,million units,2015,2538.7
China,Coffee,Total,Total Packaging,Retail/off-trade Unit Volume,million units,2015,331.0
Germany,Coffee,Total,Total Packaging,Retail/off-trade Unit Volume,million units,2015,2324.9
France,Coffee,Total,Total Packaging,Retail/off-trade Unit Volume,million units,2015,1538.8
United Kingdom,Coffee,Total,Total Packaging,Retail/off-trade Unit Volume,million units,2015,639.2
India,Coffee,Total,Total Packaging,Retail/off-trade Unit Volume,million units,2015,1147.0
Japan,Coffee,Total,Total Packaging,Retail/off-trade Unit Volume,million units,2015,800.2
Thailand,Coffee,Total,Total Packaging,Retail/off-trade Unit Volume,million units,2015,533.5
USA,Coffee,Total,Total Packaging,Retail/off-trade Unit Volume,million units,2015,2712.2
World,Coffee,Total,Total Packaging,Retail/off-trade Unit Volume,million units,2015,46452.7
USA,Coffee,Total,Flexible Packaging,Retail/off-trade Unit Volume,million units,2015,1280.1
Thailand,Coffee,Total,Flexible Packaging,Retail/off-trade Unit Volume,million units,2015,411.7
World,Coffee,Total,Flexible Packaging,Retail/off-trade Unit Volume,million units,2015,35656.3
Japan,Coffee,Total,Flexible Packaging,Retail/off-trade Unit Volume,million units,2015,480.7
India,Coffee,Total,Flexible Packaging,Retail/off-trade Unit Volume,million units,2015,815.5
United Kingdom,Coffee,Total,Flexible Packaging,Retail/off-trade Unit Volume,million units,2015,131.8
France,Coffee,Total,Flexible Packaging,Retail/off-trade Unit Volume,million units,2015,625.7
China,Coffee,Total,Flexible Packaging,Retail/off-trade Unit Volume,million units,2015,137.9
Germany,Coffee,Total,Flexible Packaging,Retail/off-trade Unit Volume,million units,2015,1482.4
Brazil,Coffee,Total,Flexible Packaging,Retail/off-trade Unit Volume,million units,2015,2097.1
Australia,Coffee,Total,Flexible Packaging,Retail/off-trade Unit Volume,million units,2015,21.7
Middle East and Africa,Coffee,Total,Flexible Packaging,Retail/off-trade Unit Volume,million units,2015,359.0
Australasia,Coffee,Total,Flexible Packaging,Retail/off-trade Unit Volume,million units,2015,26.2
Asia Pacific,Coffee,Total,Flexible Packaging,Retail/off-trade Unit Volume,million units,2015,21810.9
North America,Coffee,Total,Flexible Packaging,Retail/off-trade Unit Volume,million units,2015,1346.3
Latin America,Coffee,Total,Flexible Packaging,Retail/off-trade Unit Volume,million units,2015,2679.7
Eastern Europe,Coffee,Total,Flexible Packaging,Retail/off-trade Unit Volume,million units,2015,3743.0
Western Europe,Coffee,Total,Flexible Packaging,Retail/off-trade Unit Volume,million units,2015,5691.1
Western Europe,Coffee,Total,Flexible Aluminium/Paper,Retail/off-trade Unit Volume,million units,2015,158.4
Eastern Europe,Coffee,Total,Flexible Aluminium/Paper,Retail/off-trade Unit Volume,million units,2015,115.2
Latin America,Coffee,Total,Flexible Aluminium/Paper,Retail/off-trade Unit Volume,million units,2015,
North America,Coffee,Total,Flexible Aluminium/Paper,Retail/off-trade Unit Volume,million units,2015,407.9
Asia Pacific,Coffee,Total,Flexible Aluminium/Paper,Retail/off-trade Unit Volume,million units,2015,2.2
Australasia,Coffee,Total,Flexible Aluminium/Paper,Retail/off-trade Unit Volume,million units,2015,3.9
Middle East and Africa,Coffee,Total,Flexible Aluminium/Paper,Retail/off-trade Unit Volume,million units,2015,0.9
Australia,Coffee,Total,Flexible Aluminium/Paper,Retail/off-trade Unit Volume,million units,2015,3.1
China,Coffee,Total,Flexible Aluminium/Paper,Retail/off-trade Unit Volume,million units,2015,0.0
Germany,Coffee,Total,Flexible Aluminium/Paper,Retail/off-trade Unit Volume,million units,2015,59.5
France,Coffee,Total,Flexible Aluminium/Paper,Retail/off-trade Unit Volume,million units,2015,7.2
World,Coffee,Total,Flexible Aluminium/Paper,Retail/off-trade Unit Volume,million units,2015,688.5
USA,Coffee,Total,Flexible Aluminium/Paper,Retail/off-trade Unit Volume,million units,2015,390.4
USA,Coffee,Total,Flexible Aluminium/Plastic,Retail/off-trade Unit Volume,million units,2015,575.6
Thailand,Coffee,Total,Flexible Aluminium/Plastic,Retail/off-trade Unit Volume,million units,2015,238.4
World,Coffee,Total,Flexible Aluminium/Plastic,Retail/off-trade Unit Volume,million units,2015,24593.4
France,Coffee,Total,Flexible Aluminium/Plastic,Retail/off-trade Unit Volume,million units,2015,202.9
Germany,Coffee,Total,Flexible Aluminium/Plastic,Retail/off-trade Unit Volume,million units,2015,527.9
India,Coffee,Total,Flexible Aluminium/Plastic,Retail/off-trade Unit Volume,million units,2015,815.5
Japan,Coffee,Total,Flexible Aluminium/Plastic,Retail/off-trade Unit Volume,million units,2015,314.8
United Kingdom,Coffee,Total,Flexible Aluminium/Plastic,Retail/off-trade Unit Volume,million units,2015,50.2
China,Coffee,Total,Flexible Aluminium/Plastic,Retail/off-trade Unit Volume,million units,2015,137.9
Brazil,Coffee,Total,Flexible Aluminium/Plastic,Retail/off-trade Unit Volume,million units,2015,1903.6
Middle East and Africa,Coffee,Total,Flexible Aluminium/Plastic,Retail/off-trade Unit Volume,million units,2015,192.8
Australia,Coffee,Total,Flexible Aluminium/Plastic,Retail/off-trade Unit Volume,million units,2015,12.6
Australasia,Coffee,Total,Flexible Aluminium/Plastic,Retail/off-trade Unit Volume,million units,2015,14.9
Asia Pacific,Coffee,Total,Flexible Aluminium/Plastic,Retail/off-trade Unit Volume,million units,2015,16691.5
Latin America,Coffee,Total,Flexible Aluminium/Plastic,Retail/off-trade Unit Volume,million units,2015,2344.1
North America,Coffee,Total,Flexible Aluminium/Plastic,Retail/off-trade Unit Volume,million units,2015,620.0
Eastern Europe,Coffee,Total,Flexible Aluminium/Plastic,Retail/off-trade Unit Volume,million units,2015,2914.8
Western Europe,Coffee,Total,Flexible Aluminium/Plastic,Retail/off-trade Unit Volume,million units,2015,1815.3
Western Europe,Coffee,Total,Flexible Paper,Retail/off-trade Unit Volume,million units,2015,520.0
Eastern Europe,Coffee,Total,Flexible Paper,Retail/off-trade Unit Volume,million units,2015,94.6
Latin America,Coffee,Total,Flexible Paper,Retail/off-trade Unit Volume,million units,2015,1.5
Asia Pacific,Coffee,Total,Flexible Paper,Retail/off-trade Unit Volume,million units,2015,2.2
Australasia,Coffee,Total,Flexible Paper,Retail/off-trade Unit Volume,million units,2015,0.0
Middle East and Africa,Coffee,Total,Flexible Paper,Retail/off-trade Unit Volume,million units,2015,2.0
United Kingdom,Coffee,Total,Flexible Paper,Retail/off-trade Unit Volume,million units,2015,6.5
Germany,Coffee,Total,Flexible Paper,Retail/off-trade Unit Volume,million units,2015,470.0
World,Coffee,Total,Flexible Paper,Retail/off-trade Unit Volume,million units,2015,620.2
World,Coffee,Total,Flexible Paper/Plastic,Retail/off-trade Unit Volume,million units,2015,54.6
United Kingdom,Coffee,Total,Flexible Paper/Plastic,Retail/off-trade Unit Volume,million units,2015,
Western Europe,Coffee,Total,Flexible Paper/Plastic,Retail/off-trade Unit Volume,million units,2015,54.6
Western Europe,Coffee,Total,Flexible Plastic,Retail/off-trade Unit Volume,million units,2015,3044.7
Eastern Europe,Coffee,Total,Flexible Plastic,Retail/off-trade Unit Volume,million units,2015,189.4
Australasia,Coffee,Total,Flexible Plastic,Retail/off-trade Unit Volume,million units,2015,7.3
Asia Pacific,Coffee,Total,Flexible Plastic,Retail/off-trade Unit Volume,million units,2015,4735.8
Latin America,Coffee,Total,Flexible Plastic,Retail/off-trade Unit Volume,million units,2015,73.1
North America,Coffee,Total,Flexible Plastic,Retail/off-trade Unit Volume,million units,2015,167.8
United Kingdom,Coffee,Total,Flexible Plastic,Retail/off-trade Unit Volume,million units,2015,61.5
Japan,Coffee,Total,Flexible Plastic,Retail/off-trade Unit Volume,million units,2015,165.9
Germany,Coffee,Total,Flexible Plastic,Retail/off-trade Unit Volume,million units,2015,424.3
France,Coffee,Total,Flexible Plastic,Retail/off-trade Unit Volume,million units,2015,393.6
Middle East and Africa,Coffee,Total,Flexible Plastic,Retail/off-trade Unit Volume,million units,2015,77.8
Australia,Coffee,Total,Flexible Plastic,Retail/off-trade Unit Volume,million units,2015,6.1
Brazil,Coffee,Total,Flexible Plastic,Retail/off-trade Unit Volume,million units,2015,2.6
World,Coffee,Total,Flexible Plastic,Retail/off-trade Unit Volume,million units,2015,8295.9
Thailand,Coffee,Total,Flexible Plastic,Retail/off-trade Unit Volume,million units,2015,137.2
USA,Coffee,Total,Flexible Plastic,Retail/off-trade Unit Volume,million units,2015,163.5
USA,Coffee,Total,Stand-Up Pouches,Retail/off-trade Unit Volume,million units,2015,150.6
Thailand,Coffee,Total,Stand-Up Pouches,Retail/off-trade Unit Volume,million units,2015,36.1
World,Coffee,Total,Stand-Up Pouches,Retail/off-trade Unit Volume,million units,2015,1403.6
Germany,Coffee,Total,Stand-Up Pouches,Retail/off-trade Unit Volume,million units,2015,0.7
Brazil,Coffee,Total,Stand-Up Pouches,Retail/off-trade Unit Volume,million units,2015,190.9
Middle East and Africa,Coffee,Total,Stand-Up Pouches,Retail/off-trade Unit Volume,million units,2015,85.5
United Kingdom,Coffee,Total,Stand-Up Pouches,Retail/off-trade Unit Volume,million units,2015,13.6
France,Coffee,Total,Stand-Up Pouches,Retail/off-trade Unit Volume,million units,2015,22.0
North America,Coffee,Total,Stand-Up Pouches,Retail/off-trade Unit Volume,million units,2015,150.6
Latin America,Coffee,Total,Stand-Up Pouches,Retail/off-trade Unit Volume,million units,2015,261.0
Asia Pacific,Coffee,Total,Stand-Up Pouches,Retail/off-trade Unit Volume,million units,2015,379.3
Eastern Europe,Coffee,Total,Stand-Up Pouches,Retail/off-trade Unit Volume,million units,2015,429.0
Western Europe,Coffee,Total,Stand-Up Pouches,Retail/off-trade Unit Volume,million units,2015,98.1
Western Europe,Coffee,Total,Aluminium /Plastic Pouches,Retail/off-trade Unit Volume,million units,2015,61.3
Eastern Europe,Coffee,Total,Aluminium /Plastic Pouches,Retail/off-trade Unit Volume,million units,2015,379.0
Asia Pacific,Coffee,Total,Aluminium /Plastic Pouches,Retail/off-trade Unit Volume,million units,2015,340.1
Latin America,Coffee,Total,Aluminium /Plastic Pouches,Retail/off-trade Unit Volume,million units,2015,206.2
North America,Coffee,Total,Aluminium /Plastic Pouches,Retail/off-trade Unit Volume,million units,2015,4.0
France,Coffee,Total,Aluminium /Plastic Pouches,Retail/off-trade Unit Volume,million units,2015,1.4
United Kingdom,Coffee,Total,Aluminium /Plastic Pouches,Retail/off-trade Unit Volume,million units,2015,0.6
Middle East and Africa,Coffee,Total,Aluminium /Plastic Pouches,Retail/off-trade Unit Volume,million units,2015,19.9
Brazil,Coffee,Total,Aluminium /Plastic Pouches,Retail/off-trade Unit Volume,million units,2015,190.9
Germany,Coffee,Total,Aluminium /Plastic Pouches,Retail/off-trade Unit Volume,million units,2015,0.7
World,Coffee,Total,Aluminium /Plastic Pouches,Retail/off-trade Unit Volume,million units,2015,1010.4
Thailand,Coffee,Total,Aluminium /Plastic Pouches,Retail/off-trade Unit Volume,million units,2015,36.1
USA,Coffee,Total,Aluminium /Plastic Pouches,Retail/off-trade Unit Volume,million units,2015,4.0
USA,Coffee,Total,Plastic Pouches,Retail/off-trade Unit Volume,million units,2015,146.6
World,Coffee,Total,Plastic Pouches,Retail/off-trade Unit Volume,million units,2015,393.2
Middle East and Africa,Coffee,Total,Plastic Pouches,Retail/off-trade Unit Volume,million units,2015,65.6
United Kingdom,Coffee,Total,Plastic Pouches,Retail/off-trade Unit Volume,million units,2015,13.0
France,Coffee,Total,Plastic Pouches,Retail/off-trade Unit Volume,million units,2015,20.7
North America,Coffee,Total,Plastic Pouches,Retail/off-trade Unit Volume,million units,2015,146.6
Latin America,Coffee,Total,Plastic Pouches,Retail/off-trade Unit Volume,million units,2015,54.8
Asia Pacific,Coffee,Total,Plastic Pouches,Retail/off-trade Unit Volume,million units,2015,39.2
Eastern Europe,Coffee,Total,Plastic Pouches,Retail/off-trade Unit Volume,million units,2015,50.1
Western Europe,Coffee,Total,Plastic Pouches,Retail/off-trade Unit Volume,million units,2015,36.9
Eastern Europe,Coffee,Total,Glass,Retail/off-trade Unit Volume,million units,2015,539.9
Western Europe,Coffee,Total,Glass,Retail/off-trade Unit Volume,million units,2015,670.5
Asia Pacific,Coffee,Total,Glass,Retail/off-trade Unit Volume,million units,2015,970.5
Australasia,Coffee,Total,Glass,Retail/off-trade Unit Volume,million units,2015,190.7
Latin America,Coffee,Total,Glass,Retail/off-trade Unit Volume,million units,2015,572.0
North America,Coffee,Total,Glass,Retail/off-trade Unit Volume,million units,2015,43.9
France,Coffee,Total,Glass,Retail/off-trade Unit Volume,million units,2015,72.6
United Kingdom,Coffee,Total,Glass,Retail/off-trade Unit Volume,million units,2015,315.2
India,Coffee,Total,Glass,Retail/off-trade Unit Volume,million units,2015,296.9
Japan,Coffee,Total,Glass,Retail/off-trade Unit Volume,million units,2015,91.9
Middle East and Africa,Coffee,Total,Glass,Retail/off-trade Unit Volume,million units,2015,179.1
Australia,Coffee,Total,Glass,Retail/off-trade Unit Volume,million units,2015,170.7
Germany,Coffee,Total,Glass,Retail/off-trade Unit Volume,million units,2015,77.2
Brazil,Coffee,Total,Glass,Retail/off-trade Unit Volume,million units,2015,117.8
China,Coffee,Total,Glass,Retail/off-trade Unit Volume,million units,2015,49.3
World,Coffee,Total,Glass,Retail/off-trade Unit Volume,million units,2015,3166.6
Thailand,Coffee,Total,Glass,Retail/off-trade Unit Volume,million units,2015,104.2
USA,Coffee,Total,Glass,Retail/off-trade Unit Volume,million units,2015,15.5
USA,Coffee,Total,Glass Jars,Retail/off-trade Unit Volume,million units,2015,15.5
Thailand,Coffee,Total,Glass Jars,Retail/off-trade Unit Volume,million units,2015,104.2
World,Coffee,Total,Glass Jars,Retail/off-trade Unit Volume,million units,2015,3166.6
China,Coffee,Total,Glass Jars,Retail/off-trade Unit Volume,million units,2015,49.3
Brazil,Coffee,Total,Glass Jars,Retail/off-trade Unit Volume,million units,2015,117.8
Germany,Coffee,Total,Glass Jars,Retail/off-trade Unit Volume,million units,2015,77.2
Australia,Coffee,Total,Glass Jars,Retail/off-trade Unit Volume,million units,2015,170.7
Middle East and Africa,Coffee,Total,Glass Jars,Retail/off-trade Unit Volume,million units,2015,179.1
Japan,Coffee,Total,Glass Jars,Retail/off-trade Unit Volume,million units,2015,91.9
India,Coffee,Total,Glass Jars,Retail/off-trade Unit Volume,million units,2015,296.9
United Kingdom,Coffee,Total,Glass Jars,Retail/off-trade Unit Volume,million units,2015,315.2
France,Coffee,Total,Glass Jars,Retail/off-trade Unit Volume,million units,2015,72.6
North America,Coffee,Total,Glass Jars,Retail/off-trade Unit Volume,million units,2015,43.9
Latin America,Coffee,Total,Glass Jars,Retail/off-trade Unit Volume,million units,2015,572.0
Australasia,Coffee,Total,Glass Jars,Retail/off-trade Unit Volume,million units,2015,190.7
Asia Pacific,Coffee,Total,Glass Jars,Retail/off-trade Unit Volume,million units,2015,970.5
Western Europe,Coffee,Total,Glass Jars,Retail/off-trade Unit Volume,million units,2015,670.5
Eastern Europe,Coffee,Total,Glass Jars,Retail/off-trade Unit Volume,million units,2015,539.9
North America,Coffee,Total,Metal,Retail/off-trade Unit Volume,million units,2015,172.4
Eastern Europe,Coffee,Total,Metal,Retail/off-trade Unit Volume,million units,2015,409.4
Western Europe,Coffee,Total,Metal,Retail/off-trade Unit Volume,million units,2015,867.0
Asia Pacific,Coffee,Total,Metal,Retail/off-trade Unit Volume,million units,2015,155.4
Australasia,Coffee,Total,Metal,Retail/off-trade Unit Volume,million units,2015,21.8
Latin America,Coffee,Total,Metal,Retail/off-trade Unit Volume,million units,2015,179.2
France,Coffee,Total,Metal,Retail/off-trade Unit Volume,million units,2015,179.9
United Kingdom,Coffee,Total,Metal,Retail/off-trade Unit Volume,million units,2015,77.4
Japan,Coffee,Total,Metal,Retail/off-trade Unit Volume,million units,2015,27.1
India,Coffee,Total,Metal,Retail/off-trade Unit Volume,million units,2015,30.5
Thailand,Coffee,Total,Metal,Retail/off-trade Unit Volume,million units,2015,4.5
Middle East and Africa,Coffee,Total,Metal,Retail/off-trade Unit Volume,million units,2015,37.3
Australia,Coffee,Total,Metal,Retail/off-trade Unit Volume,million units,2015,19.3
Brazil,Coffee,Total,Metal,Retail/off-trade Unit Volume,million units,2015,101.6
Germany,Coffee,Total,Metal,Retail/off-trade Unit Volume,million units,2015,110.3
China,Coffee,Total,Metal,Retail/off-trade Unit Volume,million units,2015,4.4
USA,Coffee,Total,Metal,Retail/off-trade Unit Volume,million units,2015,119.6
World,Coffee,Total,Metal,Retail/off-trade Unit Volume,million units,2015,1842.5
World,Coffee,Total,Aluminium Trays,Retail/off-trade Unit Volume,million units,2015,0.4
Western Europe,Coffee,Total,Aluminium Trays,Retail/off-trade Unit Volume,million units,2015,0.4
Western Europe,Coffee,Total,Metal Tins,Retail/off-trade Unit Volume,million units,2015,322.0
Eastern Europe,Coffee,Total,Metal Tins,Retail/off-trade Unit Volume,million units,2015,385.7
North America,Coffee,Total,Metal Tins,Retail/off-trade Unit Volume,million units,2015,128.1
Latin America,Coffee,Total,Metal Tins,Retail/off-trade Unit Volume,million units,2015,78.9
Australasia,Coffee,Total,Metal Tins,Retail/off-trade Unit Volume,million units,2015,12.5
Asia Pacific,Coffee,Total,Metal Tins,Retail/off-trade Unit Volume,million units,2015,131.2
World,Coffee,Total,Metal Tins,Retail/off-trade Unit Volume,million units,2015,1084.1
USA,Coffee,Total,Metal Tins,Retail/off-trade Unit Volume,million units,2015,75.3
China,Coffee,Total,Metal Tins,Retail/off-trade Unit Volume,million units,2015,3.7
Germany,Coffee,Total,Metal Tins,Retail/off-trade Unit Volume,million units,2015,58.0
Brazil,Coffee,Total,Metal Tins,Retail/off-trade Unit Volume,million units,2015,15.0
Australia,Coffee,Total,Metal Tins,Retail/off-trade Unit Volume,million units,2015,12.0
Middle East and Africa,Coffee,Total,Metal Tins,Retail/off-trade Unit Volume,million units,2015,25.7
Thailand,Coffee,Total,Metal Tins,Retail/off-trade Unit Volume,million units,2015,4.5
India,Coffee,Total,Metal Tins,Retail/off-trade Unit Volume,million units,2015,30.5
Japan,Coffee,Total,Metal Tins,Retail/off-trade Unit Volume,million units,2015,14.6
United Kingdom,Coffee,Total,Metal Tins,Retail/off-trade Unit Volume,million units,2015,20.9
France,Coffee,Total,Metal Tins,Retail/off-trade Unit Volume,million units,2015,27.4
France,Coffee,Total,Other Metal,Retail/off-trade Unit Volume,million units,2015,152.5
United Kingdom,Coffee,Total,Other Metal,Retail/off-trade Unit Volume,million units,2015,56.5
Japan,Coffee,Total,Other Metal,Retail/off-trade Unit Volume,million units,2015,12.6
Middle East and Africa,Coffee,Total,Other Metal,Retail/off-trade Unit Volume,million units,2015,11.6
Australia,Coffee,Total,Other Metal,Retail/off-trade Unit Volume,million units,2015,7.3
Brazil,Coffee,Total,Other Metal,Retail/off-trade Unit Volume,million units,2015,86.6
Germany,Coffee,Total,Other Metal,Retail/off-trade Unit Volume,million units,2015,52.3
China,Coffee,Total,Other Metal,Retail/off-trade Unit Volume,million units,2015,0.7
USA,Coffee,Total,Other Metal,Retail/off-trade Unit Volume,million units,2015,44.3
World,Coffee,Total,Other Metal,Retail/off-trade Unit Volume,million units,2015,758.0
Asia Pacific,Coffee,Total,Other Metal,Retail/off-trade Unit Volume,million units,2015,24.2
Australasia,Coffee,Total,Other Metal,Retail/off-trade Unit Volume,million units,2015,9.3
Latin America,Coffee,Total,Other Metal,Retail/off-trade Unit Volume,million units,2015,100.3
North America,Coffee,Total,Other Metal,Retail/off-trade Unit Volume,million units,2015,44.3
Eastern Europe,Coffee,Total,Other Metal,Retail/off-trade Unit Volume,million units,2015,23.7
Western Europe,Coffee,Total,Other Metal,Retail/off-trade Unit Volume,million units,2015,544.6
Western Europe,Coffee,Total,Paper-based Containers,Retail/off-trade Unit Volume,million units,2015,1466.9
Eastern Europe,Coffee,Total,Paper-based Containers,Retail/off-trade Unit Volume,million units,2015,288.6
North America,Coffee,Total,Paper-based Containers,Retail/off-trade Unit Volume,million units,2015,637.0
Latin America,Coffee,Total,Paper-based Containers,Retail/off-trade Unit Volume,million units,2015,219.5
Australasia,Coffee,Total,Paper-based Containers,Retail/off-trade Unit Volume,million units,2015,19.1
Asia Pacific,Coffee,Total,Paper-based Containers,Retail/off-trade Unit Volume,million units,2015,1294.9
USA,Coffee,Total,Paper-based Containers,Retail/off-trade Unit Volume,million units,2015,594.3
Thailand,Coffee,Total,Paper-based Containers,Retail/off-trade Unit Volume,million units,2015,0.1
World,Coffee,Total,Paper-based Containers,Retail/off-trade Unit Volume,million units,2015,3955.1
China,Coffee,Total,Paper-based Containers,Retail/off-trade Unit Volume,million units,2015,139.1
Brazil,Coffee,Total,Paper-based Containers,Retail/off-trade Unit Volume,million units,2015,195.7
Germany,Coffee,Total,Paper-based Containers,Retail/off-trade Unit Volume,million units,2015,251.5
Australia,Coffee,Total,Paper-based Containers,Retail/off-trade Unit Volume,million units,2015,16.2
Middle East and Africa,Coffee,Total,Paper-based Containers,Retail/off-trade Unit Volume,million units,2015,29.1
India,Coffee,Total,Paper-based Containers,Retail/off-trade Unit Volume,million units,2015,3.5
Japan,Coffee,Total,Paper-based Containers,Retail/off-trade Unit Volume,million units,2015,200.4
United Kingdom,Coffee,Total,Paper-based Containers,Retail/off-trade Unit Volume,million units,2015,73.2
France,Coffee,Total,Paper-based Containers,Retail/off-trade Unit Volume,million units,2015,373.5
Japan,Coffee,Total,Board Tubs,Retail/off-trade Unit Volume,million units,2015,5.3
China,Coffee,Total,Board Tubs,Retail/off-trade Unit Volume,million units,2015,1.9
World,Coffee,Total,Board Tubs,Retail/off-trade Unit Volume,million units,2015,7.2
Asia Pacific,Coffee,Total,Board Tubs,Retail/off-trade Unit Volume,million units,2015,7.2
Asia Pacific,Coffee,Total,Composite Containers,Retail/off-trade Unit Volume,million units,2015,24.9
Latin America,Coffee,Total,Composite Containers,Retail/off-trade Unit Volume,million units,2015,32.5
North America,Coffee,Total,Composite Containers,Retail/off-trade Unit Volume,million units,2015,94.9
Eastern Europe,Coffee,Total,Composite Containers,Retail/off-trade Unit Volume,million units,2015,0.1
Western Europe,Coffee,Total,Composite Containers,Retail/off-trade Unit Volume,million units,2015,39.3
World,Coffee,Total,Composite Containers,Retail/off-trade Unit Volume,million units,2015,191.7
USA,Coffee,Total,Composite Containers,Retail/off-trade Unit Volume,million units,2015,94.9
Brazil,Coffee,Total,Composite Containers,Retail/off-trade Unit Volume,million units,2015,32.2
Japan,Coffee,Total,Composite Containers,Retail/off-trade Unit Volume,million units,2015,24.9
Germany,Coffee,Total,Composite Containers,Retail/off-trade Unit Volume,million units,2015,33.5
United Kingdom,Coffee,Total,Composite Containers,Retail/off-trade Unit Volume,million units,2015,1.8
France,Coffee,Total,Composite Containers,Retail/off-trade Unit Volume,million units,2015,
United Kingdom,Coffee,Total,Folding Cartons,Retail/off-trade Unit Volume,million units,2015,71.4
France,Coffee,Total,Folding Cartons,Retail/off-trade Unit Volume,million units,2015,373.5
Japan,Coffee,Total,Folding Cartons,Retail/off-trade Unit Volume,million units,2015,170.2
India,Coffee,Total,Folding Cartons,Retail/off-trade Unit Volume,million units,2015,3.5
Brazil,Coffee,Total,Folding Cartons,Retail/off-trade Unit Volume,million units,2015,163.6
China,Coffee,Total,Folding Cartons,Retail/off-trade Unit Volume,million units,2015,137.3
Germany,Coffee,Total,Folding Cartons,Retail/off-trade Unit Volume,million units,2015,218.0
Middle East and Africa,Coffee,Total,Folding Cartons,Retail/off-trade Unit Volume,million units,2015,29.1
Australia,Coffee,Total,Folding Cartons,Retail/off-trade Unit Volume,million units,2015,16.2
Thailand,Coffee,Total,Folding Cartons,Retail/off-trade Unit Volume,million units,2015,0.1
USA,Coffee,Total,Folding Cartons,Retail/off-trade Unit Volume,million units,2015,499.4
World,Coffee,Total,Folding Cartons,Retail/off-trade Unit Volume,million units,2015,3756.2
Eastern Europe,Coffee,Total,Folding Cartons,Retail/off-trade Unit Volume,million units,2015,288.5
Western Europe,Coffee,Total,Folding Cartons,Retail/off-trade Unit Volume,million units,2015,1427.6
North America,Coffee,Total,Folding Cartons,Retail/off-trade Unit Volume,million units,2015,542.1
Latin America,Coffee,Total,Folding Cartons,Retail/off-trade Unit Volume,million units,2015,187.0
Asia Pacific,Coffee,Total,Folding Cartons,Retail/off-trade Unit Volume,million units,2015,1262.8
Australasia,Coffee,Total,Folding Cartons,Retail/off-trade Unit Volume,million units,2015,19.1
Australasia,Coffee,Total,Rigid Plastic,Retail/off-trade Unit Volume,million units,2015,8.8
Asia Pacific,Coffee,Total,Rigid Plastic,Retail/off-trade Unit Volume,million units,2015,19.9
Latin America,Coffee,Total,Rigid Plastic,Retail/off-trade Unit Volume,million units,2015,45.6
Western Europe,Coffee,Total,Rigid Plastic,Retail/off-trade Unit Volume,million units,2015,903.2
North America,Coffee,Total,Rigid Plastic,Retail/off-trade Unit Volume,million units,2015,786.1
Eastern Europe,Coffee,Total,Rigid Plastic,Retail/off-trade Unit Volume,million units,2015,30.7
USA,Coffee,Total,Rigid Plastic,Retail/off-trade Unit Volume,million units,2015,702.7
World,Coffee,Total,Rigid Plastic,Retail/off-trade Unit Volume,million units,2015,1831.7
Australia,Coffee,Total,Rigid Plastic,Retail/off-trade Unit Volume,million units,2015,8.8
Brazil,Coffee,Total,Rigid Plastic,Retail/off-trade Unit Volume,million units,2015,26.5
Middle East and Africa,Coffee,Total,Rigid Plastic,Retail/off-trade Unit Volume,million units,2015,37.5
Germany,Coffee,Total,Rigid Plastic,Retail/off-trade Unit Volume,million units,2015,403.5
China,Coffee,Total,Rigid Plastic,Retail/off-trade Unit Volume,million units,2015,0.3
India,Coffee,Total,Rigid Plastic,Retail/off-trade Unit Volume,million units,2015,0.6
Thailand,Coffee,Total,Rigid Plastic,Retail/off-trade Unit Volume,million units,2015,12.9
France,Coffee,Total,Rigid Plastic,Retail/off-trade Unit Volume,million units,2015,287.1
United Kingdom,Coffee,Total,Rigid Plastic,Retail/off-trade Unit Volume,million units,2015,41.7
Thailand,Coffee,Total,PET Jars,Retail/off-trade Unit Volume,million units,2015,12.9
India,Coffee,Total,PET Jars,Retail/off-trade Unit Volume,million units,2015,0.6
Middle East and Africa,Coffee,Total,PET Jars,Retail/off-trade Unit Volume,million units,2015,1.7
World,Coffee,Total,PET Jars,Retail/off-trade Unit Volume,million units,2015,88.3
USA,Coffee,Total,PET Jars,Retail/off-trade Unit Volume,million units,2015,40.1
Eastern Europe,Coffee,Total,PET Jars,Retail/off-trade Unit Volume,million units,2015,6.0
North America,Coffee,Total,PET Jars,Retail/off-trade Unit Volume,million units,2015,53.2
Western Europe,Coffee,Total,PET Jars,Retail/off-trade Unit Volume,million units,2015,9.8
Asia Pacific,Coffee,Total,PET Jars,Retail/off-trade Unit Volume,million units,2015,17.6
Asia Pacific,Coffee,Total,Thin Wall Plastic Containers,Retail/off-trade Unit Volume,million units,2015,2.3
Australasia,Coffee,Total,Thin Wall Plastic Containers,Retail/off-trade Unit Volume,million units,2015,6.9
North America,Coffee,Total,Thin Wall Plastic Containers,Retail/off-trade Unit Volume,million units,2015,425.7
Latin America,Coffee,Total,Thin Wall Plastic Containers,Retail/off-trade Unit Volume,million units,2015,2.5
Eastern Europe,Coffee,Total,Thin Wall Plastic Containers,Retail/off-trade Unit Volume,million units,2015,24.7
Western Europe,Coffee,Total,Thin Wall Plastic Containers,Retail/off-trade Unit Volume,million units,2015,880.9
World,Coffee,Total,Thin Wall Plastic Containers,Retail/off-trade Unit Volume,million units,2015,1350.9
USA,Coffee,Total,Thin Wall Plastic Containers,Retail/off-trade Unit Volume,million units,2015,366.7
Middle East and Africa,Coffee,Total,Thin Wall Plastic Containers,Retail/off-trade Unit Volume,million units,2015,7.9
Australia,Coffee,Total,Thin Wall Plastic Containers,Retail/off-trade Unit Volume,million units,2015,6.9
China,Coffee,Total,Thin Wall Plastic Containers,Retail/off-trade Unit Volume,million units,2015,0.3
Germany,Coffee,Total,Thin Wall Plastic Containers,Retail/off-trade Unit Volume,million units,2015,394.9
Thailand,Coffee,Total,Thin Wall Plastic Containers,Retail/off-trade Unit Volume,million units,2015,0.1
United Kingdom,Coffee,Total,Thin Wall Plastic Containers,Retail/off-trade Unit Volume,million units,2015,41.7
France,Coffee,Total,Thin Wall Plastic Containers,Retail/off-trade Unit Volume,million units,2015,285.1
France,Coffee,Total,Other Plastic Jars,Retail/off-trade Unit Volume,million units,2015,2.0
Brazil,Coffee,Total,Other Plastic Jars,Retail/off-trade Unit Volume,million units,2015,11.4
Australia,Coffee,Total,Other Plastic Jars,Retail/off-trade Unit Volume,million units,2015,1.9
Middle East and Africa,Coffee,Total,Other Plastic Jars,Retail/off-trade Unit Volume,million units,2015,27.8
World,Coffee,Total,Other Plastic Jars,Retail/off-trade Unit Volume,million units,2015,357.0
USA,Coffee,Total,Other Plastic Jars,Retail/off-trade Unit Volume,million units,2015,295.9
North America,Coffee,Total,Other Plastic Jars,Retail/off-trade Unit Volume,million units,2015,295.9
Western Europe,Coffee,Total,Other Plastic Jars,Retail/off-trade Unit Volume,million units,2015,3.4
Latin America,Coffee,Total,Other Plastic Jars,Retail/off-trade Unit Volume,million units,2015,27.9
Australasia,Coffee,Total,Other Plastic Jars,Retail/off-trade Unit Volume,million units,2015,1.9
North America,Coffee,Total,Other Rigid Containers,Retail/off-trade Unit Volume,million units,2015,11.2
Latin America,Coffee,Total,Other Rigid Containers,Retail/off-trade Unit Volume,million units,2015,15.2
Western Europe,Coffee,Total,Other Rigid Containers,Retail/off-trade Unit Volume,million units,2015,9.1
World,Coffee,Total,Other Rigid Containers,Retail/off-trade Unit Volume,million units,2015,35.5
Brazil,Coffee,Total,Other Rigid Containers,Retail/off-trade Unit Volume,million units,2015,15.2
Germany,Coffee,Total,Other Rigid Containers,Retail/off-trade Unit Volume,million units,2015,8.6
World,Coffee,Total,Other Packaging,Retail/off-trade Unit Volume,million units,2015,0.6
Western Europe,Coffee,Total,Other Packaging,Retail/off-trade Unit Volume,million units,2015,0.1
Eastern Europe,Coffee,Total,Other Packaging,Retail/off-trade Unit Volume,million units,2015,0.4
Latin America,Coffee,Total,Other Packaging,Retail/off-trade Unit Volume,million units,2015,0.0
World,RTD Coffee,Total,Total Packaging,Retail/off-trade Unit Volume,million units,2015,19073.7
Western Europe,RTD Coffee,Total,Total Packaging,Retail/off-trade Unit Volume,million units,2015,710.6
Eastern Europe,RTD Coffee,Total,Total Packaging,Retail/off-trade Unit Volume,million units,2015,96.7
North America,RTD Coffee,Total,Total Packaging,Retail/off-trade Unit Volume,million units,2015,1427.0
Latin America,RTD Coffee,Total,Total Packaging,Retail/off-trade Unit Volume,million units,2015,38.1
Asia Pacific,RTD Coffee,Total,Total Packaging,Retail/off-trade Unit Volume,million units,2015,16747.1
Australasia,RTD Coffee,Total,Total Packaging,Retail/off-trade Unit Volume,million units,2015,6.1
Middle East and Africa,RTD Coffee,Total,Total Packaging,Retail/off-trade Unit Volume,million units,2015,48.1
Australia,RTD Coffee,Total,Total Packaging,Retail/off-trade Unit Volume,million units,2015,5.9
Brazil,RTD Coffee,Total,Total Packaging,Retail/off-trade Unit Volume,million units,2015,10.0
China,RTD Coffee,Total,Total Packaging,Retail/off-trade Unit Volume,million units,2015,1088.5
Germany,RTD Coffee,Total,Total Packaging,Retail/off-trade Unit Volume,million units,2015,336.3
France,RTD Coffee,Total,Total Packaging,Retail/off-trade Unit Volume,million units,2015,14.2
United Kingdom,RTD Coffee,Total,Total Packaging,Retail/off-trade Unit Volume,million units,2015,36.3
Japan,RTD Coffee,Total,Total Packaging,Retail/off-trade Unit Volume,million units,2015,12331.7
Thailand,RTD Coffee,Total,Total Packaging,Retail/off-trade Unit Volume,million units,2015,831.3
USA,RTD Coffee,Total,Total Packaging,Retail/off-trade Unit Volume,million units,2015,1414.8
Asia Pacific,RTD Coffee,Total,Flexible Packaging,Retail/off-trade Unit Volume,million units,2015,280.9
World,RTD Coffee,Total,Flexible Packaging,Retail/off-trade Unit Volume,million units,2015,280.9
World,RTD Coffee,Total,Stand-Up Pouches,Retail/off-trade Unit Volume,million units,2015,280.9
Asia Pacific,RTD Coffee,Total,Stand-Up Pouches,Retail/off-trade Unit Volume,million units,2015,280.9
Asia Pacific,RTD Coffee,Total,Aluminium /Plastic Pouches,Retail/off-trade Unit Volume,million units,2015,280.9
World,RTD Coffee,Total,Aluminium /Plastic Pouches,Retail/off-trade Unit Volume,million units,2015,280.9
USA,RTD Coffee,Total,Glass,Retail/off-trade Unit Volume,million units,2015,912.5
World,RTD Coffee,Total,Glass,Retail/off-trade Unit Volume,million units,2015,1008.8
Latin America,RTD Coffee,Total,Glass,Retail/off-trade Unit Volume,million units,2015,26.0
Asia Pacific,RTD Coffee,Total,Glass,Retail/off-trade Unit Volume,million units,2015,37.0
North America,RTD Coffee,Total,Glass,Retail/off-trade Unit Volume,million units,2015,922.9
Eastern Europe,RTD Coffee,Total,Glass,Retail/off-trade Unit Volume,million units,2015,1.4
Western Europe,RTD Coffee,Total,Glass,Retail/off-trade Unit Volume,million units,2015,21.1
Thailand,RTD Coffee,Total,Glass,Retail/off-trade Unit Volume,million units,2015,0.9
United Kingdom,RTD Coffee,Total,Glass,Retail/off-trade Unit Volume,million units,2015,2.6
France,RTD Coffee,Total,Glass,Retail/off-trade Unit Volume,million units,2015,
China,RTD Coffee,Total,Glass,Retail/off-trade Unit Volume,million units,2015,10.5
Middle East and Africa,RTD Coffee,Total,Glass,Retail/off-trade Unit Volume,million units,2015,0.4
Middle East and Africa,RTD Coffee,Total,Glass Bottles,Retail/off-trade Unit Volume,million units,2015,0.4
China,RTD Coffee,Total,Glass Bottles,Retail/off-trade Unit Volume,million units,2015,10.5
France,RTD Coffee,Total,Glass Bottles,Retail/off-trade Unit Volume,million units,2015,
United Kingdom,RTD Coffee,Total,Glass Bottles,Retail/off-trade Unit Volume,million units,2015,2.6
Thailand,RTD Coffee,Total,Glass Bottles,Retail/off-trade Unit Volume,million units,2015,0.9
Western Europe,RTD Coffee,Total,Glass Bottles,Retail/off-trade Unit Volume,million units,2015,21.1
Eastern Europe,RTD Coffee,Total,Glass Bottles,Retail/off-trade Unit Volume,million units,2015,1.4
North America,RTD Coffee,Total,Glass Bottles,Retail/off-trade Unit Volume,million units,2015,922.9
Asia Pacific,RTD Coffee,Total,Glass Bottles,Retail/off-trade Unit Volume,million units,2015,37.0
Latin America,RTD Coffee,Total,Glass Bottles,Retail/off-trade Unit Volume,million units,2015,26.0
World,RTD Coffee,Total,Glass Bottles,Retail/off-trade Unit Volume,million units,2015,1008.8
USA,RTD Coffee,Total,Glass Bottles,Retail/off-trade Unit Volume,million units,2015,912.5
USA,RTD Coffee,Total,Liquid Cartons,Retail/off-trade Unit Volume,million units,2015,39.3
World,RTD Coffee,Total,Liquid Cartons,Retail/off-trade Unit Volume,million units,2015,384.0
Latin America,RTD Coffee,Total,Liquid Cartons,Retail/off-trade Unit Volume,million units,2015,10.1
Asia Pacific,RTD Coffee,Total,Liquid Cartons,Retail/off-trade Unit Volume,million units,2015,309.9
Australasia,RTD Coffee,Total,Liquid Cartons,Retail/off-trade Unit Volume,million units,2015,4.2
North America,RTD Coffee,Total,Liquid Cartons,Retail/off-trade Unit Volume,million units,2015,39.8
Eastern Europe,RTD Coffee,Total,Liquid Cartons,Retail/off-trade Unit Volume,million units,2015,6.3
Western Europe,RTD Coffee,Total,Liquid Cartons,Retail/off-trade Unit Volume,million units,2015,13.8
Thailand,RTD Coffee,Total,Liquid Cartons,Retail/off-trade Unit Volume,million units,2015,10.8
Japan,RTD Coffee,Total,Liquid Cartons,Retail/off-trade Unit Volume,million units,2015,143.9
United Kingdom,RTD Coffee,Total,Liquid Cartons,Retail/off-trade Unit Volume,million units,2015,2.2
France,RTD Coffee,Total,Liquid Cartons,Retail/off-trade Unit Volume,million units,2015,
China,RTD Coffee,Total,Liquid Cartons,Retail/off-trade Unit Volume,million units,2015,5.7
Middle East and Africa,RTD Coffee,Total,Liquid Cartons,Retail/off-trade Unit Volume,million units,2015,0.0
Brazil,RTD Coffee,Total,Liquid Cartons,Retail/off-trade Unit Volume,million units,2015,10.0
Australia,RTD Coffee,Total,Liquid Cartons,Retail/off-trade Unit Volume,million units,2015,4.2
Australia,RTD Coffee,Total,Brick Liquid Cartons,Retail/off-trade Unit Volume,million units,2015,1.4
Middle East and Africa,RTD Coffee,Total,Brick Liquid Cartons,Retail/off-trade Unit Volume,million units,2015,0.0
China,RTD Coffee,Total,Brick Liquid Cartons,Retail/off-trade Unit Volume,million units,2015,
United Kingdom,RTD Coffee,Total,Brick Liquid Cartons,Retail/off-trade Unit Volume,million units,2015,
Thailand,RTD Coffee,Total,Brick Liquid Cartons,Retail/off-trade Unit Volume,million units,2015,10.8
Eastern Europe,RTD Coffee,Total,Brick Liquid Cartons,Retail/off-trade Unit Volume,million units,2015,5.8
Western Europe,RTD Coffee,Total,Brick Liquid Cartons,Retail/off-trade Unit Volume,million units,2015,10.5
Australasia,RTD Coffee,Total,Brick Liquid Cartons,Retail/off-trade Unit Volume,million units,2015,1.4
Asia Pacific,RTD Coffee,Total,Brick Liquid Cartons,Retail/off-trade Unit Volume,million units,2015,106.6
World,RTD Coffee,Total,Brick Liquid Cartons,Retail/off-trade Unit Volume,million units,2015,124.3
World,RTD Coffee,Total,Gable Top Liquid Cartons,Retail/off-trade Unit Volume,million units,2015,213.9
USA,RTD Coffee,Total,Gable Top Liquid Cartons,Retail/off-trade Unit Volume,million units,2015,21.9
Asia Pacific,RTD Coffee,Total,Gable Top Liquid Cartons,Retail/off-trade Unit Volume,million units,2015,187.8
Latin America,RTD Coffee,Total,Gable Top Liquid Cartons,Retail/off-trade Unit Volume,million units,2015,0.3
Australasia,RTD Coffee,Total,Gable Top Liquid Cartons,Retail/off-trade Unit Volume,million units,2015,2.8
North America,RTD Coffee,Total,Gable Top Liquid Cartons,Retail/off-trade Unit Volume,million units,2015,22.4
Western Europe,RTD Coffee,Total,Gable Top Liquid Cartons,Retail/off-trade Unit Volume,million units,2015,0.6
Japan,RTD Coffee,Total,Gable Top Liquid Cartons,Retail/off-trade Unit Volume,million units,2015,143.9
United Kingdom,RTD Coffee,Total,Gable Top Liquid Cartons,Retail/off-trade Unit Volume,million units,2015,0.6
Australia,RTD Coffee,Total,Gable Top Liquid Cartons,Retail/off-trade Unit Volume,million units,2015,2.8
Brazil,RTD Coffee,Total,Gable Top Liquid Cartons,Retail/off-trade Unit Volume,million units,2015,0.3
Brazil,RTD Coffee,Total,Shaped Liquid Cartons,Retail/off-trade Unit Volume,million units,2015,9.7
China,RTD Coffee,Total,Shaped Liquid Cartons,Retail/off-trade Unit Volume,million units,2015,5.7
France,RTD Coffee,Total,Shaped Liquid Cartons,Retail/off-trade Unit Volume,million units,2015,
United Kingdom,RTD Coffee,Total,Shaped Liquid Cartons,Retail/off-trade Unit Volume,million units,2015,1.6
Eastern Europe,RTD Coffee,Total,Shaped Liquid Cartons,Retail/off-trade Unit Volume,million units,2015,0.5
North America,RTD Coffee,Total,Shaped Liquid Cartons,Retail/off-trade Unit Volume,million units,2015,17.4
Western Europe,RTD Coffee,Total,Shaped Liquid Cartons,Retail/off-trade Unit Volume,million units,2015,2.7
Latin America,RTD Coffee,Total,Shaped Liquid Cartons,Retail/off-trade Unit Volume,million units,2015,9.8
Asia Pacific,RTD Coffee,Total,Shaped Liquid Cartons,Retail/off-trade Unit Volume,million units,2015,15.5
USA,RTD Coffee,Total,Shaped Liquid Cartons,Retail/off-trade Unit Volume,million units,2015,17.4
World,RTD Coffee,Total,Shaped Liquid Cartons,Retail/off-trade Unit Volume,million units,2015,45.8
World,RTD Coffee,Total,Metal,Retail/off-trade Unit Volume,million units,2015,13398.9
Asia Pacific,RTD Coffee,Total,Metal,Retail/off-trade Unit Volume,million units,2015,12713.3
Middle East and Africa,RTD Coffee,Total,Metal,Retail/off-trade Unit Volume,million units,2015,46.7
Australasia,RTD Coffee,Total,Metal,Retail/off-trade Unit Volume,million units,2015,0.2
North America,RTD Coffee,Total,Metal,Retail/off-trade Unit Volume,million units,2015,387.4
Latin America,RTD Coffee,Total,Metal,Retail/off-trade Unit Volume,million units,2015,1.9
Eastern Europe,RTD Coffee,Total,Metal,Retail/off-trade Unit Volume,million units,2015,80.8
Western Europe,RTD Coffee,Total,Metal,Retail/off-trade Unit Volume,million units,2015,168.6
Thailand,RTD Coffee,Total,Metal,Retail/off-trade Unit Volume,million units,2015,792.9
USA,RTD Coffee,Total,Metal,Retail/off-trade Unit Volume,million units,2015,387.3
United Kingdom,RTD Coffee,Total,Metal,Retail/off-trade Unit Volume,million units,2015,5.3
Japan,RTD Coffee,Total,Metal,Retail/off-trade Unit Volume,million units,2015,10116.4
China,RTD Coffee,Total,Metal,Retail/off-trade Unit Volume,million units,2015,530.3
France,RTD Coffee,Total,Metal,Retail/off-trade Unit Volume,million units,2015,2.3
Germany,RTD Coffee,Total,Metal,Retail/off-trade Unit Volume,million units,2015,36.8
Australia,RTD Coffee,Total,Metal,Retail/off-trade Unit Volume,million units,2015,0.2
Australia,RTD Coffee,Total,Metal Beverage Cans,Retail/off-trade Unit Volume,million units,2015,0.2
Germany,RTD Coffee,Total,Metal Beverage Cans,Retail/off-trade Unit Volume,million units,2015,36.8
France,RTD Coffee,Total,Metal Beverage Cans,Retail/off-trade Unit Volume,million units,2015,2.3
China,RTD Coffee,Total,Metal Beverage Cans,Retail/off-trade Unit Volume,million units,2015,530.3
Japan,RTD Coffee,Total,Metal Beverage Cans,Retail/off-trade Unit Volume,million units,2015,8440.6
United Kingdom,RTD Coffee,Total,Metal Beverage Cans,Retail/off-trade Unit Volume,million units,2015,5.3
USA,RTD Coffee,Total,Metal Beverage Cans,Retail/off-trade Unit Volume,million units,2015,317.2
Thailand,RTD Coffee,Total,Metal Beverage Cans,Retail/off-trade Unit Volume,million units,2015,792.9
Western Europe,RTD Coffee,Total,Metal Beverage Cans,Retail/off-trade Unit Volume,million units,2015,168.6
Eastern Europe,RTD Coffee,Total,Metal Beverage Cans,Retail/off-trade Unit Volume,million units,2015,80.8
Latin America,RTD Coffee,Total,Metal Beverage Cans,Retail/off-trade Unit Volume,million units,2015,1.9
North America,RTD Coffee,Total,Metal Beverage Cans,Retail/off-trade Unit Volume,million units,2015,317.2
Australasia,RTD Coffee,Total,Metal Beverage Cans,Retail/off-trade Unit Volume,million units,2015,0.2
Middle East and Africa,RTD Coffee,Total,Metal Beverage Cans,Retail/off-trade Unit Volume,million units,2015,46.7
Asia Pacific,RTD Coffee,Total,Metal Beverage Cans,Retail/off-trade Unit Volume,million units,2015,11023.8
World,RTD Coffee,Total,Metal Beverage Cans,Retail/off-trade Unit Volume,million units,2015,11639.2
World,RTD Coffee,Total,Metal Bottles,Retail/off-trade Unit Volume,million units,2015,1759.7
Asia Pacific,RTD Coffee,Total,Metal Bottles,Retail/off-trade Unit Volume,million units,2015,1689.5
North America,RTD Coffee,Total,Metal Bottles,Retail/off-trade Unit Volume,million units,2015,70.1
USA,RTD Coffee,Total,Metal Bottles,Retail/off-trade Unit Volume,million units,2015,70.1
Japan,RTD Coffee,Total,Metal Bottles,Retail/off-trade Unit Volume,million units,2015,1675.8
Australia,RTD Coffee,Total,Paper-based Containers,Retail/off-trade Unit Volume,million units,2015,0.0
Australasia,RTD Coffee,Total,Paper-based Containers,Retail/off-trade Unit Volume,million units,2015,0.0
World,RTD Coffee,Total,Paper-based Containers,Retail/off-trade Unit Volume,million units,2015,0.0
World,RTD Coffee,Total,Bag In Box,Retail/off-trade Unit Volume,million units,2015,0.0
Australasia,RTD Coffee,Total,Bag In Box,Retail/off-trade Unit Volume,million units,2015,0.0
Australia,RTD Coffee,Total,Bag In Box,Retail/off-trade Unit Volume,million units,2015,0.0
Brazil,RTD Coffee,Total,Rigid Plastic,Retail/off-trade Unit Volume,million units,2015,
Australia,RTD Coffee,Total,Rigid Plastic,Retail/off-trade Unit Volume,million units,2015,1.6
China,RTD Coffee,Total,Rigid Plastic,Retail/off-trade Unit Volume,million units,2015,541.9
France,RTD Coffee,Total,Rigid Plastic,Retail/off-trade Unit Volume,million units,2015,11.9
Germany,RTD Coffee,Total,Rigid Plastic,Retail/off-trade Unit Volume,million units,2015,299.6
Japan,RTD Coffee,Total,Rigid Plastic,Retail/off-trade Unit Volume,million units,2015,2071.3
United Kingdom,RTD Coffee,Total,Rigid Plastic,Retail/off-trade Unit Volume,million units,2015,26.3
USA,RTD Coffee,Total,Rigid Plastic,Retail/off-trade Unit Volume,million units,2015,75.7
Thailand,RTD Coffee,Total,Rigid Plastic,Retail/off-trade Unit Volume,million units,2015,21.5
Middle East and Africa,RTD Coffee,Total,Rigid Plastic,Retail/off-trade Unit Volume,million units,2015,1.0
Australasia,RTD Coffee,Total,Rigid Plastic,Retail/off-trade Unit Volume,million units,2015,1.6
Asia Pacific,RTD Coffee,Total,Rigid Plastic,Retail/off-trade Unit Volume,million units,2015,3400.8
North America,RTD Coffee,Total,Rigid Plastic,Retail/off-trade Unit Volume,million units,2015,77.0
Latin America,RTD Coffee,Total,Rigid Plastic,Retail/off-trade Unit Volume,million units,2015,0.0
Eastern Europe,RTD Coffee,Total,Rigid Plastic,Retail/off-trade Unit Volume,million units,2015,8.3
Western Europe,RTD Coffee,Total,Rigid Plastic,Retail/off-trade Unit Volume,million units,2015,506.6
World,RTD Coffee,Total,Rigid Plastic,Retail/off-trade Unit Volume,million units,2015,3995.3
World,RTD Coffee,Total,HDPE Bottles,Retail/off-trade Unit Volume,million units,2015,20.4
China,RTD Coffee,Total,HDPE Bottles,Retail/off-trade Unit Volume,million units,2015,4.8
Eastern Europe,RTD Coffee,Total,HDPE Bottles,Retail/off-trade Unit Volume,million units,2015,2.7
North America,RTD Coffee,Total,HDPE Bottles,Retail/off-trade Unit Volume,million units,2015,1.3
Latin America,RTD Coffee,Total,HDPE Bottles,Retail/off-trade Unit Volume,million units,2015,
Asia Pacific,RTD Coffee,Total,HDPE Bottles,Retail/off-trade Unit Volume,million units,2015,14.8
Australasia,RTD Coffee,Total,HDPE Bottles,Retail/off-trade Unit Volume,million units,2015,1.6
Australia,RTD Coffee,Total,HDPE Bottles,Retail/off-trade Unit Volume,million units,2015,1.6
Brazil,RTD Coffee,Total,PET Bottles,Retail/off-trade Unit Volume,million units,2015,
Germany,RTD Coffee,Total,PET Bottles,Retail/off-trade Unit Volume,million units,2015,26.6
France,RTD Coffee,Total,PET Bottles,Retail/off-trade Unit Volume,million units,2015,0.5
China,RTD Coffee,Total,PET Bottles,Retail/off-trade Unit Volume,million units,2015,537.1
Thailand,RTD Coffee,Total,PET Bottles,Retail/off-trade Unit Volume,million units,2015,21.5
USA,RTD Coffee,Total,PET Bottles,Retail/off-trade Unit Volume,million units,2015,75.7
United Kingdom,RTD Coffee,Total,PET Bottles,Retail/off-trade Unit Volume,million units,2015,0.1
Japan,RTD Coffee,Total,PET Bottles,Retail/off-trade Unit Volume,million units,2015,1355.3
Middle East and Africa,RTD Coffee,Total,PET Bottles,Retail/off-trade Unit Volume,million units,2015,1.0
Asia Pacific,RTD Coffee,Total,PET Bottles,Retail/off-trade Unit Volume,million units,2015,2147.3
North America,RTD Coffee,Total,PET Bottles,Retail/off-trade Unit Volume,million units,2015,75.7
Latin America,RTD Coffee,Total,PET Bottles,Retail/off-trade Unit Volume,million units,2015,0.0
Western Europe,RTD Coffee,Total,PET Bottles,Retail/off-trade Unit Volume,million units,2015,34.1
Eastern Europe,RTD Coffee,Total,PET Bottles,Retail/off-trade Unit Volume,million units,2015,4.1
World,RTD Coffee,Total,PET Bottles,Retail/off-trade Unit Volume,million units,2015,2262.1
World,RTD Coffee,Total,Thin Wall Plastic Containers,Retail/off-trade Unit Volume,million units,2015,1703.1
Eastern Europe,RTD Coffee,Total,Thin Wall Plastic Containers,Retail/off-trade Unit Volume,million units,2015,1.5
Western Europe,RTD Coffee,Total,Thin Wall Plastic Containers,Retail/off-trade Unit Volume,million units,2015,462.9
Asia Pacific,RTD Coffee,Total,Thin Wall Plastic Containers,Retail/off-trade Unit Volume,million units,2015,1238.7
Japan,RTD Coffee,Total,Thin Wall Plastic Containers,Retail/off-trade Unit Volume,million units,2015,716.1
United Kingdom,RTD Coffee,Total,Thin Wall Plastic Containers,Retail/off-trade Unit Volume,million units,2015,26.2
China,RTD Coffee,Total,Thin Wall Plastic Containers,Retail/off-trade Unit Volume,million units,2015,
France,RTD Coffee,Total,Thin Wall Plastic Containers,Retail/off-trade Unit Volume,million units,2015,11.4
Germany,RTD Coffee,Total,Thin Wall Plastic Containers,Retail/off-trade Unit Volume,million units,2015,273.0
Australasia,RTD Coffee,Total,Other Plastic Bottles,Retail/off-trade Unit Volume,million units,2015,0.0
Western Europe,RTD Coffee,Total,Other Plastic Bottles,Retail/off-trade Unit Volume,million units,2015,9.6
World,RTD Coffee,Total,Other Plastic Bottles,Retail/off-trade Unit Volume,million units,2015,9.6
World,RTD Coffee,Total,Other Packaging,Retail/off-trade Unit Volume,million units,2015,5.8
Eastern Europe,RTD Coffee,Total,Other Packaging,Retail/off-trade Unit Volume,million units,2015,
Western Europe,RTD Coffee,Total,Other Packaging,Retail/off-trade Unit Volume,million units,2015,0.6
Asia Pacific,RTD Coffee,Total,Other Packaging,Retail/off-trade Unit Volume,million units,2015,5.1
Middle East and Africa,RTD Coffee,Total,Other Packaging,Retail/off-trade Unit Volume,million units,2015,0.0
Thailand,RTD Coffee,Total,Other Packaging,Retail/off-trade Unit Volume,million units,2015,5.1
Western Europe,Coffee,Total,Total Packaging,Retail/off-trade Unit Volume,million units,2016,9955.3
Eastern Europe,Coffee,Total,Total Packaging,Retail/off-trade Unit Volume,million units,2016,4965.5
North America,Coffee,Total,Total Packaging,Retail/off-trade Unit Volume,million units,2016,3050.0
Latin America,Coffee,Total,Total Packaging,Retail/off-trade Unit Volume,million units,2016,3829.8
Asia Pacific,Coffee,Total,Total Packaging,Retail/off-trade Unit Volume,million units,2016,26137.5
Australasia,Coffee,Total,Total Packaging,Retail/off-trade Unit Volume,million units,2016,271.1
Middle East and Africa,Coffee,Total,Total Packaging,Retail/off-trade Unit Volume,million units,2016,704.0
Australia,Coffee,Total,Total Packaging,Retail/off-trade Unit Volume,million units,2016,237.7
Brazil,Coffee,Total,Total Packaging,Retail/off-trade Unit Volume,million units,2016,2626.7
China,Coffee,Total,Total Packaging,Retail/off-trade Unit Volume,million units,2016,314.1
Germany,Coffee,Total,Total Packaging,Retail/off-trade Unit Volume,million units,2016,2344.0
France,Coffee,Total,Total Packaging,Retail/off-trade Unit Volume,million units,2016,1609.6
United Kingdom,Coffee,Total,Total Packaging,Retail/off-trade Unit Volume,million units,2016,649.2
India,Coffee,Total,Total Packaging,Retail/off-trade Unit Volume,million units,2016,1219.0
Japan,Coffee,Total,Total Packaging,Retail/off-trade Unit Volume,million units,2016,825.9
Thailand,Coffee,Total,Total Packaging,Retail/off-trade Unit Volume,million units,2016,556.0
USA,Coffee,Total,Total Packaging,Retail/off-trade Unit Volume,million units,2016,2768.1
World,Coffee,Total,Total Packaging,Retail/off-trade Unit Volume,million units,2016,48913.1
USA,Coffee,Total,Flexible Packaging,Retail/off-trade Unit Volume,million units,2016,1279.4
Thailand,Coffee,Total,Flexible Packaging,Retail/off-trade Unit Volume,million units,2016,430.5
World,Coffee,Total,Flexible Packaging,Retail/off-trade Unit Volume,million units,2016,37664.4
Japan,Coffee,Total,Flexible Packaging,Retail/off-trade Unit Volume,million units,2016,492.0
India,Coffee,Total,Flexible Packaging,Retail/off-trade Unit Volume,million units,2016,869.0
United Kingdom,Coffee,Total,Flexible Packaging,Retail/off-trade Unit Volume,million units,2016,137.7
France,Coffee,Total,Flexible Packaging,Retail/off-trade Unit Volume,million units,2016,616.7
China,Coffee,Total,Flexible Packaging,Retail/off-trade Unit Volume,million units,2016,128.6
Germany,Coffee,Total,Flexible Packaging,Retail/off-trade Unit Volume,million units,2016,1476.9
Brazil,Coffee,Total,Flexible Packaging,Retail/off-trade Unit Volume,million units,2016,2144.9
Australia,Coffee,Total,Flexible Packaging,Retail/off-trade Unit Volume,million units,2016,22.0
Middle East and Africa,Coffee,Total,Flexible Packaging,Retail/off-trade Unit Volume,million units,2016,397.1
Australasia,Coffee,Total,Flexible Packaging,Retail/off-trade Unit Volume,million units,2016,26.7
Asia Pacific,Coffee,Total,Flexible Packaging,Retail/off-trade Unit Volume,million units,2016,23579.6
North America,Coffee,Total,Flexible Packaging,Retail/off-trade Unit Volume,million units,2016,1349.8
Latin America,Coffee,Total,Flexible Packaging,Retail/off-trade Unit Volume,million units,2016,2755.7
Eastern Europe,Coffee,Total,Flexible Packaging,Retail/off-trade Unit Volume,million units,2016,3716.8
Western Europe,Coffee,Total,Flexible Packaging,Retail/off-trade Unit Volume,million units,2016,5838.6
Western Europe,Coffee,Total,Flexible Aluminium/Paper,Retail/off-trade Unit Volume,million units,2016,161.0
Eastern Europe,Coffee,Total,Flexible Aluminium/Paper,Retail/off-trade Unit Volume,million units,2016,113.4
Latin America,Coffee,Total,Flexible Aluminium/Paper,Retail/off-trade Unit Volume,million units,2016,
North America,Coffee,Total,Flexible Aluminium/Paper,Retail/off-trade Unit Volume,million units,2016,407.8
Asia Pacific,Coffee,Total,Flexible Aluminium/Paper,Retail/off-trade Unit Volume,million units,2016,2.3
Australasia,Coffee,Total,Flexible Aluminium/Paper,Retail/off-trade Unit Volume,million units,2016,4.0
Middle East and Africa,Coffee,Total,Flexible Aluminium/Paper,Retail/off-trade Unit Volume,million units,2016,1.0
Australia,Coffee,Total,Flexible Aluminium/Paper,Retail/off-trade Unit Volume,million units,2016,3.1
China,Coffee,Total,Flexible Aluminium/Paper,Retail/off-trade Unit Volume,million units,2016,0.0
Germany,Coffee,Total,Flexible Aluminium/Paper,Retail/off-trade Unit Volume,million units,2016,61.8
France,Coffee,Total,Flexible Aluminium/Paper,Retail/off-trade Unit Volume,million units,2016,7.4
World,Coffee,Total,Flexible Aluminium/Paper,Retail/off-trade Unit Volume,million units,2016,689.5
USA,Coffee,Total,Flexible Aluminium/Paper,Retail/off-trade Unit Volume,million units,2016,389.4
USA,Coffee,Total,Flexible Aluminium/Plastic,Retail/off-trade Unit Volume,million units,2016,581.2
Thailand,Coffee,Total,Flexible Aluminium/Plastic,Retail/off-trade Unit Volume,million units,2016,249.6
World,Coffee,Total,Flexible Aluminium/Plastic,Retail/off-trade Unit Volume,million units,2016,25887.1
France,Coffee,Total,Flexible Aluminium/Plastic,Retail/off-trade Unit Volume,million units,2016,189.3
Germany,Coffee,Total,Flexible Aluminium/Plastic,Retail/off-trade Unit Volume,million units,2016,515.6
India,Coffee,Total,Flexible Aluminium/Plastic,Retail/off-trade Unit Volume,million units,2016,869.0
Japan,Coffee,Total,Flexible Aluminium/Plastic,Retail/off-trade Unit Volume,million units,2016,324.2
United Kingdom,Coffee,Total,Flexible Aluminium/Plastic,Retail/off-trade Unit Volume,million units,2016,53.7
China,Coffee,Total,Flexible Aluminium/Plastic,Retail/off-trade Unit Volume,million units,2016,128.6
Brazil,Coffee,Total,Flexible Aluminium/Plastic,Retail/off-trade Unit Volume,million units,2016,1947.9
Middle East and Africa,Coffee,Total,Flexible Aluminium/Plastic,Retail/off-trade Unit Volume,million units,2016,214.0
Australia,Coffee,Total,Flexible Aluminium/Plastic,Retail/off-trade Unit Volume,million units,2016,12.5
Australasia,Coffee,Total,Flexible Aluminium/Plastic,Retail/off-trade Unit Volume,million units,2016,15.0
Asia Pacific,Coffee,Total,Flexible Aluminium/Plastic,Retail/off-trade Unit Volume,million units,2016,17995.1
Latin America,Coffee,Total,Flexible Aluminium/Plastic,Retail/off-trade Unit Volume,million units,2016,2416.0
North America,Coffee,Total,Flexible Aluminium/Plastic,Retail/off-trade Unit Volume,million units,2016,628.3
Eastern Europe,Coffee,Total,Flexible Aluminium/Plastic,Retail/off-trade Unit Volume,million units,2016,2845.7
Western Europe,Coffee,Total,Flexible Aluminium/Plastic,Retail/off-trade Unit Volume,million units,2016,1772.9
Western Europe,Coffee,Total,Flexible Paper,Retail/off-trade Unit Volume,million units,2016,513.0
Eastern Europe,Coffee,Total,Flexible Paper,Retail/off-trade Unit Volume,million units,2016,90.3
Latin America,Coffee,Total,Flexible Paper,Retail/off-trade Unit Volume,million units,2016,1.5
Asia Pacific,Coffee,Total,Flexible Paper,Retail/off-trade Unit Volume,million units,2016,2.8
Australasia,Coffee,Total,Flexible Paper,Retail/off-trade Unit Volume,million units,2016,0.0
Middle East and Africa,Coffee,Total,Flexible Paper,Retail/off-trade Unit Volume,million units,2016,2.1
United Kingdom,Coffee,Total,Flexible Paper,Retail/off-trade Unit Volume,million units,2016,6.6
Germany,Coffee,Total,Flexible Paper,Retail/off-trade Unit Volume,million units,2016,463.9
World,Coffee,Total,Flexible Paper,Retail/off-trade Unit Volume,million units,2016,609.7
World,Coffee,Total,Flexible Paper/Plastic,Retail/off-trade Unit Volume,million units,2016,118.4
United Kingdom,Coffee,Total,Flexible Paper/Plastic,Retail/off-trade Unit Volume,million units,2016,
Western Europe,Coffee,Total,Flexible Paper/Plastic,Retail/off-trade Unit Volume,million units,2016,118.4
Western Europe,Coffee,Total,Flexible Plastic,Retail/off-trade Unit Volume,million units,2016,3173.1
Eastern Europe,Coffee,Total,Flexible Plastic,Retail/off-trade Unit Volume,million units,2016,178.8
Australasia,Coffee,Total,Flexible Plastic,Retail/off-trade Unit Volume,million units,2016,7.7
Asia Pacific,Coffee,Total,Flexible Plastic,Retail/off-trade Unit Volume,million units,2016,5158.9
Latin America,Coffee,Total,Flexible Plastic,Retail/off-trade Unit Volume,million units,2016,71.6
North America,Coffee,Total,Flexible Plastic,Retail/off-trade Unit Volume,million units,2016,159.3
United Kingdom,Coffee,Total,Flexible Plastic,Retail/off-trade Unit Volume,million units,2016,63.6
Japan,Coffee,Total,Flexible Plastic,Retail/off-trade Unit Volume,million units,2016,167.7
Germany,Coffee,Total,Flexible Plastic,Retail/off-trade Unit Volume,million units,2016,434.8
France,Coffee,Total,Flexible Plastic,Retail/off-trade Unit Volume,million units,2016,396.6
Middle East and Africa,Coffee,Total,Flexible Plastic,Retail/off-trade Unit Volume,million units,2016,85.9
Australia,Coffee,Total,Flexible Plastic,Retail/off-trade Unit Volume,million units,2016,6.3
Brazil,Coffee,Total,Flexible Plastic,Retail/off-trade Unit Volume,million units,2016,2.6
World,Coffee,Total,Flexible Plastic,Retail/off-trade Unit Volume,million units,2016,8835.2
Thailand,Coffee,Total,Flexible Plastic,Retail/off-trade Unit Volume,million units,2016,143.4
USA,Coffee,Total,Flexible Plastic,Retail/off-trade Unit Volume,million units,2016,154.4
USA,Coffee,Total,Stand-Up Pouches,Retail/off-trade Unit Volume,million units,2016,154.4
Thailand,Coffee,Total,Stand-Up Pouches,Retail/off-trade Unit Volume,million units,2016,37.5
World,Coffee,Total,Stand-Up Pouches,Retail/off-trade Unit Volume,million units,2016,1524.4
Germany,Coffee,Total,Stand-Up Pouches,Retail/off-trade Unit Volume,million units,2016,0.8
Brazil,Coffee,Total,Stand-Up Pouches,Retail/off-trade Unit Volume,million units,2016,194.4
Middle East and Africa,Coffee,Total,Stand-Up Pouches,Retail/off-trade Unit Volume,million units,2016,94.2
United Kingdom,Coffee,Total,Stand-Up Pouches,Retail/off-trade Unit Volume,million units,2016,13.8
France,Coffee,Total,Stand-Up Pouches,Retail/off-trade Unit Volume,million units,2016,23.5
North America,Coffee,Total,Stand-Up Pouches,Retail/off-trade Unit Volume,million units,2016,154.4
Latin America,Coffee,Total,Stand-Up Pouches,Retail/off-trade Unit Volume,million units,2016,266.6
Asia Pacific,Coffee,Total,Stand-Up Pouches,Retail/off-trade Unit Volume,million units,2016,420.5
Eastern Europe,Coffee,Total,Stand-Up Pouches,Retail/off-trade Unit Volume,million units,2016,488.5
Western Europe,Coffee,Total,Stand-Up Pouches,Retail/off-trade Unit Volume,million units,2016,100.2
Western Europe,Coffee,Total,Aluminium /Plastic Pouches,Retail/off-trade Unit Volume,million units,2016,61.9
Eastern Europe,Coffee,Total,Aluminium /Plastic Pouches,Retail/off-trade Unit Volume,million units,2016,433.5
Asia Pacific,Coffee,Total,Aluminium /Plastic Pouches,Retail/off-trade Unit Volume,million units,2016,381.1
Latin America,Coffee,Total,Aluminium /Plastic Pouches,Retail/off-trade Unit Volume,million units,2016,210.1
North America,Coffee,Total,Aluminium /Plastic Pouches,Retail/off-trade Unit Volume,million units,2016,3.9
France,Coffee,Total,Aluminium /Plastic Pouches,Retail/off-trade Unit Volume,million units,2016,1.6
United Kingdom,Coffee,Total,Aluminium /Plastic Pouches,Retail/off-trade Unit Volume,million units,2016,0.7
Middle East and Africa,Coffee,Total,Aluminium /Plastic Pouches,Retail/off-trade Unit Volume,million units,2016,22.6
Brazil,Coffee,Total,Aluminium /Plastic Pouches,Retail/off-trade Unit Volume,million units,2016,194.4
Germany,Coffee,Total,Aluminium /Plastic Pouches,Retail/off-trade Unit Volume,million units,2016,0.8
World,Coffee,Total,Aluminium /Plastic Pouches,Retail/off-trade Unit Volume,million units,2016,1113.0
Thailand,Coffee,Total,Aluminium /Plastic Pouches,Retail/off-trade Unit Volume,million units,2016,37.5
USA,Coffee,Total,Aluminium /Plastic Pouches,Retail/off-trade Unit Volume,million units,2016,3.9
USA,Coffee,Total,Plastic Pouches,Retail/off-trade Unit Volume,million units,2016,150.6
World,Coffee,Total,Plastic Pouches,Retail/off-trade Unit Volume,million units,2016,411.3
Middle East and Africa,Coffee,Total,Plastic Pouches,Retail/off-trade Unit Volume,million units,2016,71.6
United Kingdom,Coffee,Total,Plastic Pouches,Retail/off-trade Unit Volume,million units,2016,13.1
France,Coffee,Total,Plastic Pouches,Retail/off-trade Unit Volume,million units,2016,21.9
North America,Coffee,Total,Plastic Pouches,Retail/off-trade Unit Volume,million units,2016,150.6
Latin America,Coffee,Total,Plastic Pouches,Retail/off-trade Unit Volume,million units,2016,56.5
Asia Pacific,Coffee,Total,Plastic Pouches,Retail/off-trade Unit Volume,million units,2016,39.4
Eastern Europe,Coffee,Total,Plastic Pouches,Retail/off-trade Unit Volume,million units,2016,55.1
Western Europe,Coffee,Total,Plastic Pouches,Retail/off-trade Unit Volume,million units,2016,38.2
Eastern Europe,Coffee,Total,Glass,Retail/off-trade Unit Volume,million units,2016,527.7
Western Europe,Coffee,Total,Glass,Retail/off-trade Unit Volume,million units,2016,650.3
Asia Pacific,Coffee,Total,Glass,Retail/off-trade Unit Volume,million units,2016,998.7
Australasia,Coffee,Total,Glass,Retail/off-trade Unit Volume,million units,2016,189.2
Latin America,Coffee,Total,Glass,Retail/off-trade Unit Volume,million units,2016,574.6
North America,Coffee,Total,Glass,Retail/off-trade Unit Volume,million units,2016,43.6
France,Coffee,Total,Glass,Retail/off-trade Unit Volume,million units,2016,70.9
United Kingdom,Coffee,Total,Glass,Retail/off-trade Unit Volume,million units,2016,300.4
India,Coffee,Total,Glass,Retail/off-trade Unit Volume,million units,2016,313.4
Japan,Coffee,Total,Glass,Retail/off-trade Unit Volume,million units,2016,88.5
Middle East and Africa,Coffee,Total,Glass,Retail/off-trade Unit Volume,million units,2016,189.9
Australia,Coffee,Total,Glass,Retail/off-trade Unit Volume,million units,2016,168.1
Germany,Coffee,Total,Glass,Retail/off-trade Unit Volume,million units,2016,77.4
Brazil,Coffee,Total,Glass,Retail/off-trade Unit Volume,million units,2016,115.5
China,Coffee,Total,Glass,Retail/off-trade Unit Volume,million units,2016,49.8
World,Coffee,Total,Glass,Retail/off-trade Unit Volume,million units,2016,3174.0
Thailand,Coffee,Total,Glass,Retail/off-trade Unit Volume,million units,2016,107.6
USA,Coffee,Total,Glass,Retail/off-trade Unit Volume,million units,2016,14.1
USA,Coffee,Total,Glass Jars,Retail/off-trade Unit Volume,million units,2016,14.1
Thailand,Coffee,Total,Glass Jars,Retail/off-trade Unit Volume,million units,2016,107.6
World,Coffee,Total,Glass Jars,Retail/off-trade Unit Volume,million units,2016,3174.0
China,Coffee,Total,Glass Jars,Retail/off-trade Unit Volume,million units,2016,49.8
Brazil,Coffee,Total,Glass Jars,Retail/off-trade Unit Volume,million units,2016,115.5
Germany,Coffee,Total,Glass Jars,Retail/off-trade Unit Volume,million units,2016,77.4
Australia,Coffee,Total,Glass Jars,Retail/off-trade Unit Volume,million units,2016,168.1
Middle East and Africa,Coffee,Total,Glass Jars,Retail/off-trade Unit Volume,million units,2016,189.9
Japan,Coffee,Total,Glass Jars,Retail/off-trade Unit Volume,million units,2016,88.5
India,Coffee,Total,Glass Jars,Retail/off-trade Unit Volume,million units,2016,313.4
United Kingdom,Coffee,Total,Glass Jars,Retail/off-trade Unit Volume,million units,2016,300.4
France,Coffee,Total,Glass Jars,Retail/off-trade Unit Volume,million units,2016,70.9
North America,Coffee,Total,Glass Jars,Retail/off-trade Unit Volume,million units,2016,43.6
Latin America,Coffee,Total,Glass Jars,Retail/off-trade Unit Volume,million units,2016,574.6
Australasia,Coffee,Total,Glass Jars,Retail/off-trade Unit Volume,million units,2016,189.2
Asia Pacific,Coffee,Total,Glass Jars,Retail/off-trade Unit Volume,million units,2016,998.7
Western Europe,Coffee,Total,Glass Jars,Retail/off-trade Unit Volume,million units,2016,650.3
Eastern Europe,Coffee,Total,Glass Jars,Retail/off-trade Unit Volume,million units,2016,527.7
North America,Coffee,Total,Metal,Retail/off-trade Unit Volume,million units,2016,175.5
Eastern Europe,Coffee,Total,Metal,Retail/off-trade Unit Volume,million units,2016,402.7
Western Europe,Coffee,Total,Metal,Retail/off-trade Unit Volume,million units,2016,922.1
Asia Pacific,Coffee,Total,Metal,Retail/off-trade Unit Volume,million units,2016,175.8
Australasia,Coffee,Total,Metal,Retail/off-trade Unit Volume,million units,2016,23.1
Latin America,Coffee,Total,Metal,Retail/off-trade Unit Volume,million units,2016,204.8
France,Coffee,Total,Metal,Retail/off-trade Unit Volume,million units,2016,190.6
United Kingdom,Coffee,Total,Metal,Retail/off-trade Unit Volume,million units,2016,83.5
Japan,Coffee,Total,Metal,Retail/off-trade Unit Volume,million units,2016,26.4
India,Coffee,Total,Metal,Retail/off-trade Unit Volume,million units,2016,32.3
Thailand,Coffee,Total,Metal,Retail/off-trade Unit Volume,million units,2016,4.7
Middle East and Africa,Coffee,Total,Metal,Retail/off-trade Unit Volume,million units,2016,40.2
Australia,Coffee,Total,Metal,Retail/off-trade Unit Volume,million units,2016,19.6
Brazil,Coffee,Total,Metal,Retail/off-trade Unit Volume,million units,2016,120.7
Germany,Coffee,Total,Metal,Retail/off-trade Unit Volume,million units,2016,113.7
China,Coffee,Total,Metal,Retail/off-trade Unit Volume,million units,2016,4.9
USA,Coffee,Total,Metal,Retail/off-trade Unit Volume,million units,2016,123.2
World,Coffee,Total,Metal,Retail/off-trade Unit Volume,million units,2016,1944.3
World,Coffee,Total,Aluminium Trays,Retail/off-trade Unit Volume,million units,2016,0.5
Western Europe,Coffee,Total,Aluminium Trays,Retail/off-trade Unit Volume,million units,2016,0.5
Western Europe,Coffee,Total,Metal Tins,Retail/off-trade Unit Volume,million units,2016,322.3
Eastern Europe,Coffee,Total,Metal Tins,Retail/off-trade Unit Volume,million units,2016,378.6
North America,Coffee,Total,Metal Tins,Retail/off-trade Unit Volume,million units,2016,122.9
Latin America,Coffee,Total,Metal Tins,Retail/off-trade Unit Volume,million units,2016,80.7
Australasia,Coffee,Total,Metal Tins,Retail/off-trade Unit Volume,million units,2016,12.1
Asia Pacific,Coffee,Total,Metal Tins,Retail/off-trade Unit Volume,million units,2016,145.7
World,Coffee,Total,Metal Tins,Retail/off-trade Unit Volume,million units,2016,1089.7
USA,Coffee,Total,Metal Tins,Retail/off-trade Unit Volume,million units,2016,70.6
China,Coffee,Total,Metal Tins,Retail/off-trade Unit Volume,million units,2016,3.8
Germany,Coffee,Total,Metal Tins,Retail/off-trade Unit Volume,million units,2016,58.6
Brazil,Coffee,Total,Metal Tins,Retail/off-trade Unit Volume,million units,2016,15.0
Australia,Coffee,Total,Metal Tins,Retail/off-trade Unit Volume,million units,2016,11.6
Middle East and Africa,Coffee,Total,Metal Tins,Retail/off-trade Unit Volume,million units,2016,27.4
Thailand,Coffee,Total,Metal Tins,Retail/off-trade Unit Volume,million units,2016,4.7
India,Coffee,Total,Metal Tins,Retail/off-trade Unit Volume,million units,2016,32.3
Japan,Coffee,Total,Metal Tins,Retail/off-trade Unit Volume,million units,2016,13.4
United Kingdom,Coffee,Total,Metal Tins,Retail/off-trade Unit Volume,million units,2016,21.9
France,Coffee,Total,Metal Tins,Retail/off-trade Unit Volume,million units,2016,27.3
France,Coffee,Total,Other Metal,Retail/off-trade Unit Volume,million units,2016,163.2
United Kingdom,Coffee,Total,Other Metal,Retail/off-trade Unit Volume,million units,2016,61.6
Japan,Coffee,Total,Other Metal,Retail/off-trade Unit Volume,million units,2016,13.0
Middle East and Africa,Coffee,Total,Other Metal,Retail/off-trade Unit Volume,million units,2016,12.8
Australia,Coffee,Total,Other Metal,Retail/off-trade Unit Volume,million units,2016,8.0
Brazil,Coffee,Total,Other Metal,Retail/off-trade Unit Volume,million units,2016,105.7
Germany,Coffee,Total,Other Metal,Retail/off-trade Unit Volume,million units,2016,55.1
China,Coffee,Total,Other Metal,Retail/off-trade Unit Volume,million units,2016,1.0
USA,Coffee,Total,Other Metal,Retail/off-trade Unit Volume,million units,2016,52.6
World,Coffee,Total,Other Metal,Retail/off-trade Unit Volume,million units,2016,854.1
Asia Pacific,Coffee,Total,Other Metal,Retail/off-trade Unit Volume,million units,2016,30.1
Australasia,Coffee,Total,Other Metal,Retail/off-trade Unit Volume,million units,2016,11.1
Latin America,Coffee,Total,Other Metal,Retail/off-trade Unit Volume,million units,2016,124.1
North America,Coffee,Total,Other Metal,Retail/off-trade Unit Volume,million units,2016,52.6
Eastern Europe,Coffee,Total,Other Metal,Retail/off-trade Unit Volume,million units,2016,24.1
Western Europe,Coffee,Total,Other Metal,Retail/off-trade Unit Volume,million units,2016,599.3
Western Europe,Coffee,Total,Paper-based Containers,Retail/off-trade Unit Volume,million units,2016,1582.3
Eastern Europe,Coffee,Total,Paper-based Containers,Retail/off-trade Unit Volume,million units,2016,284.1
North America,Coffee,Total,Paper-based Containers,Retail/off-trade Unit Volume,million units,2016,677.6
Latin America,Coffee,Total,Paper-based Containers,Retail/off-trade Unit Volume,million units,2016,246.5
Australasia,Coffee,Total,Paper-based Containers,Retail/off-trade Unit Volume,million units,2016,22.1
Asia Pacific,Coffee,Total,Paper-based Containers,Retail/off-trade Unit Volume,million units,2016,1362.3
USA,Coffee,Total,Paper-based Containers,Retail/off-trade Unit Volume,million units,2016,633.6
Thailand,Coffee,Total,Paper-based Containers,Retail/off-trade Unit Volume,million units,2016,0.1
World,Coffee,Total,Paper-based Containers,Retail/off-trade Unit Volume,million units,2016,4209.0
China,Coffee,Total,Paper-based Containers,Retail/off-trade Unit Volume,million units,2016,130.2
Brazil,Coffee,Total,Paper-based Containers,Retail/off-trade Unit Volume,million units,2016,216.8
Germany,Coffee,Total,Paper-based Containers,Retail/off-trade Unit Volume,million units,2016,264.4
Australia,Coffee,Total,Paper-based Containers,Retail/off-trade Unit Volume,million units,2016,18.1
Middle East and Africa,Coffee,Total,Paper-based Containers,Retail/off-trade Unit Volume,million units,2016,34.2
India,Coffee,Total,Paper-based Containers,Retail/off-trade Unit Volume,million units,2016,3.5
Japan,Coffee,Total,Paper-based Containers,Retail/off-trade Unit Volume,million units,2016,219.0
United Kingdom,Coffee,Total,Paper-based Containers,Retail/off-trade Unit Volume,million units,2016,80.8
France,Coffee,Total,Paper-based Containers,Retail/off-trade Unit Volume,million units,2016,414.2
Japan,Coffee,Total,Board Tubs,Retail/off-trade Unit Volume,million units,2016,5.3
China,Coffee,Total,Board Tubs,Retail/off-trade Unit Volume,million units,2016,1.8
World,Coffee,Total,Board Tubs,Retail/off-trade Unit Volume,million units,2016,7.1
Asia Pacific,Coffee,Total,Board Tubs,Retail/off-trade Unit Volume,million units,2016,7.1
Asia Pacific,Coffee,Total,Composite Containers,Retail/off-trade Unit Volume,million units,2016,27.3
Latin America,Coffee,Total,Composite Containers,Retail/off-trade Unit Volume,million units,2016,32.5
North America,Coffee,Total,Composite Containers,Retail/off-trade Unit Volume,million units,2016,93.5
Eastern Europe,Coffee,Total,Composite Containers,Retail/off-trade Unit Volume,million units,2016,0.1
Western Europe,Coffee,Total,Composite Containers,Retail/off-trade Unit Volume,million units,2016,41.0
World,Coffee,Total,Composite Containers,Retail/off-trade Unit Volume,million units,2016,194.4
USA,Coffee,Total,Composite Containers,Retail/off-trade Unit Volume,million units,2016,93.5
Brazil,Coffee,Total,Composite Containers,Retail/off-trade Unit Volume,million units,2016,32.2
Japan,Coffee,Total,Composite Containers,Retail/off-trade Unit Volume,million units,2016,27.3
Germany,Coffee,Total,Composite Containers,Retail/off-trade Unit Volume,million units,2016,35.2
United Kingdom,Coffee,Total,Composite Containers,Retail/off-trade Unit Volume,million units,2016,1.8
France,Coffee,Total,Composite Containers,Retail/off-trade Unit Volume,million units,2016,
United Kingdom,Coffee,Total,Folding Cartons,Retail/off-trade Unit Volume,million units,2016,79.0
France,Coffee,Total,Folding Cartons,Retail/off-trade Unit Volume,million units,2016,414.2
Japan,Coffee,Total,Folding Cartons,Retail/off-trade Unit Volume,million units,2016,186.3
India,Coffee,Total,Folding Cartons,Retail/off-trade Unit Volume,million units,2016,3.5
Brazil,Coffee,Total,Folding Cartons,Retail/off-trade Unit Volume,million units,2016,184.6
China,Coffee,Total,Folding Cartons,Retail/off-trade Unit Volume,million units,2016,128.4
Germany,Coffee,Total,Folding Cartons,Retail/off-trade Unit Volume,million units,2016,229.2
Middle East and Africa,Coffee,Total,Folding Cartons,Retail/off-trade Unit Volume,million units,2016,34.2
Australia,Coffee,Total,Folding Cartons,Retail/off-trade Unit Volume,million units,2016,18.1
Thailand,Coffee,Total,Folding Cartons,Retail/off-trade Unit Volume,million units,2016,0.1
USA,Coffee,Total,Folding Cartons,Retail/off-trade Unit Volume,million units,2016,540.1
World,Coffee,Total,Folding Cartons,Retail/off-trade Unit Volume,million units,2016,4007.5
Eastern Europe,Coffee,Total,Folding Cartons,Retail/off-trade Unit Volume,million units,2016,284.1
Western Europe,Coffee,Total,Folding Cartons,Retail/off-trade Unit Volume,million units,2016,1541.3
North America,Coffee,Total,Folding Cartons,Retail/off-trade Unit Volume,million units,2016,584.1
Latin America,Coffee,Total,Folding Cartons,Retail/off-trade Unit Volume,million units,2016,214.0
Asia Pacific,Coffee,Total,Folding Cartons,Retail/off-trade Unit Volume,million units,2016,1327.8
Australasia,Coffee,Total,Folding Cartons,Retail/off-trade Unit Volume,million units,2016,22.1
Australasia,Coffee,Total,Rigid Plastic,Retail/off-trade Unit Volume,million units,2016,9.9
Asia Pacific,Coffee,Total,Rigid Plastic,Retail/off-trade Unit Volume,million units,2016,21.2
Latin America,Coffee,Total,Rigid Plastic,Retail/off-trade Unit Volume,million units,2016,48.2
Western Europe,Coffee,Total,Rigid Plastic,Retail/off-trade Unit Volume,million units,2016,961.8
North America,Coffee,Total,Rigid Plastic,Retail/off-trade Unit Volume,million units,2016,803.5
Eastern Europe,Coffee,Total,Rigid Plastic,Retail/off-trade Unit Volume,million units,2016,33.7
USA,Coffee,Total,Rigid Plastic,Retail/off-trade Unit Volume,million units,2016,717.7
World,Coffee,Total,Rigid Plastic,Retail/off-trade Unit Volume,million units,2016,1920.8
Australia,Coffee,Total,Rigid Plastic,Retail/off-trade Unit Volume,million units,2016,9.9
Brazil,Coffee,Total,Rigid Plastic,Retail/off-trade Unit Volume,million units,2016,28.6
Middle East and Africa,Coffee,Total,Rigid Plastic,Retail/off-trade Unit Volume,million units,2016,42.6
Germany,Coffee,Total,Rigid Plastic,Retail/off-trade Unit Volume,million units,2016,411.6
China,Coffee,Total,Rigid Plastic,Retail/off-trade Unit Volume,million units,2016,0.6
India,Coffee,Total,Rigid Plastic,Retail/off-trade Unit Volume,million units,2016,0.7
Thailand,Coffee,Total,Rigid Plastic,Retail/off-trade Unit Volume,million units,2016,13.2
France,Coffee,Total,Rigid Plastic,Retail/off-trade Unit Volume,million units,2016,317.2
United Kingdom,Coffee,Total,Rigid Plastic,Retail/off-trade Unit Volume,million units,2016,46.8
Thailand,Coffee,Total,PET Jars,Retail/off-trade Unit Volume,million units,2016,13.1
India,Coffee,Total,PET Jars,Retail/off-trade Unit Volume,million units,2016,0.7
Middle East and Africa,Coffee,Total,PET Jars,Retail/off-trade Unit Volume,million units,2016,1.7
World,Coffee,Total,PET Jars,Retail/off-trade Unit Volume,million units,2016,88.8
USA,Coffee,Total,PET Jars,Retail/off-trade Unit Volume,million units,2016,39.5
Eastern Europe,Coffee,Total,PET Jars,Retail/off-trade Unit Volume,million units,2016,6.3
North America,Coffee,Total,PET Jars,Retail/off-trade Unit Volume,million units,2016,52.9
Western Europe,Coffee,Total,PET Jars,Retail/off-trade Unit Volume,million units,2016,9.7
Asia Pacific,Coffee,Total,PET Jars,Retail/off-trade Unit Volume,million units,2016,18.2
Asia Pacific,Coffee,Total,Thin Wall Plastic Containers,Retail/off-trade Unit Volume,million units,2016,2.9
Australasia,Coffee,Total,Thin Wall Plastic Containers,Retail/off-trade Unit Volume,million units,2016,8.0
North America,Coffee,Total,Thin Wall Plastic Containers,Retail/off-trade Unit Volume,million units,2016,456.0
Latin America,Coffee,Total,Thin Wall Plastic Containers,Retail/off-trade Unit Volume,million units,2016,2.8
Eastern Europe,Coffee,Total,Thin Wall Plastic Containers,Retail/off-trade Unit Volume,million units,2016,27.4
Western Europe,Coffee,Total,Thin Wall Plastic Containers,Retail/off-trade Unit Volume,million units,2016,939.0
World,Coffee,Total,Thin Wall Plastic Containers,Retail/off-trade Unit Volume,million units,2016,1445.6
USA,Coffee,Total,Thin Wall Plastic Containers,Retail/off-trade Unit Volume,million units,2016,394.2
Middle East and Africa,Coffee,Total,Thin Wall Plastic Containers,Retail/off-trade Unit Volume,million units,2016,9.4
Australia,Coffee,Total,Thin Wall Plastic Containers,Retail/off-trade Unit Volume,million units,2016,8.0
China,Coffee,Total,Thin Wall Plastic Containers,Retail/off-trade Unit Volume,million units,2016,0.6
Germany,Coffee,Total,Thin Wall Plastic Containers,Retail/off-trade Unit Volume,million units,2016,402.8
Thailand,Coffee,Total,Thin Wall Plastic Containers,Retail/off-trade Unit Volume,million units,2016,0.1
United Kingdom,Coffee,Total,Thin Wall Plastic Containers,Retail/off-trade Unit Volume,million units,2016,46.8
France,Coffee,Total,Thin Wall Plastic Containers,Retail/off-trade Unit Volume,million units,2016,315.1
France,Coffee,Total,Other Plastic Jars,Retail/off-trade Unit Volume,million units,2016,2.1
Brazil,Coffee,Total,Other Plastic Jars,Retail/off-trade Unit Volume,million units,2016,11.7
Australia,Coffee,Total,Other Plastic Jars,Retail/off-trade Unit Volume,million units,2016,1.9
Middle East and Africa,Coffee,Total,Other Plastic Jars,Retail/off-trade Unit Volume,million units,2016,31.4
World,Coffee,Total,Other Plastic Jars,Retail/off-trade Unit Volume,million units,2016,349.4
USA,Coffee,Total,Other Plastic Jars,Retail/off-trade Unit Volume,million units,2016,284.0
North America,Coffee,Total,Other Plastic Jars,Retail/off-trade Unit Volume,million units,2016,284.0
Western Europe,Coffee,Total,Other Plastic Jars,Retail/off-trade Unit Volume,million units,2016,3.7
Latin America,Coffee,Total,Other Plastic Jars,Retail/off-trade Unit Volume,million units,2016,28.4
Australasia,Coffee,Total,Other Plastic Jars,Retail/off-trade Unit Volume,million units,2016,1.9
North America,Coffee,Total,Other Rigid Containers,Retail/off-trade Unit Volume,million units,2016,10.6
Latin America,Coffee,Total,Other Rigid Containers,Retail/off-trade Unit Volume,million units,2016,17.0
Western Europe,Coffee,Total,Other Rigid Containers,Retail/off-trade Unit Volume,million units,2016,9.3
World,Coffee,Total,Other Rigid Containers,Retail/off-trade Unit Volume,million units,2016,36.9
Brazil,Coffee,Total,Other Rigid Containers,Retail/off-trade Unit Volume,million units,2016,17.0
Germany,Coffee,Total,Other Rigid Containers,Retail/off-trade Unit Volume,million units,2016,8.8
World,Coffee,Total,Other Packaging,Retail/off-trade Unit Volume,million units,2016,0.7
Western Europe,Coffee,Total,Other Packaging,Retail/off-trade Unit Volume,million units,2016,0.2
Eastern Europe,Coffee,Total,Other Packaging,Retail/off-trade Unit Volume,million units,2016,0.5
Latin America,Coffee,Total,Other Packaging,Retail/off-trade Unit Volume,million units,2016,0.0
World,RTD Coffee,Total,Total Packaging,Retail/off-trade Unit Volume,million units,2016,19583.0
Western Europe,RTD Coffee,Total,Total Packaging,Retail/off-trade Unit Volume,million units,2016,769.0
Eastern Europe,RTD Coffee,Total,Total Packaging,Retail/off-trade Unit Volume,million units,2016,98.5
North America,RTD Coffee,Total,Total Packaging,Retail/off-trade Unit Volume,million units,2016,1655.9
Latin America,RTD Coffee,Total,Total Packaging,Retail/off-trade Unit Volume,million units,2016,38.6
Asia Pacific,RTD Coffee,Total,Total Packaging,Retail/off-trade Unit Volume,million units,2016,16961.7
Australasia,RTD Coffee,Total,Total Packaging,Retail/off-trade Unit Volume,million units,2016,6.5
Middle East and Africa,RTD Coffee,Total,Total Packaging,Retail/off-trade Unit Volume,million units,2016,52.7
Australia,RTD Coffee,Total,Total Packaging,Retail/off-trade Unit Volume,million units,2016,6.3
Brazil,RTD Coffee,Total,Total Packaging,Retail/off-trade Unit Volume,million units,2016,8.6
China,RTD Coffee,Total,Total Packaging,Retail/off-trade Unit Volume,million units,2016,1181.8
Germany,RTD Coffee,Total,Total Packaging,Retail/off-trade Unit Volume,million units,2016,348.5
France,RTD Coffee,Total,Total Packaging,Retail/off-trade Unit Volume,million units,2016,17.6
United Kingdom,RTD Coffee,Total,Total Packaging,Retail/off-trade Unit Volume,million units,2016,44.5
Japan,RTD Coffee,Total,Total Packaging,Retail/off-trade Unit Volume,million units,2016,12252.7
Thailand,RTD Coffee,Total,Total Packaging,Retail/off-trade Unit Volume,million units,2016,877.7
USA,RTD Coffee,Total,Total Packaging,Retail/off-trade Unit Volume,million units,2016,1640.4
Asia Pacific,RTD Coffee,Total,Flexible Packaging,Retail/off-trade Unit Volume,million units,2016,258.0
World,RTD Coffee,Total,Flexible Packaging,Retail/off-trade Unit Volume,million units,2016,258.0
World,RTD Coffee,Total,Stand-Up Pouches,Retail/off-trade Unit Volume,million units,2016,258.0
Asia Pacific,RTD Coffee,Total,Stand-Up Pouches,Retail/off-trade Unit Volume,million units,2016,258.0
Asia Pacific,RTD Coffee,Total,Aluminium /Plastic Pouches,Retail/off-trade Unit Volume,million units,2016,258.0
World,RTD Coffee,Total,Aluminium /Plastic Pouches,Retail/off-trade Unit Volume,million units,2016,258.0
USA,RTD Coffee,Total,Glass,Retail/off-trade Unit Volume,million units,2016,1058.3
World,RTD Coffee,Total,Glass,Retail/off-trade Unit Volume,million units,2016,1163.0
Latin America,RTD Coffee,Total,Glass,Retail/off-trade Unit Volume,million units,2016,25.0
Asia Pacific,RTD Coffee,Total,Glass,Retail/off-trade Unit Volume,million units,2016,41.4
North America,RTD Coffee,Total,Glass,Retail/off-trade Unit Volume,million units,2016,1070.7
Eastern Europe,RTD Coffee,Total,Glass,Retail/off-trade Unit Volume,million units,2016,1.4
Western Europe,RTD Coffee,Total,Glass,Retail/off-trade Unit Volume,million units,2016,24.1
Thailand,RTD Coffee,Total,Glass,Retail/off-trade Unit Volume,million units,2016,4.1
United Kingdom,RTD Coffee,Total,Glass,Retail/off-trade Unit Volume,million units,2016,3.2
France,RTD Coffee,Total,Glass,Retail/off-trade Unit Volume,million units,2016,
China,RTD Coffee,Total,Glass,Retail/off-trade Unit Volume,million units,2016,11.4
Middle East and Africa,RTD Coffee,Total,Glass,Retail/off-trade Unit Volume,million units,2016,0.5
Middle East and Africa,RTD Coffee,Total,Glass Bottles,Retail/off-trade Unit Volume,million units,2016,0.5
China,RTD Coffee,Total,Glass Bottles,Retail/off-trade Unit Volume,million units,2016,11.4
France,RTD Coffee,Total,Glass Bottles,Retail/off-trade Unit Volume,million units,2016,
United Kingdom,RTD Coffee,Total,Glass Bottles,Retail/off-trade Unit Volume,million units,2016,3.2
Thailand,RTD Coffee,Total,Glass Bottles,Retail/off-trade Unit Volume,million units,2016,4.1
Western Europe,RTD Coffee,Total,Glass Bottles,Retail/off-trade Unit Volume,million units,2016,24.1
Eastern Europe,RTD Coffee,Total,Glass Bottles,Retail/off-trade Unit Volume,million units,2016,1.4
North America,RTD Coffee,Total,Glass Bottles,Retail/off-trade Unit Volume,million units,2016,1070.7
Asia Pacific,RTD Coffee,Total,Glass Bottles,Retail/off-trade Unit Volume,million units,2016,41.4
Latin America,RTD Coffee,Total,Glass Bottles,Retail/off-trade Unit Volume,million units,2016,25.0
World,RTD Coffee,Total,Glass Bottles,Retail/off-trade Unit Volume,million units,2016,1163.0
USA,RTD Coffee,Total,Glass Bottles,Retail/off-trade Unit Volume,million units,2016,1058.3
USA,RTD Coffee,Total,Liquid Cartons,Retail/off-trade Unit Volume,million units,2016,39.4
World,RTD Coffee,Total,Liquid Cartons,Retail/off-trade Unit Volume,million units,2016,404.7
Latin America,RTD Coffee,Total,Liquid Cartons,Retail/off-trade Unit Volume,million units,2016,8.7
Asia Pacific,RTD Coffee,Total,Liquid Cartons,Retail/off-trade Unit Volume,million units,2016,333.0
Australasia,RTD Coffee,Total,Liquid Cartons,Retail/off-trade Unit Volume,million units,2016,4.5
North America,RTD Coffee,Total,Liquid Cartons,Retail/off-trade Unit Volume,million units,2016,39.9
Eastern Europe,RTD Coffee,Total,Liquid Cartons,Retail/off-trade Unit Volume,million units,2016,6.4
Western Europe,RTD Coffee,Total,Liquid Cartons,Retail/off-trade Unit Volume,million units,2016,12.2
Thailand,RTD Coffee,Total,Liquid Cartons,Retail/off-trade Unit Volume,million units,2016,14.5
Japan,RTD Coffee,Total,Liquid Cartons,Retail/off-trade Unit Volume,million units,2016,143.2
United Kingdom,RTD Coffee,Total,Liquid Cartons,Retail/off-trade Unit Volume,million units,2016,2.8
France,RTD Coffee,Total,Liquid Cartons,Retail/off-trade Unit Volume,million units,2016,
China,RTD Coffee,Total,Liquid Cartons,Retail/off-trade Unit Volume,million units,2016,4.8
Middle East and Africa,RTD Coffee,Total,Liquid Cartons,Retail/off-trade Unit Volume,million units,2016,0.0
Brazil,RTD Coffee,Total,Liquid Cartons,Retail/off-trade Unit Volume,million units,2016,8.6
Australia,RTD Coffee,Total,Liquid Cartons,Retail/off-trade Unit Volume,million units,2016,4.3
Australia,RTD Coffee,Total,Brick Liquid Cartons,Retail/off-trade Unit Volume,million units,2016,1.5
Middle East and Africa,RTD Coffee,Total,Brick Liquid Cartons,Retail/off-trade Unit Volume,million units,2016,0.0
China,RTD Coffee,Total,Brick Liquid Cartons,Retail/off-trade Unit Volume,million units,2016,
United Kingdom,RTD Coffee,Total,Brick Liquid Cartons,Retail/off-trade Unit Volume,million units,2016,0.0
Thailand,RTD Coffee,Total,Brick Liquid Cartons,Retail/off-trade Unit Volume,million units,2016,14.5
Eastern Europe,RTD Coffee,Total,Brick Liquid Cartons,Retail/off-trade Unit Volume,million units,2016,6.0
Western Europe,RTD Coffee,Total,Brick Liquid Cartons,Retail/off-trade Unit Volume,million units,2016,6.4
Australasia,RTD Coffee,Total,Brick Liquid Cartons,Retail/off-trade Unit Volume,million units,2016,1.5
Asia Pacific,RTD Coffee,Total,Brick Liquid Cartons,Retail/off-trade Unit Volume,million units,2016,131.2
World,RTD Coffee,Total,Brick Liquid Cartons,Retail/off-trade Unit Volume,million units,2016,145.1
World,RTD Coffee,Total,Gable Top Liquid Cartons,Retail/off-trade Unit Volume,million units,2016,211.0
USA,RTD Coffee,Total,Gable Top Liquid Cartons,Retail/off-trade Unit Volume,million units,2016,19.9
Asia Pacific,RTD Coffee,Total,Gable Top Liquid Cartons,Retail/off-trade Unit Volume,million units,2016,186.7
Latin America,RTD Coffee,Total,Gable Top Liquid Cartons,Retail/off-trade Unit Volume,million units,2016,0.1
Australasia,RTD Coffee,Total,Gable Top Liquid Cartons,Retail/off-trade Unit Volume,million units,2016,3.0
North America,RTD Coffee,Total,Gable Top Liquid Cartons,Retail/off-trade Unit Volume,million units,2016,20.4
Western Europe,RTD Coffee,Total,Gable Top Liquid Cartons,Retail/off-trade Unit Volume,million units,2016,0.8
Japan,RTD Coffee,Total,Gable Top Liquid Cartons,Retail/off-trade Unit Volume,million units,2016,143.2
United Kingdom,RTD Coffee,Total,Gable Top Liquid Cartons,Retail/off-trade Unit Volume,million units,2016,0.8
Australia,RTD Coffee,Total,Gable Top Liquid Cartons,Retail/off-trade Unit Volume,million units,2016,2.9
Brazil,RTD Coffee,Total,Gable Top Liquid Cartons,Retail/off-trade Unit Volume,million units,2016,0.1
Brazil,RTD Coffee,Total,Shaped Liquid Cartons,Retail/off-trade Unit Volume,million units,2016,8.4
China,RTD Coffee,Total,Shaped Liquid Cartons,Retail/off-trade Unit Volume,million units,2016,4.8
France,RTD Coffee,Total,Shaped Liquid Cartons,Retail/off-trade Unit Volume,million units,2016,
United Kingdom,RTD Coffee,Total,Shaped Liquid Cartons,Retail/off-trade Unit Volume,million units,2016,2.0
Eastern Europe,RTD Coffee,Total,Shaped Liquid Cartons,Retail/off-trade Unit Volume,million units,2016,0.4
North America,RTD Coffee,Total,Shaped Liquid Cartons,Retail/off-trade Unit Volume,million units,2016,19.5
Western Europe,RTD Coffee,Total,Shaped Liquid Cartons,Retail/off-trade Unit Volume,million units,2016,5.0
Latin America,RTD Coffee,Total,Shaped Liquid Cartons,Retail/off-trade Unit Volume,million units,2016,8.5
Asia Pacific,RTD Coffee,Total,Shaped Liquid Cartons,Retail/off-trade Unit Volume,million units,2016,15.1
USA,RTD Coffee,Total,Shaped Liquid Cartons,Retail/off-trade Unit Volume,million units,2016,19.5
World,RTD Coffee,Total,Shaped Liquid Cartons,Retail/off-trade Unit Volume,million units,2016,48.7
World,RTD Coffee,Total,Metal,Retail/off-trade Unit Volume,million units,2016,13502.7
Asia Pacific,RTD Coffee,Total,Metal,Retail/off-trade Unit Volume,million units,2016,12696.0
Middle East and Africa,RTD Coffee,Total,Metal,Retail/off-trade Unit Volume,million units,2016,51.1
Australasia,RTD Coffee,Total,Metal,Retail/off-trade Unit Volume,million units,2016,0.2
North America,RTD Coffee,Total,Metal,Retail/off-trade Unit Volume,million units,2016,487.8
Latin America,RTD Coffee,Total,Metal,Retail/off-trade Unit Volume,million units,2016,4.9
Eastern Europe,RTD Coffee,Total,Metal,Retail/off-trade Unit Volume,million units,2016,82.2
Western Europe,RTD Coffee,Total,Metal,Retail/off-trade Unit Volume,million units,2016,180.3
Thailand,RTD Coffee,Total,Metal,Retail/off-trade Unit Volume,million units,2016,833.4
USA,RTD Coffee,Total,Metal,Retail/off-trade Unit Volume,million units,2016,487.8
United Kingdom,RTD Coffee,Total,Metal,Retail/off-trade Unit Volume,million units,2016,6.4
Japan,RTD Coffee,Total,Metal,Retail/off-trade Unit Volume,million units,2016,9960.5
China,RTD Coffee,Total,Metal,Retail/off-trade Unit Volume,million units,2016,567.0
France,RTD Coffee,Total,Metal,Retail/off-trade Unit Volume,million units,2016,3.2
Germany,RTD Coffee,Total,Metal,Retail/off-trade Unit Volume,million units,2016,36.4
Australia,RTD Coffee,Total,Metal,Retail/off-trade Unit Volume,million units,2016,0.2
Australia,RTD Coffee,Total,Metal Beverage Cans,Retail/off-trade Unit Volume,million units,2016,0.2
Germany,RTD Coffee,Total,Metal Beverage Cans,Retail/off-trade Unit Volume,million units,2016,36.4
France,RTD Coffee,Total,Metal Beverage Cans,Retail/off-trade Unit Volume,million units,2016,3.2
China,RTD Coffee,Total,Metal Beverage Cans,Retail/off-trade Unit Volume,million units,2016,567.0
Japan,RTD Coffee,Total,Metal Beverage Cans,Retail/off-trade Unit Volume,million units,2016,8092.6
United Kingdom,RTD Coffee,Total,Metal Beverage Cans,Retail/off-trade Unit Volume,million units,2016,6.4
USA,RTD Coffee,Total,Metal Beverage Cans,Retail/off-trade Unit Volume,million units,2016,416.4
Thailand,RTD Coffee,Total,Metal Beverage Cans,Retail/off-trade Unit Volume,million units,2016,833.4
Western Europe,RTD Coffee,Total,Metal Beverage Cans,Retail/off-trade Unit Volume,million units,2016,180.3
Eastern Europe,RTD Coffee,Total,Metal Beverage Cans,Retail/off-trade Unit Volume,million units,2016,82.2
Latin America,RTD Coffee,Total,Metal Beverage Cans,Retail/off-trade Unit Volume,million units,2016,4.9
North America,RTD Coffee,Total,Metal Beverage Cans,Retail/off-trade Unit Volume,million units,2016,416.5
Australasia,RTD Coffee,Total,Metal Beverage Cans,Retail/off-trade Unit Volume,million units,2016,0.2
Middle East and Africa,RTD Coffee,Total,Metal Beverage Cans,Retail/off-trade Unit Volume,million units,2016,51.1
Asia Pacific,RTD Coffee,Total,Metal Beverage Cans,Retail/off-trade Unit Volume,million units,2016,10813.2
World,RTD Coffee,Total,Metal Beverage Cans,Retail/off-trade Unit Volume,million units,2016,11548.5
World,RTD Coffee,Total,Metal Bottles,Retail/off-trade Unit Volume,million units,2016,1954.2
Asia Pacific,RTD Coffee,Total,Metal Bottles,Retail/off-trade Unit Volume,million units,2016,1882.8
North America,RTD Coffee,Total,Metal Bottles,Retail/off-trade Unit Volume,million units,2016,71.4
USA,RTD Coffee,Total,Metal Bottles,Retail/off-trade Unit Volume,million units,2016,71.4
Japan,RTD Coffee,Total,Metal Bottles,Retail/off-trade Unit Volume,million units,2016,1868.0
Australia,RTD Coffee,Total,Paper-based Containers,Retail/off-trade Unit Volume,million units,2016,0.0
Australasia,RTD Coffee,Total,Paper-based Containers,Retail/off-trade Unit Volume,million units,2016,0.0
World,RTD Coffee,Total,Paper-based Containers,Retail/off-trade Unit Volume,million units,2016,0.0
World,RTD Coffee,Total,Bag In Box,Retail/off-trade Unit Volume,million units,2016,0.0
Australasia,RTD Coffee,Total,Bag In Box,Retail/off-trade Unit Volume,million units,2016,0.0
Australia,RTD Coffee,Total,Bag In Box,Retail/off-trade Unit Volume,million units,2016,0.0
Brazil,RTD Coffee,Total,Rigid Plastic,Retail/off-trade Unit Volume,million units,2016,
Australia,RTD Coffee,Total,Rigid Plastic,Retail/off-trade Unit Volume,million units,2016,1.7
China,RTD Coffee,Total,Rigid Plastic,Retail/off-trade Unit Volume,million units,2016,598.6
France,RTD Coffee,Total,Rigid Plastic,Retail/off-trade Unit Volume,million units,2016,14.4
Germany,RTD Coffee,Total,Rigid Plastic,Retail/off-trade Unit Volume,million units,2016,312.1
Japan,RTD Coffee,Total,Rigid Plastic,Retail/off-trade Unit Volume,million units,2016,2148.9
United Kingdom,RTD Coffee,Total,Rigid Plastic,Retail/off-trade Unit Volume,million units,2016,32.1
USA,RTD Coffee,Total,Rigid Plastic,Retail/off-trade Unit Volume,million units,2016,54.9
Thailand,RTD Coffee,Total,Rigid Plastic,Retail/off-trade Unit Volume,million units,2016,20.1
Middle East and Africa,RTD Coffee,Total,Rigid Plastic,Retail/off-trade Unit Volume,million units,2016,1.1
Australasia,RTD Coffee,Total,Rigid Plastic,Retail/off-trade Unit Volume,million units,2016,1.8
Asia Pacific,RTD Coffee,Total,Rigid Plastic,Retail/off-trade Unit Volume,million units,2016,3627.8
North America,RTD Coffee,Total,Rigid Plastic,Retail/off-trade Unit Volume,million units,2016,57.5
Latin America,RTD Coffee,Total,Rigid Plastic,Retail/off-trade Unit Volume,million units,2016,0.0
Eastern Europe,RTD Coffee,Total,Rigid Plastic,Retail/off-trade Unit Volume,million units,2016,8.5
Western Europe,RTD Coffee,Total,Rigid Plastic,Retail/off-trade Unit Volume,million units,2016,551.4
World,RTD Coffee,Total,Rigid Plastic,Retail/off-trade Unit Volume,million units,2016,4248.1
World,RTD Coffee,Total,HDPE Bottles,Retail/off-trade Unit Volume,million units,2016,21.7
China,RTD Coffee,Total,HDPE Bottles,Retail/off-trade Unit Volume,million units,2016,5.6
Eastern Europe,RTD Coffee,Total,HDPE Bottles,Retail/off-trade Unit Volume,million units,2016,2.8
North America,RTD Coffee,Total,HDPE Bottles,Retail/off-trade Unit Volume,million units,2016,1.8
Latin America,RTD Coffee,Total,HDPE Bottles,Retail/off-trade Unit Volume,million units,2016,
Asia Pacific,RTD Coffee,Total,HDPE Bottles,Retail/off-trade Unit Volume,million units,2016,15.4
Australasia,RTD Coffee,Total,HDPE Bottles,Retail/off-trade Unit Volume,million units,2016,1.7
Australia,RTD Coffee,Total,HDPE Bottles,Retail/off-trade Unit Volume,million units,2016,1.7
Brazil,RTD Coffee,Total,PET Bottles,Retail/off-trade Unit Volume,million units,2016,
Germany,RTD Coffee,Total,PET Bottles,Retail/off-trade Unit Volume,million units,2016,29.0
France,RTD Coffee,Total,PET Bottles,Retail/off-trade Unit Volume,million units,2016,0.6
China,RTD Coffee,Total,PET Bottles,Retail/off-trade Unit Volume,million units,2016,593.0
Thailand,RTD Coffee,Total,PET Bottles,Retail/off-trade Unit Volume,million units,2016,20.1
USA,RTD Coffee,Total,PET Bottles,Retail/off-trade Unit Volume,million units,2016,54.9
United Kingdom,RTD Coffee,Total,PET Bottles,Retail/off-trade Unit Volume,million units,2016,0.1
Japan,RTD Coffee,Total,PET Bottles,Retail/off-trade Unit Volume,million units,2016,1442.9
Middle East and Africa,RTD Coffee,Total,PET Bottles,Retail/off-trade Unit Volume,million units,2016,1.1
Asia Pacific,RTD Coffee,Total,PET Bottles,Retail/off-trade Unit Volume,million units,2016,2356.3
North America,RTD Coffee,Total,PET Bottles,Retail/off-trade Unit Volume,million units,2016,55.7
Latin America,RTD Coffee,Total,PET Bottles,Retail/off-trade Unit Volume,million units,2016,0.0
Western Europe,RTD Coffee,Total,PET Bottles,Retail/off-trade Unit Volume,million units,2016,38.1
Eastern Europe,RTD Coffee,Total,PET Bottles,Retail/off-trade Unit Volume,million units,2016,4.0
World,RTD Coffee,Total,PET Bottles,Retail/off-trade Unit Volume,million units,2016,2455.3
World,RTD Coffee,Total,Thin Wall Plastic Containers,Retail/off-trade Unit Volume,million units,2016,1762.6
Eastern Europe,RTD Coffee,Total,Thin Wall Plastic Containers,Retail/off-trade Unit Volume,million units,2016,1.7
Western Europe,RTD Coffee,Total,Thin Wall Plastic Containers,Retail/off-trade Unit Volume,million units,2016,504.9
Asia Pacific,RTD Coffee,Total,Thin Wall Plastic Containers,Retail/off-trade Unit Volume,million units,2016,1256.0
Japan,RTD Coffee,Total,Thin Wall Plastic Containers,Retail/off-trade Unit Volume,million units,2016,706.0
United Kingdom,RTD Coffee,Total,Thin Wall Plastic Containers,Retail/off-trade Unit Volume,million units,2016,32.0
China,RTD Coffee,Total,Thin Wall Plastic Containers,Retail/off-trade Unit Volume,million units,2016,
France,RTD Coffee,Total,Thin Wall Plastic Containers,Retail/off-trade Unit Volume,million units,2016,13.8
Germany,RTD Coffee,Total,Thin Wall Plastic Containers,Retail/off-trade Unit Volume,million units,2016,283.2
Australasia,RTD Coffee,Total,Other Plastic Bottles,Retail/off-trade Unit Volume,million units,2016,0.1
Western Europe,RTD Coffee,Total,Other Plastic Bottles,Retail/off-trade Unit Volume,million units,2016,8.5
World,RTD Coffee,Total,Other Plastic Bottles,Retail/off-trade Unit Volume,million units,2016,8.6
World,RTD Coffee,Total,Other Packaging,Retail/off-trade Unit Volume,million units,2016,6.5
Eastern Europe,RTD Coffee,Total,Other Packaging,Retail/off-trade Unit Volume,million units,2016,
Western Europe,RTD Coffee,Total,Other Packaging,Retail/off-trade Unit Volume,million units,2016,1.0
Asia Pacific,RTD Coffee,Total,Other Packaging,Retail/off-trade Unit Volume,million units,2016,5.5
Middle East and Africa,RTD Coffee,Total,Other Packaging,Retail/off-trade Unit Volume,million units,2016,0.0
Thailand,RTD Coffee,Total,Other Packaging,Retail/off-trade Unit Volume,million units,2016,5.5
Western Europe,Coffee,Total,Total Packaging,Retail/off-trade Unit Volume,million units,2017,10590.7
Eastern Europe,Coffee,Total,Total Packaging,Retail/off-trade Unit Volume,million units,2017,4956.9
North America,Coffee,Total,Total Packaging,Retail/off-trade Unit Volume,million units,2017,3035.8
Latin America,Coffee,Total,Total Packaging,Retail/off-trade Unit Volume,million units,2017,3995.6
Asia Pacific,Coffee,Total,Total Packaging,Retail/off-trade Unit Volume,million units,2017,27864.4
Australasia,Coffee,Total,Total Packaging,Retail/off-trade Unit Volume,million units,2017,270.9
Middle East and Africa,Coffee,Total,Total Packaging,Retail/off-trade Unit Volume,million units,2017,743.6
Australia,Coffee,Total,Total Packaging,Retail/off-trade Unit Volume,million units,2017,235.5
Brazil,Coffee,Total,Total Packaging,Retail/off-trade Unit Volume,million units,2017,2726.0
China,Coffee,Total,Total Packaging,Retail/off-trade Unit Volume,million units,2017,310.2
Germany,Coffee,Total,Total Packaging,Retail/off-trade Unit Volume,million units,2017,2342.6
France,Coffee,Total,Total Packaging,Retail/off-trade Unit Volume,million units,2017,1717.9
United Kingdom,Coffee,Total,Total Packaging,Retail/off-trade Unit Volume,million units,2017,654.8
India,Coffee,Total,Total Packaging,Retail/off-trade Unit Volume,million units,2017,1294.2
Japan,Coffee,Total,Total Packaging,Retail/off-trade Unit Volume,million units,2017,826.2
Thailand,Coffee,Total,Total Packaging,Retail/off-trade Unit Volume,million units,2017,586.5
USA,Coffee,Total,Total Packaging,Retail/off-trade Unit Volume,million units,2017,2755.1
World,Coffee,Total,Total Packaging,Retail/off-trade Unit Volume,million units,2017,51458.0
USA,Coffee,Total,Flexible Packaging,Retail/off-trade Unit Volume,million units,2017,1267.1
Thailand,Coffee,Total,Flexible Packaging,Retail/off-trade Unit Volume,million units,2017,453.7
World,Coffee,Total,Flexible Packaging,Retail/off-trade Unit Volume,million units,2017,39811.3
Japan,Coffee,Total,Flexible Packaging,Retail/off-trade Unit Volume,million units,2017,489.3
India,Coffee,Total,Flexible Packaging,Retail/off-trade Unit Volume,million units,2017,920.7
United Kingdom,Coffee,Total,Flexible Packaging,Retail/off-trade Unit Volume,million units,2017,141.6
France,Coffee,Total,Flexible Packaging,Retail/off-trade Unit Volume,million units,2017,622.1
China,Coffee,Total,Flexible Packaging,Retail/off-trade Unit Volume,million units,2017,125.1
Germany,Coffee,Total,Flexible Packaging,Retail/off-trade Unit Volume,million units,2017,1458.1
Brazil,Coffee,Total,Flexible Packaging,Retail/off-trade Unit Volume,million units,2017,2208.1
Australia,Coffee,Total,Flexible Packaging,Retail/off-trade Unit Volume,million units,2017,22.5
Middle East and Africa,Coffee,Total,Flexible Packaging,Retail/off-trade Unit Volume,million units,2017,426.7
Australasia,Coffee,Total,Flexible Packaging,Retail/off-trade Unit Volume,million units,2017,27.6
Asia Pacific,Coffee,Total,Flexible Packaging,Retail/off-trade Unit Volume,million units,2017,25185.7
North America,Coffee,Total,Flexible Packaging,Retail/off-trade Unit Volume,million units,2017,1336.8
Latin America,Coffee,Total,Flexible Packaging,Retail/off-trade Unit Volume,million units,2017,2869.2
Eastern Europe,Coffee,Total,Flexible Packaging,Retail/off-trade Unit Volume,million units,2017,3721.5
Western Europe,Coffee,Total,Flexible Packaging,Retail/off-trade Unit Volume,million units,2017,6243.7
Western Europe,Coffee,Total,Flexible Aluminium/Paper,Retail/off-trade Unit Volume,million units,2017,164.5
Eastern Europe,Coffee,Total,Flexible Aluminium/Paper,Retail/off-trade Unit Volume,million units,2017,115.6
Latin America,Coffee,Total,Flexible Aluminium/Paper,Retail/off-trade Unit Volume,million units,2017,0.0
North America,Coffee,Total,Flexible Aluminium/Paper,Retail/off-trade Unit Volume,million units,2017,403.2
Asia Pacific,Coffee,Total,Flexible Aluminium/Paper,Retail/off-trade Unit Volume,million units,2017,2.4
Australasia,Coffee,Total,Flexible Aluminium/Paper,Retail/off-trade Unit Volume,million units,2017,4.2
Middle East and Africa,Coffee,Total,Flexible Aluminium/Paper,Retail/off-trade Unit Volume,million units,2017,1.0
Australia,Coffee,Total,Flexible Aluminium/Paper,Retail/off-trade Unit Volume,million units,2017,3.3
China,Coffee,Total,Flexible Aluminium/Paper,Retail/off-trade Unit Volume,million units,2017,0.0
Germany,Coffee,Total,Flexible Aluminium/Paper,Retail/off-trade Unit Volume,million units,2017,63.0
France,Coffee,Total,Flexible Aluminium/Paper,Retail/off-trade Unit Volume,million units,2017,7.7
World,Coffee,Total,Flexible Aluminium/Paper,Retail/off-trade Unit Volume,million units,2017,691.0
USA,Coffee,Total,Flexible Aluminium/Paper,Retail/off-trade Unit Volume,million units,2017,383.8
USA,Coffee,Total,Flexible Aluminium/Plastic,Retail/off-trade Unit Volume,million units,2017,575.3
Thailand,Coffee,Total,Flexible Aluminium/Plastic,Retail/off-trade Unit Volume,million units,2017,263.5
World,Coffee,Total,Flexible Aluminium/Plastic,Retail/off-trade Unit Volume,million units,2017,27201.8
France,Coffee,Total,Flexible Aluminium/Plastic,Retail/off-trade Unit Volume,million units,2017,181.0
Germany,Coffee,Total,Flexible Aluminium/Plastic,Retail/off-trade Unit Volume,million units,2017,496.6
India,Coffee,Total,Flexible Aluminium/Plastic,Retail/off-trade Unit Volume,million units,2017,920.7
Japan,Coffee,Total,Flexible Aluminium/Plastic,Retail/off-trade Unit Volume,million units,2017,321.5
United Kingdom,Coffee,Total,Flexible Aluminium/Plastic,Retail/off-trade Unit Volume,million units,2017,56.8
China,Coffee,Total,Flexible Aluminium/Plastic,Retail/off-trade Unit Volume,million units,2017,125.1
Brazil,Coffee,Total,Flexible Aluminium/Plastic,Retail/off-trade Unit Volume,million units,2017,2006.0
Middle East and Africa,Coffee,Total,Flexible Aluminium/Plastic,Retail/off-trade Unit Volume,million units,2017,233.3
Australia,Coffee,Total,Flexible Aluminium/Plastic,Retail/off-trade Unit Volume,million units,2017,12.5
Australasia,Coffee,Total,Flexible Aluminium/Plastic,Retail/off-trade Unit Volume,million units,2017,15.2
Asia Pacific,Coffee,Total,Flexible Aluminium/Plastic,Retail/off-trade Unit Volume,million units,2017,19272.6
Latin America,Coffee,Total,Flexible Aluminium/Plastic,Retail/off-trade Unit Volume,million units,2017,2524.4
North America,Coffee,Total,Flexible Aluminium/Plastic,Retail/off-trade Unit Volume,million units,2017,620.5
Eastern Europe,Coffee,Total,Flexible Aluminium/Plastic,Retail/off-trade Unit Volume,million units,2017,2812.1
Western Europe,Coffee,Total,Flexible Aluminium/Plastic,Retail/off-trade Unit Volume,million units,2017,1723.6
Western Europe,Coffee,Total,Flexible Paper,Retail/off-trade Unit Volume,million units,2017,497.3
Eastern Europe,Coffee,Total,Flexible Paper,Retail/off-trade Unit Volume,million units,2017,88.5
Latin America,Coffee,Total,Flexible Paper,Retail/off-trade Unit Volume,million units,2017,1.6
Asia Pacific,Coffee,Total,Flexible Paper,Retail/off-trade Unit Volume,million units,2017,3.3
Australasia,Coffee,Total,Flexible Paper,Retail/off-trade Unit Volume,million units,2017,0.0
Middle East and Africa,Coffee,Total,Flexible Paper,Retail/off-trade Unit Volume,million units,2017,2.1
United Kingdom,Coffee,Total,Flexible Paper,Retail/off-trade Unit Volume,million units,2017,6.6
Germany,Coffee,Total,Flexible Paper,Retail/off-trade Unit Volume,million units,2017,448.6
World,Coffee,Total,Flexible Paper,Retail/off-trade Unit Volume,million units,2017,592.9
World,Coffee,Total,Flexible Paper/Plastic,Retail/off-trade Unit Volume,million units,2017,119.7
United Kingdom,Coffee,Total,Flexible Paper/Plastic,Retail/off-trade Unit Volume,million units,2017,
Western Europe,Coffee,Total,Flexible Paper/Plastic,Retail/off-trade Unit Volume,million units,2017,119.7
Western Europe,Coffee,Total,Flexible Plastic,Retail/off-trade Unit Volume,million units,2017,3631.7
Eastern Europe,Coffee,Total,Flexible Plastic,Retail/off-trade Unit Volume,million units,2017,205.2
Australasia,Coffee,Total,Flexible Plastic,Retail/off-trade Unit Volume,million units,2017,8.1
Asia Pacific,Coffee,Total,Flexible Plastic,Retail/off-trade Unit Volume,million units,2017,5460.6
Latin America,Coffee,Total,Flexible Plastic,Retail/off-trade Unit Volume,million units,2017,70.7
North America,Coffee,Total,Flexible Plastic,Retail/off-trade Unit Volume,million units,2017,151.2
United Kingdom,Coffee,Total,Flexible Plastic,Retail/off-trade Unit Volume,million units,2017,64.8
Japan,Coffee,Total,Flexible Plastic,Retail/off-trade Unit Volume,million units,2017,167.8
Germany,Coffee,Total,Flexible Plastic,Retail/off-trade Unit Volume,million units,2017,449.0
France,Coffee,Total,Flexible Plastic,Retail/off-trade Unit Volume,million units,2017,407.8
Middle East and Africa,Coffee,Total,Flexible Plastic,Retail/off-trade Unit Volume,million units,2017,92.4
Australia,Coffee,Total,Flexible Plastic,Retail/off-trade Unit Volume,million units,2017,6.8
Brazil,Coffee,Total,Flexible Plastic,Retail/off-trade Unit Volume,million units,2017,2.6
World,Coffee,Total,Flexible Plastic,Retail/off-trade Unit Volume,million units,2017,9619.9
Thailand,Coffee,Total,Flexible Plastic,Retail/off-trade Unit Volume,million units,2017,150.6
USA,Coffee,Total,Flexible Plastic,Retail/off-trade Unit Volume,million units,2017,146.1
USA,Coffee,Total,Stand-Up Pouches,Retail/off-trade Unit Volume,million units,2017,161.9
Thailand,Coffee,Total,Stand-Up Pouches,Retail/off-trade Unit Volume,million units,2017,39.6
World,Coffee,Total,Stand-Up Pouches,Retail/off-trade Unit Volume,million units,2017,1586.0
Germany,Coffee,Total,Stand-Up Pouches,Retail/off-trade Unit Volume,million units,2017,0.8
Brazil,Coffee,Total,Stand-Up Pouches,Retail/off-trade Unit Volume,million units,2017,199.5
Middle East and Africa,Coffee,Total,Stand-Up Pouches,Retail/off-trade Unit Volume,million units,2017,97.9
United Kingdom,Coffee,Total,Stand-Up Pouches,Retail/off-trade Unit Volume,million units,2017,13.4
France,Coffee,Total,Stand-Up Pouches,Retail/off-trade Unit Volume,million units,2017,25.6
North America,Coffee,Total,Stand-Up Pouches,Retail/off-trade Unit Volume,million units,2017,161.9
Latin America,Coffee,Total,Stand-Up Pouches,Retail/off-trade Unit Volume,million units,2017,272.5
Asia Pacific,Coffee,Total,Stand-Up Pouches,Retail/off-trade Unit Volume,million units,2017,446.7
Eastern Europe,Coffee,Total,Stand-Up Pouches,Retail/off-trade Unit Volume,million units,2017,500.1
Western Europe,Coffee,Total,Stand-Up Pouches,Retail/off-trade Unit Volume,million units,2017,106.9
Western Europe,Coffee,Total,Aluminium /Plastic Pouches,Retail/off-trade Unit Volume,million units,2017,67.2
Eastern Europe,Coffee,Total,Aluminium /Plastic Pouches,Retail/off-trade Unit Volume,million units,2017,443.5
Asia Pacific,Coffee,Total,Aluminium /Plastic Pouches,Retail/off-trade Unit Volume,million units,2017,409.5
Latin America,Coffee,Total,Aluminium /Plastic Pouches,Retail/off-trade Unit Volume,million units,2017,215.8
North America,Coffee,Total,Aluminium /Plastic Pouches,Retail/off-trade Unit Volume,million units,2017,3.6
France,Coffee,Total,Aluminium /Plastic Pouches,Retail/off-trade Unit Volume,million units,2017,1.8
United Kingdom,Coffee,Total,Aluminium /Plastic Pouches,Retail/off-trade Unit Volume,million units,2017,0.7
Middle East and Africa,Coffee,Total,Aluminium /Plastic Pouches,Retail/off-trade Unit Volume,million units,2017,25.8
Brazil,Coffee,Total,Aluminium /Plastic Pouches,Retail/off-trade Unit Volume,million units,2017,199.5
Germany,Coffee,Total,Aluminium /Plastic Pouches,Retail/off-trade Unit Volume,million units,2017,0.8
World,Coffee,Total,Aluminium /Plastic Pouches,Retail/off-trade Unit Volume,million units,2017,1165.4
Thailand,Coffee,Total,Aluminium /Plastic Pouches,Retail/off-trade Unit Volume,million units,2017,39.6
USA,Coffee,Total,Aluminium /Plastic Pouches,Retail/off-trade Unit Volume,million units,2017,3.6
USA,Coffee,Total,Plastic Pouches,Retail/off-trade Unit Volume,million units,2017,158.2
World,Coffee,Total,Plastic Pouches,Retail/off-trade Unit Volume,million units,2017,420.6
Middle East and Africa,Coffee,Total,Plastic Pouches,Retail/off-trade Unit Volume,million units,2017,72.0
United Kingdom,Coffee,Total,Plastic Pouches,Retail/off-trade Unit Volume,million units,2017,12.7
France,Coffee,Total,Plastic Pouches,Retail/off-trade Unit Volume,million units,2017,23.8
North America,Coffee,Total,Plastic Pouches,Retail/off-trade Unit Volume,million units,2017,158.2
Latin America,Coffee,Total,Plastic Pouches,Retail/off-trade Unit Volume,million units,2017,56.7
Asia Pacific,Coffee,Total,Plastic Pouches,Retail/off-trade Unit Volume,million units,2017,37.3
Eastern Europe,Coffee,Total,Plastic Pouches,Retail/off-trade Unit Volume,million units,2017,56.6
Western Europe,Coffee,Total,Plastic Pouches,Retail/off-trade Unit Volume,million units,2017,39.8
Eastern Europe,Coffee,Total,Glass,Retail/off-trade Unit Volume,million units,2017,509.4
Western Europe,Coffee,Total,Glass,Retail/off-trade Unit Volume,million units,2017,622.2
Asia Pacific,Coffee,Total,Glass,Retail/off-trade Unit Volume,million units,2017,1021.6
Australasia,Coffee,Total,Glass,Retail/off-trade Unit Volume,million units,2017,183.6
Latin America,Coffee,Total,Glass,Retail/off-trade Unit Volume,million units,2017,580.8
North America,Coffee,Total,Glass,Retail/off-trade Unit Volume,million units,2017,42.8
France,Coffee,Total,Glass,Retail/off-trade Unit Volume,million units,2017,68.7
United Kingdom,Coffee,Total,Glass,Retail/off-trade Unit Volume,million units,2017,278.6
India,Coffee,Total,Glass,Retail/off-trade Unit Volume,million units,2017,333.4
Japan,Coffee,Total,Glass,Retail/off-trade Unit Volume,million units,2017,83.0
Middle East and Africa,Coffee,Total,Glass,Retail/off-trade Unit Volume,million units,2017,190.1
Australia,Coffee,Total,Glass,Retail/off-trade Unit Volume,million units,2017,161.7
Germany,Coffee,Total,Glass,Retail/off-trade Unit Volume,million units,2017,78.0
Brazil,Coffee,Total,Glass,Retail/off-trade Unit Volume,million units,2017,114.6
China,Coffee,Total,Glass,Retail/off-trade Unit Volume,million units,2017,50.9
World,Coffee,Total,Glass,Retail/off-trade Unit Volume,million units,2017,3150.6
Thailand,Coffee,Total,Glass,Retail/off-trade Unit Volume,million units,2017,112.9
USA,Coffee,Total,Glass,Retail/off-trade Unit Volume,million units,2017,12.4
USA,Coffee,Total,Glass Jars,Retail/off-trade Unit Volume,million units,2017,12.4
Thailand,Coffee,Total,Glass Jars,Retail/off-trade Unit Volume,million units,2017,112.9
World,Coffee,Total,Glass Jars,Retail/off-trade Unit Volume,million units,2017,3150.6
China,Coffee,Total,Glass Jars,Retail/off-trade Unit Volume,million units,2017,50.9
Brazil,Coffee,Total,Glass Jars,Retail/off-trade Unit Volume,million units,2017,114.6
Germany,Coffee,Total,Glass Jars,Retail/off-trade Unit Volume,million units,2017,78.0
Australia,Coffee,Total,Glass Jars,Retail/off-trade Unit Volume,million units,2017,161.7
Middle East and Africa,Coffee,Total,Glass Jars,Retail/off-trade Unit Volume,million units,2017,190.1
Japan,Coffee,Total,Glass Jars,Retail/off-trade Unit Volume,million units,2017,83.0
India,Coffee,Total,Glass Jars,Retail/off-trade Unit Volume,million units,2017,333.4
United Kingdom,Coffee,Total,Glass Jars,Retail/off-trade Unit Volume,million units,2017,278.6
France,Coffee,Total,Glass Jars,Retail/off-trade Unit Volume,million units,2017,68.7
North America,Coffee,Total,Glass Jars,Retail/off-trade Unit Volume,million units,2017,42.8
Latin America,Coffee,Total,Glass Jars,Retail/off-trade Unit Volume,million units,2017,580.8
Australasia,Coffee,Total,Glass Jars,Retail/off-trade Unit Volume,million units,2017,183.6
Asia Pacific,Coffee,Total,Glass Jars,Retail/off-trade Unit Volume,million units,2017,1021.6
Western Europe,Coffee,Total,Glass Jars,Retail/off-trade Unit Volume,million units,2017,622.2
Eastern Europe,Coffee,Total,Glass Jars,Retail/off-trade Unit Volume,million units,2017,509.4
North America,Coffee,Total,Metal,Retail/off-trade Unit Volume,million units,2017,178.3
Eastern Europe,Coffee,Total,Metal,Retail/off-trade Unit Volume,million units,2017,403.0
Western Europe,Coffee,Total,Metal,Retail/off-trade Unit Volume,million units,2017,986.3
Asia Pacific,Coffee,Total,Metal,Retail/off-trade Unit Volume,million units,2017,196.2
Australasia,Coffee,Total,Metal,Retail/off-trade Unit Volume,million units,2017,23.8
Latin America,Coffee,Total,Metal,Retail/off-trade Unit Volume,million units,2017,225.2
France,Coffee,Total,Metal,Retail/off-trade Unit Volume,million units,2017,208.8
United Kingdom,Coffee,Total,Metal,Retail/off-trade Unit Volume,million units,2017,91.6
Japan,Coffee,Total,Metal,Retail/off-trade Unit Volume,million units,2017,25.5
India,Coffee,Total,Metal,Retail/off-trade Unit Volume,million units,2017,35.7
Thailand,Coffee,Total,Metal,Retail/off-trade Unit Volume,million units,2017,4.7
Middle East and Africa,Coffee,Total,Metal,Retail/off-trade Unit Volume,million units,2017,43.0
Australia,Coffee,Total,Metal,Retail/off-trade Unit Volume,million units,2017,19.9
Brazil,Coffee,Total,Metal,Retail/off-trade Unit Volume,million units,2017,136.9
Germany,Coffee,Total,Metal,Retail/off-trade Unit Volume,million units,2017,117.0
China,Coffee,Total,Metal,Retail/off-trade Unit Volume,million units,2017,5.7
USA,Coffee,Total,Metal,Retail/off-trade Unit Volume,million units,2017,125.8
World,Coffee,Total,Metal,Retail/off-trade Unit Volume,million units,2017,2055.8
World,Coffee,Total,Aluminium Trays,Retail/off-trade Unit Volume,million units,2017,0.6
Western Europe,Coffee,Total,Aluminium Trays,Retail/off-trade Unit Volume,million units,2017,0.6
Western Europe,Coffee,Total,Metal Tins,Retail/off-trade Unit Volume,million units,2017,318.9
Eastern Europe,Coffee,Total,Metal Tins,Retail/off-trade Unit Volume,million units,2017,376.9
North America,Coffee,Total,Metal Tins,Retail/off-trade Unit Volume,million units,2017,124.5
Latin America,Coffee,Total,Metal Tins,Retail/off-trade Unit Volume,million units,2017,81.5
Australasia,Coffee,Total,Metal Tins,Retail/off-trade Unit Volume,million units,2017,11.2
Asia Pacific,Coffee,Total,Metal Tins,Retail/off-trade Unit Volume,million units,2017,158.5
World,Coffee,Total,Metal Tins,Retail/off-trade Unit Volume,million units,2017,1100.4
USA,Coffee,Total,Metal Tins,Retail/off-trade Unit Volume,million units,2017,72.0
China,Coffee,Total,Metal Tins,Retail/off-trade Unit Volume,million units,2017,4.0
Germany,Coffee,Total,Metal Tins,Retail/off-trade Unit Volume,million units,2017,59.4
Brazil,Coffee,Total,Metal Tins,Retail/off-trade Unit Volume,million units,2017,15.0
Australia,Coffee,Total,Metal Tins,Retail/off-trade Unit Volume,million units,2017,10.8
Middle East and Africa,Coffee,Total,Metal Tins,Retail/off-trade Unit Volume,million units,2017,28.9
Thailand,Coffee,Total,Metal Tins,Retail/off-trade Unit Volume,million units,2017,4.7
India,Coffee,Total,Metal Tins,Retail/off-trade Unit Volume,million units,2017,35.7
Japan,Coffee,Total,Metal Tins,Retail/off-trade Unit Volume,million units,2017,12.1
United Kingdom,Coffee,Total,Metal Tins,Retail/off-trade Unit Volume,million units,2017,22.4
France,Coffee,Total,Metal Tins,Retail/off-trade Unit Volume,million units,2017,27.4
France,Coffee,Total,Other Metal,Retail/off-trade Unit Volume,million units,2017,181.5
United Kingdom,Coffee,Total,Other Metal,Retail/off-trade Unit Volume,million units,2017,69.3
Japan,Coffee,Total,Other Metal,Retail/off-trade Unit Volume,million units,2017,13.4
Middle East and Africa,Coffee,Total,Other Metal,Retail/off-trade Unit Volume,million units,2017,14.2
Australia,Coffee,Total,Other Metal,Retail/off-trade Unit Volume,million units,2017,9.1
Brazil,Coffee,Total,Other Metal,Retail/off-trade Unit Volume,million units,2017,121.9
Germany,Coffee,Total,Other Metal,Retail/off-trade Unit Volume,million units,2017,57.6
China,Coffee,Total,Other Metal,Retail/off-trade Unit Volume,million units,2017,1.6
USA,Coffee,Total,Other Metal,Retail/off-trade Unit Volume,million units,2017,53.8
World,Coffee,Total,Other Metal,Retail/off-trade Unit Volume,million units,2017,954.8
Asia Pacific,Coffee,Total,Other Metal,Retail/off-trade Unit Volume,million units,2017,37.6
Australasia,Coffee,Total,Other Metal,Retail/off-trade Unit Volume,million units,2017,12.6
Latin America,Coffee,Total,Other Metal,Retail/off-trade Unit Volume,million units,2017,143.6
North America,Coffee,Total,Other Metal,Retail/off-trade Unit Volume,million units,2017,53.8
Eastern Europe,Coffee,Total,Other Metal,Retail/off-trade Unit Volume,million units,2017,26.2
Western Europe,Coffee,Total,Other Metal,Retail/off-trade Unit Volume,million units,2017,666.8
Western Europe,Coffee,Total,Paper-based Containers,Retail/off-trade Unit Volume,million units,2017,1709.9
Eastern Europe,Coffee,Total,Paper-based Containers,Retail/off-trade Unit Volume,million units,2017,285.6
North America,Coffee,Total,Paper-based Containers,Retail/off-trade Unit Volume,million units,2017,683.7
Latin America,Coffee,Total,Paper-based Containers,Retail/off-trade Unit Volume,million units,2017,269.4
Australasia,Coffee,Total,Paper-based Containers,Retail/off-trade Unit Volume,million units,2017,24.8
Asia Pacific,Coffee,Total,Paper-based Containers,Retail/off-trade Unit Volume,million units,2017,1436.8
USA,Coffee,Total,Paper-based Containers,Retail/off-trade Unit Volume,million units,2017,640.1
Thailand,Coffee,Total,Paper-based Containers,Retail/off-trade Unit Volume,million units,2017,0.1
World,Coffee,Total,Paper-based Containers,Retail/off-trade Unit Volume,million units,2017,4449.4
China,Coffee,Total,Paper-based Containers,Retail/off-trade Unit Volume,million units,2017,127.6
Brazil,Coffee,Total,Paper-based Containers,Retail/off-trade Unit Volume,million units,2017,235.1
Germany,Coffee,Total,Paper-based Containers,Retail/off-trade Unit Volume,million units,2017,272.9
Australia,Coffee,Total,Paper-based Containers,Retail/off-trade Unit Volume,million units,2017,20.4
Middle East and Africa,Coffee,Total,Paper-based Containers,Retail/off-trade Unit Volume,million units,2017,39.1
India,Coffee,Total,Paper-based Containers,Retail/off-trade Unit Volume,million units,2017,3.7
Japan,Coffee,Total,Paper-based Containers,Retail/off-trade Unit Volume,million units,2017,228.4
United Kingdom,Coffee,Total,Paper-based Containers,Retail/off-trade Unit Volume,million units,2017,90.9
France,Coffee,Total,Paper-based Containers,Retail/off-trade Unit Volume,million units,2017,466.0
Japan,Coffee,Total,Board Tubs,Retail/off-trade Unit Volume,million units,2017,5.3
China,Coffee,Total,Board Tubs,Retail/off-trade Unit Volume,million units,2017,1.8
World,Coffee,Total,Board Tubs,Retail/off-trade Unit Volume,million units,2017,7.2
Asia Pacific,Coffee,Total,Board Tubs,Retail/off-trade Unit Volume,million units,2017,7.2
Asia Pacific,Coffee,Total,Composite Containers,Retail/off-trade Unit Volume,million units,2017,29.9
Latin America,Coffee,Total,Composite Containers,Retail/off-trade Unit Volume,million units,2017,32.5
North America,Coffee,Total,Composite Containers,Retail/off-trade Unit Volume,million units,2017,92.8
Eastern Europe,Coffee,Total,Composite Containers,Retail/off-trade Unit Volume,million units,2017,0.1
Western Europe,Coffee,Total,Composite Containers,Retail/off-trade Unit Volume,million units,2017,42.6
World,Coffee,Total,Composite Containers,Retail/off-trade Unit Volume,million units,2017,197.9
USA,Coffee,Total,Composite Containers,Retail/off-trade Unit Volume,million units,2017,92.8
Brazil,Coffee,Total,Composite Containers,Retail/off-trade Unit Volume,million units,2017,32.1
Japan,Coffee,Total,Composite Containers,Retail/off-trade Unit Volume,million units,2017,29.9
Germany,Coffee,Total,Composite Containers,Retail/off-trade Unit Volume,million units,2017,36.3
United Kingdom,Coffee,Total,Composite Containers,Retail/off-trade Unit Volume,million units,2017,1.8
France,Coffee,Total,Composite Containers,Retail/off-trade Unit Volume,million units,2017,
United Kingdom,Coffee,Total,Folding Cartons,Retail/off-trade Unit Volume,million units,2017,89.1
France,Coffee,Total,Folding Cartons,Retail/off-trade Unit Volume,million units,2017,466.0
Japan,Coffee,Total,Folding Cartons,Retail/off-trade Unit Volume,million units,2017,193.2
India,Coffee,Total,Folding Cartons,Retail/off-trade Unit Volume,million units,2017,3.7
Brazil,Coffee,Total,Folding Cartons,Retail/off-trade Unit Volume,million units,2017,203.0
China,Coffee,Total,Folding Cartons,Retail/off-trade Unit Volume,million units,2017,125.8
Germany,Coffee,Total,Folding Cartons,Retail/off-trade Unit Volume,million units,2017,236.6
Middle East and Africa,Coffee,Total,Folding Cartons,Retail/off-trade Unit Volume,million units,2017,39.1
Australia,Coffee,Total,Folding Cartons,Retail/off-trade Unit Volume,million units,2017,20.4
Thailand,Coffee,Total,Folding Cartons,Retail/off-trade Unit Volume,million units,2017,0.1
USA,Coffee,Total,Folding Cartons,Retail/off-trade Unit Volume,million units,2017,547.3
World,Coffee,Total,Folding Cartons,Retail/off-trade Unit Volume,million units,2017,4244.3
Eastern Europe,Coffee,Total,Folding Cartons,Retail/off-trade Unit Volume,million units,2017,285.6
Western Europe,Coffee,Total,Folding Cartons,Retail/off-trade Unit Volume,million units,2017,1667.3
North America,Coffee,Total,Folding Cartons,Retail/off-trade Unit Volume,million units,2017,590.9
Latin America,Coffee,Total,Folding Cartons,Retail/off-trade Unit Volume,million units,2017,236.9
Asia Pacific,Coffee,Total,Folding Cartons,Retail/off-trade Unit Volume,million units,2017,1399.8
Australasia,Coffee,Total,Folding Cartons,Retail/off-trade Unit Volume,million units,2017,24.8
Australasia,Coffee,Total,Rigid Plastic,Retail/off-trade Unit Volume,million units,2017,11.0
Asia Pacific,Coffee,Total,Rigid Plastic,Retail/off-trade Unit Volume,million units,2017,24.1
Latin America,Coffee,Total,Rigid Plastic,Retail/off-trade Unit Volume,million units,2017,51.0
Western Europe,Coffee,Total,Rigid Plastic,Retail/off-trade Unit Volume,million units,2017,1028.6
North America,Coffee,Total,Rigid Plastic,Retail/off-trade Unit Volume,million units,2017,794.1
Eastern Europe,Coffee,Total,Rigid Plastic,Retail/off-trade Unit Volume,million units,2017,36.9
USA,Coffee,Total,Rigid Plastic,Retail/off-trade Unit Volume,million units,2017,709.6
World,Coffee,Total,Rigid Plastic,Retail/off-trade Unit Volume,million units,2017,1990.3
Australia,Coffee,Total,Rigid Plastic,Retail/off-trade Unit Volume,million units,2017,11.0
Brazil,Coffee,Total,Rigid Plastic,Retail/off-trade Unit Volume,million units,2017,31.2
Middle East and Africa,Coffee,Total,Rigid Plastic,Retail/off-trade Unit Volume,million units,2017,44.6
Germany,Coffee,Total,Rigid Plastic,Retail/off-trade Unit Volume,million units,2017,416.5
China,Coffee,Total,Rigid Plastic,Retail/off-trade Unit Volume,million units,2017,1.0
India,Coffee,Total,Rigid Plastic,Retail/off-trade Unit Volume,million units,2017,0.7
Thailand,Coffee,Total,Rigid Plastic,Retail/off-trade Unit Volume,million units,2017,15.2
France,Coffee,Total,Rigid Plastic,Retail/off-trade Unit Volume,million units,2017,352.3
United Kingdom,Coffee,Total,Rigid Plastic,Retail/off-trade Unit Volume,million units,2017,52.0
Thailand,Coffee,Total,PET Jars,Retail/off-trade Unit Volume,million units,2017,15.1
India,Coffee,Total,PET Jars,Retail/off-trade Unit Volume,million units,2017,0.7
Middle East and Africa,Coffee,Total,PET Jars,Retail/off-trade Unit Volume,million units,2017,1.7
World,Coffee,Total,PET Jars,Retail/off-trade Unit Volume,million units,2017,90.4
USA,Coffee,Total,PET Jars,Retail/off-trade Unit Volume,million units,2017,38.2
Eastern Europe,Coffee,Total,PET Jars,Retail/off-trade Unit Volume,million units,2017,6.3
North America,Coffee,Total,PET Jars,Retail/off-trade Unit Volume,million units,2017,52.2
Western Europe,Coffee,Total,PET Jars,Retail/off-trade Unit Volume,million units,2017,9.9
Asia Pacific,Coffee,Total,PET Jars,Retail/off-trade Unit Volume,million units,2017,20.4
Asia Pacific,Coffee,Total,Thin Wall Plastic Containers,Retail/off-trade Unit Volume,million units,2017,3.7
Australasia,Coffee,Total,Thin Wall Plastic Containers,Retail/off-trade Unit Volume,million units,2017,9.2
North America,Coffee,Total,Thin Wall Plastic Containers,Retail/off-trade Unit Volume,million units,2017,458.4
Latin America,Coffee,Total,Thin Wall Plastic Containers,Retail/off-trade Unit Volume,million units,2017,3.0
Eastern Europe,Coffee,Total,Thin Wall Plastic Containers,Retail/off-trade Unit Volume,million units,2017,30.6
Western Europe,Coffee,Total,Thin Wall Plastic Containers,Retail/off-trade Unit Volume,million units,2017,1005.5
World,Coffee,Total,Thin Wall Plastic Containers,Retail/off-trade Unit Volume,million units,2017,1521.1
USA,Coffee,Total,Thin Wall Plastic Containers,Retail/off-trade Unit Volume,million units,2017,398.8
Middle East and Africa,Coffee,Total,Thin Wall Plastic Containers,Retail/off-trade Unit Volume,million units,2017,10.7
Australia,Coffee,Total,Thin Wall Plastic Containers,Retail/off-trade Unit Volume,million units,2017,9.2
China,Coffee,Total,Thin Wall Plastic Containers,Retail/off-trade Unit Volume,million units,2017,1.0
Germany,Coffee,Total,Thin Wall Plastic Containers,Retail/off-trade Unit Volume,million units,2017,407.6
Thailand,Coffee,Total,Thin Wall Plastic Containers,Retail/off-trade Unit Volume,million units,2017,0.1
United Kingdom,Coffee,Total,Thin Wall Plastic Containers,Retail/off-trade Unit Volume,million units,2017,52.0
France,Coffee,Total,Thin Wall Plastic Containers,Retail/off-trade Unit Volume,million units,2017,350.2
France,Coffee,Total,Other Plastic Jars,Retail/off-trade Unit Volume,million units,2017,2.1
Brazil,Coffee,Total,Other Plastic Jars,Retail/off-trade Unit Volume,million units,2017,12.0
Australia,Coffee,Total,Other Plastic Jars,Retail/off-trade Unit Volume,million units,2017,1.8
Middle East and Africa,Coffee,Total,Other Plastic Jars,Retail/off-trade Unit Volume,million units,2017,32.2
World,Coffee,Total,Other Plastic Jars,Retail/off-trade Unit Volume,million units,2017,339.1
USA,Coffee,Total,Other Plastic Jars,Retail/off-trade Unit Volume,million units,2017,272.6
North America,Coffee,Total,Other Plastic Jars,Retail/off-trade Unit Volume,million units,2017,272.6
Western Europe,Coffee,Total,Other Plastic Jars,Retail/off-trade Unit Volume,million units,2017,3.8
Latin America,Coffee,Total,Other Plastic Jars,Retail/off-trade Unit Volume,million units,2017,28.7
Australasia,Coffee,Total,Other Plastic Jars,Retail/off-trade Unit Volume,million units,2017,1.8
North America,Coffee,Total,Other Rigid Containers,Retail/off-trade Unit Volume,million units,2017,11.0
Latin America,Coffee,Total,Other Rigid Containers,Retail/off-trade Unit Volume,million units,2017,19.3
Western Europe,Coffee,Total,Other Rigid Containers,Retail/off-trade Unit Volume,million units,2017,9.4
World,Coffee,Total,Other Rigid Containers,Retail/off-trade Unit Volume,million units,2017,39.6
Brazil,Coffee,Total,Other Rigid Containers,Retail/off-trade Unit Volume,million units,2017,19.3
Germany,Coffee,Total,Other Rigid Containers,Retail/off-trade Unit Volume,million units,2017,8.9
World,Coffee,Total,Other Packaging,Retail/off-trade Unit Volume,million units,2017,0.6
Western Europe,Coffee,Total,Other Packaging,Retail/off-trade Unit Volume,million units,2017,0.1
Eastern Europe,Coffee,Total,Other Packaging,Retail/off-trade Unit Volume,million units,2017,0.5
Latin America,Coffee,Total,Other Packaging,Retail/off-trade Unit Volume,million units,2017,0.0
World,RTD Coffee,Total,Total Packaging,Retail/off-trade Unit Volume,million units,2017,19741.1
Western Europe,RTD Coffee,Total,Total Packaging,Retail/off-trade Unit Volume,million units,2017,843.8
Eastern Europe,RTD Coffee,Total,Total Packaging,Retail/off-trade Unit Volume,million units,2017,102.5
North America,RTD Coffee,Total,Total Packaging,Retail/off-trade Unit Volume,million units,2017,1776.8
Latin America,RTD Coffee,Total,Total Packaging,Retail/off-trade Unit Volume,million units,2017,38.7
Asia Pacific,RTD Coffee,Total,Total Packaging,Retail/off-trade Unit Volume,million units,2017,16920.5
Australasia,RTD Coffee,Total,Total Packaging,Retail/off-trade Unit Volume,million units,2017,6.8
Middle East and Africa,RTD Coffee,Total,Total Packaging,Retail/off-trade Unit Volume,million units,2017,52.0
Australia,RTD Coffee,Total,Total Packaging,Retail/off-trade Unit Volume,million units,2017,6.6
Brazil,RTD Coffee,Total,Total Packaging,Retail/off-trade Unit Volume,million units,2017,7.8
China,RTD Coffee,Total,Total Packaging,Retail/off-trade Unit Volume,million units,2017,1240.3
Germany,RTD Coffee,Total,Total Packaging,Retail/off-trade Unit Volume,million units,2017,359.8
France,RTD Coffee,Total,Total Packaging,Retail/off-trade Unit Volume,million units,2017,20.9
United Kingdom,RTD Coffee,Total,Total Packaging,Retail/off-trade Unit Volume,million units,2017,54.9
Japan,RTD Coffee,Total,Total Packaging,Retail/off-trade Unit Volume,million units,2017,11728.0
Thailand,RTD Coffee,Total,Total Packaging,Retail/off-trade Unit Volume,million units,2017,989.4
USA,RTD Coffee,Total,Total Packaging,Retail/off-trade Unit Volume,million units,2017,1757.9
Asia Pacific,RTD Coffee,Total,Flexible Packaging,Retail/off-trade Unit Volume,million units,2017,248.6
World,RTD Coffee,Total,Flexible Packaging,Retail/off-trade Unit Volume,million units,2017,248.6
World,RTD Coffee,Total,Stand-Up Pouches,Retail/off-trade Unit Volume,million units,2017,248.6
Asia Pacific,RTD Coffee,Total,Stand-Up Pouches,Retail/off-trade Unit Volume,million units,2017,248.6
Asia Pacific,RTD Coffee,Total,Aluminium /Plastic Pouches,Retail/off-trade Unit Volume,million units,2017,248.6
World,RTD Coffee,Total,Aluminium /Plastic Pouches,Retail/off-trade Unit Volume,million units,2017,248.6
USA,RTD Coffee,Total,Glass,Retail/off-trade Unit Volume,million units,2017,1064.7
World,RTD Coffee,Total,Glass,Retail/off-trade Unit Volume,million units,2017,1178.0
Latin America,RTD Coffee,Total,Glass,Retail/off-trade Unit Volume,million units,2017,25.5
Asia Pacific,RTD Coffee,Total,Glass,Retail/off-trade Unit Volume,million units,2017,40.5
North America,RTD Coffee,Total,Glass,Retail/off-trade Unit Volume,million units,2017,1079.3
Eastern Europe,RTD Coffee,Total,Glass,Retail/off-trade Unit Volume,million units,2017,1.9
Western Europe,RTD Coffee,Total,Glass,Retail/off-trade Unit Volume,million units,2017,30.3
Thailand,RTD Coffee,Total,Glass,Retail/off-trade Unit Volume,million units,2017,1.3
United Kingdom,RTD Coffee,Total,Glass,Retail/off-trade Unit Volume,million units,2017,4.2
France,RTD Coffee,Total,Glass,Retail/off-trade Unit Volume,million units,2017,
China,RTD Coffee,Total,Glass,Retail/off-trade Unit Volume,million units,2017,12.0
Middle East and Africa,RTD Coffee,Total,Glass,Retail/off-trade Unit Volume,million units,2017,0.5
Middle East and Africa,RTD Coffee,Total,Glass Bottles,Retail/off-trade Unit Volume,million units,2017,0.5
China,RTD Coffee,Total,Glass Bottles,Retail/off-trade Unit Volume,million units,2017,12.0
France,RTD Coffee,Total,Glass Bottles,Retail/off-trade Unit Volume,million units,2017,
United Kingdom,RTD Coffee,Total,Glass Bottles,Retail/off-trade Unit Volume,million units,2017,4.2
Thailand,RTD Coffee,Total,Glass Bottles,Retail/off-trade Unit Volume,million units,2017,1.3
Western Europe,RTD Coffee,Total,Glass Bottles,Retail/off-trade Unit Volume,million units,2017,30.3
Eastern Europe,RTD Coffee,Total,Glass Bottles,Retail/off-trade Unit Volume,million units,2017,1.9
North America,RTD Coffee,Total,Glass Bottles,Retail/off-trade Unit Volume,million units,2017,1079.3
Asia Pacific,RTD Coffee,Total,Glass Bottles,Retail/off-trade Unit Volume,million units,2017,40.5
Latin America,RTD Coffee,Total,Glass Bottles,Retail/off-trade Unit Volume,million units,2017,25.5
World,RTD Coffee,Total,Glass Bottles,Retail/off-trade Unit Volume,million units,2017,1178.0
USA,RTD Coffee,Total,Glass Bottles,Retail/off-trade Unit Volume,million units,2017,1064.7
USA,RTD Coffee,Total,Liquid Cartons,Retail/off-trade Unit Volume,million units,2017,39.1
World,RTD Coffee,Total,Liquid Cartons,Retail/off-trade Unit Volume,million units,2017,418.3
Latin America,RTD Coffee,Total,Liquid Cartons,Retail/off-trade Unit Volume,million units,2017,7.7
Asia Pacific,RTD Coffee,Total,Liquid Cartons,Retail/off-trade Unit Volume,million units,2017,348.6
Australasia,RTD Coffee,Total,Liquid Cartons,Retail/off-trade Unit Volume,million units,2017,4.6
North America,RTD Coffee,Total,Liquid Cartons,Retail/off-trade Unit Volume,million units,2017,39.7
Eastern Europe,RTD Coffee,Total,Liquid Cartons,Retail/off-trade Unit Volume,million units,2017,6.9
Western Europe,RTD Coffee,Total,Liquid Cartons,Retail/off-trade Unit Volume,million units,2017,10.8
Thailand,RTD Coffee,Total,Liquid Cartons,Retail/off-trade Unit Volume,million units,2017,12.7
Japan,RTD Coffee,Total,Liquid Cartons,Retail/off-trade Unit Volume,million units,2017,132.9
United Kingdom,RTD Coffee,Total,Liquid Cartons,Retail/off-trade Unit Volume,million units,2017,3.4
France,RTD Coffee,Total,Liquid Cartons,Retail/off-trade Unit Volume,million units,2017,
China,RTD Coffee,Total,Liquid Cartons,Retail/off-trade Unit Volume,million units,2017,3.8
Middle East and Africa,RTD Coffee,Total,Liquid Cartons,Retail/off-trade Unit Volume,million units,2017,0.0
Brazil,RTD Coffee,Total,Liquid Cartons,Retail/off-trade Unit Volume,million units,2017,7.6
Australia,RTD Coffee,Total,Liquid Cartons,Retail/off-trade Unit Volume,million units,2017,4.5
Australia,RTD Coffee,Total,Brick Liquid Cartons,Retail/off-trade Unit Volume,million units,2017,1.5
Middle East and Africa,RTD Coffee,Total,Brick Liquid Cartons,Retail/off-trade Unit Volume,million units,2017,0.0
China,RTD Coffee,Total,Brick Liquid Cartons,Retail/off-trade Unit Volume,million units,2017,
United Kingdom,RTD Coffee,Total,Brick Liquid Cartons,Retail/off-trade Unit Volume,million units,2017,0.0
Thailand,RTD Coffee,Total,Brick Liquid Cartons,Retail/off-trade Unit Volume,million units,2017,12.7
Eastern Europe,RTD Coffee,Total,Brick Liquid Cartons,Retail/off-trade Unit Volume,million units,2017,6.5
Western Europe,RTD Coffee,Total,Brick Liquid Cartons,Retail/off-trade Unit Volume,million units,2017,4.0
Australasia,RTD Coffee,Total,Brick Liquid Cartons,Retail/off-trade Unit Volume,million units,2017,1.6
Asia Pacific,RTD Coffee,Total,Brick Liquid Cartons,Retail/off-trade Unit Volume,million units,2017,157.8
World,RTD Coffee,Total,Brick Liquid Cartons,Retail/off-trade Unit Volume,million units,2017,169.8
World,RTD Coffee,Total,Gable Top Liquid Cartons,Retail/off-trade Unit Volume,million units,2017,198.3
USA,RTD Coffee,Total,Gable Top Liquid Cartons,Retail/off-trade Unit Volume,million units,2017,18.0
Asia Pacific,RTD Coffee,Total,Gable Top Liquid Cartons,Retail/off-trade Unit Volume,million units,2017,175.7
Latin America,RTD Coffee,Total,Gable Top Liquid Cartons,Retail/off-trade Unit Volume,million units,2017,
Australasia,RTD Coffee,Total,Gable Top Liquid Cartons,Retail/off-trade Unit Volume,million units,2017,3.1
North America,RTD Coffee,Total,Gable Top Liquid Cartons,Retail/off-trade Unit Volume,million units,2017,18.6
Western Europe,RTD Coffee,Total,Gable Top Liquid Cartons,Retail/off-trade Unit Volume,million units,2017,0.9
Japan,RTD Coffee,Total,Gable Top Liquid Cartons,Retail/off-trade Unit Volume,million units,2017,132.9
United Kingdom,RTD Coffee,Total,Gable Top Liquid Cartons,Retail/off-trade Unit Volume,million units,2017,0.9
Australia,RTD Coffee,Total,Gable Top Liquid Cartons,Retail/off-trade Unit Volume,million units,2017,3.0
Brazil,RTD Coffee,Total,Gable Top Liquid Cartons,Retail/off-trade Unit Volume,million units,2017,
Brazil,RTD Coffee,Total,Shaped Liquid Cartons,Retail/off-trade Unit Volume,million units,2017,7.6
China,RTD Coffee,Total,Shaped Liquid Cartons,Retail/off-trade Unit Volume,million units,2017,3.8
France,RTD Coffee,Total,Shaped Liquid Cartons,Retail/off-trade Unit Volume,million units,2017,
United Kingdom,RTD Coffee,Total,Shaped Liquid Cartons,Retail/off-trade Unit Volume,million units,2017,2.5
Eastern Europe,RTD Coffee,Total,Shaped Liquid Cartons,Retail/off-trade Unit Volume,million units,2017,0.4
North America,RTD Coffee,Total,Shaped Liquid Cartons,Retail/off-trade Unit Volume,million units,2017,21.1
Western Europe,RTD Coffee,Total,Shaped Liquid Cartons,Retail/off-trade Unit Volume,million units,2017,5.9
Latin America,RTD Coffee,Total,Shaped Liquid Cartons,Retail/off-trade Unit Volume,million units,2017,7.7
Asia Pacific,RTD Coffee,Total,Shaped Liquid Cartons,Retail/off-trade Unit Volume,million units,2017,15.1
USA,RTD Coffee,Total,Shaped Liquid Cartons,Retail/off-trade Unit Volume,million units,2017,21.1
World,RTD Coffee,Total,Shaped Liquid Cartons,Retail/off-trade Unit Volume,million units,2017,50.2
World,RTD Coffee,Total,Metal,Retail/off-trade Unit Volume,million units,2017,13046.2
Asia Pacific,RTD Coffee,Total,Metal,Retail/off-trade Unit Volume,million units,2017,12212.5
Middle East and Africa,RTD Coffee,Total,Metal,Retail/off-trade Unit Volume,million units,2017,50.4
Australasia,RTD Coffee,Total,Metal,Retail/off-trade Unit Volume,million units,2017,0.2
North America,RTD Coffee,Total,Metal,Retail/off-trade Unit Volume,million units,2017,496.5
Latin America,RTD Coffee,Total,Metal,Retail/off-trade Unit Volume,million units,2017,5.3
Eastern Europe,RTD Coffee,Total,Metal,Retail/off-trade Unit Volume,million units,2017,84.3
Western Europe,RTD Coffee,Total,Metal,Retail/off-trade Unit Volume,million units,2017,197.0
Thailand,RTD Coffee,Total,Metal,Retail/off-trade Unit Volume,million units,2017,945.5
USA,RTD Coffee,Total,Metal,Retail/off-trade Unit Volume,million units,2017,496.5
United Kingdom,RTD Coffee,Total,Metal,Retail/off-trade Unit Volume,million units,2017,7.5
Japan,RTD Coffee,Total,Metal,Retail/off-trade Unit Volume,million units,2017,9262.6
China,RTD Coffee,Total,Metal,Retail/off-trade Unit Volume,million units,2017,589.0
France,RTD Coffee,Total,Metal,Retail/off-trade Unit Volume,million units,2017,4.3
Germany,RTD Coffee,Total,Metal,Retail/off-trade Unit Volume,million units,2017,38.6
Australia,RTD Coffee,Total,Metal,Retail/off-trade Unit Volume,million units,2017,0.2
Australia,RTD Coffee,Total,Metal Beverage Cans,Retail/off-trade Unit Volume,million units,2017,0.2
Germany,RTD Coffee,Total,Metal Beverage Cans,Retail/off-trade Unit Volume,million units,2017,38.6
France,RTD Coffee,Total,Metal Beverage Cans,Retail/off-trade Unit Volume,million units,2017,4.3
China,RTD Coffee,Total,Metal Beverage Cans,Retail/off-trade Unit Volume,million units,2017,589.0
Japan,RTD Coffee,Total,Metal Beverage Cans,Retail/off-trade Unit Volume,million units,2017,7193.1
United Kingdom,RTD Coffee,Total,Metal Beverage Cans,Retail/off-trade Unit Volume,million units,2017,7.5
USA,RTD Coffee,Total,Metal Beverage Cans,Retail/off-trade Unit Volume,million units,2017,422.0
Thailand,RTD Coffee,Total,Metal Beverage Cans,Retail/off-trade Unit Volume,million units,2017,945.5
Western Europe,RTD Coffee,Total,Metal Beverage Cans,Retail/off-trade Unit Volume,million units,2017,197.0
Eastern Europe,RTD Coffee,Total,Metal Beverage Cans,Retail/off-trade Unit Volume,million units,2017,84.3
Latin America,RTD Coffee,Total,Metal Beverage Cans,Retail/off-trade Unit Volume,million units,2017,5.3
North America,RTD Coffee,Total,Metal Beverage Cans,Retail/off-trade Unit Volume,million units,2017,422.0
Australasia,RTD Coffee,Total,Metal Beverage Cans,Retail/off-trade Unit Volume,million units,2017,0.2
Middle East and Africa,RTD Coffee,Total,Metal Beverage Cans,Retail/off-trade Unit Volume,million units,2017,50.4
Asia Pacific,RTD Coffee,Total,Metal Beverage Cans,Retail/off-trade Unit Volume,million units,2017,10124.8
World,RTD Coffee,Total,Metal Beverage Cans,Retail/off-trade Unit Volume,million units,2017,10884.0
World,RTD Coffee,Total,Metal Bottles,Retail/off-trade Unit Volume,million units,2017,2162.2
Asia Pacific,RTD Coffee,Total,Metal Bottles,Retail/off-trade Unit Volume,million units,2017,2087.7
North America,RTD Coffee,Total,Metal Bottles,Retail/off-trade Unit Volume,million units,2017,74.5
USA,RTD Coffee,Total,Metal Bottles,Retail/off-trade Unit Volume,million units,2017,74.5
Japan,RTD Coffee,Total,Metal Bottles,Retail/off-trade Unit Volume,million units,2017,2069.5
Australia,RTD Coffee,Total,Paper-based Containers,Retail/off-trade Unit Volume,million units,2017,0.0
Australasia,RTD Coffee,Total,Paper-based Containers,Retail/off-trade Unit Volume,million units,2017,0.0
World,RTD Coffee,Total,Paper-based Containers,Retail/off-trade Unit Volume,million units,2017,0.0
World,RTD Coffee,Total,Bag In Box,Retail/off-trade Unit Volume,million units,2017,0.0
Australasia,RTD Coffee,Total,Bag In Box,Retail/off-trade Unit Volume,million units,2017,0.0
Australia,RTD Coffee,Total,Bag In Box,Retail/off-trade Unit Volume,million units,2017,0.0
Brazil,RTD Coffee,Total,Rigid Plastic,Retail/off-trade Unit Volume,million units,2017,0.2
Australia,RTD Coffee,Total,Rigid Plastic,Retail/off-trade Unit Volume,million units,2017,1.8
China,RTD Coffee,Total,Rigid Plastic,Retail/off-trade Unit Volume,million units,2017,635.4
France,RTD Coffee,Total,Rigid Plastic,Retail/off-trade Unit Volume,million units,2017,16.6
Germany,RTD Coffee,Total,Rigid Plastic,Retail/off-trade Unit Volume,million units,2017,321.2
Japan,RTD Coffee,Total,Rigid Plastic,Retail/off-trade Unit Volume,million units,2017,2332.5
United Kingdom,RTD Coffee,Total,Rigid Plastic,Retail/off-trade Unit Volume,million units,2017,39.8
USA,RTD Coffee,Total,Rigid Plastic,Retail/off-trade Unit Volume,million units,2017,157.6
Thailand,RTD Coffee,Total,Rigid Plastic,Retail/off-trade Unit Volume,million units,2017,23.0
Middle East and Africa,RTD Coffee,Total,Rigid Plastic,Retail/off-trade Unit Volume,million units,2017,1.1
Australasia,RTD Coffee,Total,Rigid Plastic,Retail/off-trade Unit Volume,million units,2017,1.9
Asia Pacific,RTD Coffee,Total,Rigid Plastic,Retail/off-trade Unit Volume,million units,2017,4063.6
North America,RTD Coffee,Total,Rigid Plastic,Retail/off-trade Unit Volume,million units,2017,161.2
Latin America,RTD Coffee,Total,Rigid Plastic,Retail/off-trade Unit Volume,million units,2017,0.2
Eastern Europe,RTD Coffee,Total,Rigid Plastic,Retail/off-trade Unit Volume,million units,2017,9.1
Western Europe,RTD Coffee,Total,Rigid Plastic,Retail/off-trade Unit Volume,million units,2017,604.7
World,RTD Coffee,Total,Rigid Plastic,Retail/off-trade Unit Volume,million units,2017,4841.7
World,RTD Coffee,Total,HDPE Bottles,Retail/off-trade Unit Volume,million units,2017,23.2
China,RTD Coffee,Total,HDPE Bottles,Retail/off-trade Unit Volume,million units,2017,6.6
Eastern Europe,RTD Coffee,Total,HDPE Bottles,Retail/off-trade Unit Volume,million units,2017,3.0
North America,RTD Coffee,Total,HDPE Bottles,Retail/off-trade Unit Volume,million units,2017,2.3
Latin America,RTD Coffee,Total,HDPE Bottles,Retail/off-trade Unit Volume,million units,2017,
Asia Pacific,RTD Coffee,Total,HDPE Bottles,Retail/off-trade Unit Volume,million units,2017,16.1
Australasia,RTD Coffee,Total,HDPE Bottles,Retail/off-trade Unit Volume,million units,2017,1.8
Australia,RTD Coffee,Total,HDPE Bottles,Retail/off-trade Unit Volume,million units,2017,1.8
Brazil,RTD Coffee,Total,PET Bottles,Retail/off-trade Unit Volume,million units,2017,0.2
Germany,RTD Coffee,Total,PET Bottles,Retail/off-trade Unit Volume,million units,2017,30.7
France,RTD Coffee,Total,PET Bottles,Retail/off-trade Unit Volume,million units,2017,0.7
China,RTD Coffee,Total,PET Bottles,Retail/off-trade Unit Volume,million units,2017,628.8
Thailand,RTD Coffee,Total,PET Bottles,Retail/off-trade Unit Volume,million units,2017,23.0
USA,RTD Coffee,Total,PET Bottles,Retail/off-trade Unit Volume,million units,2017,157.6
United Kingdom,RTD Coffee,Total,PET Bottles,Retail/off-trade Unit Volume,million units,2017,0.2
Japan,RTD Coffee,Total,PET Bottles,Retail/off-trade Unit Volume,million units,2017,1655.5
Middle East and Africa,RTD Coffee,Total,PET Bottles,Retail/off-trade Unit Volume,million units,2017,1.1
Asia Pacific,RTD Coffee,Total,PET Bottles,Retail/off-trade Unit Volume,million units,2017,2751.5
North America,RTD Coffee,Total,PET Bottles,Retail/off-trade Unit Volume,million units,2017,158.9
Latin America,RTD Coffee,Total,PET Bottles,Retail/off-trade Unit Volume,million units,2017,0.2
Western Europe,RTD Coffee,Total,PET Bottles,Retail/off-trade Unit Volume,million units,2017,47.5
Eastern Europe,RTD Coffee,Total,PET Bottles,Retail/off-trade Unit Volume,million units,2017,4.2
World,RTD Coffee,Total,PET Bottles,Retail/off-trade Unit Volume,million units,2017,2963.3
World,RTD Coffee,Total,Thin Wall Plastic Containers,Retail/off-trade Unit Volume,million units,2017,1848.1
Eastern Europe,RTD Coffee,Total,Thin Wall Plastic Containers,Retail/off-trade Unit Volume,million units,2017,1.9
Western Europe,RTD Coffee,Total,Thin Wall Plastic Containers,Retail/off-trade Unit Volume,million units,2017,550.2
Asia Pacific,RTD Coffee,Total,Thin Wall Plastic Containers,Retail/off-trade Unit Volume,million units,2017,1296.0
Japan,RTD Coffee,Total,Thin Wall Plastic Containers,Retail/off-trade Unit Volume,million units,2017,677.0
United Kingdom,RTD Coffee,Total,Thin Wall Plastic Containers,Retail/off-trade Unit Volume,million units,2017,39.6
China,RTD Coffee,Total,Thin Wall Plastic Containers,Retail/off-trade Unit Volume,million units,2017,
France,RTD Coffee,Total,Thin Wall Plastic Containers,Retail/off-trade Unit Volume,million units,2017,15.8
Germany,RTD Coffee,Total,Thin Wall Plastic Containers,Retail/off-trade Unit Volume,million units,2017,290.5
Australasia,RTD Coffee,Total,Other Plastic Bottles,Retail/off-trade Unit Volume,million units,2017,0.1
Western Europe,RTD Coffee,Total,Other Plastic Bottles,Retail/off-trade Unit Volume,million units,2017,7.0
World,RTD Coffee,Total,Other Plastic Bottles,Retail/off-trade Unit Volume,million units,2017,7.0
World,RTD Coffee,Total,Other Packaging,Retail/off-trade Unit Volume,million units,2017,8.3
Eastern Europe,RTD Coffee,Total,Other Packaging,Retail/off-trade Unit Volume,million units,2017,0.3
Western Europe,RTD Coffee,Total,Other Packaging,Retail/off-trade Unit Volume,million units,2017,1.0
Asia Pacific,RTD Coffee,Total,Other Packaging,Retail/off-trade Unit Volume,million units,2017,6.8
Middle East and Africa,RTD Coffee,Total,Other Packaging,Retail/off-trade Unit Volume,million units,2017,0.0
Thailand,RTD Coffee,Total,Other Packaging,Retail/off-trade Unit Volume,million units,2017,6.8
Western Europe,Coffee,Total,Total Packaging,Retail/off-trade Unit Volume,million units,2018,10943.2
Eastern Europe,Coffee,Total,Total Packaging,Retail/off-trade Unit Volume,million units,2018,4912.7
North America,Coffee,Total,Total Packaging,Retail/off-trade Unit Volume,million units,2018,3111.1
Latin America,Coffee,Total,Total Packaging,Retail/off-trade Unit Volume,million units,2018,4124.3
Asia Pacific,Coffee,Total,Total Packaging,Retail/off-trade Unit Volume,million units,2018,29133.8
Australasia,Coffee,Total,Total Packaging,Retail/off-trade Unit Volume,million units,2018,272.2
Middle East and Africa,Coffee,Total,Total Packaging,Retail/off-trade Unit Volume,million units,2018,771.9
Australia,Coffee,Total,Total Packaging,Retail/off-trade Unit Volume,million units,2018,235.6
Brazil,Coffee,Total,Total Packaging,Retail/off-trade Unit Volume,million units,2018,2830.0
China,Coffee,Total,Total Packaging,Retail/off-trade Unit Volume,million units,2018,312.0
Germany,Coffee,Total,Total Packaging,Retail/off-trade Unit Volume,million units,2018,2340.4
France,Coffee,Total,Total Packaging,Retail/off-trade Unit Volume,million units,2018,1829.2
United Kingdom,Coffee,Total,Total Packaging,Retail/off-trade Unit Volume,million units,2018,670.5
India,Coffee,Total,Total Packaging,Retail/off-trade Unit Volume,million units,2018,1380.0
Japan,Coffee,Total,Total Packaging,Retail/off-trade Unit Volume,million units,2018,817.9
Thailand,Coffee,Total,Total Packaging,Retail/off-trade Unit Volume,million units,2018,611.2
USA,Coffee,Total,Total Packaging,Retail/off-trade Unit Volume,million units,2018,2828.2
World,Coffee,Total,Total Packaging,Retail/off-trade Unit Volume,million units,2018,53269.2
USA,Coffee,Total,Flexible Packaging,Retail/off-trade Unit Volume,million units,2018,1272.9
Thailand,Coffee,Total,Flexible Packaging,Retail/off-trade Unit Volume,million units,2018,473.4
World,Coffee,Total,Flexible Packaging,Retail/off-trade Unit Volume,million units,2018,41151.8
Japan,Coffee,Total,Flexible Packaging,Retail/off-trade Unit Volume,million units,2018,486.5
India,Coffee,Total,Flexible Packaging,Retail/off-trade Unit Volume,million units,2018,974.5
United Kingdom,Coffee,Total,Flexible Packaging,Retail/off-trade Unit Volume,million units,2018,147.8
France,Coffee,Total,Flexible Packaging,Retail/off-trade Unit Volume,million units,2018,626.3
China,Coffee,Total,Flexible Packaging,Retail/off-trade Unit Volume,million units,2018,124.4
Germany,Coffee,Total,Flexible Packaging,Retail/off-trade Unit Volume,million units,2018,1438.9
Brazil,Coffee,Total,Flexible Packaging,Retail/off-trade Unit Volume,million units,2018,2279.8
Australia,Coffee,Total,Flexible Packaging,Retail/off-trade Unit Volume,million units,2018,23.1
Middle East and Africa,Coffee,Total,Flexible Packaging,Retail/off-trade Unit Volume,million units,2018,444.3
Australasia,Coffee,Total,Flexible Packaging,Retail/off-trade Unit Volume,million units,2018,28.5
Asia Pacific,Coffee,Total,Flexible Packaging,Retail/off-trade Unit Volume,million units,2018,26379.8
North America,Coffee,Total,Flexible Packaging,Retail/off-trade Unit Volume,million units,2018,1340.1
Latin America,Coffee,Total,Flexible Packaging,Retail/off-trade Unit Volume,million units,2018,2958.8
Eastern Europe,Coffee,Total,Flexible Packaging,Retail/off-trade Unit Volume,million units,2018,3666.0
Western Europe,Coffee,Total,Flexible Packaging,Retail/off-trade Unit Volume,million units,2018,6334.3
Western Europe,Coffee,Total,Flexible Aluminium/Paper,Retail/off-trade Unit Volume,million units,2018,169.2
Eastern Europe,Coffee,Total,Flexible Aluminium/Paper,Retail/off-trade Unit Volume,million units,2018,118.3
Latin America,Coffee,Total,Flexible Aluminium/Paper,Retail/off-trade Unit Volume,million units,2018,0.0
North America,Coffee,Total,Flexible Aluminium/Paper,Retail/off-trade Unit Volume,million units,2018,409.5
Asia Pacific,Coffee,Total,Flexible Aluminium/Paper,Retail/off-trade Unit Volume,million units,2018,2.4
Australasia,Coffee,Total,Flexible Aluminium/Paper,Retail/off-trade Unit Volume,million units,2018,4.3
Middle East and Africa,Coffee,Total,Flexible Aluminium/Paper,Retail/off-trade Unit Volume,million units,2018,1.1
Australia,Coffee,Total,Flexible Aluminium/Paper,Retail/off-trade Unit Volume,million units,2018,3.3
China,Coffee,Total,Flexible Aluminium/Paper,Retail/off-trade Unit Volume,million units,2018,0.0
Germany,Coffee,Total,Flexible Aluminium/Paper,Retail/off-trade Unit Volume,million units,2018,64.1
France,Coffee,Total,Flexible Aluminium/Paper,Retail/off-trade Unit Volume,million units,2018,7.7
World,Coffee,Total,Flexible Aluminium/Paper,Retail/off-trade Unit Volume,million units,2018,704.8
USA,Coffee,Total,Flexible Aluminium/Paper,Retail/off-trade Unit Volume,million units,2018,389.2
USA,Coffee,Total,Flexible Aluminium/Plastic,Retail/off-trade Unit Volume,million units,2018,581.5
Thailand,Coffee,Total,Flexible Aluminium/Plastic,Retail/off-trade Unit Volume,million units,2018,275.6
World,Coffee,Total,Flexible Aluminium/Plastic,Retail/off-trade Unit Volume,million units,2018,28078.9
France,Coffee,Total,Flexible Aluminium/Plastic,Retail/off-trade Unit Volume,million units,2018,173.0
Germany,Coffee,Total,Flexible Aluminium/Plastic,Retail/off-trade Unit Volume,million units,2018,476.5
India,Coffee,Total,Flexible Aluminium/Plastic,Retail/off-trade Unit Volume,million units,2018,974.5
Japan,Coffee,Total,Flexible Aluminium/Plastic,Retail/off-trade Unit Volume,million units,2018,321.3
United Kingdom,Coffee,Total,Flexible Aluminium/Plastic,Retail/off-trade Unit Volume,million units,2018,61.1
China,Coffee,Total,Flexible Aluminium/Plastic,Retail/off-trade Unit Volume,million units,2018,124.4
Brazil,Coffee,Total,Flexible Aluminium/Plastic,Retail/off-trade Unit Volume,million units,2018,2072.2
Middle East and Africa,Coffee,Total,Flexible Aluminium/Plastic,Retail/off-trade Unit Volume,million units,2018,242.2
Australia,Coffee,Total,Flexible Aluminium/Plastic,Retail/off-trade Unit Volume,million units,2018,12.5
Australasia,Coffee,Total,Flexible Aluminium/Plastic,Retail/off-trade Unit Volume,million units,2018,15.4
Asia Pacific,Coffee,Total,Flexible Aluminium/Plastic,Retail/off-trade Unit Volume,million units,2018,20177.6
Latin America,Coffee,Total,Flexible Aluminium/Plastic,Retail/off-trade Unit Volume,million units,2018,2606.3
North America,Coffee,Total,Flexible Aluminium/Plastic,Retail/off-trade Unit Volume,million units,2018,623.1
Eastern Europe,Coffee,Total,Flexible Aluminium/Plastic,Retail/off-trade Unit Volume,million units,2018,2717.2
Western Europe,Coffee,Total,Flexible Aluminium/Plastic,Retail/off-trade Unit Volume,million units,2018,1697.1
Western Europe,Coffee,Total,Flexible Paper,Retail/off-trade Unit Volume,million units,2018,486.8
Eastern Europe,Coffee,Total,Flexible Paper,Retail/off-trade Unit Volume,million units,2018,87.1
Latin America,Coffee,Total,Flexible Paper,Retail/off-trade Unit Volume,million units,2018,1.6
Asia Pacific,Coffee,Total,Flexible Paper,Retail/off-trade Unit Volume,million units,2018,3.9
Australasia,Coffee,Total,Flexible Paper,Retail/off-trade Unit Volume,million units,2018,0.0
Middle East and Africa,Coffee,Total,Flexible Paper,Retail/off-trade Unit Volume,million units,2018,2.2
United Kingdom,Coffee,Total,Flexible Paper,Retail/off-trade Unit Volume,million units,2018,6.7
Germany,Coffee,Total,Flexible Paper,Retail/off-trade Unit Volume,million units,2018,437.7
World,Coffee,Total,Flexible Paper,Retail/off-trade Unit Volume,million units,2018,581.6
World,Coffee,Total,Flexible Paper/Plastic,Retail/off-trade Unit Volume,million units,2018,118.1
United Kingdom,Coffee,Total,Flexible Paper/Plastic,Retail/off-trade Unit Volume,million units,2018,
Western Europe,Coffee,Total,Flexible Paper/Plastic,Retail/off-trade Unit Volume,million units,2018,118.1
Western Europe,Coffee,Total,Flexible Plastic,Retail/off-trade Unit Volume,million units,2018,3750.0
Eastern Europe,Coffee,Total,Flexible Plastic,Retail/off-trade Unit Volume,million units,2018,222.9
Australasia,Coffee,Total,Flexible Plastic,Retail/off-trade Unit Volume,million units,2018,8.8
Asia Pacific,Coffee,Total,Flexible Plastic,Retail/off-trade Unit Volume,million units,2018,5716.9
Latin America,Coffee,Total,Flexible Plastic,Retail/off-trade Unit Volume,million units,2018,71.4
North America,Coffee,Total,Flexible Plastic,Retail/off-trade Unit Volume,million units,2018,145.4
United Kingdom,Coffee,Total,Flexible Plastic,Retail/off-trade Unit Volume,million units,2018,66.8
Japan,Coffee,Total,Flexible Plastic,Retail/off-trade Unit Volume,million units,2018,165.2
Germany,Coffee,Total,Flexible Plastic,Retail/off-trade Unit Volume,million units,2018,459.7
France,Coffee,Total,Flexible Plastic,Retail/off-trade Unit Volume,million units,2018,418.4
Middle East and Africa,Coffee,Total,Flexible Plastic,Retail/off-trade Unit Volume,million units,2018,98.7
Australia,Coffee,Total,Flexible Plastic,Retail/off-trade Unit Volume,million units,2018,7.3
Brazil,Coffee,Total,Flexible Plastic,Retail/off-trade Unit Volume,million units,2018,2.6
World,Coffee,Total,Flexible Plastic,Retail/off-trade Unit Volume,million units,2018,10014.1
Thailand,Coffee,Total,Flexible Plastic,Retail/off-trade Unit Volume,million units,2018,156.6
USA,Coffee,Total,Flexible Plastic,Retail/off-trade Unit Volume,million units,2018,140.1
USA,Coffee,Total,Stand-Up Pouches,Retail/off-trade Unit Volume,million units,2018,162.1
Thailand,Coffee,Total,Stand-Up Pouches,Retail/off-trade Unit Volume,million units,2018,41.2
World,Coffee,Total,Stand-Up Pouches,Retail/off-trade Unit Volume,million units,2018,1654.5
Germany,Coffee,Total,Stand-Up Pouches,Retail/off-trade Unit Volume,million units,2018,0.9
Brazil,Coffee,Total,Stand-Up Pouches,Retail/off-trade Unit Volume,million units,2018,205.1
Middle East and Africa,Coffee,Total,Stand-Up Pouches,Retail/off-trade Unit Volume,million units,2018,100.1
United Kingdom,Coffee,Total,Stand-Up Pouches,Retail/off-trade Unit Volume,million units,2018,13.2
France,Coffee,Total,Stand-Up Pouches,Retail/off-trade Unit Volume,million units,2018,27.2
North America,Coffee,Total,Stand-Up Pouches,Retail/off-trade Unit Volume,million units,2018,162.1
Latin America,Coffee,Total,Stand-Up Pouches,Retail/off-trade Unit Volume,million units,2018,279.5
Asia Pacific,Coffee,Total,Stand-Up Pouches,Retail/off-trade Unit Volume,million units,2018,479.1
Eastern Europe,Coffee,Total,Stand-Up Pouches,Retail/off-trade Unit Volume,million units,2018,520.6
Western Europe,Coffee,Total,Stand-Up Pouches,Retail/off-trade Unit Volume,million units,2018,113.2
Western Europe,Coffee,Total,Aluminium /Plastic Pouches,Retail/off-trade Unit Volume,million units,2018,72.3
Eastern Europe,Coffee,Total,Aluminium /Plastic Pouches,Retail/off-trade Unit Volume,million units,2018,465.3
Asia Pacific,Coffee,Total,Aluminium /Plastic Pouches,Retail/off-trade Unit Volume,million units,2018,441.6
Latin America,Coffee,Total,Aluminium /Plastic Pouches,Retail/off-trade Unit Volume,million units,2018,222.5
North America,Coffee,Total,Aluminium /Plastic Pouches,Retail/off-trade Unit Volume,million units,2018,3.5
France,Coffee,Total,Aluminium /Plastic Pouches,Retail/off-trade Unit Volume,million units,2018,1.8
United Kingdom,Coffee,Total,Aluminium /Plastic Pouches,Retail/off-trade Unit Volume,million units,2018,0.7
Middle East and Africa,Coffee,Total,Aluminium /Plastic Pouches,Retail/off-trade Unit Volume,million units,2018,28.1
Brazil,Coffee,Total,Aluminium /Plastic Pouches,Retail/off-trade Unit Volume,million units,2018,205.1
Germany,Coffee,Total,Aluminium /Plastic Pouches,Retail/off-trade Unit Volume,million units,2018,0.9
World,Coffee,Total,Aluminium /Plastic Pouches,Retail/off-trade Unit Volume,million units,2018,1233.3
Thailand,Coffee,Total,Aluminium /Plastic Pouches,Retail/off-trade Unit Volume,million units,2018,41.2
USA,Coffee,Total,Aluminium /Plastic Pouches,Retail/off-trade Unit Volume,million units,2018,3.5
USA,Coffee,Total,Plastic Pouches,Retail/off-trade Unit Volume,million units,2018,158.5
World,Coffee,Total,Plastic Pouches,Retail/off-trade Unit Volume,million units,2018,421.2
Middle East and Africa,Coffee,Total,Plastic Pouches,Retail/off-trade Unit Volume,million units,2018,72.0
United Kingdom,Coffee,Total,Plastic Pouches,Retail/off-trade Unit Volume,million units,2018,12.4
France,Coffee,Total,Plastic Pouches,Retail/off-trade Unit Volume,million units,2018,25.4
North America,Coffee,Total,Plastic Pouches,Retail/off-trade Unit Volume,million units,2018,158.5
Latin America,Coffee,Total,Plastic Pouches,Retail/off-trade Unit Volume,million units,2018,57.0
Asia Pacific,Coffee,Total,Plastic Pouches,Retail/off-trade Unit Volume,million units,2018,37.5
Eastern Europe,Coffee,Total,Plastic Pouches,Retail/off-trade Unit Volume,million units,2018,55.3
Western Europe,Coffee,Total,Plastic Pouches,Retail/off-trade Unit Volume,million units,2018,40.9
Eastern Europe,Coffee,Total,Glass,Retail/off-trade Unit Volume,million units,2018,495.2
Western Europe,Coffee,Total,Glass,Retail/off-trade Unit Volume,million units,2018,594.4
Asia Pacific,Coffee,Total,Glass,Retail/off-trade Unit Volume,million units,2018,1053.1
Australasia,Coffee,Total,Glass,Retail/off-trade Unit Volume,million units,2018,179.0
Latin America,Coffee,Total,Glass,Retail/off-trade Unit Volume,million units,2018,581.7
North America,Coffee,Total,Glass,Retail/off-trade Unit Volume,million units,2018,43.0
France,Coffee,Total,Glass,Retail/off-trade Unit Volume,million units,2018,67.9
United Kingdom,Coffee,Total,Glass,Retail/off-trade Unit Volume,million units,2018,259.2
India,Coffee,Total,Glass,Retail/off-trade Unit Volume,million units,2018,363.0
Japan,Coffee,Total,Glass,Retail/off-trade Unit Volume,million units,2018,76.4
Middle East and Africa,Coffee,Total,Glass,Retail/off-trade Unit Volume,million units,2018,190.9
Australia,Coffee,Total,Glass,Retail/off-trade Unit Volume,million units,2018,156.7
Germany,Coffee,Total,Glass,Retail/off-trade Unit Volume,million units,2018,78.1
Brazil,Coffee,Total,Glass,Retail/off-trade Unit Volume,million units,2018,114.3
China,Coffee,Total,Glass,Retail/off-trade Unit Volume,million units,2018,51.6
World,Coffee,Total,Glass,Retail/off-trade Unit Volume,million units,2018,3137.4
Thailand,Coffee,Total,Glass,Retail/off-trade Unit Volume,million units,2018,116.4
USA,Coffee,Total,Glass,Retail/off-trade Unit Volume,million units,2018,11.4
USA,Coffee,Total,Glass Jars,Retail/off-trade Unit Volume,million units,2018,11.4
Thailand,Coffee,Total,Glass Jars,Retail/off-trade Unit Volume,million units,2018,116.4
World,Coffee,Total,Glass Jars,Retail/off-trade Unit Volume,million units,2018,3137.4
China,Coffee,Total,Glass Jars,Retail/off-trade Unit Volume,million units,2018,51.6
Brazil,Coffee,Total,Glass Jars,Retail/off-trade Unit Volume,million units,2018,114.3
Germany,Coffee,Total,Glass Jars,Retail/off-trade Unit Volume,million units,2018,78.1
Australia,Coffee,Total,Glass Jars,Retail/off-trade Unit Volume,million units,2018,156.7
Middle East and Africa,Coffee,Total,Glass Jars,Retail/off-trade Unit Volume,million units,2018,190.9
Japan,Coffee,Total,Glass Jars,Retail/off-trade Unit Volume,million units,2018,76.4
India,Coffee,Total,Glass Jars,Retail/off-trade Unit Volume,million units,2018,363.0
United Kingdom,Coffee,Total,Glass Jars,Retail/off-trade Unit Volume,million units,2018,259.2
France,Coffee,Total,Glass Jars,Retail/off-trade Unit Volume,million units,2018,67.9
North America,Coffee,Total,Glass Jars,Retail/off-trade Unit Volume,million units,2018,43.0
Latin America,Coffee,Total,Glass Jars,Retail/off-trade Unit Volume,million units,2018,581.7
Australasia,Coffee,Total,Glass Jars,Retail/off-trade Unit Volume,million units,2018,179.0
Asia Pacific,Coffee,Total,Glass Jars,Retail/off-trade Unit Volume,million units,2018,1053.1
Western Europe,Coffee,Total,Glass Jars,Retail/off-trade Unit Volume,million units,2018,594.4
Eastern Europe,Coffee,Total,Glass Jars,Retail/off-trade Unit Volume,million units,2018,495.2
North America,Coffee,Total,Metal,Retail/off-trade Unit Volume,million units,2018,184.2
Eastern Europe,Coffee,Total,Metal,Retail/off-trade Unit Volume,million units,2018,400.6
Western Europe,Coffee,Total,Metal,Retail/off-trade Unit Volume,million units,2018,1055.5
Asia Pacific,Coffee,Total,Metal,Retail/off-trade Unit Volume,million units,2018,214.6
Australasia,Coffee,Total,Metal,Retail/off-trade Unit Volume,million units,2018,23.9
Latin America,Coffee,Total,Metal,Retail/off-trade Unit Volume,million units,2018,242.6
France,Coffee,Total,Metal,Retail/off-trade Unit Volume,million units,2018,220.8
United Kingdom,Coffee,Total,Metal,Retail/off-trade Unit Volume,million units,2018,99.6
Japan,Coffee,Total,Metal,Retail/off-trade Unit Volume,million units,2018,24.3
India,Coffee,Total,Metal,Retail/off-trade Unit Volume,million units,2018,38.1
Thailand,Coffee,Total,Metal,Retail/off-trade Unit Volume,million units,2018,4.9
Middle East and Africa,Coffee,Total,Metal,Retail/off-trade Unit Volume,million units,2018,46.3
Australia,Coffee,Total,Metal,Retail/off-trade Unit Volume,million units,2018,19.7
Brazil,Coffee,Total,Metal,Retail/off-trade Unit Volume,million units,2018,151.3
Germany,Coffee,Total,Metal,Retail/off-trade Unit Volume,million units,2018,122.5
China,Coffee,Total,Metal,Retail/off-trade Unit Volume,million units,2018,6.6
USA,Coffee,Total,Metal,Retail/off-trade Unit Volume,million units,2018,131.6
World,Coffee,Total,Metal,Retail/off-trade Unit Volume,million units,2018,2167.6
World,Coffee,Total,Aluminium Trays,Retail/off-trade Unit Volume,million units,2018,0.8
Western Europe,Coffee,Total,Aluminium Trays,Retail/off-trade Unit Volume,million units,2018,0.8
Western Europe,Coffee,Total,Metal Tins,Retail/off-trade Unit Volume,million units,2018,319.5
Eastern Europe,Coffee,Total,Metal Tins,Retail/off-trade Unit Volume,million units,2018,372.7
North America,Coffee,Total,Metal Tins,Retail/off-trade Unit Volume,million units,2018,125.0
Latin America,Coffee,Total,Metal Tins,Retail/off-trade Unit Volume,million units,2018,83.2
Australasia,Coffee,Total,Metal Tins,Retail/off-trade Unit Volume,million units,2018,10.0
Asia Pacific,Coffee,Total,Metal Tins,Retail/off-trade Unit Volume,million units,2018,171.6
World,Coffee,Total,Metal Tins,Retail/off-trade Unit Volume,million units,2018,1112.8
USA,Coffee,Total,Metal Tins,Retail/off-trade Unit Volume,million units,2018,72.5
China,Coffee,Total,Metal Tins,Retail/off-trade Unit Volume,million units,2018,4.3
Germany,Coffee,Total,Metal Tins,Retail/off-trade Unit Volume,million units,2018,61.8
Brazil,Coffee,Total,Metal Tins,Retail/off-trade Unit Volume,million units,2018,15.0
Australia,Coffee,Total,Metal Tins,Retail/off-trade Unit Volume,million units,2018,9.6
Middle East and Africa,Coffee,Total,Metal Tins,Retail/off-trade Unit Volume,million units,2018,30.8
Thailand,Coffee,Total,Metal Tins,Retail/off-trade Unit Volume,million units,2018,4.9
India,Coffee,Total,Metal Tins,Retail/off-trade Unit Volume,million units,2018,38.1
Japan,Coffee,Total,Metal Tins,Retail/off-trade Unit Volume,million units,2018,10.4
United Kingdom,Coffee,Total,Metal Tins,Retail/off-trade Unit Volume,million units,2018,23.0
France,Coffee,Total,Metal Tins,Retail/off-trade Unit Volume,million units,2018,26.9
France,Coffee,Total,Other Metal,Retail/off-trade Unit Volume,million units,2018,193.9
United Kingdom,Coffee,Total,Other Metal,Retail/off-trade Unit Volume,million units,2018,76.6
Japan,Coffee,Total,Other Metal,Retail/off-trade Unit Volume,million units,2018,13.9
Middle East and Africa,Coffee,Total,Other Metal,Retail/off-trade Unit Volume,million units,2018,15.5
Australia,Coffee,Total,Other Metal,Retail/off-trade Unit Volume,million units,2018,10.1
Brazil,Coffee,Total,Other Metal,Retail/off-trade Unit Volume,million units,2018,136.3
Germany,Coffee,Total,Other Metal,Retail/off-trade Unit Volume,million units,2018,60.7
China,Coffee,Total,Other Metal,Retail/off-trade Unit Volume,million units,2018,2.3
USA,Coffee,Total,Other Metal,Retail/off-trade Unit Volume,million units,2018,59.1
World,Coffee,Total,Other Metal,Retail/off-trade Unit Volume,million units,2018,1054.0
Asia Pacific,Coffee,Total,Other Metal,Retail/off-trade Unit Volume,million units,2018,43.0
Australasia,Coffee,Total,Other Metal,Retail/off-trade Unit Volume,million units,2018,13.8
Latin America,Coffee,Total,Other Metal,Retail/off-trade Unit Volume,million units,2018,159.4
North America,Coffee,Total,Other Metal,Retail/off-trade Unit Volume,million units,2018,59.1
Eastern Europe,Coffee,Total,Other Metal,Retail/off-trade Unit Volume,million units,2018,27.9
Western Europe,Coffee,Total,Other Metal,Retail/off-trade Unit Volume,million units,2018,735.2
Western Europe,Coffee,Total,Paper-based Containers,Retail/off-trade Unit Volume,million units,2018,1856.7
Eastern Europe,Coffee,Total,Paper-based Containers,Retail/off-trade Unit Volume,million units,2018,310.5
North America,Coffee,Total,Paper-based Containers,Retail/off-trade Unit Volume,million units,2018,723.1
Latin America,Coffee,Total,Paper-based Containers,Retail/off-trade Unit Volume,million units,2018,287.9
Australasia,Coffee,Total,Paper-based Containers,Retail/off-trade Unit Volume,million units,2018,28.0
Asia Pacific,Coffee,Total,Paper-based Containers,Retail/off-trade Unit Volume,million units,2018,1459.8
USA,Coffee,Total,Paper-based Containers,Retail/off-trade Unit Volume,million units,2018,676.0
Thailand,Coffee,Total,Paper-based Containers,Retail/off-trade Unit Volume,million units,2018,0.1
World,Coffee,Total,Paper-based Containers,Retail/off-trade Unit Volume,million units,2018,4710.0
China,Coffee,Total,Paper-based Containers,Retail/off-trade Unit Volume,million units,2018,128.1
Brazil,Coffee,Total,Paper-based Containers,Retail/off-trade Unit Volume,million units,2018,250.9
Germany,Coffee,Total,Paper-based Containers,Retail/off-trade Unit Volume,million units,2018,284.1
Australia,Coffee,Total,Paper-based Containers,Retail/off-trade Unit Volume,million units,2018,23.3
Middle East and Africa,Coffee,Total,Paper-based Containers,Retail/off-trade Unit Volume,million units,2018,44.0
India,Coffee,Total,Paper-based Containers,Retail/off-trade Unit Volume,million units,2018,3.6
Japan,Coffee,Total,Paper-based Containers,Retail/off-trade Unit Volume,million units,2018,230.7
United Kingdom,Coffee,Total,Paper-based Containers,Retail/off-trade Unit Volume,million units,2018,103.2
France,Coffee,Total,Paper-based Containers,Retail/off-trade Unit Volume,million units,2018,519.4
Japan,Coffee,Total,Board Tubs,Retail/off-trade Unit Volume,million units,2018,5.3
China,Coffee,Total,Board Tubs,Retail/off-trade Unit Volume,million units,2018,1.8
World,Coffee,Total,Board Tubs,Retail/off-trade Unit Volume,million units,2018,7.2
Asia Pacific,Coffee,Total,Board Tubs,Retail/off-trade Unit Volume,million units,2018,7.2
Asia Pacific,Coffee,Total,Composite Containers,Retail/off-trade Unit Volume,million units,2018,32.4
Latin America,Coffee,Total,Composite Containers,Retail/off-trade Unit Volume,million units,2018,32.8
North America,Coffee,Total,Composite Containers,Retail/off-trade Unit Volume,million units,2018,94.4
Eastern Europe,Coffee,Total,Composite Containers,Retail/off-trade Unit Volume,million units,2018,0.1
Western Europe,Coffee,Total,Composite Containers,Retail/off-trade Unit Volume,million units,2018,43.4
World,Coffee,Total,Composite Containers,Retail/off-trade Unit Volume,million units,2018,203.0
USA,Coffee,Total,Composite Containers,Retail/off-trade Unit Volume,million units,2018,94.4
Brazil,Coffee,Total,Composite Containers,Retail/off-trade Unit Volume,million units,2018,31.8
Japan,Coffee,Total,Composite Containers,Retail/off-trade Unit Volume,million units,2018,32.4
Germany,Coffee,Total,Composite Containers,Retail/off-trade Unit Volume,million units,2018,36.8
United Kingdom,Coffee,Total,Composite Containers,Retail/off-trade Unit Volume,million units,2018,1.7
France,Coffee,Total,Composite Containers,Retail/off-trade Unit Volume,million units,2018,0.1
United Kingdom,Coffee,Total,Folding Cartons,Retail/off-trade Unit Volume,million units,2018,101.5
France,Coffee,Total,Folding Cartons,Retail/off-trade Unit Volume,million units,2018,519.3
Japan,Coffee,Total,Folding Cartons,Retail/off-trade Unit Volume,million units,2018,193.0
India,Coffee,Total,Folding Cartons,Retail/off-trade Unit Volume,million units,2018,3.6
Brazil,Coffee,Total,Folding Cartons,Retail/off-trade Unit Volume,million units,2018,219.1
China,Coffee,Total,Folding Cartons,Retail/off-trade Unit Volume,million units,2018,126.3
Germany,Coffee,Total,Folding Cartons,Retail/off-trade Unit Volume,million units,2018,247.3
Middle East and Africa,Coffee,Total,Folding Cartons,Retail/off-trade Unit Volume,million units,2018,44.0
Australia,Coffee,Total,Folding Cartons,Retail/off-trade Unit Volume,million units,2018,23.3
Thailand,Coffee,Total,Folding Cartons,Retail/off-trade Unit Volume,million units,2018,0.1
USA,Coffee,Total,Folding Cartons,Retail/off-trade Unit Volume,million units,2018,581.5
World,Coffee,Total,Folding Cartons,Retail/off-trade Unit Volume,million units,2018,4499.8
Eastern Europe,Coffee,Total,Folding Cartons,Retail/off-trade Unit Volume,million units,2018,310.4
Western Europe,Coffee,Total,Folding Cartons,Retail/off-trade Unit Volume,million units,2018,1813.4
North America,Coffee,Total,Folding Cartons,Retail/off-trade Unit Volume,million units,2018,628.7
Latin America,Coffee,Total,Folding Cartons,Retail/off-trade Unit Volume,million units,2018,255.1
Asia Pacific,Coffee,Total,Folding Cartons,Retail/off-trade Unit Volume,million units,2018,1420.2
Australasia,Coffee,Total,Folding Cartons,Retail/off-trade Unit Volume,million units,2018,28.0
Australasia,Coffee,Total,Rigid Plastic,Retail/off-trade Unit Volume,million units,2018,12.9
Asia Pacific,Coffee,Total,Rigid Plastic,Retail/off-trade Unit Volume,million units,2018,26.4
Latin America,Coffee,Total,Rigid Plastic,Retail/off-trade Unit Volume,million units,2018,53.3
Western Europe,Coffee,Total,Rigid Plastic,Retail/off-trade Unit Volume,million units,2018,1102.3
North America,Coffee,Total,Rigid Plastic,Retail/off-trade Unit Volume,million units,2018,820.7
Eastern Europe,Coffee,Total,Rigid Plastic,Retail/off-trade Unit Volume,million units,2018,39.8
USA,Coffee,Total,Rigid Plastic,Retail/off-trade Unit Volume,million units,2018,736.3
World,Coffee,Total,Rigid Plastic,Retail/off-trade Unit Volume,million units,2018,2101.9
Australia,Coffee,Total,Rigid Plastic,Retail/off-trade Unit Volume,million units,2018,12.9
Brazil,Coffee,Total,Rigid Plastic,Retail/off-trade Unit Volume,million units,2018,33.6
Middle East and Africa,Coffee,Total,Rigid Plastic,Retail/off-trade Unit Volume,million units,2018,46.4
Germany,Coffee,Total,Rigid Plastic,Retail/off-trade Unit Volume,million units,2018,416.7
China,Coffee,Total,Rigid Plastic,Retail/off-trade Unit Volume,million units,2018,1.4
India,Coffee,Total,Rigid Plastic,Retail/off-trade Unit Volume,million units,2018,0.8
Thailand,Coffee,Total,Rigid Plastic,Retail/off-trade Unit Volume,million units,2018,16.4
France,Coffee,Total,Rigid Plastic,Retail/off-trade Unit Volume,million units,2018,394.9
United Kingdom,Coffee,Total,Rigid Plastic,Retail/off-trade Unit Volume,million units,2018,60.7
Thailand,Coffee,Total,PET Jars,Retail/off-trade Unit Volume,million units,2018,16.3
India,Coffee,Total,PET Jars,Retail/off-trade Unit Volume,million units,2018,0.8
Middle East and Africa,Coffee,Total,PET Jars,Retail/off-trade Unit Volume,million units,2018,1.7
World,Coffee,Total,PET Jars,Retail/off-trade Unit Volume,million units,2018,91.5
USA,Coffee,Total,PET Jars,Retail/off-trade Unit Volume,million units,2018,37.9
Eastern Europe,Coffee,Total,PET Jars,Retail/off-trade Unit Volume,million units,2018,5.8
North America,Coffee,Total,PET Jars,Retail/off-trade Unit Volume,million units,2018,52.2
Western Europe,Coffee,Total,PET Jars,Retail/off-trade Unit Volume,million units,2018,9.9
Asia Pacific,Coffee,Total,PET Jars,Retail/off-trade Unit Volume,million units,2018,21.9
Asia Pacific,Coffee,Total,Thin Wall Plastic Containers,Retail/off-trade Unit Volume,million units,2018,4.5
Australasia,Coffee,Total,Thin Wall Plastic Containers,Retail/off-trade Unit Volume,million units,2018,11.1
North America,Coffee,Total,Thin Wall Plastic Containers,Retail/off-trade Unit Volume,million units,2018,484.3
Latin America,Coffee,Total,Thin Wall Plastic Containers,Retail/off-trade Unit Volume,million units,2018,3.7
Eastern Europe,Coffee,Total,Thin Wall Plastic Containers,Retail/off-trade Unit Volume,million units,2018,34.0
Western Europe,Coffee,Total,Thin Wall Plastic Containers,Retail/off-trade Unit Volume,million units,2018,1079.9
World,Coffee,Total,Thin Wall Plastic Containers,Retail/off-trade Unit Volume,million units,2018,1629.3
USA,Coffee,Total,Thin Wall Plastic Containers,Retail/off-trade Unit Volume,million units,2018,425.7
Middle East and Africa,Coffee,Total,Thin Wall Plastic Containers,Retail/off-trade Unit Volume,million units,2018,11.8
Australia,Coffee,Total,Thin Wall Plastic Containers,Retail/off-trade Unit Volume,million units,2018,11.1
China,Coffee,Total,Thin Wall Plastic Containers,Retail/off-trade Unit Volume,million units,2018,1.4
Germany,Coffee,Total,Thin Wall Plastic Containers,Retail/off-trade Unit Volume,million units,2018,408.2
Thailand,Coffee,Total,Thin Wall Plastic Containers,Retail/off-trade Unit Volume,million units,2018,0.1
United Kingdom,Coffee,Total,Thin Wall Plastic Containers,Retail/off-trade Unit Volume,million units,2018,60.7
France,Coffee,Total,Thin Wall Plastic Containers,Retail/off-trade Unit Volume,million units,2018,392.8
France,Coffee,Total,Other Plastic Jars,Retail/off-trade Unit Volume,million units,2018,2.0
Brazil,Coffee,Total,Other Plastic Jars,Retail/off-trade Unit Volume,million units,2018,12.4
Australia,Coffee,Total,Other Plastic Jars,Retail/off-trade Unit Volume,million units,2018,1.8
Middle East and Africa,Coffee,Total,Other Plastic Jars,Retail/off-trade Unit Volume,million units,2018,33.0
World,Coffee,Total,Other Plastic Jars,Retail/off-trade Unit Volume,million units,2018,339.3
USA,Coffee,Total,Other Plastic Jars,Retail/off-trade Unit Volume,million units,2018,272.7
North America,Coffee,Total,Other Plastic Jars,Retail/off-trade Unit Volume,million units,2018,272.7
Western Europe,Coffee,Total,Other Plastic Jars,Retail/off-trade Unit Volume,million units,2018,3.4
Latin America,Coffee,Total,Other Plastic Jars,Retail/off-trade Unit Volume,million units,2018,28.4
Australasia,Coffee,Total,Other Plastic Jars,Retail/off-trade Unit Volume,million units,2018,1.8
North America,Coffee,Total,Other Rigid Containers,Retail/off-trade Unit Volume,million units,2018,11.6
Latin America,Coffee,Total,Other Rigid Containers,Retail/off-trade Unit Volume,million units,2018,21.2
Western Europe,Coffee,Total,Other Rigid Containers,Retail/off-trade Unit Volume,million units,2018,9.1
World,Coffee,Total,Other Rigid Containers,Retail/off-trade Unit Volume,million units,2018,41.8
Brazil,Coffee,Total,Other Rigid Containers,Retail/off-trade Unit Volume,million units,2018,21.2
Germany,Coffee,Total,Other Rigid Containers,Retail/off-trade Unit Volume,million units,2018,8.6
World,Coffee,Total,Other Packaging,Retail/off-trade Unit Volume,million units,2018,0.5
Western Europe,Coffee,Total,Other Packaging,Retail/off-trade Unit Volume,million units,2018,
Eastern Europe,Coffee,Total,Other Packaging,Retail/off-trade Unit Volume,million units,2018,0.5
Latin America,Coffee,Total,Other Packaging,Retail/off-trade Unit Volume,million units,2018,0.0
World,RTD Coffee,Total,Total Packaging,Retail/off-trade Unit Volume,million units,2018,20495.8
Western Europe,RTD Coffee,Total,Total Packaging,Retail/off-trade Unit Volume,million units,2018,996.0
Eastern Europe,RTD Coffee,Total,Total Packaging,Retail/off-trade Unit Volume,million units,2018,109.9
North America,RTD Coffee,Total,Total Packaging,Retail/off-trade Unit Volume,million units,2018,1890.2
Latin America,RTD Coffee,Total,Total Packaging,Retail/off-trade Unit Volume,million units,2018,40.7
Asia Pacific,RTD Coffee,Total,Total Packaging,Retail/off-trade Unit Volume,million units,2018,17401.1
Australasia,RTD Coffee,Total,Total Packaging,Retail/off-trade Unit Volume,million units,2018,7.1
Middle East and Africa,RTD Coffee,Total,Total Packaging,Retail/off-trade Unit Volume,million units,2018,50.8
Australia,RTD Coffee,Total,Total Packaging,Retail/off-trade Unit Volume,million units,2018,6.9
Brazil,RTD Coffee,Total,Total Packaging,Retail/off-trade Unit Volume,million units,2018,7.4
China,RTD Coffee,Total,Total Packaging,Retail/off-trade Unit Volume,million units,2018,1345.0
Germany,RTD Coffee,Total,Total Packaging,Retail/off-trade Unit Volume,million units,2018,429.5
France,RTD Coffee,Total,Total Packaging,Retail/off-trade Unit Volume,million units,2018,23.2
United Kingdom,RTD Coffee,Total,Total Packaging,Retail/off-trade Unit Volume,million units,2018,65.9
Japan,RTD Coffee,Total,Total Packaging,Retail/off-trade Unit Volume,million units,2018,11531.9
Thailand,RTD Coffee,Total,Total Packaging,Retail/off-trade Unit Volume,million units,2018,985.5
USA,RTD Coffee,Total,Total Packaging,Retail/off-trade Unit Volume,million units,2018,1869.1
Asia Pacific,RTD Coffee,Total,Flexible Packaging,Retail/off-trade Unit Volume,million units,2018,340.2
World,RTD Coffee,Total,Flexible Packaging,Retail/off-trade Unit Volume,million units,2018,340.2
World,RTD Coffee,Total,Stand-Up Pouches,Retail/off-trade Unit Volume,million units,2018,340.2
Asia Pacific,RTD Coffee,Total,Stand-Up Pouches,Retail/off-trade Unit Volume,million units,2018,340.2
Asia Pacific,RTD Coffee,Total,Aluminium /Plastic Pouches,Retail/off-trade Unit Volume,million units,2018,340.2
World,RTD Coffee,Total,Aluminium /Plastic Pouches,Retail/off-trade Unit Volume,million units,2018,340.2
USA,RTD Coffee,Total,Glass,Retail/off-trade Unit Volume,million units,2018,1096.9
World,RTD Coffee,Total,Glass,Retail/off-trade Unit Volume,million units,2018,1222.0
Latin America,RTD Coffee,Total,Glass,Retail/off-trade Unit Volume,million units,2018,26.9
Asia Pacific,RTD Coffee,Total,Glass,Retail/off-trade Unit Volume,million units,2018,42.3
North America,RTD Coffee,Total,Glass,Retail/off-trade Unit Volume,million units,2018,1112.9
Eastern Europe,RTD Coffee,Total,Glass,Retail/off-trade Unit Volume,million units,2018,2.5
Western Europe,RTD Coffee,Total,Glass,Retail/off-trade Unit Volume,million units,2018,36.8
Thailand,RTD Coffee,Total,Glass,Retail/off-trade Unit Volume,million units,2018,1.8
United Kingdom,RTD Coffee,Total,Glass,Retail/off-trade Unit Volume,million units,2018,4.6
France,RTD Coffee,Total,Glass,Retail/off-trade Unit Volume,million units,2018,0.2
China,RTD Coffee,Total,Glass,Retail/off-trade Unit Volume,million units,2018,13.2
Middle East and Africa,RTD Coffee,Total,Glass,Retail/off-trade Unit Volume,million units,2018,0.6
Middle East and Africa,RTD Coffee,Total,Glass Bottles,Retail/off-trade Unit Volume,million units,2018,0.6
China,RTD Coffee,Total,Glass Bottles,Retail/off-trade Unit Volume,million units,2018,13.2
France,RTD Coffee,Total,Glass Bottles,Retail/off-trade Unit Volume,million units,2018,0.2
United Kingdom,RTD Coffee,Total,Glass Bottles,Retail/off-trade Unit Volume,million units,2018,4.6
Thailand,RTD Coffee,Total,Glass Bottles,Retail/off-trade Unit Volume,million units,2018,1.8
Western Europe,RTD Coffee,Total,Glass Bottles,Retail/off-trade Unit Volume,million units,2018,36.8
Eastern Europe,RTD Coffee,Total,Glass Bottles,Retail/off-trade Unit Volume,million units,2018,2.5
North America,RTD Coffee,Total,Glass Bottles,Retail/off-trade Unit Volume,million units,2018,1112.9
Asia Pacific,RTD Coffee,Total,Glass Bottles,Retail/off-trade Unit Volume,million units,2018,42.3
Latin America,RTD Coffee,Total,Glass Bottles,Retail/off-trade Unit Volume,million units,2018,26.9
World,RTD Coffee,Total,Glass Bottles,Retail/off-trade Unit Volume,million units,2018,1222.0
USA,RTD Coffee,Total,Glass Bottles,Retail/off-trade Unit Volume,million units,2018,1096.9
USA,RTD Coffee,Total,Liquid Cartons,Retail/off-trade Unit Volume,million units,2018,39.4
World,RTD Coffee,Total,Liquid Cartons,Retail/off-trade Unit Volume,million units,2018,437.9
Latin America,RTD Coffee,Total,Liquid Cartons,Retail/off-trade Unit Volume,million units,2018,7.2
Asia Pacific,RTD Coffee,Total,Liquid Cartons,Retail/off-trade Unit Volume,million units,2018,366.3
Australasia,RTD Coffee,Total,Liquid Cartons,Retail/off-trade Unit Volume,million units,2018,4.8
North America,RTD Coffee,Total,Liquid Cartons,Retail/off-trade Unit Volume,million units,2018,40.1
Eastern Europe,RTD Coffee,Total,Liquid Cartons,Retail/off-trade Unit Volume,million units,2018,7.7
Western Europe,RTD Coffee,Total,Liquid Cartons,Retail/off-trade Unit Volume,million units,2018,11.8
Thailand,RTD Coffee,Total,Liquid Cartons,Retail/off-trade Unit Volume,million units,2018,1.8
Japan,RTD Coffee,Total,Liquid Cartons,Retail/off-trade Unit Volume,million units,2018,127.2
United Kingdom,RTD Coffee,Total,Liquid Cartons,Retail/off-trade Unit Volume,million units,2018,4.4
France,RTD Coffee,Total,Liquid Cartons,Retail/off-trade Unit Volume,million units,2018,
China,RTD Coffee,Total,Liquid Cartons,Retail/off-trade Unit Volume,million units,2018,2.9
Middle East and Africa,RTD Coffee,Total,Liquid Cartons,Retail/off-trade Unit Volume,million units,2018,0.0
Brazil,RTD Coffee,Total,Liquid Cartons,Retail/off-trade Unit Volume,million units,2018,7.1
Australia,RTD Coffee,Total,Liquid Cartons,Retail/off-trade Unit Volume,million units,2018,4.7
Australia,RTD Coffee,Total,Brick Liquid Cartons,Retail/off-trade Unit Volume,million units,2018,1.6
Middle East and Africa,RTD Coffee,Total,Brick Liquid Cartons,Retail/off-trade Unit Volume,million units,2018,0.0
China,RTD Coffee,Total,Brick Liquid Cartons,Retail/off-trade Unit Volume,million units,2018,
United Kingdom,RTD Coffee,Total,Brick Liquid Cartons,Retail/off-trade Unit Volume,million units,2018,0.0
Thailand,RTD Coffee,Total,Brick Liquid Cartons,Retail/off-trade Unit Volume,million units,2018,1.8
Eastern Europe,RTD Coffee,Total,Brick Liquid Cartons,Retail/off-trade Unit Volume,million units,2018,7.2
Western Europe,RTD Coffee,Total,Brick Liquid Cartons,Retail/off-trade Unit Volume,million units,2018,3.9
Australasia,RTD Coffee,Total,Brick Liquid Cartons,Retail/off-trade Unit Volume,million units,2018,1.7
Asia Pacific,RTD Coffee,Total,Brick Liquid Cartons,Retail/off-trade Unit Volume,million units,2018,190.8
World,RTD Coffee,Total,Brick Liquid Cartons,Retail/off-trade Unit Volume,million units,2018,203.5
World,RTD Coffee,Total,Gable Top Liquid Cartons,Retail/off-trade Unit Volume,million units,2018,190.6
USA,RTD Coffee,Total,Gable Top Liquid Cartons,Retail/off-trade Unit Volume,million units,2018,16.3
Asia Pacific,RTD Coffee,Total,Gable Top Liquid Cartons,Retail/off-trade Unit Volume,million units,2018,169.2
Latin America,RTD Coffee,Total,Gable Top Liquid Cartons,Retail/off-trade Unit Volume,million units,2018,
Australasia,RTD Coffee,Total,Gable Top Liquid Cartons,Retail/off-trade Unit Volume,million units,2018,3.2
North America,RTD Coffee,Total,Gable Top Liquid Cartons,Retail/off-trade Unit Volume,million units,2018,17.0
Western Europe,RTD Coffee,Total,Gable Top Liquid Cartons,Retail/off-trade Unit Volume,million units,2018,1.2
Japan,RTD Coffee,Total,Gable Top Liquid Cartons,Retail/off-trade Unit Volume,million units,2018,127.2
United Kingdom,RTD Coffee,Total,Gable Top Liquid Cartons,Retail/off-trade Unit Volume,million units,2018,1.2
Australia,RTD Coffee,Total,Gable Top Liquid Cartons,Retail/off-trade Unit Volume,million units,2018,3.1
Brazil,RTD Coffee,Total,Gable Top Liquid Cartons,Retail/off-trade Unit Volume,million units,2018,
Brazil,RTD Coffee,Total,Shaped Liquid Cartons,Retail/off-trade Unit Volume,million units,2018,7.1
China,RTD Coffee,Total,Shaped Liquid Cartons,Retail/off-trade Unit Volume,million units,2018,2.9
France,RTD Coffee,Total,Shaped Liquid Cartons,Retail/off-trade Unit Volume,million units,2018,
United Kingdom,RTD Coffee,Total,Shaped Liquid Cartons,Retail/off-trade Unit Volume,million units,2018,3.2
Eastern Europe,RTD Coffee,Total,Shaped Liquid Cartons,Retail/off-trade Unit Volume,million units,2018,0.4
North America,RTD Coffee,Total,Shaped Liquid Cartons,Retail/off-trade Unit Volume,million units,2018,23.1
Western Europe,RTD Coffee,Total,Shaped Liquid Cartons,Retail/off-trade Unit Volume,million units,2018,6.7
Latin America,RTD Coffee,Total,Shaped Liquid Cartons,Retail/off-trade Unit Volume,million units,2018,7.2
Asia Pacific,RTD Coffee,Total,Shaped Liquid Cartons,Retail/off-trade Unit Volume,million units,2018,6.3
USA,RTD Coffee,Total,Shaped Liquid Cartons,Retail/off-trade Unit Volume,million units,2018,23.1
World,RTD Coffee,Total,Shaped Liquid Cartons,Retail/off-trade Unit Volume,million units,2018,43.8
World,RTD Coffee,Total,Metal,Retail/off-trade Unit Volume,million units,2018,12866.5
Asia Pacific,RTD Coffee,Total,Metal,Retail/off-trade Unit Volume,million units,2018,11965.8
Middle East and Africa,RTD Coffee,Total,Metal,Retail/off-trade Unit Volume,million units,2018,49.1
Australasia,RTD Coffee,Total,Metal,Retail/off-trade Unit Volume,million units,2018,0.3
North America,RTD Coffee,Total,Metal,Retail/off-trade Unit Volume,million units,2018,533.0
Latin America,RTD Coffee,Total,Metal,Retail/off-trade Unit Volume,million units,2018,5.6
Eastern Europe,RTD Coffee,Total,Metal,Retail/off-trade Unit Volume,million units,2018,88.9
Western Europe,RTD Coffee,Total,Metal,Retail/off-trade Unit Volume,million units,2018,223.8
Thailand,RTD Coffee,Total,Metal,Retail/off-trade Unit Volume,million units,2018,951.6
USA,RTD Coffee,Total,Metal,Retail/off-trade Unit Volume,million units,2018,532.9
United Kingdom,RTD Coffee,Total,Metal,Retail/off-trade Unit Volume,million units,2018,9.0
Japan,RTD Coffee,Total,Metal,Retail/off-trade Unit Volume,million units,2018,8860.4
China,RTD Coffee,Total,Metal,Retail/off-trade Unit Volume,million units,2018,632.8
France,RTD Coffee,Total,Metal,Retail/off-trade Unit Volume,million units,2018,3.0
Germany,RTD Coffee,Total,Metal,Retail/off-trade Unit Volume,million units,2018,50.1
Australia,RTD Coffee,Total,Metal,Retail/off-trade Unit Volume,million units,2018,0.3
Australia,RTD Coffee,Total,Metal Beverage Cans,Retail/off-trade Unit Volume,million units,2018,0.3
Germany,RTD Coffee,Total,Metal Beverage Cans,Retail/off-trade Unit Volume,million units,2018,50.1
France,RTD Coffee,Total,Metal Beverage Cans,Retail/off-trade Unit Volume,million units,2018,3.0
China,RTD Coffee,Total,Metal Beverage Cans,Retail/off-trade Unit Volume,million units,2018,632.8
Japan,RTD Coffee,Total,Metal Beverage Cans,Retail/off-trade Unit Volume,million units,2018,6361.6
United Kingdom,RTD Coffee,Total,Metal Beverage Cans,Retail/off-trade Unit Volume,million units,2018,9.0
USA,RTD Coffee,Total,Metal Beverage Cans,Retail/off-trade Unit Volume,million units,2018,462.4
Thailand,RTD Coffee,Total,Metal Beverage Cans,Retail/off-trade Unit Volume,million units,2018,951.6
Western Europe,RTD Coffee,Total,Metal Beverage Cans,Retail/off-trade Unit Volume,million units,2018,223.8
Eastern Europe,RTD Coffee,Total,Metal Beverage Cans,Retail/off-trade Unit Volume,million units,2018,88.9
Latin America,RTD Coffee,Total,Metal Beverage Cans,Retail/off-trade Unit Volume,million units,2018,5.6
North America,RTD Coffee,Total,Metal Beverage Cans,Retail/off-trade Unit Volume,million units,2018,462.5
Australasia,RTD Coffee,Total,Metal Beverage Cans,Retail/off-trade Unit Volume,million units,2018,0.3
Middle East and Africa,RTD Coffee,Total,Metal Beverage Cans,Retail/off-trade Unit Volume,million units,2018,49.1
Asia Pacific,RTD Coffee,Total,Metal Beverage Cans,Retail/off-trade Unit Volume,million units,2018,9445.8
World,RTD Coffee,Total,Metal Beverage Cans,Retail/off-trade Unit Volume,million units,2018,10276.0
World,RTD Coffee,Total,Metal Bottles,Retail/off-trade Unit Volume,million units,2018,2590.6
Asia Pacific,RTD Coffee,Total,Metal Bottles,Retail/off-trade Unit Volume,million units,2018,2520.0
North America,RTD Coffee,Total,Metal Bottles,Retail/off-trade Unit Volume,million units,2018,70.5
USA,RTD Coffee,Total,Metal Bottles,Retail/off-trade Unit Volume,million units,2018,70.5
Japan,RTD Coffee,Total,Metal Bottles,Retail/off-trade Unit Volume,million units,2018,2498.7
Australia,RTD Coffee,Total,Paper-based Containers,Retail/off-trade Unit Volume,million units,2018,0.0
Australasia,RTD Coffee,Total,Paper-based Containers,Retail/off-trade Unit Volume,million units,2018,0.0
World,RTD Coffee,Total,Paper-based Containers,Retail/off-trade Unit Volume,million units,2018,0.0
World,RTD Coffee,Total,Bag In Box,Retail/off-trade Unit Volume,million units,2018,0.0
Australasia,RTD Coffee,Total,Bag In Box,Retail/off-trade Unit Volume,million units,2018,0.0
Australia,RTD Coffee,Total,Bag In Box,Retail/off-trade Unit Volume,million units,2018,0.0
Brazil,RTD Coffee,Total,Rigid Plastic,Retail/off-trade Unit Volume,million units,2018,0.3
Australia,RTD Coffee,Total,Rigid Plastic,Retail/off-trade Unit Volume,million units,2018,1.9
China,RTD Coffee,Total,Rigid Plastic,Retail/off-trade Unit Volume,million units,2018,696.1
France,RTD Coffee,Total,Rigid Plastic,Retail/off-trade Unit Volume,million units,2018,20.0
Germany,RTD Coffee,Total,Rigid Plastic,Retail/off-trade Unit Volume,million units,2018,379.4
Japan,RTD Coffee,Total,Rigid Plastic,Retail/off-trade Unit Volume,million units,2018,2544.3
United Kingdom,RTD Coffee,Total,Rigid Plastic,Retail/off-trade Unit Volume,million units,2018,47.9
USA,RTD Coffee,Total,Rigid Plastic,Retail/off-trade Unit Volume,million units,2018,199.9
Thailand,RTD Coffee,Total,Rigid Plastic,Retail/off-trade Unit Volume,million units,2018,25.0
Middle East and Africa,RTD Coffee,Total,Rigid Plastic,Retail/off-trade Unit Volume,million units,2018,1.0
Australasia,RTD Coffee,Total,Rigid Plastic,Retail/off-trade Unit Volume,million units,2018,2.0
Asia Pacific,RTD Coffee,Total,Rigid Plastic,Retail/off-trade Unit Volume,million units,2018,4681.1
North America,RTD Coffee,Total,Rigid Plastic,Retail/off-trade Unit Volume,million units,2018,204.2
Latin America,RTD Coffee,Total,Rigid Plastic,Retail/off-trade Unit Volume,million units,2018,1.0
Eastern Europe,RTD Coffee,Total,Rigid Plastic,Retail/off-trade Unit Volume,million units,2018,10.5
Western Europe,RTD Coffee,Total,Rigid Plastic,Retail/off-trade Unit Volume,million units,2018,722.2
World,RTD Coffee,Total,Rigid Plastic,Retail/off-trade Unit Volume,million units,2018,5622.0
World,RTD Coffee,Total,HDPE Bottles,Retail/off-trade Unit Volume,million units,2018,25.6
China,RTD Coffee,Total,HDPE Bottles,Retail/off-trade Unit Volume,million units,2018,7.8
Eastern Europe,RTD Coffee,Total,HDPE Bottles,Retail/off-trade Unit Volume,million units,2018,3.2
North America,RTD Coffee,Total,HDPE Bottles,Retail/off-trade Unit Volume,million units,2018,2.7
Latin America,RTD Coffee,Total,HDPE Bottles,Retail/off-trade Unit Volume,million units,2018,0.8
Asia Pacific,RTD Coffee,Total,HDPE Bottles,Retail/off-trade Unit Volume,million units,2018,17.1
Australasia,RTD Coffee,Total,HDPE Bottles,Retail/off-trade Unit Volume,million units,2018,1.9
Australia,RTD Coffee,Total,HDPE Bottles,Retail/off-trade Unit Volume,million units,2018,1.9
Brazil,RTD Coffee,Total,PET Bottles,Retail/off-trade Unit Volume,million units,2018,0.3
Germany,RTD Coffee,Total,PET Bottles,Retail/off-trade Unit Volume,million units,2018,37.3
France,RTD Coffee,Total,PET Bottles,Retail/off-trade Unit Volume,million units,2018,1.1
China,RTD Coffee,Total,PET Bottles,Retail/off-trade Unit Volume,million units,2018,688.3
Thailand,RTD Coffee,Total,PET Bottles,Retail/off-trade Unit Volume,million units,2018,25.0
USA,RTD Coffee,Total,PET Bottles,Retail/off-trade Unit Volume,million units,2018,199.9
United Kingdom,RTD Coffee,Total,PET Bottles,Retail/off-trade Unit Volume,million units,2018,0.7
Japan,RTD Coffee,Total,PET Bottles,Retail/off-trade Unit Volume,million units,2018,1874.6
Middle East and Africa,RTD Coffee,Total,PET Bottles,Retail/off-trade Unit Volume,million units,2018,1.0
Asia Pacific,RTD Coffee,Total,PET Bottles,Retail/off-trade Unit Volume,million units,2018,3318.5
North America,RTD Coffee,Total,PET Bottles,Retail/off-trade Unit Volume,million units,2018,201.5
Latin America,RTD Coffee,Total,PET Bottles,Retail/off-trade Unit Volume,million units,2018,0.3
Western Europe,RTD Coffee,Total,PET Bottles,Retail/off-trade Unit Volume,million units,2018,63.0
Eastern Europe,RTD Coffee,Total,PET Bottles,Retail/off-trade Unit Volume,million units,2018,4.7
World,RTD Coffee,Total,PET Bottles,Retail/off-trade Unit Volume,million units,2018,3589.0
World,RTD Coffee,Total,Thin Wall Plastic Containers,Retail/off-trade Unit Volume,million units,2018,2001.7
Eastern Europe,RTD Coffee,Total,Thin Wall Plastic Containers,Retail/off-trade Unit Volume,million units,2018,2.5
Western Europe,RTD Coffee,Total,Thin Wall Plastic Containers,Retail/off-trade Unit Volume,million units,2018,653.6
Asia Pacific,RTD Coffee,Total,Thin Wall Plastic Containers,Retail/off-trade Unit Volume,million units,2018,1345.5
Japan,RTD Coffee,Total,Thin Wall Plastic Containers,Retail/off-trade Unit Volume,million units,2018,669.7
United Kingdom,RTD Coffee,Total,Thin Wall Plastic Containers,Retail/off-trade Unit Volume,million units,2018,47.2
China,RTD Coffee,Total,Thin Wall Plastic Containers,Retail/off-trade Unit Volume,million units,2018,
France,RTD Coffee,Total,Thin Wall Plastic Containers,Retail/off-trade Unit Volume,million units,2018,18.9
Germany,RTD Coffee,Total,Thin Wall Plastic Containers,Retail/off-trade Unit Volume,million units,2018,342.1
Australasia,RTD Coffee,Total,Other Plastic Bottles,Retail/off-trade Unit Volume,million units,2018,0.1
Western Europe,RTD Coffee,Total,Other Plastic Bottles,Retail/off-trade Unit Volume,million units,2018,5.6
World,RTD Coffee,Total,Other Plastic Bottles,Retail/off-trade Unit Volume,million units,2018,5.6
World,RTD Coffee,Total,Other Packaging,Retail/off-trade Unit Volume,million units,2018,7.1
Eastern Europe,RTD Coffee,Total,Other Packaging,Retail/off-trade Unit Volume,million units,2018,0.4
Western Europe,RTD Coffee,Total,Other Packaging,Retail/off-trade Unit Volume,million units,2018,1.4
Asia Pacific,RTD Coffee,Total,Other Packaging,Retail/off-trade Unit Volume,million units,2018,5.4
Middle East and Africa,RTD Coffee,Total,Other Packaging,Retail/off-trade Unit Volume,million units,2018,0.0
Thailand,RTD Coffee,Total,Other Packaging,Retail/off-trade Unit Volume,million units,2018,5.4
Western Europe,Coffee,Total,Total Packaging,Retail/off-trade Unit Volume,million units,2019,11158.4
Eastern Europe,Coffee,Total,Total Packaging,Retail/off-trade Unit Volume,million units,2019,5017.4
North America,Coffee,Total,Total Packaging,Retail/off-trade Unit Volume,million units,2019,3186.9
Latin America,Coffee,Total,Total Packaging,Retail/off-trade Unit Volume,million units,2019,4267.0
Asia Pacific,Coffee,Total,Total Packaging,Retail/off-trade Unit Volume,million units,2019,30123.1
Australasia,Coffee,Total,Total Packaging,Retail/off-trade Unit Volume,million units,2019,279.4
Middle East and Africa,Coffee,Total,Total Packaging,Retail/off-trade Unit Volume,million units,2019,813.1
Australia,Coffee,Total,Total Packaging,Retail/off-trade Unit Volume,million units,2019,241.6
Brazil,Coffee,Total,Total Packaging,Retail/off-trade Unit Volume,million units,2019,2941.3
China,Coffee,Total,Total Packaging,Retail/off-trade Unit Volume,million units,2019,312.1
Germany,Coffee,Total,Total Packaging,Retail/off-trade Unit Volume,million units,2019,2318.2
France,Coffee,Total,Total Packaging,Retail/off-trade Unit Volume,million units,2019,1966.4
United Kingdom,Coffee,Total,Total Packaging,Retail/off-trade Unit Volume,million units,2019,667.8
India,Coffee,Total,Total Packaging,Retail/off-trade Unit Volume,million units,2019,1461.6
Japan,Coffee,Total,Total Packaging,Retail/off-trade Unit Volume,million units,2019,829.6
Thailand,Coffee,Total,Total Packaging,Retail/off-trade Unit Volume,million units,2019,628.1
USA,Coffee,Total,Total Packaging,Retail/off-trade Unit Volume,million units,2019,2900.0
World,Coffee,Total,Total Packaging,Retail/off-trade Unit Volume,million units,2019,54845.3
USA,Coffee,Total,Flexible Packaging,Retail/off-trade Unit Volume,million units,2019,1281.8
Thailand,Coffee,Total,Flexible Packaging,Retail/off-trade Unit Volume,million units,2019,485.1
World,Coffee,Total,Flexible Packaging,Retail/off-trade Unit Volume,million units,2019,42328.7
Japan,Coffee,Total,Flexible Packaging,Retail/off-trade Unit Volume,million units,2019,501.3
India,Coffee,Total,Flexible Packaging,Retail/off-trade Unit Volume,million units,2019,1025.6
United Kingdom,Coffee,Total,Flexible Packaging,Retail/off-trade Unit Volume,million units,2019,154.8
France,Coffee,Total,Flexible Packaging,Retail/off-trade Unit Volume,million units,2019,639.2
China,Coffee,Total,Flexible Packaging,Retail/off-trade Unit Volume,million units,2019,123.3
Germany,Coffee,Total,Flexible Packaging,Retail/off-trade Unit Volume,million units,2019,1407.4
Brazil,Coffee,Total,Flexible Packaging,Retail/off-trade Unit Volume,million units,2019,2355.9
Australia,Coffee,Total,Flexible Packaging,Retail/off-trade Unit Volume,million units,2019,23.0
Middle East and Africa,Coffee,Total,Flexible Packaging,Retail/off-trade Unit Volume,million units,2019,472.4
Australasia,Coffee,Total,Flexible Packaging,Retail/off-trade Unit Volume,million units,2019,28.6
Asia Pacific,Coffee,Total,Flexible Packaging,Retail/off-trade Unit Volume,million units,2019,27361.6
North America,Coffee,Total,Flexible Packaging,Retail/off-trade Unit Volume,million units,2019,1349.3
Latin America,Coffee,Total,Flexible Packaging,Retail/off-trade Unit Volume,million units,2019,3062.0
Eastern Europe,Coffee,Total,Flexible Packaging,Retail/off-trade Unit Volume,million units,2019,3733.4
Western Europe,Coffee,Total,Flexible Packaging,Retail/off-trade Unit Volume,million units,2019,6321.3
Western Europe,Coffee,Total,Flexible Aluminium/Paper,Retail/off-trade Unit Volume,million units,2019,174.2
Eastern Europe,Coffee,Total,Flexible Aluminium/Paper,Retail/off-trade Unit Volume,million units,2019,118.5
Latin America,Coffee,Total,Flexible Aluminium/Paper,Retail/off-trade Unit Volume,million units,2019,0.0
North America,Coffee,Total,Flexible Aluminium/Paper,Retail/off-trade Unit Volume,million units,2019,415.9
Asia Pacific,Coffee,Total,Flexible Aluminium/Paper,Retail/off-trade Unit Volume,million units,2019,2.3
Australasia,Coffee,Total,Flexible Aluminium/Paper,Retail/off-trade Unit Volume,million units,2019,4.3
Middle East and Africa,Coffee,Total,Flexible Aluminium/Paper,Retail/off-trade Unit Volume,million units,2019,1.1
Australia,Coffee,Total,Flexible Aluminium/Paper,Retail/off-trade Unit Volume,million units,2019,3.3
China,Coffee,Total,Flexible Aluminium/Paper,Retail/off-trade Unit Volume,million units,2019,0.0
Germany,Coffee,Total,Flexible Aluminium/Paper,Retail/off-trade Unit Volume,million units,2019,64.1
France,Coffee,Total,Flexible Aluminium/Paper,Retail/off-trade Unit Volume,million units,2019,7.8
World,Coffee,Total,Flexible Aluminium/Paper,Retail/off-trade Unit Volume,million units,2019,716.3
USA,Coffee,Total,Flexible Aluminium/Paper,Retail/off-trade Unit Volume,million units,2019,394.5
USA,Coffee,Total,Flexible Aluminium/Plastic,Retail/off-trade Unit Volume,million units,2019,589.1
Thailand,Coffee,Total,Flexible Aluminium/Plastic,Retail/off-trade Unit Volume,million units,2019,283.0
World,Coffee,Total,Flexible Aluminium/Plastic,Retail/off-trade Unit Volume,million units,2019,28995.8
France,Coffee,Total,Flexible Aluminium/Plastic,Retail/off-trade Unit Volume,million units,2019,167.1
Germany,Coffee,Total,Flexible Aluminium/Plastic,Retail/off-trade Unit Volume,million units,2019,454.7
India,Coffee,Total,Flexible Aluminium/Plastic,Retail/off-trade Unit Volume,million units,2019,1025.6
Japan,Coffee,Total,Flexible Aluminium/Plastic,Retail/off-trade Unit Volume,million units,2019,334.9
United Kingdom,Coffee,Total,Flexible Aluminium/Plastic,Retail/off-trade Unit Volume,million units,2019,65.3
China,Coffee,Total,Flexible Aluminium/Plastic,Retail/off-trade Unit Volume,million units,2019,123.3
Brazil,Coffee,Total,Flexible Aluminium/Plastic,Retail/off-trade Unit Volume,million units,2019,2143.9
Middle East and Africa,Coffee,Total,Flexible Aluminium/Plastic,Retail/off-trade Unit Volume,million units,2019,259.6
Australia,Coffee,Total,Flexible Aluminium/Plastic,Retail/off-trade Unit Volume,million units,2019,12.2
Australasia,Coffee,Total,Flexible Aluminium/Plastic,Retail/off-trade Unit Volume,million units,2019,15.3
Asia Pacific,Coffee,Total,Flexible Aluminium/Plastic,Retail/off-trade Unit Volume,million units,2019,20923.8
Latin America,Coffee,Total,Flexible Aluminium/Plastic,Retail/off-trade Unit Volume,million units,2019,2704.8
North America,Coffee,Total,Flexible Aluminium/Plastic,Retail/off-trade Unit Volume,million units,2019,629.6
Eastern Europe,Coffee,Total,Flexible Aluminium/Plastic,Retail/off-trade Unit Volume,million units,2019,2784.0
Western Europe,Coffee,Total,Flexible Aluminium/Plastic,Retail/off-trade Unit Volume,million units,2019,1678.6
Western Europe,Coffee,Total,Flexible Paper,Retail/off-trade Unit Volume,million units,2019,472.4
Eastern Europe,Coffee,Total,Flexible Paper,Retail/off-trade Unit Volume,million units,2019,86.1
Latin America,Coffee,Total,Flexible Paper,Retail/off-trade Unit Volume,million units,2019,1.6
Asia Pacific,Coffee,Total,Flexible Paper,Retail/off-trade Unit Volume,million units,2019,4.3
Australasia,Coffee,Total,Flexible Paper,Retail/off-trade Unit Volume,million units,2019,0.0
Middle East and Africa,Coffee,Total,Flexible Paper,Retail/off-trade Unit Volume,million units,2019,2.3
United Kingdom,Coffee,Total,Flexible Paper,Retail/off-trade Unit Volume,million units,2019,6.9
Germany,Coffee,Total,Flexible Paper,Retail/off-trade Unit Volume,million units,2019,423.1
World,Coffee,Total,Flexible Paper,Retail/off-trade Unit Volume,million units,2019,566.8
World,Coffee,Total,Flexible Paper/Plastic,Retail/off-trade Unit Volume,million units,2019,117.4
United Kingdom,Coffee,Total,Flexible Paper/Plastic,Retail/off-trade Unit Volume,million units,2019,
Western Europe,Coffee,Total,Flexible Paper/Plastic,Retail/off-trade Unit Volume,million units,2019,117.4
Western Europe,Coffee,Total,Flexible Plastic,Retail/off-trade Unit Volume,million units,2019,3765.0
Eastern Europe,Coffee,Total,Flexible Plastic,Retail/off-trade Unit Volume,million units,2019,226.5
Australasia,Coffee,Total,Flexible Plastic,Retail/off-trade Unit Volume,million units,2019,9.1
Asia Pacific,Coffee,Total,Flexible Plastic,Retail/off-trade Unit Volume,million units,2019,5926.5
Latin America,Coffee,Total,Flexible Plastic,Retail/off-trade Unit Volume,million units,2019,74.5
North America,Coffee,Total,Flexible Plastic,Retail/off-trade Unit Volume,million units,2019,142.7
United Kingdom,Coffee,Total,Flexible Plastic,Retail/off-trade Unit Volume,million units,2019,69.9
Japan,Coffee,Total,Flexible Plastic,Retail/off-trade Unit Volume,million units,2019,166.4
Germany,Coffee,Total,Flexible Plastic,Retail/off-trade Unit Volume,million units,2019,464.5
France,Coffee,Total,Flexible Plastic,Retail/off-trade Unit Volume,million units,2019,437.6
Middle East and Africa,Coffee,Total,Flexible Plastic,Retail/off-trade Unit Volume,million units,2019,105.3
Australia,Coffee,Total,Flexible Plastic,Retail/off-trade Unit Volume,million units,2019,7.5
Brazil,Coffee,Total,Flexible Plastic,Retail/off-trade Unit Volume,million units,2019,2.2
World,Coffee,Total,Flexible Plastic,Retail/off-trade Unit Volume,million units,2019,10249.6
Thailand,Coffee,Total,Flexible Plastic,Retail/off-trade Unit Volume,million units,2019,158.7
USA,Coffee,Total,Flexible Plastic,Retail/off-trade Unit Volume,million units,2019,137.2
USA,Coffee,Total,Stand-Up Pouches,Retail/off-trade Unit Volume,million units,2019,161.0
Thailand,Coffee,Total,Stand-Up Pouches,Retail/off-trade Unit Volume,million units,2019,43.4
World,Coffee,Total,Stand-Up Pouches,Retail/off-trade Unit Volume,million units,2019,1682.7
Germany,Coffee,Total,Stand-Up Pouches,Retail/off-trade Unit Volume,million units,2019,0.9
Brazil,Coffee,Total,Stand-Up Pouches,Retail/off-trade Unit Volume,million units,2019,209.8
Middle East and Africa,Coffee,Total,Stand-Up Pouches,Retail/off-trade Unit Volume,million units,2019,104.2
United Kingdom,Coffee,Total,Stand-Up Pouches,Retail/off-trade Unit Volume,million units,2019,12.7
France,Coffee,Total,Stand-Up Pouches,Retail/off-trade Unit Volume,million units,2019,26.8
North America,Coffee,Total,Stand-Up Pouches,Retail/off-trade Unit Volume,million units,2019,161.0
Latin America,Coffee,Total,Stand-Up Pouches,Retail/off-trade Unit Volume,million units,2019,281.0
Asia Pacific,Coffee,Total,Stand-Up Pouches,Retail/off-trade Unit Volume,million units,2019,504.6
Eastern Europe,Coffee,Total,Stand-Up Pouches,Retail/off-trade Unit Volume,million units,2019,518.3
Western Europe,Coffee,Total,Stand-Up Pouches,Retail/off-trade Unit Volume,million units,2019,113.7
Western Europe,Coffee,Total,Aluminium /Plastic Pouches,Retail/off-trade Unit Volume,million units,2019,73.8
Eastern Europe,Coffee,Total,Aluminium /Plastic Pouches,Retail/off-trade Unit Volume,million units,2019,466.1
Asia Pacific,Coffee,Total,Aluminium /Plastic Pouches,Retail/off-trade Unit Volume,million units,2019,467.7
Latin America,Coffee,Total,Aluminium /Plastic Pouches,Retail/off-trade Unit Volume,million units,2019,227.9
North America,Coffee,Total,Aluminium /Plastic Pouches,Retail/off-trade Unit Volume,million units,2019,3.6
France,Coffee,Total,Aluminium /Plastic Pouches,Retail/off-trade Unit Volume,million units,2019,1.8
United Kingdom,Coffee,Total,Aluminium /Plastic Pouches,Retail/off-trade Unit Volume,million units,2019,0.8
Middle East and Africa,Coffee,Total,Aluminium /Plastic Pouches,Retail/off-trade Unit Volume,million units,2019,30.7
Brazil,Coffee,Total,Aluminium /Plastic Pouches,Retail/off-trade Unit Volume,million units,2019,209.8
Germany,Coffee,Total,Aluminium /Plastic Pouches,Retail/off-trade Unit Volume,million units,2019,0.9
World,Coffee,Total,Aluminium /Plastic Pouches,Retail/off-trade Unit Volume,million units,2019,1269.7
Thailand,Coffee,Total,Aluminium /Plastic Pouches,Retail/off-trade Unit Volume,million units,2019,43.4
USA,Coffee,Total,Aluminium /Plastic Pouches,Retail/off-trade Unit Volume,million units,2019,3.6
USA,Coffee,Total,Plastic Pouches,Retail/off-trade Unit Volume,million units,2019,157.4
World,Coffee,Total,Plastic Pouches,Retail/off-trade Unit Volume,million units,2019,413.0
Middle East and Africa,Coffee,Total,Plastic Pouches,Retail/off-trade Unit Volume,million units,2019,73.5
United Kingdom,Coffee,Total,Plastic Pouches,Retail/off-trade Unit Volume,million units,2019,11.9
France,Coffee,Total,Plastic Pouches,Retail/off-trade Unit Volume,million units,2019,25.0
North America,Coffee,Total,Plastic Pouches,Retail/off-trade Unit Volume,million units,2019,157.4
Latin America,Coffee,Total,Plastic Pouches,Retail/off-trade Unit Volume,million units,2019,53.2
Asia Pacific,Coffee,Total,Plastic Pouches,Retail/off-trade Unit Volume,million units,2019,36.8
Eastern Europe,Coffee,Total,Plastic Pouches,Retail/off-trade Unit Volume,million units,2019,52.2
Western Europe,Coffee,Total,Plastic Pouches,Retail/off-trade Unit Volume,million units,2019,39.9
Eastern Europe,Coffee,Total,Glass,Retail/off-trade Unit Volume,million units,2019,502.8
Western Europe,Coffee,Total,Glass,Retail/off-trade Unit Volume,million units,2019,568.6
Asia Pacific,Coffee,Total,Glass,Retail/off-trade Unit Volume,million units,2019,1076.3
Australasia,Coffee,Total,Glass,Retail/off-trade Unit Volume,million units,2019,172.3
Latin America,Coffee,Total,Glass,Retail/off-trade Unit Volume,million units,2019,590.4
North America,Coffee,Total,Glass,Retail/off-trade Unit Volume,million units,2019,43.7
France,Coffee,Total,Glass,Retail/off-trade Unit Volume,million units,2019,67.8
United Kingdom,Coffee,Total,Glass,Retail/off-trade Unit Volume,million units,2019,234.0
India,Coffee,Total,Glass,Retail/off-trade Unit Volume,million units,2019,390.0
Japan,Coffee,Total,Glass,Retail/off-trade Unit Volume,million units,2019,71.4
Middle East and Africa,Coffee,Total,Glass,Retail/off-trade Unit Volume,million units,2019,193.2
Australia,Coffee,Total,Glass,Retail/off-trade Unit Volume,million units,2019,149.6
Germany,Coffee,Total,Glass,Retail/off-trade Unit Volume,million units,2019,78.9
Brazil,Coffee,Total,Glass,Retail/off-trade Unit Volume,million units,2019,116.1
China,Coffee,Total,Glass,Retail/off-trade Unit Volume,million units,2019,51.7
World,Coffee,Total,Glass,Retail/off-trade Unit Volume,million units,2019,3147.3
Thailand,Coffee,Total,Glass,Retail/off-trade Unit Volume,million units,2019,120.3
USA,Coffee,Total,Glass,Retail/off-trade Unit Volume,million units,2019,11.2
USA,Coffee,Total,Glass Jars,Retail/off-trade Unit Volume,million units,2019,11.2
Thailand,Coffee,Total,Glass Jars,Retail/off-trade Unit Volume,million units,2019,120.3
World,Coffee,Total,Glass Jars,Retail/off-trade Unit Volume,million units,2019,3147.3
China,Coffee,Total,Glass Jars,Retail/off-trade Unit Volume,million units,2019,51.7
Brazil,Coffee,Total,Glass Jars,Retail/off-trade Unit Volume,million units,2019,116.1
Germany,Coffee,Total,Glass Jars,Retail/off-trade Unit Volume,million units,2019,78.9
Australia,Coffee,Total,Glass Jars,Retail/off-trade Unit Volume,million units,2019,149.6
Middle East and Africa,Coffee,Total,Glass Jars,Retail/off-trade Unit Volume,million units,2019,193.2
Japan,Coffee,Total,Glass Jars,Retail/off-trade Unit Volume,million units,2019,71.4
India,Coffee,Total,Glass Jars,Retail/off-trade Unit Volume,million units,2019,390.0
United Kingdom,Coffee,Total,Glass Jars,Retail/off-trade Unit Volume,million units,2019,234.0
France,Coffee,Total,Glass Jars,Retail/off-trade Unit Volume,million units,2019,67.8
North America,Coffee,Total,Glass Jars,Retail/off-trade Unit Volume,million units,2019,43.7
Latin America,Coffee,Total,Glass Jars,Retail/off-trade Unit Volume,million units,2019,590.4
Australasia,Coffee,Total,Glass Jars,Retail/off-trade Unit Volume,million units,2019,172.3
Asia Pacific,Coffee,Total,Glass Jars,Retail/off-trade Unit Volume,million units,2019,1076.3
Western Europe,Coffee,Total,Glass Jars,Retail/off-trade Unit Volume,million units,2019,568.6
Eastern Europe,Coffee,Total,Glass Jars,Retail/off-trade Unit Volume,million units,2019,502.8
North America,Coffee,Total,Metal,Retail/off-trade Unit Volume,million units,2019,189.4
Eastern Europe,Coffee,Total,Metal,Retail/off-trade Unit Volume,million units,2019,414.9
Western Europe,Coffee,Total,Metal,Retail/off-trade Unit Volume,million units,2019,1113.5
Asia Pacific,Coffee,Total,Metal,Retail/off-trade Unit Volume,million units,2019,223.1
Australasia,Coffee,Total,Metal,Retail/off-trade Unit Volume,million units,2019,25.5
Latin America,Coffee,Total,Metal,Retail/off-trade Unit Volume,million units,2019,257.9
France,Coffee,Total,Metal,Retail/off-trade Unit Volume,million units,2019,237.5
United Kingdom,Coffee,Total,Metal,Retail/off-trade Unit Volume,million units,2019,103.6
Japan,Coffee,Total,Metal,Retail/off-trade Unit Volume,million units,2019,23.8
India,Coffee,Total,Metal,Retail/off-trade Unit Volume,million units,2019,41.3
Thailand,Coffee,Total,Metal,Retail/off-trade Unit Volume,million units,2019,5.4
Middle East and Africa,Coffee,Total,Metal,Retail/off-trade Unit Volume,million units,2019,49.7
Australia,Coffee,Total,Metal,Retail/off-trade Unit Volume,million units,2019,21.0
Brazil,Coffee,Total,Metal,Retail/off-trade Unit Volume,million units,2019,166.8
Germany,Coffee,Total,Metal,Retail/off-trade Unit Volume,million units,2019,125.8
China,Coffee,Total,Metal,Retail/off-trade Unit Volume,million units,2019,7.4
USA,Coffee,Total,Metal,Retail/off-trade Unit Volume,million units,2019,136.5
World,Coffee,Total,Metal,Retail/off-trade Unit Volume,million units,2019,2274.0
World,Coffee,Total,Aluminium Trays,Retail/off-trade Unit Volume,million units,2019,1.0
Western Europe,Coffee,Total,Aluminium Trays,Retail/off-trade Unit Volume,million units,2019,1.0
Western Europe,Coffee,Total,Metal Tins,Retail/off-trade Unit Volume,million units,2019,320.2
Eastern Europe,Coffee,Total,Metal Tins,Retail/off-trade Unit Volume,million units,2019,383.2
North America,Coffee,Total,Metal Tins,Retail/off-trade Unit Volume,million units,2019,124.9
Latin America,Coffee,Total,Metal Tins,Retail/off-trade Unit Volume,million units,2019,84.9
Australasia,Coffee,Total,Metal Tins,Retail/off-trade Unit Volume,million units,2019,9.7
Asia Pacific,Coffee,Total,Metal Tins,Retail/off-trade Unit Volume,million units,2019,172.8
World,Coffee,Total,Metal Tins,Retail/off-trade Unit Volume,million units,2019,1129.0
USA,Coffee,Total,Metal Tins,Retail/off-trade Unit Volume,million units,2019,72.0
China,Coffee,Total,Metal Tins,Retail/off-trade Unit Volume,million units,2019,4.5
Germany,Coffee,Total,Metal Tins,Retail/off-trade Unit Volume,million units,2019,63.2
Brazil,Coffee,Total,Metal Tins,Retail/off-trade Unit Volume,million units,2019,15.3
Australia,Coffee,Total,Metal Tins,Retail/off-trade Unit Volume,million units,2019,9.3
Middle East and Africa,Coffee,Total,Metal Tins,Retail/off-trade Unit Volume,million units,2019,33.3
Thailand,Coffee,Total,Metal Tins,Retail/off-trade Unit Volume,million units,2019,5.4
India,Coffee,Total,Metal Tins,Retail/off-trade Unit Volume,million units,2019,41.3
Japan,Coffee,Total,Metal Tins,Retail/off-trade Unit Volume,million units,2019,9.6
United Kingdom,Coffee,Total,Metal Tins,Retail/off-trade Unit Volume,million units,2019,23.6
France,Coffee,Total,Metal Tins,Retail/off-trade Unit Volume,million units,2019,27.2
France,Coffee,Total,Other Metal,Retail/off-trade Unit Volume,million units,2019,210.4
United Kingdom,Coffee,Total,Other Metal,Retail/off-trade Unit Volume,million units,2019,79.9
Japan,Coffee,Total,Other Metal,Retail/off-trade Unit Volume,million units,2019,14.2
Middle East and Africa,Coffee,Total,Other Metal,Retail/off-trade Unit Volume,million units,2019,16.5
Australia,Coffee,Total,Other Metal,Retail/off-trade Unit Volume,million units,2019,11.7
Brazil,Coffee,Total,Other Metal,Retail/off-trade Unit Volume,million units,2019,151.5
Germany,Coffee,Total,Other Metal,Retail/off-trade Unit Volume,million units,2019,62.6
China,Coffee,Total,Other Metal,Retail/off-trade Unit Volume,million units,2019,2.9
USA,Coffee,Total,Other Metal,Retail/off-trade Unit Volume,million units,2019,64.5
World,Coffee,Total,Other Metal,Retail/off-trade Unit Volume,million units,2019,1144.0
Asia Pacific,Coffee,Total,Other Metal,Retail/off-trade Unit Volume,million units,2019,50.3
Australasia,Coffee,Total,Other Metal,Retail/off-trade Unit Volume,million units,2019,15.7
Latin America,Coffee,Total,Other Metal,Retail/off-trade Unit Volume,million units,2019,173.0
North America,Coffee,Total,Other Metal,Retail/off-trade Unit Volume,million units,2019,64.5
Eastern Europe,Coffee,Total,Other Metal,Retail/off-trade Unit Volume,million units,2019,31.6
Western Europe,Coffee,Total,Other Metal,Retail/off-trade Unit Volume,million units,2019,792.3
Western Europe,Coffee,Total,Paper-based Containers,Retail/off-trade Unit Volume,million units,2019,1986.1
Eastern Europe,Coffee,Total,Paper-based Containers,Retail/off-trade Unit Volume,million units,2019,323.1
North America,Coffee,Total,Paper-based Containers,Retail/off-trade Unit Volume,million units,2019,758.4
Latin America,Coffee,Total,Paper-based Containers,Retail/off-trade Unit Volume,million units,2019,302.0
Australasia,Coffee,Total,Paper-based Containers,Retail/off-trade Unit Volume,million units,2019,36.6
Asia Pacific,Coffee,Total,Paper-based Containers,Retail/off-trade Unit Volume,million units,2019,1433.8
USA,Coffee,Total,Paper-based Containers,Retail/off-trade Unit Volume,million units,2019,709.8
Thailand,Coffee,Total,Paper-based Containers,Retail/off-trade Unit Volume,million units,2019,0.1
World,Coffee,Total,Paper-based Containers,Retail/off-trade Unit Volume,million units,2019,4888.9
China,Coffee,Total,Paper-based Containers,Retail/off-trade Unit Volume,million units,2019,127.9
Brazil,Coffee,Total,Paper-based Containers,Retail/off-trade Unit Volume,million units,2019,266.6
Germany,Coffee,Total,Paper-based Containers,Retail/off-trade Unit Volume,million units,2019,291.0
Australia,Coffee,Total,Paper-based Containers,Retail/off-trade Unit Volume,million units,2019,31.6
Middle East and Africa,Coffee,Total,Paper-based Containers,Retail/off-trade Unit Volume,million units,2019,48.9
India,Coffee,Total,Paper-based Containers,Retail/off-trade Unit Volume,million units,2019,3.7
Japan,Coffee,Total,Paper-based Containers,Retail/off-trade Unit Volume,million units,2019,233.0
United Kingdom,Coffee,Total,Paper-based Containers,Retail/off-trade Unit Volume,million units,2019,109.2
France,Coffee,Total,Paper-based Containers,Retail/off-trade Unit Volume,million units,2019,578.2
Japan,Coffee,Total,Board Tubs,Retail/off-trade Unit Volume,million units,2019,5.4
China,Coffee,Total,Board Tubs,Retail/off-trade Unit Volume,million units,2019,1.8
World,Coffee,Total,Board Tubs,Retail/off-trade Unit Volume,million units,2019,7.3
Asia Pacific,Coffee,Total,Board Tubs,Retail/off-trade Unit Volume,million units,2019,7.3
Asia Pacific,Coffee,Total,Composite Containers,Retail/off-trade Unit Volume,million units,2019,35.6
Latin America,Coffee,Total,Composite Containers,Retail/off-trade Unit Volume,million units,2019,32.4
North America,Coffee,Total,Composite Containers,Retail/off-trade Unit Volume,million units,2019,95.6
Eastern Europe,Coffee,Total,Composite Containers,Retail/off-trade Unit Volume,million units,2019,0.1
Western Europe,Coffee,Total,Composite Containers,Retail/off-trade Unit Volume,million units,2019,43.4
World,Coffee,Total,Composite Containers,Retail/off-trade Unit Volume,million units,2019,207.1
USA,Coffee,Total,Composite Containers,Retail/off-trade Unit Volume,million units,2019,95.6
Brazil,Coffee,Total,Composite Containers,Retail/off-trade Unit Volume,million units,2019,31.4
Japan,Coffee,Total,Composite Containers,Retail/off-trade Unit Volume,million units,2019,35.6
Germany,Coffee,Total,Composite Containers,Retail/off-trade Unit Volume,million units,2019,36.8
United Kingdom,Coffee,Total,Composite Containers,Retail/off-trade Unit Volume,million units,2019,1.6
France,Coffee,Total,Composite Containers,Retail/off-trade Unit Volume,million units,2019,0.1
United Kingdom,Coffee,Total,Folding Cartons,Retail/off-trade Unit Volume,million units,2019,107.5
France,Coffee,Total,Folding Cartons,Retail/off-trade Unit Volume,million units,2019,578.1
Japan,Coffee,Total,Folding Cartons,Retail/off-trade Unit Volume,million units,2019,192.0
India,Coffee,Total,Folding Cartons,Retail/off-trade Unit Volume,million units,2019,3.7
Brazil,Coffee,Total,Folding Cartons,Retail/off-trade Unit Volume,million units,2019,235.2
China,Coffee,Total,Folding Cartons,Retail/off-trade Unit Volume,million units,2019,126.1
Germany,Coffee,Total,Folding Cartons,Retail/off-trade Unit Volume,million units,2019,254.2
Middle East and Africa,Coffee,Total,Folding Cartons,Retail/off-trade Unit Volume,million units,2019,48.9
Australia,Coffee,Total,Folding Cartons,Retail/off-trade Unit Volume,million units,2019,31.6
Thailand,Coffee,Total,Folding Cartons,Retail/off-trade Unit Volume,million units,2019,0.1
USA,Coffee,Total,Folding Cartons,Retail/off-trade Unit Volume,million units,2019,614.2
World,Coffee,Total,Folding Cartons,Retail/off-trade Unit Volume,million units,2019,4674.6
Eastern Europe,Coffee,Total,Folding Cartons,Retail/off-trade Unit Volume,million units,2019,323.0
Western Europe,Coffee,Total,Folding Cartons,Retail/off-trade Unit Volume,million units,2019,1942.7
North America,Coffee,Total,Folding Cartons,Retail/off-trade Unit Volume,million units,2019,662.8
Latin America,Coffee,Total,Folding Cartons,Retail/off-trade Unit Volume,million units,2019,269.6
Asia Pacific,Coffee,Total,Folding Cartons,Retail/off-trade Unit Volume,million units,2019,1391.0
Australasia,Coffee,Total,Folding Cartons,Retail/off-trade Unit Volume,million units,2019,36.6
Australasia,Coffee,Total,Rigid Plastic,Retail/off-trade Unit Volume,million units,2019,16.4
Asia Pacific,Coffee,Total,Rigid Plastic,Retail/off-trade Unit Volume,million units,2019,28.3
Latin America,Coffee,Total,Rigid Plastic,Retail/off-trade Unit Volume,million units,2019,54.6
Western Europe,Coffee,Total,Rigid Plastic,Retail/off-trade Unit Volume,million units,2019,1168.9
North America,Coffee,Total,Rigid Plastic,Retail/off-trade Unit Volume,million units,2019,846.1
Eastern Europe,Coffee,Total,Rigid Plastic,Retail/off-trade Unit Volume,million units,2019,42.9
USA,Coffee,Total,Rigid Plastic,Retail/off-trade Unit Volume,million units,2019,760.7
World,Coffee,Total,Rigid Plastic,Retail/off-trade Unit Volume,million units,2019,2206.0
Australia,Coffee,Total,Rigid Plastic,Retail/off-trade Unit Volume,million units,2019,16.4
Brazil,Coffee,Total,Rigid Plastic,Retail/off-trade Unit Volume,million units,2019,35.8
Middle East and Africa,Coffee,Total,Rigid Plastic,Retail/off-trade Unit Volume,million units,2019,48.9
Germany,Coffee,Total,Rigid Plastic,Retail/off-trade Unit Volume,million units,2019,415.2
China,Coffee,Total,Rigid Plastic,Retail/off-trade Unit Volume,million units,2019,1.7
India,Coffee,Total,Rigid Plastic,Retail/off-trade Unit Volume,million units,2019,0.9
Thailand,Coffee,Total,Rigid Plastic,Retail/off-trade Unit Volume,million units,2019,17.2
France,Coffee,Total,Rigid Plastic,Retail/off-trade Unit Volume,million units,2019,443.7
United Kingdom,Coffee,Total,Rigid Plastic,Retail/off-trade Unit Volume,million units,2019,66.3
Thailand,Coffee,Total,PET Jars,Retail/off-trade Unit Volume,million units,2019,17.0
India,Coffee,Total,PET Jars,Retail/off-trade Unit Volume,million units,2019,0.9
Middle East and Africa,Coffee,Total,PET Jars,Retail/off-trade Unit Volume,million units,2019,1.7
World,Coffee,Total,PET Jars,Retail/off-trade Unit Volume,million units,2019,94.0
USA,Coffee,Total,PET Jars,Retail/off-trade Unit Volume,million units,2019,38.3
Eastern Europe,Coffee,Total,PET Jars,Retail/off-trade Unit Volume,million units,2019,5.8
North America,Coffee,Total,PET Jars,Retail/off-trade Unit Volume,million units,2019,53.3
Western Europe,Coffee,Total,PET Jars,Retail/off-trade Unit Volume,million units,2019,10.1
Asia Pacific,Coffee,Total,PET Jars,Retail/off-trade Unit Volume,million units,2019,23.0
Asia Pacific,Coffee,Total,Thin Wall Plastic Containers,Retail/off-trade Unit Volume,million units,2019,5.3
Australasia,Coffee,Total,Thin Wall Plastic Containers,Retail/off-trade Unit Volume,million units,2019,14.0
North America,Coffee,Total,Thin Wall Plastic Containers,Retail/off-trade Unit Volume,million units,2019,510.1
Latin America,Coffee,Total,Thin Wall Plastic Containers,Retail/off-trade Unit Volume,million units,2019,2.6
Eastern Europe,Coffee,Total,Thin Wall Plastic Containers,Retail/off-trade Unit Volume,million units,2019,37.0
Western Europe,Coffee,Total,Thin Wall Plastic Containers,Retail/off-trade Unit Volume,million units,2019,1146.6
World,Coffee,Total,Thin Wall Plastic Containers,Retail/off-trade Unit Volume,million units,2019,1728.4
USA,Coffee,Total,Thin Wall Plastic Containers,Retail/off-trade Unit Volume,million units,2019,451.3
Middle East and Africa,Coffee,Total,Thin Wall Plastic Containers,Retail/off-trade Unit Volume,million units,2019,12.7
Australia,Coffee,Total,Thin Wall Plastic Containers,Retail/off-trade Unit Volume,million units,2019,14.0
China,Coffee,Total,Thin Wall Plastic Containers,Retail/off-trade Unit Volume,million units,2019,1.7
Germany,Coffee,Total,Thin Wall Plastic Containers,Retail/off-trade Unit Volume,million units,2019,406.8
Thailand,Coffee,Total,Thin Wall Plastic Containers,Retail/off-trade Unit Volume,million units,2019,0.1
United Kingdom,Coffee,Total,Thin Wall Plastic Containers,Retail/off-trade Unit Volume,million units,2019,66.3
France,Coffee,Total,Thin Wall Plastic Containers,Retail/off-trade Unit Volume,million units,2019,441.7
France,Coffee,Total,Other Plastic Jars,Retail/off-trade Unit Volume,million units,2019,1.9
Brazil,Coffee,Total,Other Plastic Jars,Retail/off-trade Unit Volume,million units,2019,12.9
Australia,Coffee,Total,Other Plastic Jars,Retail/off-trade Unit Volume,million units,2019,2.3
Middle East and Africa,Coffee,Total,Other Plastic Jars,Retail/off-trade Unit Volume,million units,2019,34.5
World,Coffee,Total,Other Plastic Jars,Retail/off-trade Unit Volume,million units,2019,340.3
USA,Coffee,Total,Other Plastic Jars,Retail/off-trade Unit Volume,million units,2019,271.1
North America,Coffee,Total,Other Plastic Jars,Retail/off-trade Unit Volume,million units,2019,271.1
Western Europe,Coffee,Total,Other Plastic Jars,Retail/off-trade Unit Volume,million units,2019,3.4
Latin America,Coffee,Total,Other Plastic Jars,Retail/off-trade Unit Volume,million units,2019,29.0
Australasia,Coffee,Total,Other Plastic Jars,Retail/off-trade Unit Volume,million units,2019,2.3
North America,Coffee,Total,Other Rigid Containers,Retail/off-trade Unit Volume,million units,2019,11.5
Latin America,Coffee,Total,Other Rigid Containers,Retail/off-trade Unit Volume,million units,2019,23.0
Western Europe,Coffee,Total,Other Rigid Containers,Retail/off-trade Unit Volume,million units,2019,8.8
World,Coffee,Total,Other Rigid Containers,Retail/off-trade Unit Volume,million units,2019,43.3
Brazil,Coffee,Total,Other Rigid Containers,Retail/off-trade Unit Volume,million units,2019,23.0
Germany,Coffee,Total,Other Rigid Containers,Retail/off-trade Unit Volume,million units,2019,8.4
World,Coffee,Total,Other Packaging,Retail/off-trade Unit Volume,million units,2019,0.4
Western Europe,Coffee,Total,Other Packaging,Retail/off-trade Unit Volume,million units,2019,
Eastern Europe,Coffee,Total,Other Packaging,Retail/off-trade Unit Volume,million units,2019,0.4
Latin America,Coffee,Total,Other Packaging,Retail/off-trade Unit Volume,million units,2019,0.0
World,RTD Coffee,Total,Total Packaging,Retail/off-trade Unit Volume,million units,2019,20970.5
Western Europe,RTD Coffee,Total,Total Packaging,Retail/off-trade Unit Volume,million units,2019,1126.1
Eastern Europe,RTD Coffee,Total,Total Packaging,Retail/off-trade Unit Volume,million units,2019,119.7
North America,RTD Coffee,Total,Total Packaging,Retail/off-trade Unit Volume,million units,2019,1955.1
Latin America,RTD Coffee,Total,Total Packaging,Retail/off-trade Unit Volume,million units,2019,40.1
Asia Pacific,RTD Coffee,Total,Total Packaging,Retail/off-trade Unit Volume,million units,2019,17667.6
Australasia,RTD Coffee,Total,Total Packaging,Retail/off-trade Unit Volume,million units,2019,10.8
Middle East and Africa,RTD Coffee,Total,Total Packaging,Retail/off-trade Unit Volume,million units,2019,50.9
Australia,RTD Coffee,Total,Total Packaging,Retail/off-trade Unit Volume,million units,2019,10.5
Brazil,RTD Coffee,Total,Total Packaging,Retail/off-trade Unit Volume,million units,2019,7.1
China,RTD Coffee,Total,Total Packaging,Retail/off-trade Unit Volume,million units,2019,1403.6
Germany,RTD Coffee,Total,Total Packaging,Retail/off-trade Unit Volume,million units,2019,486.5
France,RTD Coffee,Total,Total Packaging,Retail/off-trade Unit Volume,million units,2019,25.3
United Kingdom,RTD Coffee,Total,Total Packaging,Retail/off-trade Unit Volume,million units,2019,85.5
Japan,RTD Coffee,Total,Total Packaging,Retail/off-trade Unit Volume,million units,2019,11422.9
Thailand,RTD Coffee,Total,Total Packaging,Retail/off-trade Unit Volume,million units,2019,1021.2
USA,RTD Coffee,Total,Total Packaging,Retail/off-trade Unit Volume,million units,2019,1930.6
Asia Pacific,RTD Coffee,Total,Flexible Packaging,Retail/off-trade Unit Volume,million units,2019,361.6
World,RTD Coffee,Total,Flexible Packaging,Retail/off-trade Unit Volume,million units,2019,361.6
World,RTD Coffee,Total,Stand-Up Pouches,Retail/off-trade Unit Volume,million units,2019,361.6
Asia Pacific,RTD Coffee,Total,Stand-Up Pouches,Retail/off-trade Unit Volume,million units,2019,361.6
Asia Pacific,RTD Coffee,Total,Aluminium /Plastic Pouches,Retail/off-trade Unit Volume,million units,2019,361.6
World,RTD Coffee,Total,Aluminium /Plastic Pouches,Retail/off-trade Unit Volume,million units,2019,361.6
USA,RTD Coffee,Total,Glass,Retail/off-trade Unit Volume,million units,2019,1097.7
World,RTD Coffee,Total,Glass,Retail/off-trade Unit Volume,million units,2019,1231.7
Latin America,RTD Coffee,Total,Glass,Retail/off-trade Unit Volume,million units,2019,26.3
Asia Pacific,RTD Coffee,Total,Glass,Retail/off-trade Unit Volume,million units,2019,42.9
North America,RTD Coffee,Total,Glass,Retail/off-trade Unit Volume,million units,2019,1116.4
Eastern Europe,RTD Coffee,Total,Glass,Retail/off-trade Unit Volume,million units,2019,3.3
Western Europe,RTD Coffee,Total,Glass,Retail/off-trade Unit Volume,million units,2019,42.0
Thailand,RTD Coffee,Total,Glass,Retail/off-trade Unit Volume,million units,2019,1.9
United Kingdom,RTD Coffee,Total,Glass,Retail/off-trade Unit Volume,million units,2019,5.6
France,RTD Coffee,Total,Glass,Retail/off-trade Unit Volume,million units,2019,0.5
China,RTD Coffee,Total,Glass,Retail/off-trade Unit Volume,million units,2019,13.9
Middle East and Africa,RTD Coffee,Total,Glass,Retail/off-trade Unit Volume,million units,2019,0.7
Middle East and Africa,RTD Coffee,Total,Glass Bottles,Retail/off-trade Unit Volume,million units,2019,0.7
China,RTD Coffee,Total,Glass Bottles,Retail/off-trade Unit Volume,million units,2019,13.9
France,RTD Coffee,Total,Glass Bottles,Retail/off-trade Unit Volume,million units,2019,0.5
United Kingdom,RTD Coffee,Total,Glass Bottles,Retail/off-trade Unit Volume,million units,2019,5.6
Thailand,RTD Coffee,Total,Glass Bottles,Retail/off-trade Unit Volume,million units,2019,1.9
Western Europe,RTD Coffee,Total,Glass Bottles,Retail/off-trade Unit Volume,million units,2019,42.0
Eastern Europe,RTD Coffee,Total,Glass Bottles,Retail/off-trade Unit Volume,million units,2019,3.3
North America,RTD Coffee,Total,Glass Bottles,Retail/off-trade Unit Volume,million units,2019,1116.4
Asia Pacific,RTD Coffee,Total,Glass Bottles,Retail/off-trade Unit Volume,million units,2019,42.9
Latin America,RTD Coffee,Total,Glass Bottles,Retail/off-trade Unit Volume,million units,2019,26.3
World,RTD Coffee,Total,Glass Bottles,Retail/off-trade Unit Volume,million units,2019,1231.7
USA,RTD Coffee,Total,Glass Bottles,Retail/off-trade Unit Volume,million units,2019,1097.7
USA,RTD Coffee,Total,Liquid Cartons,Retail/off-trade Unit Volume,million units,2019,39.4
World,RTD Coffee,Total,Liquid Cartons,Retail/off-trade Unit Volume,million units,2019,474.8
Latin America,RTD Coffee,Total,Liquid Cartons,Retail/off-trade Unit Volume,million units,2019,6.9
Asia Pacific,RTD Coffee,Total,Liquid Cartons,Retail/off-trade Unit Volume,million units,2019,397.5
Australasia,RTD Coffee,Total,Liquid Cartons,Retail/off-trade Unit Volume,million units,2019,7.3
North America,RTD Coffee,Total,Liquid Cartons,Retail/off-trade Unit Volume,million units,2019,40.2
Eastern Europe,RTD Coffee,Total,Liquid Cartons,Retail/off-trade Unit Volume,million units,2019,8.8
Western Europe,RTD Coffee,Total,Liquid Cartons,Retail/off-trade Unit Volume,million units,2019,14.1
Thailand,RTD Coffee,Total,Liquid Cartons,Retail/off-trade Unit Volume,million units,2019,1.8
Japan,RTD Coffee,Total,Liquid Cartons,Retail/off-trade Unit Volume,million units,2019,125.4
United Kingdom,RTD Coffee,Total,Liquid Cartons,Retail/off-trade Unit Volume,million units,2019,6.7
France,RTD Coffee,Total,Liquid Cartons,Retail/off-trade Unit Volume,million units,2019,
China,RTD Coffee,Total,Liquid Cartons,Retail/off-trade Unit Volume,million units,2019,2.5
Middle East and Africa,RTD Coffee,Total,Liquid Cartons,Retail/off-trade Unit Volume,million units,2019,0.0
Brazil,RTD Coffee,Total,Liquid Cartons,Retail/off-trade Unit Volume,million units,2019,6.8
Australia,RTD Coffee,Total,Liquid Cartons,Retail/off-trade Unit Volume,million units,2019,7.1
Australia,RTD Coffee,Total,Brick Liquid Cartons,Retail/off-trade Unit Volume,million units,2019,2.4
Middle East and Africa,RTD Coffee,Total,Brick Liquid Cartons,Retail/off-trade Unit Volume,million units,2019,0.0
China,RTD Coffee,Total,Brick Liquid Cartons,Retail/off-trade Unit Volume,million units,2019,
United Kingdom,RTD Coffee,Total,Brick Liquid Cartons,Retail/off-trade Unit Volume,million units,2019,0.1
Thailand,RTD Coffee,Total,Brick Liquid Cartons,Retail/off-trade Unit Volume,million units,2019,1.8
Eastern Europe,RTD Coffee,Total,Brick Liquid Cartons,Retail/off-trade Unit Volume,million units,2019,8.3
Western Europe,RTD Coffee,Total,Brick Liquid Cartons,Retail/off-trade Unit Volume,million units,2019,3.6
Australasia,RTD Coffee,Total,Brick Liquid Cartons,Retail/off-trade Unit Volume,million units,2019,2.5
Asia Pacific,RTD Coffee,Total,Brick Liquid Cartons,Retail/off-trade Unit Volume,million units,2019,224.6
World,RTD Coffee,Total,Brick Liquid Cartons,Retail/off-trade Unit Volume,million units,2019,239.1
World,RTD Coffee,Total,Gable Top Liquid Cartons,Retail/off-trade Unit Volume,million units,2019,188.5
USA,RTD Coffee,Total,Gable Top Liquid Cartons,Retail/off-trade Unit Volume,million units,2019,14.7
Asia Pacific,RTD Coffee,Total,Gable Top Liquid Cartons,Retail/off-trade Unit Volume,million units,2019,166.5
Latin America,RTD Coffee,Total,Gable Top Liquid Cartons,Retail/off-trade Unit Volume,million units,2019,
Australasia,RTD Coffee,Total,Gable Top Liquid Cartons,Retail/off-trade Unit Volume,million units,2019,4.8
North America,RTD Coffee,Total,Gable Top Liquid Cartons,Retail/off-trade Unit Volume,million units,2019,15.5
Western Europe,RTD Coffee,Total,Gable Top Liquid Cartons,Retail/off-trade Unit Volume,million units,2019,1.6
Japan,RTD Coffee,Total,Gable Top Liquid Cartons,Retail/off-trade Unit Volume,million units,2019,125.4
United Kingdom,RTD Coffee,Total,Gable Top Liquid Cartons,Retail/off-trade Unit Volume,million units,2019,1.6
Australia,RTD Coffee,Total,Gable Top Liquid Cartons,Retail/off-trade Unit Volume,million units,2019,4.7
Brazil,RTD Coffee,Total,Gable Top Liquid Cartons,Retail/off-trade Unit Volume,million units,2019,
Brazil,RTD Coffee,Total,Shaped Liquid Cartons,Retail/off-trade Unit Volume,million units,2019,6.8
China,RTD Coffee,Total,Shaped Liquid Cartons,Retail/off-trade Unit Volume,million units,2019,2.5
France,RTD Coffee,Total,Shaped Liquid Cartons,Retail/off-trade Unit Volume,million units,2019,
United Kingdom,RTD Coffee,Total,Shaped Liquid Cartons,Retail/off-trade Unit Volume,million units,2019,5.0
Eastern Europe,RTD Coffee,Total,Shaped Liquid Cartons,Retail/off-trade Unit Volume,million units,2019,0.5
North America,RTD Coffee,Total,Shaped Liquid Cartons,Retail/off-trade Unit Volume,million units,2019,24.6
Western Europe,RTD Coffee,Total,Shaped Liquid Cartons,Retail/off-trade Unit Volume,million units,2019,8.9
Latin America,RTD Coffee,Total,Shaped Liquid Cartons,Retail/off-trade Unit Volume,million units,2019,6.9
Asia Pacific,RTD Coffee,Total,Shaped Liquid Cartons,Retail/off-trade Unit Volume,million units,2019,6.4
USA,RTD Coffee,Total,Shaped Liquid Cartons,Retail/off-trade Unit Volume,million units,2019,24.6
World,RTD Coffee,Total,Shaped Liquid Cartons,Retail/off-trade Unit Volume,million units,2019,47.3
World,RTD Coffee,Total,Metal,Retail/off-trade Unit Volume,million units,2019,12790.2
Asia Pacific,RTD Coffee,Total,Metal,Retail/off-trade Unit Volume,million units,2019,11810.9
Middle East and Africa,RTD Coffee,Total,Metal,Retail/off-trade Unit Volume,million units,2019,49.2
Australasia,RTD Coffee,Total,Metal,Retail/off-trade Unit Volume,million units,2019,0.4
North America,RTD Coffee,Total,Metal,Retail/off-trade Unit Volume,million units,2019,579.0
Latin America,RTD Coffee,Total,Metal,Retail/off-trade Unit Volume,million units,2019,5.9
Eastern Europe,RTD Coffee,Total,Metal,Retail/off-trade Unit Volume,million units,2019,93.8
Western Europe,RTD Coffee,Total,Metal,Retail/off-trade Unit Volume,million units,2019,251.0
Thailand,RTD Coffee,Total,Metal,Retail/off-trade Unit Volume,million units,2019,986.8
USA,RTD Coffee,Total,Metal,Retail/off-trade Unit Volume,million units,2019,579.0
United Kingdom,RTD Coffee,Total,Metal,Retail/off-trade Unit Volume,million units,2019,11.8
Japan,RTD Coffee,Total,Metal,Retail/off-trade Unit Volume,million units,2019,8768.6
China,RTD Coffee,Total,Metal,Retail/off-trade Unit Volume,million units,2019,652.6
France,RTD Coffee,Total,Metal,Retail/off-trade Unit Volume,million units,2019,3.3
Germany,RTD Coffee,Total,Metal,Retail/off-trade Unit Volume,million units,2019,64.3
Australia,RTD Coffee,Total,Metal,Retail/off-trade Unit Volume,million units,2019,0.4
Australia,RTD Coffee,Total,Metal Beverage Cans,Retail/off-trade Unit Volume,million units,2019,0.4
Germany,RTD Coffee,Total,Metal Beverage Cans,Retail/off-trade Unit Volume,million units,2019,64.3
France,RTD Coffee,Total,Metal Beverage Cans,Retail/off-trade Unit Volume,million units,2019,3.3
China,RTD Coffee,Total,Metal Beverage Cans,Retail/off-trade Unit Volume,million units,2019,652.6
Japan,RTD Coffee,Total,Metal Beverage Cans,Retail/off-trade Unit Volume,million units,2019,6202.5
United Kingdom,RTD Coffee,Total,Metal Beverage Cans,Retail/off-trade Unit Volume,million units,2019,11.8
USA,RTD Coffee,Total,Metal Beverage Cans,Retail/off-trade Unit Volume,million units,2019,508.9
Thailand,RTD Coffee,Total,Metal Beverage Cans,Retail/off-trade Unit Volume,million units,2019,986.8
Western Europe,RTD Coffee,Total,Metal Beverage Cans,Retail/off-trade Unit Volume,million units,2019,251.0
Eastern Europe,RTD Coffee,Total,Metal Beverage Cans,Retail/off-trade Unit Volume,million units,2019,93.8
Latin America,RTD Coffee,Total,Metal Beverage Cans,Retail/off-trade Unit Volume,million units,2019,5.9
North America,RTD Coffee,Total,Metal Beverage Cans,Retail/off-trade Unit Volume,million units,2019,509.0
Australasia,RTD Coffee,Total,Metal Beverage Cans,Retail/off-trade Unit Volume,million units,2019,0.4
Middle East and Africa,RTD Coffee,Total,Metal Beverage Cans,Retail/off-trade Unit Volume,million units,2019,49.2
Asia Pacific,RTD Coffee,Total,Metal Beverage Cans,Retail/off-trade Unit Volume,million units,2019,9219.2
World,RTD Coffee,Total,Metal Beverage Cans,Retail/off-trade Unit Volume,million units,2019,10128.5
World,RTD Coffee,Total,Metal Bottles,Retail/off-trade Unit Volume,million units,2019,2661.7
Asia Pacific,RTD Coffee,Total,Metal Bottles,Retail/off-trade Unit Volume,million units,2019,2591.6
North America,RTD Coffee,Total,Metal Bottles,Retail/off-trade Unit Volume,million units,2019,70.1
USA,RTD Coffee,Total,Metal Bottles,Retail/off-trade Unit Volume,million units,2019,70.1
Japan,RTD Coffee,Total,Metal Bottles,Retail/off-trade Unit Volume,million units,2019,2566.1
Australia,RTD Coffee,Total,Paper-based Containers,Retail/off-trade Unit Volume,million units,2019,0.0
Australasia,RTD Coffee,Total,Paper-based Containers,Retail/off-trade Unit Volume,million units,2019,0.0
World,RTD Coffee,Total,Paper-based Containers,Retail/off-trade Unit Volume,million units,2019,0.0
World,RTD Coffee,Total,Bag In Box,Retail/off-trade Unit Volume,million units,2019,0.0
Australasia,RTD Coffee,Total,Bag In Box,Retail/off-trade Unit Volume,million units,2019,0.0
Australia,RTD Coffee,Total,Bag In Box,Retail/off-trade Unit Volume,million units,2019,0.0
Brazil,RTD Coffee,Total,Rigid Plastic,Retail/off-trade Unit Volume,million units,2019,0.3
Australia,RTD Coffee,Total,Rigid Plastic,Retail/off-trade Unit Volume,million units,2019,3.0
China,RTD Coffee,Total,Rigid Plastic,Retail/off-trade Unit Volume,million units,2019,734.6
France,RTD Coffee,Total,Rigid Plastic,Retail/off-trade Unit Volume,million units,2019,21.5
Germany,RTD Coffee,Total,Rigid Plastic,Retail/off-trade Unit Volume,million units,2019,422.2
Japan,RTD Coffee,Total,Rigid Plastic,Retail/off-trade Unit Volume,million units,2019,2528.9
United Kingdom,RTD Coffee,Total,Rigid Plastic,Retail/off-trade Unit Volume,million units,2019,61.3
USA,RTD Coffee,Total,Rigid Plastic,Retail/off-trade Unit Volume,million units,2019,214.6
Thailand,RTD Coffee,Total,Rigid Plastic,Retail/off-trade Unit Volume,million units,2019,25.2
Middle East and Africa,RTD Coffee,Total,Rigid Plastic,Retail/off-trade Unit Volume,million units,2019,1.0
Australasia,RTD Coffee,Total,Rigid Plastic,Retail/off-trade Unit Volume,million units,2019,3.1
Asia Pacific,RTD Coffee,Total,Rigid Plastic,Retail/off-trade Unit Volume,million units,2019,5049.2
North America,RTD Coffee,Total,Rigid Plastic,Retail/off-trade Unit Volume,million units,2019,219.5
Latin America,RTD Coffee,Total,Rigid Plastic,Retail/off-trade Unit Volume,million units,2019,1.0
Eastern Europe,RTD Coffee,Total,Rigid Plastic,Retail/off-trade Unit Volume,million units,2019,13.5
Western Europe,RTD Coffee,Total,Rigid Plastic,Retail/off-trade Unit Volume,million units,2019,817.2
World,RTD Coffee,Total,Rigid Plastic,Retail/off-trade Unit Volume,million units,2019,6104.4
World,RTD Coffee,Total,HDPE Bottles,Retail/off-trade Unit Volume,million units,2019,27.9
China,RTD Coffee,Total,HDPE Bottles,Retail/off-trade Unit Volume,million units,2019,8.7
Eastern Europe,RTD Coffee,Total,HDPE Bottles,Retail/off-trade Unit Volume,million units,2019,3.5
North America,RTD Coffee,Total,HDPE Bottles,Retail/off-trade Unit Volume,million units,2019,3.0
Latin America,RTD Coffee,Total,HDPE Bottles,Retail/off-trade Unit Volume,million units,2019,0.7
Asia Pacific,RTD Coffee,Total,HDPE Bottles,Retail/off-trade Unit Volume,million units,2019,17.6
Australasia,RTD Coffee,Total,HDPE Bottles,Retail/off-trade Unit Volume,million units,2019,3.0
Australia,RTD Coffee,Total,HDPE Bottles,Retail/off-trade Unit Volume,million units,2019,3.0
Brazil,RTD Coffee,Total,PET Bottles,Retail/off-trade Unit Volume,million units,2019,0.3
Germany,RTD Coffee,Total,PET Bottles,Retail/off-trade Unit Volume,million units,2019,43.4
France,RTD Coffee,Total,PET Bottles,Retail/off-trade Unit Volume,million units,2019,1.4
China,RTD Coffee,Total,PET Bottles,Retail/off-trade Unit Volume,million units,2019,725.9
Thailand,RTD Coffee,Total,PET Bottles,Retail/off-trade Unit Volume,million units,2019,25.2
USA,RTD Coffee,Total,PET Bottles,Retail/off-trade Unit Volume,million units,2019,214.6
United Kingdom,RTD Coffee,Total,PET Bottles,Retail/off-trade Unit Volume,million units,2019,1.0
Japan,RTD Coffee,Total,PET Bottles,Retail/off-trade Unit Volume,million units,2019,1862.7
Middle East and Africa,RTD Coffee,Total,PET Bottles,Retail/off-trade Unit Volume,million units,2019,1.0
Asia Pacific,RTD Coffee,Total,PET Bottles,Retail/off-trade Unit Volume,million units,2019,3610.6
North America,RTD Coffee,Total,PET Bottles,Retail/off-trade Unit Volume,million units,2019,216.5
Latin America,RTD Coffee,Total,PET Bottles,Retail/off-trade Unit Volume,million units,2019,0.3
Western Europe,RTD Coffee,Total,PET Bottles,Retail/off-trade Unit Volume,million units,2019,71.4
Eastern Europe,RTD Coffee,Total,PET Bottles,Retail/off-trade Unit Volume,million units,2019,5.5
World,RTD Coffee,Total,PET Bottles,Retail/off-trade Unit Volume,million units,2019,3905.2
World,RTD Coffee,Total,Thin Wall Plastic Containers,Retail/off-trade Unit Volume,million units,2019,2166.4
Eastern Europe,RTD Coffee,Total,Thin Wall Plastic Containers,Retail/off-trade Unit Volume,million units,2019,4.5
Western Europe,RTD Coffee,Total,Thin Wall Plastic Containers,Retail/off-trade Unit Volume,million units,2019,741.0
Asia Pacific,RTD Coffee,Total,Thin Wall Plastic Containers,Retail/off-trade Unit Volume,million units,2019,1420.9
Japan,RTD Coffee,Total,Thin Wall Plastic Containers,Retail/off-trade Unit Volume,million units,2019,666.1
United Kingdom,RTD Coffee,Total,Thin Wall Plastic Containers,Retail/off-trade Unit Volume,million units,2019,60.3
China,RTD Coffee,Total,Thin Wall Plastic Containers,Retail/off-trade Unit Volume,million units,2019,
France,RTD Coffee,Total,Thin Wall Plastic Containers,Retail/off-trade Unit Volume,million units,2019,20.0
Germany,RTD Coffee,Total,Thin Wall Plastic Containers,Retail/off-trade Unit Volume,million units,2019,378.8
Australasia,RTD Coffee,Total,Other Plastic Bottles,Retail/off-trade Unit Volume,million units,2019,0.1
Western Europe,RTD Coffee,Total,Other Plastic Bottles,Retail/off-trade Unit Volume,million units,2019,4.8
World,RTD Coffee,Total,Other Plastic Bottles,Retail/off-trade Unit Volume,million units,2019,4.9
World,RTD Coffee,Total,Other Packaging,Retail/off-trade Unit Volume,million units,2019,7.7
Eastern Europe,RTD Coffee,Total,Other Packaging,Retail/off-trade Unit Volume,million units,2019,0.4
Western Europe,RTD Coffee,Total,Other Packaging,Retail/off-trade Unit Volume,million units,2019,1.7
Asia Pacific,RTD Coffee,Total,Other Packaging,Retail/off-trade Unit Volume,million units,2019,5.6
Middle East and Africa,RTD Coffee,Total,Other Packaging,Retail/off-trade Unit Volume,million units,2019,0.0
Thailand,RTD Coffee,Total,Other Packaging,Retail/off-trade Unit Volume,million units,2019,5.6
Western Europe,Coffee,Total,Total Packaging,Retail/off-trade Unit Volume,million units,2020,12080.3
Eastern Europe,Coffee,Total,Total Packaging,Retail/off-trade Unit Volume,million units,2020,4919.0
North America,Coffee,Total,Total Packaging,Retail/off-trade Unit Volume,million units,2020,3497.4
Latin America,Coffee,Total,Total Packaging,Retail/off-trade Unit Volume,million units,2020,4406.3
Asia Pacific,Coffee,Total,Total Packaging,Retail/off-trade Unit Volume,million units,2020,29916.8
Australasia,Coffee,Total,Total Packaging,Retail/off-trade Unit Volume,million units,2020,296.1
Middle East and Africa,Coffee,Total,Total Packaging,Retail/off-trade Unit Volume,million units,2020,874.7
Australia,Coffee,Total,Total Packaging,Retail/off-trade Unit Volume,million units,2020,253.8
Brazil,Coffee,Total,Total Packaging,Retail/off-trade Unit Volume,million units,2020,3017.9
China,Coffee,Total,Total Packaging,Retail/off-trade Unit Volume,million units,2020,320.5
Germany,Coffee,Total,Total Packaging,Retail/off-trade Unit Volume,million units,2020,2443.8
France,Coffee,Total,Total Packaging,Retail/off-trade Unit Volume,million units,2020,2156.3
United Kingdom,Coffee,Total,Total Packaging,Retail/off-trade Unit Volume,million units,2020,716.5
India,Coffee,Total,Total Packaging,Retail/off-trade Unit Volume,million units,2020,1564.7
Japan,Coffee,Total,Total Packaging,Retail/off-trade Unit Volume,million units,2020,909.7
Thailand,Coffee,Total,Total Packaging,Retail/off-trade Unit Volume,million units,2020,673.3
USA,Coffee,Total,Total Packaging,Retail/off-trade Unit Volume,million units,2020,3171.7
World,Coffee,Total,Total Packaging,Retail/off-trade Unit Volume,million units,2020,55990.7
USA,Coffee,Total,Flexible Packaging,Retail/off-trade Unit Volume,million units,2020,1401.8
Thailand,Coffee,Total,Flexible Packaging,Retail/off-trade Unit Volume,million units,2020,520.2
World,Coffee,Total,Flexible Packaging,Retail/off-trade Unit Volume,million units,2020,42594.9
Japan,Coffee,Total,Flexible Packaging,Retail/off-trade Unit Volume,million units,2020,547.5
India,Coffee,Total,Flexible Packaging,Retail/off-trade Unit Volume,million units,2020,1086.5
United Kingdom,Coffee,Total,Flexible Packaging,Retail/off-trade Unit Volume,million units,2020,166.0
France,Coffee,Total,Flexible Packaging,Retail/off-trade Unit Volume,million units,2020,673.9
China,Coffee,Total,Flexible Packaging,Retail/off-trade Unit Volume,million units,2020,124.9
Germany,Coffee,Total,Flexible Packaging,Retail/off-trade Unit Volume,million units,2020,1474.2
Brazil,Coffee,Total,Flexible Packaging,Retail/off-trade Unit Volume,million units,2020,2405.0
Australia,Coffee,Total,Flexible Packaging,Retail/off-trade Unit Volume,million units,2020,25.9
Middle East and Africa,Coffee,Total,Flexible Packaging,Retail/off-trade Unit Volume,million units,2020,506.7
Australasia,Coffee,Total,Flexible Packaging,Retail/off-trade Unit Volume,million units,2020,32.1
Asia Pacific,Coffee,Total,Flexible Packaging,Retail/off-trade Unit Volume,million units,2020,27069.9
North America,Coffee,Total,Flexible Packaging,Retail/off-trade Unit Volume,million units,2020,1481.7
Latin America,Coffee,Total,Flexible Packaging,Retail/off-trade Unit Volume,million units,2020,3151.4
Eastern Europe,Coffee,Total,Flexible Packaging,Retail/off-trade Unit Volume,million units,2020,3638.9
Western Europe,Coffee,Total,Flexible Packaging,Retail/off-trade Unit Volume,million units,2020,6714.2
Western Europe,Coffee,Total,Flexible Aluminium/Paper,Retail/off-trade Unit Volume,million units,2020,192.2
Eastern Europe,Coffee,Total,Flexible Aluminium/Paper,Retail/off-trade Unit Volume,million units,2020,118.8
Latin America,Coffee,Total,Flexible Aluminium/Paper,Retail/off-trade Unit Volume,million units,2020,0.0
North America,Coffee,Total,Flexible Aluminium/Paper,Retail/off-trade Unit Volume,million units,2020,456.2
Asia Pacific,Coffee,Total,Flexible Aluminium/Paper,Retail/off-trade Unit Volume,million units,2020,2.1
Australasia,Coffee,Total,Flexible Aluminium/Paper,Retail/off-trade Unit Volume,million units,2020,4.4
Middle East and Africa,Coffee,Total,Flexible Aluminium/Paper,Retail/off-trade Unit Volume,million units,2020,1.2
Australia,Coffee,Total,Flexible Aluminium/Paper,Retail/off-trade Unit Volume,million units,2020,3.4
China,Coffee,Total,Flexible Aluminium/Paper,Retail/off-trade Unit Volume,million units,2020,0.0
Germany,Coffee,Total,Flexible Aluminium/Paper,Retail/off-trade Unit Volume,million units,2020,67.2
France,Coffee,Total,Flexible Aluminium/Paper,Retail/off-trade Unit Volume,million units,2020,8.3
World,Coffee,Total,Flexible Aluminium/Paper,Retail/off-trade Unit Volume,million units,2020,775.1
USA,Coffee,Total,Flexible Aluminium/Paper,Retail/off-trade Unit Volume,million units,2020,430.6
USA,Coffee,Total,Flexible Aluminium/Plastic,Retail/off-trade Unit Volume,million units,2020,645.1
Thailand,Coffee,Total,Flexible Aluminium/Plastic,Retail/off-trade Unit Volume,million units,2020,303.7
World,Coffee,Total,Flexible Aluminium/Plastic,Retail/off-trade Unit Volume,million units,2020,28819.2
France,Coffee,Total,Flexible Aluminium/Plastic,Retail/off-trade Unit Volume,million units,2020,166.6
Germany,Coffee,Total,Flexible Aluminium/Plastic,Retail/off-trade Unit Volume,million units,2020,460.6
India,Coffee,Total,Flexible Aluminium/Plastic,Retail/off-trade Unit Volume,million units,2020,1086.5
Japan,Coffee,Total,Flexible Aluminium/Plastic,Retail/off-trade Unit Volume,million units,2020,363.1
United Kingdom,Coffee,Total,Flexible Aluminium/Plastic,Retail/off-trade Unit Volume,million units,2020,68.2
China,Coffee,Total,Flexible Aluminium/Plastic,Retail/off-trade Unit Volume,million units,2020,124.9
Brazil,Coffee,Total,Flexible Aluminium/Plastic,Retail/off-trade Unit Volume,million units,2020,2186.8
Middle East and Africa,Coffee,Total,Flexible Aluminium/Plastic,Retail/off-trade Unit Volume,million units,2020,280.6
Australia,Coffee,Total,Flexible Aluminium/Plastic,Retail/off-trade Unit Volume,million units,2020,12.2
Australasia,Coffee,Total,Flexible Aluminium/Plastic,Retail/off-trade Unit Volume,million units,2020,15.6
Asia Pacific,Coffee,Total,Flexible Aluminium/Plastic,Retail/off-trade Unit Volume,million units,2020,20614.6
Latin America,Coffee,Total,Flexible Aluminium/Plastic,Retail/off-trade Unit Volume,million units,2020,2777.8
North America,Coffee,Total,Flexible Aluminium/Plastic,Retail/off-trade Unit Volume,million units,2020,692.7
Eastern Europe,Coffee,Total,Flexible Aluminium/Plastic,Retail/off-trade Unit Volume,million units,2020,2694.1
Western Europe,Coffee,Total,Flexible Aluminium/Plastic,Retail/off-trade Unit Volume,million units,2020,1743.8
Western Europe,Coffee,Total,Flexible Paper,Retail/off-trade Unit Volume,million units,2020,492.4
Eastern Europe,Coffee,Total,Flexible Paper,Retail/off-trade Unit Volume,million units,2020,86.3
Latin America,Coffee,Total,Flexible Paper,Retail/off-trade Unit Volume,million units,2020,1.7
Asia Pacific,Coffee,Total,Flexible Paper,Retail/off-trade Unit Volume,million units,2020,4.7
Australasia,Coffee,Total,Flexible Paper,Retail/off-trade Unit Volume,million units,2020,0.0
Middle East and Africa,Coffee,Total,Flexible Paper,Retail/off-trade Unit Volume,million units,2020,2.9
United Kingdom,Coffee,Total,Flexible Paper,Retail/off-trade Unit Volume,million units,2020,7.5
Germany,Coffee,Total,Flexible Paper,Retail/off-trade Unit Volume,million units,2020,441.4
World,Coffee,Total,Flexible Paper,Retail/off-trade Unit Volume,million units,2020,588.1
World,Coffee,Total,Flexible Paper/Plastic,Retail/off-trade Unit Volume,million units,2020,120.2
United Kingdom,Coffee,Total,Flexible Paper/Plastic,Retail/off-trade Unit Volume,million units,2020,
Western Europe,Coffee,Total,Flexible Paper/Plastic,Retail/off-trade Unit Volume,million units,2020,120.2
Western Europe,Coffee,Total,Flexible Plastic,Retail/off-trade Unit Volume,million units,2020,4041.8
Eastern Europe,Coffee,Total,Flexible Plastic,Retail/off-trade Unit Volume,million units,2020,218.5
Australasia,Coffee,Total,Flexible Plastic,Retail/off-trade Unit Volume,million units,2020,12.1
Asia Pacific,Coffee,Total,Flexible Plastic,Retail/off-trade Unit Volume,million units,2020,5979.5
Latin America,Coffee,Total,Flexible Plastic,Retail/off-trade Unit Volume,million units,2020,82.9
North America,Coffee,Total,Flexible Plastic,Retail/off-trade Unit Volume,million units,2020,143.3
United Kingdom,Coffee,Total,Flexible Plastic,Retail/off-trade Unit Volume,million units,2020,76.7
Japan,Coffee,Total,Flexible Plastic,Retail/off-trade Unit Volume,million units,2020,184.4
Germany,Coffee,Total,Flexible Plastic,Retail/off-trade Unit Volume,million units,2020,504.0
France,Coffee,Total,Flexible Plastic,Retail/off-trade Unit Volume,million units,2020,468.9
Middle East and Africa,Coffee,Total,Flexible Plastic,Retail/off-trade Unit Volume,million units,2020,108.3
Australia,Coffee,Total,Flexible Plastic,Retail/off-trade Unit Volume,million units,2020,10.3
Brazil,Coffee,Total,Flexible Plastic,Retail/off-trade Unit Volume,million units,2020,2.2
World,Coffee,Total,Flexible Plastic,Retail/off-trade Unit Volume,million units,2020,10586.5
Thailand,Coffee,Total,Flexible Plastic,Retail/off-trade Unit Volume,million units,2020,170.0
USA,Coffee,Total,Flexible Plastic,Retail/off-trade Unit Volume,million units,2020,136.7
USA,Coffee,Total,Stand-Up Pouches,Retail/off-trade Unit Volume,million units,2020,189.4
Thailand,Coffee,Total,Stand-Up Pouches,Retail/off-trade Unit Volume,million units,2020,46.5
World,Coffee,Total,Stand-Up Pouches,Retail/off-trade Unit Volume,million units,2020,1705.8
Germany,Coffee,Total,Stand-Up Pouches,Retail/off-trade Unit Volume,million units,2020,1.0
Brazil,Coffee,Total,Stand-Up Pouches,Retail/off-trade Unit Volume,million units,2020,216.1
Middle East and Africa,Coffee,Total,Stand-Up Pouches,Retail/off-trade Unit Volume,million units,2020,113.6
United Kingdom,Coffee,Total,Stand-Up Pouches,Retail/off-trade Unit Volume,million units,2020,13.6
France,Coffee,Total,Stand-Up Pouches,Retail/off-trade Unit Volume,million units,2020,30.0
North America,Coffee,Total,Stand-Up Pouches,Retail/off-trade Unit Volume,million units,2020,189.4
Latin America,Coffee,Total,Stand-Up Pouches,Retail/off-trade Unit Volume,million units,2020,288.9
Asia Pacific,Coffee,Total,Stand-Up Pouches,Retail/off-trade Unit Volume,million units,2020,469.0
Eastern Europe,Coffee,Total,Stand-Up Pouches,Retail/off-trade Unit Volume,million units,2020,521.1
Western Europe,Coffee,Total,Stand-Up Pouches,Retail/off-trade Unit Volume,million units,2020,123.8
Western Europe,Coffee,Total,Aluminium /Plastic Pouches,Retail/off-trade Unit Volume,million units,2020,79.7
Eastern Europe,Coffee,Total,Aluminium /Plastic Pouches,Retail/off-trade Unit Volume,million units,2020,469.3
Asia Pacific,Coffee,Total,Aluminium /Plastic Pouches,Retail/off-trade Unit Volume,million units,2020,431.8
Latin America,Coffee,Total,Aluminium /Plastic Pouches,Retail/off-trade Unit Volume,million units,2020,234.7
North America,Coffee,Total,Aluminium /Plastic Pouches,Retail/off-trade Unit Volume,million units,2020,3.6
France,Coffee,Total,Aluminium /Plastic Pouches,Retail/off-trade Unit Volume,million units,2020,2.0
United Kingdom,Coffee,Total,Aluminium /Plastic Pouches,Retail/off-trade Unit Volume,million units,2020,0.8
Middle East and Africa,Coffee,Total,Aluminium /Plastic Pouches,Retail/off-trade Unit Volume,million units,2020,34.5
Brazil,Coffee,Total,Aluminium /Plastic Pouches,Retail/off-trade Unit Volume,million units,2020,216.1
Germany,Coffee,Total,Aluminium /Plastic Pouches,Retail/off-trade Unit Volume,million units,2020,1.0
World,Coffee,Total,Aluminium /Plastic Pouches,Retail/off-trade Unit Volume,million units,2020,1253.6
Thailand,Coffee,Total,Aluminium /Plastic Pouches,Retail/off-trade Unit Volume,million units,2020,46.5
USA,Coffee,Total,Aluminium /Plastic Pouches,Retail/off-trade Unit Volume,million units,2020,3.6
USA,Coffee,Total,Plastic Pouches,Retail/off-trade Unit Volume,million units,2020,185.8
World,Coffee,Total,Plastic Pouches,Retail/off-trade Unit Volume,million units,2020,452.2
Middle East and Africa,Coffee,Total,Plastic Pouches,Retail/off-trade Unit Volume,million units,2020,79.1
United Kingdom,Coffee,Total,Plastic Pouches,Retail/off-trade Unit Volume,million units,2020,12.8
France,Coffee,Total,Plastic Pouches,Retail/off-trade Unit Volume,million units,2020,28.1
North America,Coffee,Total,Plastic Pouches,Retail/off-trade Unit Volume,million units,2020,185.8
Latin America,Coffee,Total,Plastic Pouches,Retail/off-trade Unit Volume,million units,2020,54.2
Asia Pacific,Coffee,Total,Plastic Pouches,Retail/off-trade Unit Volume,million units,2020,37.2
Eastern Europe,Coffee,Total,Plastic Pouches,Retail/off-trade Unit Volume,million units,2020,51.8
Western Europe,Coffee,Total,Plastic Pouches,Retail/off-trade Unit Volume,million units,2020,44.1
Eastern Europe,Coffee,Total,Glass,Retail/off-trade Unit Volume,million units,2020,482.9
Western Europe,Coffee,Total,Glass,Retail/off-trade Unit Volume,million units,2020,589.9
Asia Pacific,Coffee,Total,Glass,Retail/off-trade Unit Volume,million units,2020,1120.5
Australasia,Coffee,Total,Glass,Retail/off-trade Unit Volume,million units,2020,172.1
Latin America,Coffee,Total,Glass,Retail/off-trade Unit Volume,million units,2020,604.1
North America,Coffee,Total,Glass,Retail/off-trade Unit Volume,million units,2020,49.3
France,Coffee,Total,Glass,Retail/off-trade Unit Volume,million units,2020,67.6
United Kingdom,Coffee,Total,Glass,Retail/off-trade Unit Volume,million units,2020,243.6
India,Coffee,Total,Glass,Retail/off-trade Unit Volume,million units,2020,428.1
Japan,Coffee,Total,Glass,Retail/off-trade Unit Volume,million units,2020,73.0
Middle East and Africa,Coffee,Total,Glass,Retail/off-trade Unit Volume,million units,2020,196.5
Australia,Coffee,Total,Glass,Retail/off-trade Unit Volume,million units,2020,147.1
Germany,Coffee,Total,Glass,Retail/off-trade Unit Volume,million units,2020,82.0
Brazil,Coffee,Total,Glass,Retail/off-trade Unit Volume,million units,2020,117.5
China,Coffee,Total,Glass,Retail/off-trade Unit Volume,million units,2020,52.8
World,Coffee,Total,Glass,Retail/off-trade Unit Volume,million units,2020,3215.3
Thailand,Coffee,Total,Glass,Retail/off-trade Unit Volume,million units,2020,128.8
USA,Coffee,Total,Glass,Retail/off-trade Unit Volume,million units,2020,11.0
USA,Coffee,Total,Glass Jars,Retail/off-trade Unit Volume,million units,2020,11.0
Thailand,Coffee,Total,Glass Jars,Retail/off-trade Unit Volume,million units,2020,128.8
World,Coffee,Total,Glass Jars,Retail/off-trade Unit Volume,million units,2020,3215.3
China,Coffee,Total,Glass Jars,Retail/off-trade Unit Volume,million units,2020,52.8
Brazil,Coffee,Total,Glass Jars,Retail/off-trade Unit Volume,million units,2020,117.5
Germany,Coffee,Total,Glass Jars,Retail/off-trade Unit Volume,million units,2020,82.0
Australia,Coffee,Total,Glass Jars,Retail/off-trade Unit Volume,million units,2020,147.1
Middle East and Africa,Coffee,Total,Glass Jars,Retail/off-trade Unit Volume,million units,2020,196.5
Japan,Coffee,Total,Glass Jars,Retail/off-trade Unit Volume,million units,2020,73.0
India,Coffee,Total,Glass Jars,Retail/off-trade Unit Volume,million units,2020,428.1
United Kingdom,Coffee,Total,Glass Jars,Retail/off-trade Unit Volume,million units,2020,243.6
France,Coffee,Total,Glass Jars,Retail/off-trade Unit Volume,million units,2020,67.6
North America,Coffee,Total,Glass Jars,Retail/off-trade Unit Volume,million units,2020,49.3
Latin America,Coffee,Total,Glass Jars,Retail/off-trade Unit Volume,million units,2020,604.1
Australasia,Coffee,Total,Glass Jars,Retail/off-trade Unit Volume,million units,2020,172.1
Asia Pacific,Coffee,Total,Glass Jars,Retail/off-trade Unit Volume,million units,2020,1120.5
Western Europe,Coffee,Total,Glass Jars,Retail/off-trade Unit Volume,million units,2020,589.9
Eastern Europe,Coffee,Total,Glass Jars,Retail/off-trade Unit Volume,million units,2020,482.9
North America,Coffee,Total,Metal,Retail/off-trade Unit Volume,million units,2020,210.9
Eastern Europe,Coffee,Total,Metal,Retail/off-trade Unit Volume,million units,2020,407.1
Western Europe,Coffee,Total,Metal,Retail/off-trade Unit Volume,million units,2020,1248.6
Asia Pacific,Coffee,Total,Metal,Retail/off-trade Unit Volume,million units,2020,246.8
Australasia,Coffee,Total,Metal,Retail/off-trade Unit Volume,million units,2020,27.7
Latin America,Coffee,Total,Metal,Retail/off-trade Unit Volume,million units,2020,275.8
France,Coffee,Total,Metal,Retail/off-trade Unit Volume,million units,2020,260.6
United Kingdom,Coffee,Total,Metal,Retail/off-trade Unit Volume,million units,2020,114.8
Japan,Coffee,Total,Metal,Retail/off-trade Unit Volume,million units,2020,24.5
India,Coffee,Total,Metal,Retail/off-trade Unit Volume,million units,2020,44.7
Thailand,Coffee,Total,Metal,Retail/off-trade Unit Volume,million units,2020,5.7
Middle East and Africa,Coffee,Total,Metal,Retail/off-trade Unit Volume,million units,2020,53.9
Australia,Coffee,Total,Metal,Retail/off-trade Unit Volume,million units,2020,22.6
Brazil,Coffee,Total,Metal,Retail/off-trade Unit Volume,million units,2020,179.3
Germany,Coffee,Total,Metal,Retail/off-trade Unit Volume,million units,2020,139.6
China,Coffee,Total,Metal,Retail/off-trade Unit Volume,million units,2020,9.0
USA,Coffee,Total,Metal,Retail/off-trade Unit Volume,million units,2020,152.3
World,Coffee,Total,Metal,Retail/off-trade Unit Volume,million units,2020,2470.8
World,Coffee,Total,Aluminium Trays,Retail/off-trade Unit Volume,million units,2020,1.4
Western Europe,Coffee,Total,Aluminium Trays,Retail/off-trade Unit Volume,million units,2020,1.4
Western Europe,Coffee,Total,Metal Tins,Retail/off-trade Unit Volume,million units,2020,341.3
Eastern Europe,Coffee,Total,Metal Tins,Retail/off-trade Unit Volume,million units,2020,367.3
North America,Coffee,Total,Metal Tins,Retail/off-trade Unit Volume,million units,2020,137.4
Latin America,Coffee,Total,Metal Tins,Retail/off-trade Unit Volume,million units,2020,87.6
Australasia,Coffee,Total,Metal Tins,Retail/off-trade Unit Volume,million units,2020,10.0
Asia Pacific,Coffee,Total,Metal Tins,Retail/off-trade Unit Volume,million units,2020,175.7
World,Coffee,Total,Metal Tins,Retail/off-trade Unit Volume,million units,2020,1151.9
USA,Coffee,Total,Metal Tins,Retail/off-trade Unit Volume,million units,2020,78.8
China,Coffee,Total,Metal Tins,Retail/off-trade Unit Volume,million units,2020,4.9
Germany,Coffee,Total,Metal Tins,Retail/off-trade Unit Volume,million units,2020,68.8
Brazil,Coffee,Total,Metal Tins,Retail/off-trade Unit Volume,million units,2020,15.5
Australia,Coffee,Total,Metal Tins,Retail/off-trade Unit Volume,million units,2020,9.5
Middle East and Africa,Coffee,Total,Metal Tins,Retail/off-trade Unit Volume,million units,2020,32.6
Thailand,Coffee,Total,Metal Tins,Retail/off-trade Unit Volume,million units,2020,5.7
India,Coffee,Total,Metal Tins,Retail/off-trade Unit Volume,million units,2020,44.7
Japan,Coffee,Total,Metal Tins,Retail/off-trade Unit Volume,million units,2020,9.2
United Kingdom,Coffee,Total,Metal Tins,Retail/off-trade Unit Volume,million units,2020,26.4
France,Coffee,Total,Metal Tins,Retail/off-trade Unit Volume,million units,2020,27.6
France,Coffee,Total,Other Metal,Retail/off-trade Unit Volume,million units,2020,233.0
United Kingdom,Coffee,Total,Other Metal,Retail/off-trade Unit Volume,million units,2020,88.5
Japan,Coffee,Total,Other Metal,Retail/off-trade Unit Volume,million units,2020,15.3
Middle East and Africa,Coffee,Total,Other Metal,Retail/off-trade Unit Volume,million units,2020,21.3
Australia,Coffee,Total,Other Metal,Retail/off-trade Unit Volume,million units,2020,13.0
Brazil,Coffee,Total,Other Metal,Retail/off-trade Unit Volume,million units,2020,163.8
Germany,Coffee,Total,Other Metal,Retail/off-trade Unit Volume,million units,2020,70.9
China,Coffee,Total,Other Metal,Retail/off-trade Unit Volume,million units,2020,4.2
USA,Coffee,Total,Other Metal,Retail/off-trade Unit Volume,million units,2020,73.5
World,Coffee,Total,Other Metal,Retail/off-trade Unit Volume,million units,2020,1317.4
Asia Pacific,Coffee,Total,Other Metal,Retail/off-trade Unit Volume,million units,2020,71.1
Australasia,Coffee,Total,Other Metal,Retail/off-trade Unit Volume,million units,2020,17.7
Latin America,Coffee,Total,Other Metal,Retail/off-trade Unit Volume,million units,2020,188.1
North America,Coffee,Total,Other Metal,Retail/off-trade Unit Volume,million units,2020,73.5
Eastern Europe,Coffee,Total,Other Metal,Retail/off-trade Unit Volume,million units,2020,39.8
Western Europe,Coffee,Total,Other Metal,Retail/off-trade Unit Volume,million units,2020,905.9
Western Europe,Coffee,Total,Paper-based Containers,Retail/off-trade Unit Volume,million units,2020,2235.8
Eastern Europe,Coffee,Total,Paper-based Containers,Retail/off-trade Unit Volume,million units,2020,338.9
North America,Coffee,Total,Paper-based Containers,Retail/off-trade Unit Volume,million units,2020,828.0
Latin America,Coffee,Total,Paper-based Containers,Retail/off-trade Unit Volume,million units,2020,318.8
Australasia,Coffee,Total,Paper-based Containers,Retail/off-trade Unit Volume,million units,2020,43.5
Asia Pacific,Coffee,Total,Paper-based Containers,Retail/off-trade Unit Volume,million units,2020,1448.9
USA,Coffee,Total,Paper-based Containers,Retail/off-trade Unit Volume,million units,2020,775.7
Thailand,Coffee,Total,Paper-based Containers,Retail/off-trade Unit Volume,million units,2020,0.2
World,Coffee,Total,Paper-based Containers,Retail/off-trade Unit Volume,million units,2020,5273.7
China,Coffee,Total,Paper-based Containers,Retail/off-trade Unit Volume,million units,2020,131.4
Brazil,Coffee,Total,Paper-based Containers,Retail/off-trade Unit Volume,million units,2020,278.9
Germany,Coffee,Total,Paper-based Containers,Retail/off-trade Unit Volume,million units,2020,318.9
Australia,Coffee,Total,Paper-based Containers,Retail/off-trade Unit Volume,million units,2020,37.7
Middle East and Africa,Coffee,Total,Paper-based Containers,Retail/off-trade Unit Volume,million units,2020,59.7
India,Coffee,Total,Paper-based Containers,Retail/off-trade Unit Volume,million units,2020,3.8
Japan,Coffee,Total,Paper-based Containers,Retail/off-trade Unit Volume,million units,2020,264.6
United Kingdom,Coffee,Total,Paper-based Containers,Retail/off-trade Unit Volume,million units,2020,121.8
France,Coffee,Total,Paper-based Containers,Retail/off-trade Unit Volume,million units,2020,648.9
Japan,Coffee,Total,Board Tubs,Retail/off-trade Unit Volume,million units,2020,6.0
China,Coffee,Total,Board Tubs,Retail/off-trade Unit Volume,million units,2020,1.9
World,Coffee,Total,Board Tubs,Retail/off-trade Unit Volume,million units,2020,8.0
Asia Pacific,Coffee,Total,Board Tubs,Retail/off-trade Unit Volume,million units,2020,8.0
Asia Pacific,Coffee,Total,Composite Containers,Retail/off-trade Unit Volume,million units,2020,42.8
Latin America,Coffee,Total,Composite Containers,Retail/off-trade Unit Volume,million units,2020,32.1
North America,Coffee,Total,Composite Containers,Retail/off-trade Unit Volume,million units,2020,105.0
Eastern Europe,Coffee,Total,Composite Containers,Retail/off-trade Unit Volume,million units,2020,0.1
Western Europe,Coffee,Total,Composite Containers,Retail/off-trade Unit Volume,million units,2020,45.7
World,Coffee,Total,Composite Containers,Retail/off-trade Unit Volume,million units,2020,225.7
USA,Coffee,Total,Composite Containers,Retail/off-trade Unit Volume,million units,2020,105.0
Brazil,Coffee,Total,Composite Containers,Retail/off-trade Unit Volume,million units,2020,30.8
Japan,Coffee,Total,Composite Containers,Retail/off-trade Unit Volume,million units,2020,42.8
Germany,Coffee,Total,Composite Containers,Retail/off-trade Unit Volume,million units,2020,38.4
United Kingdom,Coffee,Total,Composite Containers,Retail/off-trade Unit Volume,million units,2020,1.7
France,Coffee,Total,Composite Containers,Retail/off-trade Unit Volume,million units,2020,0.2
United Kingdom,Coffee,Total,Folding Cartons,Retail/off-trade Unit Volume,million units,2020,120.1
France,Coffee,Total,Folding Cartons,Retail/off-trade Unit Volume,million units,2020,648.7
Japan,Coffee,Total,Folding Cartons,Retail/off-trade Unit Volume,million units,2020,215.8
India,Coffee,Total,Folding Cartons,Retail/off-trade Unit Volume,million units,2020,3.8
Brazil,Coffee,Total,Folding Cartons,Retail/off-trade Unit Volume,million units,2020,248.2
China,Coffee,Total,Folding Cartons,Retail/off-trade Unit Volume,million units,2020,129.4
Germany,Coffee,Total,Folding Cartons,Retail/off-trade Unit Volume,million units,2020,280.4
Middle East and Africa,Coffee,Total,Folding Cartons,Retail/off-trade Unit Volume,million units,2020,59.7
Australia,Coffee,Total,Folding Cartons,Retail/off-trade Unit Volume,million units,2020,37.7
Thailand,Coffee,Total,Folding Cartons,Retail/off-trade Unit Volume,million units,2020,0.2
USA,Coffee,Total,Folding Cartons,Retail/off-trade Unit Volume,million units,2020,670.7
World,Coffee,Total,Folding Cartons,Retail/off-trade Unit Volume,million units,2020,5040.1
Eastern Europe,Coffee,Total,Folding Cartons,Retail/off-trade Unit Volume,million units,2020,338.8
Western Europe,Coffee,Total,Folding Cartons,Retail/off-trade Unit Volume,million units,2020,2190.1
North America,Coffee,Total,Folding Cartons,Retail/off-trade Unit Volume,million units,2020,723.1
Latin America,Coffee,Total,Folding Cartons,Retail/off-trade Unit Volume,million units,2020,286.7
Asia Pacific,Coffee,Total,Folding Cartons,Retail/off-trade Unit Volume,million units,2020,1398.1
Australasia,Coffee,Total,Folding Cartons,Retail/off-trade Unit Volume,million units,2020,43.5
Australasia,Coffee,Total,Rigid Plastic,Retail/off-trade Unit Volume,million units,2020,20.6
Asia Pacific,Coffee,Total,Rigid Plastic,Retail/off-trade Unit Volume,million units,2020,30.7
Latin America,Coffee,Total,Rigid Plastic,Retail/off-trade Unit Volume,million units,2020,56.3
Western Europe,Coffee,Total,Rigid Plastic,Retail/off-trade Unit Volume,million units,2020,1291.9
North America,Coffee,Total,Rigid Plastic,Retail/off-trade Unit Volume,million units,2020,927.5
Eastern Europe,Coffee,Total,Rigid Plastic,Retail/off-trade Unit Volume,million units,2020,50.6
USA,Coffee,Total,Rigid Plastic,Retail/off-trade Unit Volume,million units,2020,830.9
World,Coffee,Total,Rigid Plastic,Retail/off-trade Unit Volume,million units,2020,2435.5
Australia,Coffee,Total,Rigid Plastic,Retail/off-trade Unit Volume,million units,2020,20.6
Brazil,Coffee,Total,Rigid Plastic,Retail/off-trade Unit Volume,million units,2020,37.2
Middle East and Africa,Coffee,Total,Rigid Plastic,Retail/off-trade Unit Volume,million units,2020,58.0
Germany,Coffee,Total,Rigid Plastic,Retail/off-trade Unit Volume,million units,2020,429.0
China,Coffee,Total,Rigid Plastic,Retail/off-trade Unit Volume,million units,2020,2.5
India,Coffee,Total,Rigid Plastic,Retail/off-trade Unit Volume,million units,2020,1.5
Thailand,Coffee,Total,Rigid Plastic,Retail/off-trade Unit Volume,million units,2020,18.3
France,Coffee,Total,Rigid Plastic,Retail/off-trade Unit Volume,million units,2020,505.4
United Kingdom,Coffee,Total,Rigid Plastic,Retail/off-trade Unit Volume,million units,2020,70.3
Thailand,Coffee,Total,PET Jars,Retail/off-trade Unit Volume,million units,2020,18.1
India,Coffee,Total,PET Jars,Retail/off-trade Unit Volume,million units,2020,1.5
Middle East and Africa,Coffee,Total,PET Jars,Retail/off-trade Unit Volume,million units,2020,1.8
World,Coffee,Total,PET Jars,Retail/off-trade Unit Volume,million units,2020,102.0
USA,Coffee,Total,PET Jars,Retail/off-trade Unit Volume,million units,2020,40.2
Eastern Europe,Coffee,Total,PET Jars,Retail/off-trade Unit Volume,million units,2020,5.8
North America,Coffee,Total,PET Jars,Retail/off-trade Unit Volume,million units,2020,58.1
Western Europe,Coffee,Total,PET Jars,Retail/off-trade Unit Volume,million units,2020,12.2
Asia Pacific,Coffee,Total,PET Jars,Retail/off-trade Unit Volume,million units,2020,24.0
Asia Pacific,Coffee,Total,Thin Wall Plastic Containers,Retail/off-trade Unit Volume,million units,2020,6.6
Australasia,Coffee,Total,Thin Wall Plastic Containers,Retail/off-trade Unit Volume,million units,2020,18.2
North America,Coffee,Total,Thin Wall Plastic Containers,Retail/off-trade Unit Volume,million units,2020,564.6
Latin America,Coffee,Total,Thin Wall Plastic Containers,Retail/off-trade Unit Volume,million units,2020,3.0
Eastern Europe,Coffee,Total,Thin Wall Plastic Containers,Retail/off-trade Unit Volume,million units,2020,44.7
Western Europe,Coffee,Total,Thin Wall Plastic Containers,Retail/off-trade Unit Volume,million units,2020,1267.4
World,Coffee,Total,Thin Wall Plastic Containers,Retail/off-trade Unit Volume,million units,2020,1922.5
USA,Coffee,Total,Thin Wall Plastic Containers,Retail/off-trade Unit Volume,million units,2020,498.7
Middle East and Africa,Coffee,Total,Thin Wall Plastic Containers,Retail/off-trade Unit Volume,million units,2020,17.9
Australia,Coffee,Total,Thin Wall Plastic Containers,Retail/off-trade Unit Volume,million units,2020,18.2
China,Coffee,Total,Thin Wall Plastic Containers,Retail/off-trade Unit Volume,million units,2020,2.5
Germany,Coffee,Total,Thin Wall Plastic Containers,Retail/off-trade Unit Volume,million units,2020,420.7
Thailand,Coffee,Total,Thin Wall Plastic Containers,Retail/off-trade Unit Volume,million units,2020,0.2
United Kingdom,Coffee,Total,Thin Wall Plastic Containers,Retail/off-trade Unit Volume,million units,2020,70.3
France,Coffee,Total,Thin Wall Plastic Containers,Retail/off-trade Unit Volume,million units,2020,503.4
France,Coffee,Total,Other Plastic Jars,Retail/off-trade Unit Volume,million units,2020,1.9
Brazil,Coffee,Total,Other Plastic Jars,Retail/off-trade Unit Volume,million units,2020,13.5
Australia,Coffee,Total,Other Plastic Jars,Retail/off-trade Unit Volume,million units,2020,2.3
Middle East and Africa,Coffee,Total,Other Plastic Jars,Retail/off-trade Unit Volume,million units,2020,38.3
World,Coffee,Total,Other Plastic Jars,Retail/off-trade Unit Volume,million units,2020,365.7
USA,Coffee,Total,Other Plastic Jars,Retail/off-trade Unit Volume,million units,2020,292.0
North America,Coffee,Total,Other Plastic Jars,Retail/off-trade Unit Volume,million units,2020,292.0
Western Europe,Coffee,Total,Other Plastic Jars,Retail/off-trade Unit Volume,million units,2020,3.5
Latin America,Coffee,Total,Other Plastic Jars,Retail/off-trade Unit Volume,million units,2020,29.6
Australasia,Coffee,Total,Other Plastic Jars,Retail/off-trade Unit Volume,million units,2020,2.3
North America,Coffee,Total,Other Rigid Containers,Retail/off-trade Unit Volume,million units,2020,12.8
Latin America,Coffee,Total,Other Rigid Containers,Retail/off-trade Unit Volume,million units,2020,23.7
Western Europe,Coffee,Total,Other Rigid Containers,Retail/off-trade Unit Volume,million units,2020,8.8
World,Coffee,Total,Other Rigid Containers,Retail/off-trade Unit Volume,million units,2020,45.3
Brazil,Coffee,Total,Other Rigid Containers,Retail/off-trade Unit Volume,million units,2020,23.7
Germany,Coffee,Total,Other Rigid Containers,Retail/off-trade Unit Volume,million units,2020,8.4
World,Coffee,Total,Other Packaging,Retail/off-trade Unit Volume,million units,2020,0.6
Western Europe,Coffee,Total,Other Packaging,Retail/off-trade Unit Volume,million units,2020,
Eastern Europe,Coffee,Total,Other Packaging,Retail/off-trade Unit Volume,million units,2020,0.6
Latin America,Coffee,Total,Other Packaging,Retail/off-trade Unit Volume,million units,2020,0.0
World,RTD Coffee,Total,Total Packaging,Retail/off-trade Unit Volume,million units,2020,19792.3
Western Europe,RTD Coffee,Total,Total Packaging,Retail/off-trade Unit Volume,million units,2020,1169.9
Eastern Europe,RTD Coffee,Total,Total Packaging,Retail/off-trade Unit Volume,million units,2020,132.6
North America,RTD Coffee,Total,Total Packaging,Retail/off-trade Unit Volume,million units,2020,2266.4
Latin America,RTD Coffee,Total,Total Packaging,Retail/off-trade Unit Volume,million units,2020,32.7
Asia Pacific,RTD Coffee,Total,Total Packaging,Retail/off-trade Unit Volume,million units,2020,16116.6
Australasia,RTD Coffee,Total,Total Packaging,Retail/off-trade Unit Volume,million units,2020,21.2
Middle East and Africa,RTD Coffee,Total,Total Packaging,Retail/off-trade Unit Volume,million units,2020,52.9
Australia,RTD Coffee,Total,Total Packaging,Retail/off-trade Unit Volume,million units,2020,20.6
Brazil,RTD Coffee,Total,Total Packaging,Retail/off-trade Unit Volume,million units,2020,5.9
China,RTD Coffee,Total,Total Packaging,Retail/off-trade Unit Volume,million units,2020,1003.1
Germany,RTD Coffee,Total,Total Packaging,Retail/off-trade Unit Volume,million units,2020,462.0
France,RTD Coffee,Total,Total Packaging,Retail/off-trade Unit Volume,million units,2020,22.5
United Kingdom,RTD Coffee,Total,Total Packaging,Retail/off-trade Unit Volume,million units,2020,109.5
Japan,RTD Coffee,Total,Total Packaging,Retail/off-trade Unit Volume,million units,2020,10377.6
Thailand,RTD Coffee,Total,Total Packaging,Retail/off-trade Unit Volume,million units,2020,995.8
USA,RTD Coffee,Total,Total Packaging,Retail/off-trade Unit Volume,million units,2020,2237.4
Asia Pacific,RTD Coffee,Total,Flexible Packaging,Retail/off-trade Unit Volume,million units,2020,372.2
World,RTD Coffee,Total,Flexible Packaging,Retail/off-trade Unit Volume,million units,2020,372.2
World,RTD Coffee,Total,Stand-Up Pouches,Retail/off-trade Unit Volume,million units,2020,372.2
Asia Pacific,RTD Coffee,Total,Stand-Up Pouches,Retail/off-trade Unit Volume,million units,2020,372.2
Asia Pacific,RTD Coffee,Total,Aluminium /Plastic Pouches,Retail/off-trade Unit Volume,million units,2020,372.2
World,RTD Coffee,Total,Aluminium /Plastic Pouches,Retail/off-trade Unit Volume,million units,2020,372.2
USA,RTD Coffee,Total,Glass,Retail/off-trade Unit Volume,million units,2020,1260.8
World,RTD Coffee,Total,Glass,Retail/off-trade Unit Volume,million units,2020,1394.7
Latin America,RTD Coffee,Total,Glass,Retail/off-trade Unit Volume,million units,2020,21.0
Asia Pacific,RTD Coffee,Total,Glass,Retail/off-trade Unit Volume,million units,2020,39.1
North America,RTD Coffee,Total,Glass,Retail/off-trade Unit Volume,million units,2020,1282.5
Eastern Europe,RTD Coffee,Total,Glass,Retail/off-trade Unit Volume,million units,2020,4.3
Western Europe,RTD Coffee,Total,Glass,Retail/off-trade Unit Volume,million units,2020,47.1
Thailand,RTD Coffee,Total,Glass,Retail/off-trade Unit Volume,million units,2020,1.6
United Kingdom,RTD Coffee,Total,Glass,Retail/off-trade Unit Volume,million units,2020,7.3
France,RTD Coffee,Total,Glass,Retail/off-trade Unit Volume,million units,2020,0.4
China,RTD Coffee,Total,Glass,Retail/off-trade Unit Volume,million units,2020,10.3
Middle East and Africa,RTD Coffee,Total,Glass,Retail/off-trade Unit Volume,million units,2020,0.7
Middle East and Africa,RTD Coffee,Total,Glass Bottles,Retail/off-trade Unit Volume,million units,2020,0.7
China,RTD Coffee,Total,Glass Bottles,Retail/off-trade Unit Volume,million units,2020,10.3
France,RTD Coffee,Total,Glass Bottles,Retail/off-trade Unit Volume,million units,2020,0.4
United Kingdom,RTD Coffee,Total,Glass Bottles,Retail/off-trade Unit Volume,million units,2020,7.3
Thailand,RTD Coffee,Total,Glass Bottles,Retail/off-trade Unit Volume,million units,2020,1.6
Western Europe,RTD Coffee,Total,Glass Bottles,Retail/off-trade Unit Volume,million units,2020,47.1
Eastern Europe,RTD Coffee,Total,Glass Bottles,Retail/off-trade Unit Volume,million units,2020,4.3
North America,RTD Coffee,Total,Glass Bottles,Retail/off-trade Unit Volume,million units,2020,1282.5
Asia Pacific,RTD Coffee,Total,Glass Bottles,Retail/off-trade Unit Volume,million units,2020,39.1
Latin America,RTD Coffee,Total,Glass Bottles,Retail/off-trade Unit Volume,million units,2020,21.0
World,RTD Coffee,Total,Glass Bottles,Retail/off-trade Unit Volume,million units,2020,1394.7
USA,RTD Coffee,Total,Glass Bottles,Retail/off-trade Unit Volume,million units,2020,1260.8
USA,RTD Coffee,Total,Liquid Cartons,Retail/off-trade Unit Volume,million units,2020,45.5
World,RTD Coffee,Total,Liquid Cartons,Retail/off-trade Unit Volume,million units,2020,436.5
Latin America,RTD Coffee,Total,Liquid Cartons,Retail/off-trade Unit Volume,million units,2020,5.7
Asia Pacific,RTD Coffee,Total,Liquid Cartons,Retail/off-trade Unit Volume,million units,2020,343.7
Australasia,RTD Coffee,Total,Liquid Cartons,Retail/off-trade Unit Volume,million units,2020,14.2
North America,RTD Coffee,Total,Liquid Cartons,Retail/off-trade Unit Volume,million units,2020,46.5
Eastern Europe,RTD Coffee,Total,Liquid Cartons,Retail/off-trade Unit Volume,million units,2020,9.9
Western Europe,RTD Coffee,Total,Liquid Cartons,Retail/off-trade Unit Volume,million units,2020,16.4
Thailand,RTD Coffee,Total,Liquid Cartons,Retail/off-trade Unit Volume,million units,2020,1.5
Japan,RTD Coffee,Total,Liquid Cartons,Retail/off-trade Unit Volume,million units,2020,112.3
United Kingdom,RTD Coffee,Total,Liquid Cartons,Retail/off-trade Unit Volume,million units,2020,9.2
France,RTD Coffee,Total,Liquid Cartons,Retail/off-trade Unit Volume,million units,2020,
China,RTD Coffee,Total,Liquid Cartons,Retail/off-trade Unit Volume,million units,2020,1.6
Middle East and Africa,RTD Coffee,Total,Liquid Cartons,Retail/off-trade Unit Volume,million units,2020,0.0
Brazil,RTD Coffee,Total,Liquid Cartons,Retail/off-trade Unit Volume,million units,2020,5.6
Australia,RTD Coffee,Total,Liquid Cartons,Retail/off-trade Unit Volume,million units,2020,13.9
Australia,RTD Coffee,Total,Brick Liquid Cartons,Retail/off-trade Unit Volume,million units,2020,4.8
Middle East and Africa,RTD Coffee,Total,Brick Liquid Cartons,Retail/off-trade Unit Volume,million units,2020,0.0
China,RTD Coffee,Total,Brick Liquid Cartons,Retail/off-trade Unit Volume,million units,2020,
United Kingdom,RTD Coffee,Total,Brick Liquid Cartons,Retail/off-trade Unit Volume,million units,2020,0.1
Thailand,RTD Coffee,Total,Brick Liquid Cartons,Retail/off-trade Unit Volume,million units,2020,1.5
Eastern Europe,RTD Coffee,Total,Brick Liquid Cartons,Retail/off-trade Unit Volume,million units,2020,9.4
Western Europe,RTD Coffee,Total,Brick Liquid Cartons,Retail/off-trade Unit Volume,million units,2020,3.3
Australasia,RTD Coffee,Total,Brick Liquid Cartons,Retail/off-trade Unit Volume,million units,2020,4.9
Asia Pacific,RTD Coffee,Total,Brick Liquid Cartons,Retail/off-trade Unit Volume,million units,2020,186.4
World,RTD Coffee,Total,Brick Liquid Cartons,Retail/off-trade Unit Volume,million units,2020,204.0
World,RTD Coffee,Total,Gable Top Liquid Cartons,Retail/off-trade Unit Volume,million units,2020,180.9
USA,RTD Coffee,Total,Gable Top Liquid Cartons,Retail/off-trade Unit Volume,million units,2020,16.0
Asia Pacific,RTD Coffee,Total,Gable Top Liquid Cartons,Retail/off-trade Unit Volume,million units,2020,152.0
Latin America,RTD Coffee,Total,Gable Top Liquid Cartons,Retail/off-trade Unit Volume,million units,2020,
Australasia,RTD Coffee,Total,Gable Top Liquid Cartons,Retail/off-trade Unit Volume,million units,2020,9.4
North America,RTD Coffee,Total,Gable Top Liquid Cartons,Retail/off-trade Unit Volume,million units,2020,17.0
Western Europe,RTD Coffee,Total,Gable Top Liquid Cartons,Retail/off-trade Unit Volume,million units,2020,2.6
Japan,RTD Coffee,Total,Gable Top Liquid Cartons,Retail/off-trade Unit Volume,million units,2020,112.3
United Kingdom,RTD Coffee,Total,Gable Top Liquid Cartons,Retail/off-trade Unit Volume,million units,2020,2.6
Australia,RTD Coffee,Total,Gable Top Liquid Cartons,Retail/off-trade Unit Volume,million units,2020,9.1
Brazil,RTD Coffee,Total,Gable Top Liquid Cartons,Retail/off-trade Unit Volume,million units,2020,
Brazil,RTD Coffee,Total,Shaped Liquid Cartons,Retail/off-trade Unit Volume,million units,2020,5.6
China,RTD Coffee,Total,Shaped Liquid Cartons,Retail/off-trade Unit Volume,million units,2020,1.6
France,RTD Coffee,Total,Shaped Liquid Cartons,Retail/off-trade Unit Volume,million units,2020,
United Kingdom,RTD Coffee,Total,Shaped Liquid Cartons,Retail/off-trade Unit Volume,million units,2020,6.5
Eastern Europe,RTD Coffee,Total,Shaped Liquid Cartons,Retail/off-trade Unit Volume,million units,2020,0.5
North America,RTD Coffee,Total,Shaped Liquid Cartons,Retail/off-trade Unit Volume,million units,2020,29.5
Western Europe,RTD Coffee,Total,Shaped Liquid Cartons,Retail/off-trade Unit Volume,million units,2020,10.6
Latin America,RTD Coffee,Total,Shaped Liquid Cartons,Retail/off-trade Unit Volume,million units,2020,5.7
Asia Pacific,RTD Coffee,Total,Shaped Liquid Cartons,Retail/off-trade Unit Volume,million units,2020,5.4
USA,RTD Coffee,Total,Shaped Liquid Cartons,Retail/off-trade Unit Volume,million units,2020,29.5
World,RTD Coffee,Total,Shaped Liquid Cartons,Retail/off-trade Unit Volume,million units,2020,51.7
World,RTD Coffee,Total,Metal,Retail/off-trade Unit Volume,million units,2020,11687.0
Asia Pacific,RTD Coffee,Total,Metal,Retail/off-trade Unit Volume,million units,2020,10595.5
Middle East and Africa,RTD Coffee,Total,Metal,Retail/off-trade Unit Volume,million units,2020,51.2
Australasia,RTD Coffee,Total,Metal,Retail/off-trade Unit Volume,million units,2020,0.8
North America,RTD Coffee,Total,Metal,Retail/off-trade Unit Volume,million units,2020,675.8
Latin America,RTD Coffee,Total,Metal,Retail/off-trade Unit Volume,million units,2020,5.1
Eastern Europe,RTD Coffee,Total,Metal,Retail/off-trade Unit Volume,million units,2020,99.3
Western Europe,RTD Coffee,Total,Metal,Retail/off-trade Unit Volume,million units,2020,259.3
Thailand,RTD Coffee,Total,Metal,Retail/off-trade Unit Volume,million units,2020,962.8
USA,RTD Coffee,Total,Metal,Retail/off-trade Unit Volume,million units,2020,675.7
United Kingdom,RTD Coffee,Total,Metal,Retail/off-trade Unit Volume,million units,2020,15.9
Japan,RTD Coffee,Total,Metal,Retail/off-trade Unit Volume,million units,2020,7838.8
China,RTD Coffee,Total,Metal,Retail/off-trade Unit Volume,million units,2020,441.9
France,RTD Coffee,Total,Metal,Retail/off-trade Unit Volume,million units,2020,2.9
Germany,RTD Coffee,Total,Metal,Retail/off-trade Unit Volume,million units,2020,62.7
Australia,RTD Coffee,Total,Metal,Retail/off-trade Unit Volume,million units,2020,0.8
Australia,RTD Coffee,Total,Metal Beverage Cans,Retail/off-trade Unit Volume,million units,2020,0.8
Germany,RTD Coffee,Total,Metal Beverage Cans,Retail/off-trade Unit Volume,million units,2020,62.7
France,RTD Coffee,Total,Metal Beverage Cans,Retail/off-trade Unit Volume,million units,2020,2.9
China,RTD Coffee,Total,Metal Beverage Cans,Retail/off-trade Unit Volume,million units,2020,441.9
Japan,RTD Coffee,Total,Metal Beverage Cans,Retail/off-trade Unit Volume,million units,2020,5241.0
United Kingdom,RTD Coffee,Total,Metal Beverage Cans,Retail/off-trade Unit Volume,million units,2020,15.9
USA,RTD Coffee,Total,Metal Beverage Cans,Retail/off-trade Unit Volume,million units,2020,598.4
Thailand,RTD Coffee,Total,Metal Beverage Cans,Retail/off-trade Unit Volume,million units,2020,962.8
Western Europe,RTD Coffee,Total,Metal Beverage Cans,Retail/off-trade Unit Volume,million units,2020,259.3
Eastern Europe,RTD Coffee,Total,Metal Beverage Cans,Retail/off-trade Unit Volume,million units,2020,99.3
Latin America,RTD Coffee,Total,Metal Beverage Cans,Retail/off-trade Unit Volume,million units,2020,5.1
North America,RTD Coffee,Total,Metal Beverage Cans,Retail/off-trade Unit Volume,million units,2020,598.5
Australasia,RTD Coffee,Total,Metal Beverage Cans,Retail/off-trade Unit Volume,million units,2020,0.8
Middle East and Africa,RTD Coffee,Total,Metal Beverage Cans,Retail/off-trade Unit Volume,million units,2020,51.2
Asia Pacific,RTD Coffee,Total,Metal Beverage Cans,Retail/off-trade Unit Volume,million units,2020,7968.0
World,RTD Coffee,Total,Metal Beverage Cans,Retail/off-trade Unit Volume,million units,2020,8982.3
World,RTD Coffee,Total,Metal Bottles,Retail/off-trade Unit Volume,million units,2020,2704.7
Asia Pacific,RTD Coffee,Total,Metal Bottles,Retail/off-trade Unit Volume,million units,2020,2627.5
North America,RTD Coffee,Total,Metal Bottles,Retail/off-trade Unit Volume,million units,2020,77.2
USA,RTD Coffee,Total,Metal Bottles,Retail/off-trade Unit Volume,million units,2020,77.2
Japan,RTD Coffee,Total,Metal Bottles,Retail/off-trade Unit Volume,million units,2020,2597.8
Australia,RTD Coffee,Total,Paper-based Containers,Retail/off-trade Unit Volume,million units,2020,0.0
Australasia,RTD Coffee,Total,Paper-based Containers,Retail/off-trade Unit Volume,million units,2020,0.0
World,RTD Coffee,Total,Paper-based Containers,Retail/off-trade Unit Volume,million units,2020,0.0
World,RTD Coffee,Total,Bag In Box,Retail/off-trade Unit Volume,million units,2020,0.0
Australasia,RTD Coffee,Total,Bag In Box,Retail/off-trade Unit Volume,million units,2020,0.0
Australia,RTD Coffee,Total,Bag In Box,Retail/off-trade Unit Volume,million units,2020,0.0
Brazil,RTD Coffee,Total,Rigid Plastic,Retail/off-trade Unit Volume,million units,2020,0.3
Australia,RTD Coffee,Total,Rigid Plastic,Retail/off-trade Unit Volume,million units,2020,5.9
China,RTD Coffee,Total,Rigid Plastic,Retail/off-trade Unit Volume,million units,2020,549.2
France,RTD Coffee,Total,Rigid Plastic,Retail/off-trade Unit Volume,million units,2020,19.1
Germany,RTD Coffee,Total,Rigid Plastic,Retail/off-trade Unit Volume,million units,2020,399.3
Japan,RTD Coffee,Total,Rigid Plastic,Retail/off-trade Unit Volume,million units,2020,2426.4
United Kingdom,RTD Coffee,Total,Rigid Plastic,Retail/off-trade Unit Volume,million units,2020,77.1
USA,RTD Coffee,Total,Rigid Plastic,Retail/off-trade Unit Volume,million units,2020,255.4
Thailand,RTD Coffee,Total,Rigid Plastic,Retail/off-trade Unit Volume,million units,2020,24.4
Middle East and Africa,RTD Coffee,Total,Rigid Plastic,Retail/off-trade Unit Volume,million units,2020,1.0
Australasia,RTD Coffee,Total,Rigid Plastic,Retail/off-trade Unit Volume,million units,2020,6.1
Asia Pacific,RTD Coffee,Total,Rigid Plastic,Retail/off-trade Unit Volume,million units,2020,4760.7
North America,RTD Coffee,Total,Rigid Plastic,Retail/off-trade Unit Volume,million units,2020,261.7
Latin America,RTD Coffee,Total,Rigid Plastic,Retail/off-trade Unit Volume,million units,2020,0.8
Eastern Europe,RTD Coffee,Total,Rigid Plastic,Retail/off-trade Unit Volume,million units,2020,18.7
Western Europe,RTD Coffee,Total,Rigid Plastic,Retail/off-trade Unit Volume,million units,2020,845.2
World,RTD Coffee,Total,Rigid Plastic,Retail/off-trade Unit Volume,million units,2020,5894.1
World,RTD Coffee,Total,HDPE Bottles,Retail/off-trade Unit Volume,million units,2020,30.0
China,RTD Coffee,Total,HDPE Bottles,Retail/off-trade Unit Volume,million units,2020,7.0
Eastern Europe,RTD Coffee,Total,HDPE Bottles,Retail/off-trade Unit Volume,million units,2020,4.4
North America,RTD Coffee,Total,HDPE Bottles,Retail/off-trade Unit Volume,million units,2020,3.8
Latin America,RTD Coffee,Total,HDPE Bottles,Retail/off-trade Unit Volume,million units,2020,0.5
Asia Pacific,RTD Coffee,Total,HDPE Bottles,Retail/off-trade Unit Volume,million units,2020,15.4
Australasia,RTD Coffee,Total,HDPE Bottles,Retail/off-trade Unit Volume,million units,2020,5.9
Australia,RTD Coffee,Total,HDPE Bottles,Retail/off-trade Unit Volume,million units,2020,5.9
Brazil,RTD Coffee,Total,PET Bottles,Retail/off-trade Unit Volume,million units,2020,0.3
Germany,RTD Coffee,Total,PET Bottles,Retail/off-trade Unit Volume,million units,2020,45.5
France,RTD Coffee,Total,PET Bottles,Retail/off-trade Unit Volume,million units,2020,1.3
China,RTD Coffee,Total,PET Bottles,Retail/off-trade Unit Volume,million units,2020,542.3
Thailand,RTD Coffee,Total,PET Bottles,Retail/off-trade Unit Volume,million units,2020,24.4
USA,RTD Coffee,Total,PET Bottles,Retail/off-trade Unit Volume,million units,2020,255.4
United Kingdom,RTD Coffee,Total,PET Bottles,Retail/off-trade Unit Volume,million units,2020,1.3
Japan,RTD Coffee,Total,PET Bottles,Retail/off-trade Unit Volume,million units,2020,1848.6
Middle East and Africa,RTD Coffee,Total,PET Bottles,Retail/off-trade Unit Volume,million units,2020,1.0
Asia Pacific,RTD Coffee,Total,PET Bottles,Retail/off-trade Unit Volume,million units,2020,3340.8
North America,RTD Coffee,Total,PET Bottles,Retail/off-trade Unit Volume,million units,2020,257.9
Latin America,RTD Coffee,Total,PET Bottles,Retail/off-trade Unit Volume,million units,2020,0.3
Western Europe,RTD Coffee,Total,PET Bottles,Retail/off-trade Unit Volume,million units,2020,76.4
Eastern Europe,RTD Coffee,Total,PET Bottles,Retail/off-trade Unit Volume,million units,2020,7.9
World,RTD Coffee,Total,PET Bottles,Retail/off-trade Unit Volume,million units,2020,3684.3
World,RTD Coffee,Total,Thin Wall Plastic Containers,Retail/off-trade Unit Volume,million units,2020,2175.5
Eastern Europe,RTD Coffee,Total,Thin Wall Plastic Containers,Retail/off-trade Unit Volume,million units,2020,6.4
Western Europe,RTD Coffee,Total,Thin Wall Plastic Containers,Retail/off-trade Unit Volume,million units,2020,764.7
Asia Pacific,RTD Coffee,Total,Thin Wall Plastic Containers,Retail/off-trade Unit Volume,million units,2020,1404.4
Japan,RTD Coffee,Total,Thin Wall Plastic Containers,Retail/off-trade Unit Volume,million units,2020,577.8
United Kingdom,RTD Coffee,Total,Thin Wall Plastic Containers,Retail/off-trade Unit Volume,million units,2020,75.9
China,RTD Coffee,Total,Thin Wall Plastic Containers,Retail/off-trade Unit Volume,million units,2020,
France,RTD Coffee,Total,Thin Wall Plastic Containers,Retail/off-trade Unit Volume,million units,2020,17.8
Germany,RTD Coffee,Total,Thin Wall Plastic Containers,Retail/off-trade Unit Volume,million units,2020,353.8
Australasia,RTD Coffee,Total,Other Plastic Bottles,Retail/off-trade Unit Volume,million units,2020,0.2
Western Europe,RTD Coffee,Total,Other Plastic Bottles,Retail/off-trade Unit Volume,million units,2020,4.1
World,RTD Coffee,Total,Other Plastic Bottles,Retail/off-trade Unit Volume,million units,2020,4.3
World,RTD Coffee,Total,Other Packaging,Retail/off-trade Unit Volume,million units,2020,7.8
Eastern Europe,RTD Coffee,Total,Other Packaging,Retail/off-trade Unit Volume,million units,2020,0.4
Western Europe,RTD Coffee,Total,Other Packaging,Retail/off-trade Unit Volume,million units,2020,2.0
Asia Pacific,RTD Coffee,Total,Other Packaging,Retail/off-trade Unit Volume,million units,2020,5.4
Middle East and Africa,RTD Coffee,Total,Other Packaging,Retail/off-trade Unit Volume,million units,2020,0.0
Thailand,RTD Coffee,Total,Other Packaging,Retail/off-trade Unit Volume,million units,2020,5.4
Western Europe,Coffee,Total,Total Packaging,Retail/off-trade Unit Volume,million units,2021,12352.1
Eastern Europe,Coffee,Total,Total Packaging,Retail/off-trade Unit Volume,million units,2021,4973.3
North America,Coffee,Total,Total Packaging,Retail/off-trade Unit Volume,million units,2021,3391.8
Latin America,Coffee,Total,Total Packaging,Retail/off-trade Unit Volume,million units,2021,4590.0
Asia Pacific,Coffee,Total,Total Packaging,Retail/off-trade Unit Volume,million units,2021,30660.3
Australasia,Coffee,Total,Total Packaging,Retail/off-trade Unit Volume,million units,2021,308.9
Middle East and Africa,Coffee,Total,Total Packaging,Retail/off-trade Unit Volume,million units,2021,901.3
Australia,Coffee,Total,Total Packaging,Retail/off-trade Unit Volume,million units,2021,262.6
Brazil,Coffee,Total,Total Packaging,Retail/off-trade Unit Volume,million units,2021,3065.6
China,Coffee,Total,Total Packaging,Retail/off-trade Unit Volume,million units,2021,329.0
Germany,Coffee,Total,Total Packaging,Retail/off-trade Unit Volume,million units,2021,2452.5
France,Coffee,Total,Total Packaging,Retail/off-trade Unit Volume,million units,2021,2107.1
United Kingdom,Coffee,Total,Total Packaging,Retail/off-trade Unit Volume,million units,2021,733.8
India,Coffee,Total,Total Packaging,Retail/off-trade Unit Volume,million units,2021,1679.2
Japan,Coffee,Total,Total Packaging,Retail/off-trade Unit Volume,million units,2021,918.4
Thailand,Coffee,Total,Total Packaging,Retail/off-trade Unit Volume,million units,2021,634.9
USA,Coffee,Total,Total Packaging,Retail/off-trade Unit Volume,million units,2021,3076.8
World,Coffee,Total,Total Packaging,Retail/off-trade Unit Volume,million units,2021,57177.8
USA,Coffee,Total,Flexible Packaging,Retail/off-trade Unit Volume,million units,2021,1330.4
Thailand,Coffee,Total,Flexible Packaging,Retail/off-trade Unit Volume,million units,2021,485.5
World,Coffee,Total,Flexible Packaging,Retail/off-trade Unit Volume,million units,2021,43596.1
Japan,Coffee,Total,Flexible Packaging,Retail/off-trade Unit Volume,million units,2021,559.0
India,Coffee,Total,Flexible Packaging,Retail/off-trade Unit Volume,million units,2021,1167.9
United Kingdom,Coffee,Total,Flexible Packaging,Retail/off-trade Unit Volume,million units,2021,177.4
France,Coffee,Total,Flexible Packaging,Retail/off-trade Unit Volume,million units,2021,669.9
China,Coffee,Total,Flexible Packaging,Retail/off-trade Unit Volume,million units,2021,126.5
Germany,Coffee,Total,Flexible Packaging,Retail/off-trade Unit Volume,million units,2021,1464.9
Brazil,Coffee,Total,Flexible Packaging,Retail/off-trade Unit Volume,million units,2021,2432.6
Australia,Coffee,Total,Flexible Packaging,Retail/off-trade Unit Volume,million units,2021,27.6
Middle East and Africa,Coffee,Total,Flexible Packaging,Retail/off-trade Unit Volume,million units,2021,530.4
Australasia,Coffee,Total,Flexible Packaging,Retail/off-trade Unit Volume,million units,2021,34.2
Asia Pacific,Coffee,Total,Flexible Packaging,Retail/off-trade Unit Volume,million units,2021,27745.4
North America,Coffee,Total,Flexible Packaging,Retail/off-trade Unit Volume,million units,2021,1406.7
Latin America,Coffee,Total,Flexible Packaging,Retail/off-trade Unit Volume,million units,2021,3276.2
Eastern Europe,Coffee,Total,Flexible Packaging,Retail/off-trade Unit Volume,million units,2021,3689.0
Western Europe,Coffee,Total,Flexible Packaging,Retail/off-trade Unit Volume,million units,2021,6914.2
Western Europe,Coffee,Total,Flexible Aluminium/Paper,Retail/off-trade Unit Volume,million units,2021,204.3
Eastern Europe,Coffee,Total,Flexible Aluminium/Paper,Retail/off-trade Unit Volume,million units,2021,118.1
Latin America,Coffee,Total,Flexible Aluminium/Paper,Retail/off-trade Unit Volume,million units,2021,0.1
North America,Coffee,Total,Flexible Aluminium/Paper,Retail/off-trade Unit Volume,million units,2021,435.3
Asia Pacific,Coffee,Total,Flexible Aluminium/Paper,Retail/off-trade Unit Volume,million units,2021,2.3
Australasia,Coffee,Total,Flexible Aluminium/Paper,Retail/off-trade Unit Volume,million units,2021,4.6
Middle East and Africa,Coffee,Total,Flexible Aluminium/Paper,Retail/off-trade Unit Volume,million units,2021,1.2
Australia,Coffee,Total,Flexible Aluminium/Paper,Retail/off-trade Unit Volume,million units,2021,3.6
China,Coffee,Total,Flexible Aluminium/Paper,Retail/off-trade Unit Volume,million units,2021,0.0
Germany,Coffee,Total,Flexible Aluminium/Paper,Retail/off-trade Unit Volume,million units,2021,63.9
France,Coffee,Total,Flexible Aluminium/Paper,Retail/off-trade Unit Volume,million units,2021,9.0
World,Coffee,Total,Flexible Aluminium/Paper,Retail/off-trade Unit Volume,million units,2021,766.0
USA,Coffee,Total,Flexible Aluminium/Paper,Retail/off-trade Unit Volume,million units,2021,411.0
USA,Coffee,Total,Flexible Aluminium/Plastic,Retail/off-trade Unit Volume,million units,2021,609.6
Thailand,Coffee,Total,Flexible Aluminium/Plastic,Retail/off-trade Unit Volume,million units,2021,287.0
World,Coffee,Total,Flexible Aluminium/Plastic,Retail/off-trade Unit Volume,million units,2021,29355.7
France,Coffee,Total,Flexible Aluminium/Plastic,Retail/off-trade Unit Volume,million units,2021,169.7
Germany,Coffee,Total,Flexible Aluminium/Plastic,Retail/off-trade Unit Volume,million units,2021,452.6
India,Coffee,Total,Flexible Aluminium/Plastic,Retail/off-trade Unit Volume,million units,2021,1167.9
Japan,Coffee,Total,Flexible Aluminium/Plastic,Retail/off-trade Unit Volume,million units,2021,387.4
United Kingdom,Coffee,Total,Flexible Aluminium/Plastic,Retail/off-trade Unit Volume,million units,2021,74.1
China,Coffee,Total,Flexible Aluminium/Plastic,Retail/off-trade Unit Volume,million units,2021,126.5
Brazil,Coffee,Total,Flexible Aluminium/Plastic,Retail/off-trade Unit Volume,million units,2021,2204.1
Middle East and Africa,Coffee,Total,Flexible Aluminium/Plastic,Retail/off-trade Unit Volume,million units,2021,301.9
Australia,Coffee,Total,Flexible Aluminium/Plastic,Retail/off-trade Unit Volume,million units,2021,12.4
Australasia,Coffee,Total,Flexible Aluminium/Plastic,Retail/off-trade Unit Volume,million units,2021,15.9
Asia Pacific,Coffee,Total,Flexible Aluminium/Plastic,Retail/off-trade Unit Volume,million units,2021,21027.1
Latin America,Coffee,Total,Flexible Aluminium/Plastic,Retail/off-trade Unit Volume,million units,2021,2873.8
North America,Coffee,Total,Flexible Aluminium/Plastic,Retail/off-trade Unit Volume,million units,2021,655.1
Eastern Europe,Coffee,Total,Flexible Aluminium/Plastic,Retail/off-trade Unit Volume,million units,2021,2736.2
Western Europe,Coffee,Total,Flexible Aluminium/Plastic,Retail/off-trade Unit Volume,million units,2021,1745.7
Western Europe,Coffee,Total,Flexible Paper,Retail/off-trade Unit Volume,million units,2021,493.5
Eastern Europe,Coffee,Total,Flexible Paper,Retail/off-trade Unit Volume,million units,2021,85.1
Latin America,Coffee,Total,Flexible Paper,Retail/off-trade Unit Volume,million units,2021,1.6
Asia Pacific,Coffee,Total,Flexible Paper,Retail/off-trade Unit Volume,million units,2021,4.7
Australasia,Coffee,Total,Flexible Paper,Retail/off-trade Unit Volume,million units,2021,0.0
Middle East and Africa,Coffee,Total,Flexible Paper,Retail/off-trade Unit Volume,million units,2021,2.8
United Kingdom,Coffee,Total,Flexible Paper,Retail/off-trade Unit Volume,million units,2021,7.7
Germany,Coffee,Total,Flexible Paper,Retail/off-trade Unit Volume,million units,2021,436.0
World,Coffee,Total,Flexible Paper,Retail/off-trade Unit Volume,million units,2021,587.8
World,Coffee,Total,Flexible Paper/Plastic,Retail/off-trade Unit Volume,million units,2021,118.5
United Kingdom,Coffee,Total,Flexible Paper/Plastic,Retail/off-trade Unit Volume,million units,2021,
Western Europe,Coffee,Total,Flexible Paper/Plastic,Retail/off-trade Unit Volume,million units,2021,118.5
Western Europe,Coffee,Total,Flexible Plastic,Retail/off-trade Unit Volume,million units,2021,4222.4
Eastern Europe,Coffee,Total,Flexible Plastic,Retail/off-trade Unit Volume,million units,2021,211.8
Australasia,Coffee,Total,Flexible Plastic,Retail/off-trade Unit Volume,million units,2021,13.7
Asia Pacific,Coffee,Total,Flexible Plastic,Retail/off-trade Unit Volume,million units,2021,6226.2
Latin America,Coffee,Total,Flexible Plastic,Retail/off-trade Unit Volume,million units,2021,88.8
North America,Coffee,Total,Flexible Plastic,Retail/off-trade Unit Volume,million units,2021,132.6
United Kingdom,Coffee,Total,Flexible Plastic,Retail/off-trade Unit Volume,million units,2021,81.5
Japan,Coffee,Total,Flexible Plastic,Retail/off-trade Unit Volume,million units,2021,171.6
Germany,Coffee,Total,Flexible Plastic,Retail/off-trade Unit Volume,million units,2021,511.3
France,Coffee,Total,Flexible Plastic,Retail/off-trade Unit Volume,million units,2021,459.6
Middle East and Africa,Coffee,Total,Flexible Plastic,Retail/off-trade Unit Volume,million units,2021,108.6
Australia,Coffee,Total,Flexible Plastic,Retail/off-trade Unit Volume,million units,2021,11.6
Brazil,Coffee,Total,Flexible Plastic,Retail/off-trade Unit Volume,million units,2021,2.2
World,Coffee,Total,Flexible Plastic,Retail/off-trade Unit Volume,million units,2021,11004.1
Thailand,Coffee,Total,Flexible Plastic,Retail/off-trade Unit Volume,million units,2021,152.7
USA,Coffee,Total,Flexible Plastic,Retail/off-trade Unit Volume,million units,2021,126.1
USA,Coffee,Total,Stand-Up Pouches,Retail/off-trade Unit Volume,million units,2021,183.6
Thailand,Coffee,Total,Stand-Up Pouches,Retail/off-trade Unit Volume,million units,2021,45.9
World,Coffee,Total,Stand-Up Pouches,Retail/off-trade Unit Volume,million units,2021,1764.0
Germany,Coffee,Total,Stand-Up Pouches,Retail/off-trade Unit Volume,million units,2021,1.0
Brazil,Coffee,Total,Stand-Up Pouches,Retail/off-trade Unit Volume,million units,2021,226.2
Middle East and Africa,Coffee,Total,Stand-Up Pouches,Retail/off-trade Unit Volume,million units,2021,115.8
United Kingdom,Coffee,Total,Stand-Up Pouches,Retail/off-trade Unit Volume,million units,2021,14.1
France,Coffee,Total,Stand-Up Pouches,Retail/off-trade Unit Volume,million units,2021,31.6
North America,Coffee,Total,Stand-Up Pouches,Retail/off-trade Unit Volume,million units,2021,183.6
Latin America,Coffee,Total,Stand-Up Pouches,Retail/off-trade Unit Volume,million units,2021,311.9
Asia Pacific,Coffee,Total,Stand-Up Pouches,Retail/off-trade Unit Volume,million units,2021,485.1
Eastern Europe,Coffee,Total,Stand-Up Pouches,Retail/off-trade Unit Volume,million units,2021,537.7
Western Europe,Coffee,Total,Stand-Up Pouches,Retail/off-trade Unit Volume,million units,2021,129.7
Western Europe,Coffee,Total,Aluminium /Plastic Pouches,Retail/off-trade Unit Volume,million units,2021,83.9
Eastern Europe,Coffee,Total,Aluminium /Plastic Pouches,Retail/off-trade Unit Volume,million units,2021,487.9
Asia Pacific,Coffee,Total,Aluminium /Plastic Pouches,Retail/off-trade Unit Volume,million units,2021,449.1
Latin America,Coffee,Total,Aluminium /Plastic Pouches,Retail/off-trade Unit Volume,million units,2021,245.4
North America,Coffee,Total,Aluminium /Plastic Pouches,Retail/off-trade Unit Volume,million units,2021,3.4
France,Coffee,Total,Aluminium /Plastic Pouches,Retail/off-trade Unit Volume,million units,2021,2.1
United Kingdom,Coffee,Total,Aluminium /Plastic Pouches,Retail/off-trade Unit Volume,million units,2021,0.9
Middle East and Africa,Coffee,Total,Aluminium /Plastic Pouches,Retail/off-trade Unit Volume,million units,2021,37.2
Brazil,Coffee,Total,Aluminium /Plastic Pouches,Retail/off-trade Unit Volume,million units,2021,226.2
Germany,Coffee,Total,Aluminium /Plastic Pouches,Retail/off-trade Unit Volume,million units,2021,1.0
World,Coffee,Total,Aluminium /Plastic Pouches,Retail/off-trade Unit Volume,million units,2021,1306.9
Thailand,Coffee,Total,Aluminium /Plastic Pouches,Retail/off-trade Unit Volume,million units,2021,45.9
USA,Coffee,Total,Aluminium /Plastic Pouches,Retail/off-trade Unit Volume,million units,2021,3.4
USA,Coffee,Total,Plastic Pouches,Retail/off-trade Unit Volume,million units,2021,180.2
World,Coffee,Total,Plastic Pouches,Retail/off-trade Unit Volume,million units,2021,457.1
Middle East and Africa,Coffee,Total,Plastic Pouches,Retail/off-trade Unit Volume,million units,2021,78.6
United Kingdom,Coffee,Total,Plastic Pouches,Retail/off-trade Unit Volume,million units,2021,13.2
France,Coffee,Total,Plastic Pouches,Retail/off-trade Unit Volume,million units,2021,29.4
North America,Coffee,Total,Plastic Pouches,Retail/off-trade Unit Volume,million units,2021,180.2
Latin America,Coffee,Total,Plastic Pouches,Retail/off-trade Unit Volume,million units,2021,66.6
Asia Pacific,Coffee,Total,Plastic Pouches,Retail/off-trade Unit Volume,million units,2021,36.0
Eastern Europe,Coffee,Total,Plastic Pouches,Retail/off-trade Unit Volume,million units,2021,49.8
Western Europe,Coffee,Total,Plastic Pouches,Retail/off-trade Unit Volume,million units,2021,45.8
Eastern Europe,Coffee,Total,Glass,Retail/off-trade Unit Volume,million units,2021,465.2
Western Europe,Coffee,Total,Glass,Retail/off-trade Unit Volume,million units,2021,574.9
Asia Pacific,Coffee,Total,Glass,Retail/off-trade Unit Volume,million units,2021,1162.1
Australasia,Coffee,Total,Glass,Retail/off-trade Unit Volume,million units,2021,175.8
Latin America,Coffee,Total,Glass,Retail/off-trade Unit Volume,million units,2021,625.3
North America,Coffee,Total,Glass,Retail/off-trade Unit Volume,million units,2021,46.4
France,Coffee,Total,Glass,Retail/off-trade Unit Volume,million units,2021,65.9
United Kingdom,Coffee,Total,Glass,Retail/off-trade Unit Volume,million units,2021,239.6
India,Coffee,Total,Glass,Retail/off-trade Unit Volume,million units,2021,458.3
Japan,Coffee,Total,Glass,Retail/off-trade Unit Volume,million units,2021,78.0
Middle East and Africa,Coffee,Total,Glass,Retail/off-trade Unit Volume,million units,2021,191.6
Australia,Coffee,Total,Glass,Retail/off-trade Unit Volume,million units,2021,148.6
Germany,Coffee,Total,Glass,Retail/off-trade Unit Volume,million units,2021,81.4
Brazil,Coffee,Total,Glass,Retail/off-trade Unit Volume,million units,2021,116.9
China,Coffee,Total,Glass,Retail/off-trade Unit Volume,million units,2021,53.8
World,Coffee,Total,Glass,Retail/off-trade Unit Volume,million units,2021,3241.4
Thailand,Coffee,Total,Glass,Retail/off-trade Unit Volume,million units,2021,124.4
USA,Coffee,Total,Glass,Retail/off-trade Unit Volume,million units,2021,10.5
USA,Coffee,Total,Glass Jars,Retail/off-trade Unit Volume,million units,2021,10.5
Thailand,Coffee,Total,Glass Jars,Retail/off-trade Unit Volume,million units,2021,124.4
World,Coffee,Total,Glass Jars,Retail/off-trade Unit Volume,million units,2021,3241.4
China,Coffee,Total,Glass Jars,Retail/off-trade Unit Volume,million units,2021,53.8
Brazil,Coffee,Total,Glass Jars,Retail/off-trade Unit Volume,million units,2021,116.9
Germany,Coffee,Total,Glass Jars,Retail/off-trade Unit Volume,million units,2021,81.4
Australia,Coffee,Total,Glass Jars,Retail/off-trade Unit Volume,million units,2021,148.6
Middle East and Africa,Coffee,Total,Glass Jars,Retail/off-trade Unit Volume,million units,2021,191.6
Japan,Coffee,Total,Glass Jars,Retail/off-trade Unit Volume,million units,2021,78.0
India,Coffee,Total,Glass Jars,Retail/off-trade Unit Volume,million units,2021,458.3
United Kingdom,Coffee,Total,Glass Jars,Retail/off-trade Unit Volume,million units,2021,239.6
France,Coffee,Total,Glass Jars,Retail/off-trade Unit Volume,million units,2021,65.9
North America,Coffee,Total,Glass Jars,Retail/off-trade Unit Volume,million units,2021,46.4
Latin America,Coffee,Total,Glass Jars,Retail/off-trade Unit Volume,million units,2021,625.3
Australasia,Coffee,Total,Glass Jars,Retail/off-trade Unit Volume,million units,2021,175.8
Asia Pacific,Coffee,Total,Glass Jars,Retail/off-trade Unit Volume,million units,2021,1162.1
Western Europe,Coffee,Total,Glass Jars,Retail/off-trade Unit Volume,million units,2021,574.9
Eastern Europe,Coffee,Total,Glass Jars,Retail/off-trade Unit Volume,million units,2021,465.2
North America,Coffee,Total,Metal,Retail/off-trade Unit Volume,million units,2021,204.3
Eastern Europe,Coffee,Total,Metal,Retail/off-trade Unit Volume,million units,2021,399.7
Western Europe,Coffee,Total,Metal,Retail/off-trade Unit Volume,million units,2021,1253.0
Asia Pacific,Coffee,Total,Metal,Retail/off-trade Unit Volume,million units,2021,269.7
Australasia,Coffee,Total,Metal,Retail/off-trade Unit Volume,million units,2021,29.4
Latin America,Coffee,Total,Metal,Retail/off-trade Unit Volume,million units,2021,290.0
France,Coffee,Total,Metal,Retail/off-trade Unit Volume,million units,2021,226.8
United Kingdom,Coffee,Total,Metal,Retail/off-trade Unit Volume,million units,2021,117.9
Japan,Coffee,Total,Metal,Retail/off-trade Unit Volume,million units,2021,23.3
India,Coffee,Total,Metal,Retail/off-trade Unit Volume,million units,2021,48.1
Thailand,Coffee,Total,Metal,Retail/off-trade Unit Volume,million units,2021,6.7
Middle East and Africa,Coffee,Total,Metal,Retail/off-trade Unit Volume,million units,2021,54.2
Australia,Coffee,Total,Metal,Retail/off-trade Unit Volume,million units,2021,23.4
Brazil,Coffee,Total,Metal,Retail/off-trade Unit Volume,million units,2021,188.6
Germany,Coffee,Total,Metal,Retail/off-trade Unit Volume,million units,2021,145.9
China,Coffee,Total,Metal,Retail/off-trade Unit Volume,million units,2021,10.8
USA,Coffee,Total,Metal,Retail/off-trade Unit Volume,million units,2021,149.1
World,Coffee,Total,Metal,Retail/off-trade Unit Volume,million units,2021,2500.4
World,Coffee,Total,Aluminium Trays,Retail/off-trade Unit Volume,million units,2021,1.5
Western Europe,Coffee,Total,Aluminium Trays,Retail/off-trade Unit Volume,million units,2021,1.5
Western Europe,Coffee,Total,Metal Tins,Retail/off-trade Unit Volume,million units,2021,344.3
Eastern Europe,Coffee,Total,Metal Tins,Retail/off-trade Unit Volume,million units,2021,353.8
North America,Coffee,Total,Metal Tins,Retail/off-trade Unit Volume,million units,2021,127.8
Latin America,Coffee,Total,Metal Tins,Retail/off-trade Unit Volume,million units,2021,84.0
Australasia,Coffee,Total,Metal Tins,Retail/off-trade Unit Volume,million units,2021,10.1
Asia Pacific,Coffee,Total,Metal Tins,Retail/off-trade Unit Volume,million units,2021,179.0
World,Coffee,Total,Metal Tins,Retail/off-trade Unit Volume,million units,2021,1132.0
USA,Coffee,Total,Metal Tins,Retail/off-trade Unit Volume,million units,2021,72.6
China,Coffee,Total,Metal Tins,Retail/off-trade Unit Volume,million units,2021,5.4
Germany,Coffee,Total,Metal Tins,Retail/off-trade Unit Volume,million units,2021,71.0
Brazil,Coffee,Total,Metal Tins,Retail/off-trade Unit Volume,million units,2021,15.7
Australia,Coffee,Total,Metal Tins,Retail/off-trade Unit Volume,million units,2021,9.5
Middle East and Africa,Coffee,Total,Metal Tins,Retail/off-trade Unit Volume,million units,2021,32.9
Thailand,Coffee,Total,Metal Tins,Retail/off-trade Unit Volume,million units,2021,6.7
India,Coffee,Total,Metal Tins,Retail/off-trade Unit Volume,million units,2021,48.1
Japan,Coffee,Total,Metal Tins,Retail/off-trade Unit Volume,million units,2021,8.9
United Kingdom,Coffee,Total,Metal Tins,Retail/off-trade Unit Volume,million units,2021,27.9
France,Coffee,Total,Metal Tins,Retail/off-trade Unit Volume,million units,2021,28.9
France,Coffee,Total,Other Metal,Retail/off-trade Unit Volume,million units,2021,197.9
United Kingdom,Coffee,Total,Other Metal,Retail/off-trade Unit Volume,million units,2021,90.1
Japan,Coffee,Total,Other Metal,Retail/off-trade Unit Volume,million units,2021,14.4
Middle East and Africa,Coffee,Total,Other Metal,Retail/off-trade Unit Volume,million units,2021,21.3
Australia,Coffee,Total,Other Metal,Retail/off-trade Unit Volume,million units,2021,13.9
Brazil,Coffee,Total,Other Metal,Retail/off-trade Unit Volume,million units,2021,172.9
Germany,Coffee,Total,Other Metal,Retail/off-trade Unit Volume,million units,2021,74.9
China,Coffee,Total,Other Metal,Retail/off-trade Unit Volume,million units,2021,5.4
USA,Coffee,Total,Other Metal,Retail/off-trade Unit Volume,million units,2021,76.5
World,Coffee,Total,Other Metal,Retail/off-trade Unit Volume,million units,2021,1367.0
Asia Pacific,Coffee,Total,Other Metal,Retail/off-trade Unit Volume,million units,2021,90.7
Australasia,Coffee,Total,Other Metal,Retail/off-trade Unit Volume,million units,2021,19.4
Latin America,Coffee,Total,Other Metal,Retail/off-trade Unit Volume,million units,2021,206.0
North America,Coffee,Total,Other Metal,Retail/off-trade Unit Volume,million units,2021,76.5
Eastern Europe,Coffee,Total,Other Metal,Retail/off-trade Unit Volume,million units,2021,45.9
Western Europe,Coffee,Total,Other Metal,Retail/off-trade Unit Volume,million units,2021,907.2
Western Europe,Coffee,Total,Paper-based Containers,Retail/off-trade Unit Volume,million units,2021,2272.3
Eastern Europe,Coffee,Total,Paper-based Containers,Retail/off-trade Unit Volume,million units,2021,360.1
North America,Coffee,Total,Paper-based Containers,Retail/off-trade Unit Volume,million units,2021,824.3
Latin America,Coffee,Total,Paper-based Containers,Retail/off-trade Unit Volume,million units,2021,339.6
Australasia,Coffee,Total,Paper-based Containers,Retail/off-trade Unit Volume,million units,2021,47.5
Asia Pacific,Coffee,Total,Paper-based Containers,Retail/off-trade Unit Volume,million units,2021,1452.9
USA,Coffee,Total,Paper-based Containers,Retail/off-trade Unit Volume,million units,2021,771.3
Thailand,Coffee,Total,Paper-based Containers,Retail/off-trade Unit Volume,million units,2021,0.3
World,Coffee,Total,Paper-based Containers,Retail/off-trade Unit Volume,million units,2021,5361.4
China,Coffee,Total,Paper-based Containers,Retail/off-trade Unit Volume,million units,2021,134.7
Brazil,Coffee,Total,Paper-based Containers,Retail/off-trade Unit Volume,million units,2021,288.5
Germany,Coffee,Total,Paper-based Containers,Retail/off-trade Unit Volume,million units,2021,327.1
Australia,Coffee,Total,Paper-based Containers,Retail/off-trade Unit Volume,million units,2021,41.0
Middle East and Africa,Coffee,Total,Paper-based Containers,Retail/off-trade Unit Volume,million units,2021,64.6
India,Coffee,Total,Paper-based Containers,Retail/off-trade Unit Volume,million units,2021,3.8
Japan,Coffee,Total,Paper-based Containers,Retail/off-trade Unit Volume,million units,2021,258.2
United Kingdom,Coffee,Total,Paper-based Containers,Retail/off-trade Unit Volume,million units,2021,123.9
France,Coffee,Total,Paper-based Containers,Retail/off-trade Unit Volume,million units,2021,621.2
Japan,Coffee,Total,Board Tubs,Retail/off-trade Unit Volume,million units,2021,5.9
China,Coffee,Total,Board Tubs,Retail/off-trade Unit Volume,million units,2021,1.9
World,Coffee,Total,Board Tubs,Retail/off-trade Unit Volume,million units,2021,7.9
Asia Pacific,Coffee,Total,Board Tubs,Retail/off-trade Unit Volume,million units,2021,7.9
Asia Pacific,Coffee,Total,Composite Containers,Retail/off-trade Unit Volume,million units,2021,45.5
Latin America,Coffee,Total,Composite Containers,Retail/off-trade Unit Volume,million units,2021,32.0
North America,Coffee,Total,Composite Containers,Retail/off-trade Unit Volume,million units,2021,96.9
Eastern Europe,Coffee,Total,Composite Containers,Retail/off-trade Unit Volume,million units,2021,0.1
Western Europe,Coffee,Total,Composite Containers,Retail/off-trade Unit Volume,million units,2021,45.1
World,Coffee,Total,Composite Containers,Retail/off-trade Unit Volume,million units,2021,219.7
USA,Coffee,Total,Composite Containers,Retail/off-trade Unit Volume,million units,2021,96.9
Brazil,Coffee,Total,Composite Containers,Retail/off-trade Unit Volume,million units,2021,30.2
Japan,Coffee,Total,Composite Containers,Retail/off-trade Unit Volume,million units,2021,45.5
Germany,Coffee,Total,Composite Containers,Retail/off-trade Unit Volume,million units,2021,38.1
United Kingdom,Coffee,Total,Composite Containers,Retail/off-trade Unit Volume,million units,2021,1.7
France,Coffee,Total,Composite Containers,Retail/off-trade Unit Volume,million units,2021,0.2
United Kingdom,Coffee,Total,Folding Cartons,Retail/off-trade Unit Volume,million units,2021,122.2
France,Coffee,Total,Folding Cartons,Retail/off-trade Unit Volume,million units,2021,621.0
Japan,Coffee,Total,Folding Cartons,Retail/off-trade Unit Volume,million units,2021,206.7
India,Coffee,Total,Folding Cartons,Retail/off-trade Unit Volume,million units,2021,3.8
Brazil,Coffee,Total,Folding Cartons,Retail/off-trade Unit Volume,million units,2021,258.3
China,Coffee,Total,Folding Cartons,Retail/off-trade Unit Volume,million units,2021,132.8
Germany,Coffee,Total,Folding Cartons,Retail/off-trade Unit Volume,million units,2021,289.0
Middle East and Africa,Coffee,Total,Folding Cartons,Retail/off-trade Unit Volume,million units,2021,64.6
Australia,Coffee,Total,Folding Cartons,Retail/off-trade Unit Volume,million units,2021,41.0
Thailand,Coffee,Total,Folding Cartons,Retail/off-trade Unit Volume,million units,2021,0.3
USA,Coffee,Total,Folding Cartons,Retail/off-trade Unit Volume,million units,2021,674.3
World,Coffee,Total,Folding Cartons,Retail/off-trade Unit Volume,million units,2021,5133.8
Eastern Europe,Coffee,Total,Folding Cartons,Retail/off-trade Unit Volume,million units,2021,360.0
Western Europe,Coffee,Total,Folding Cartons,Retail/off-trade Unit Volume,million units,2021,2227.2
North America,Coffee,Total,Folding Cartons,Retail/off-trade Unit Volume,million units,2021,727.4
Latin America,Coffee,Total,Folding Cartons,Retail/off-trade Unit Volume,million units,2021,307.6
Asia Pacific,Coffee,Total,Folding Cartons,Retail/off-trade Unit Volume,million units,2021,1399.5
Australasia,Coffee,Total,Folding Cartons,Retail/off-trade Unit Volume,million units,2021,47.5
Australasia,Coffee,Total,Rigid Plastic,Retail/off-trade Unit Volume,million units,2021,22.0
Asia Pacific,Coffee,Total,Rigid Plastic,Retail/off-trade Unit Volume,million units,2021,30.1
Latin America,Coffee,Total,Rigid Plastic,Retail/off-trade Unit Volume,million units,2021,58.8
Western Europe,Coffee,Total,Rigid Plastic,Retail/off-trade Unit Volume,million units,2021,1337.7
North America,Coffee,Total,Rigid Plastic,Retail/off-trade Unit Volume,million units,2021,910.0
Eastern Europe,Coffee,Total,Rigid Plastic,Retail/off-trade Unit Volume,million units,2021,58.6
USA,Coffee,Total,Rigid Plastic,Retail/off-trade Unit Volume,million units,2021,815.5
World,Coffee,Total,Rigid Plastic,Retail/off-trade Unit Volume,million units,2021,2477.8
Australia,Coffee,Total,Rigid Plastic,Retail/off-trade Unit Volume,million units,2021,22.0
Brazil,Coffee,Total,Rigid Plastic,Retail/off-trade Unit Volume,million units,2021,39.0
Middle East and Africa,Coffee,Total,Rigid Plastic,Retail/off-trade Unit Volume,million units,2021,60.5
Germany,Coffee,Total,Rigid Plastic,Retail/off-trade Unit Volume,million units,2021,433.3
China,Coffee,Total,Rigid Plastic,Retail/off-trade Unit Volume,million units,2021,3.2
India,Coffee,Total,Rigid Plastic,Retail/off-trade Unit Volume,million units,2021,1.2
Thailand,Coffee,Total,Rigid Plastic,Retail/off-trade Unit Volume,million units,2021,18.1
France,Coffee,Total,Rigid Plastic,Retail/off-trade Unit Volume,million units,2021,523.3
United Kingdom,Coffee,Total,Rigid Plastic,Retail/off-trade Unit Volume,million units,2021,75.0
Thailand,Coffee,Total,PET Jars,Retail/off-trade Unit Volume,million units,2021,17.8
India,Coffee,Total,PET Jars,Retail/off-trade Unit Volume,million units,2021,1.2
Middle East and Africa,Coffee,Total,PET Jars,Retail/off-trade Unit Volume,million units,2021,1.7
World,Coffee,Total,PET Jars,Retail/off-trade Unit Volume,million units,2021,95.3
USA,Coffee,Total,PET Jars,Retail/off-trade Unit Volume,million units,2021,38.4
Eastern Europe,Coffee,Total,PET Jars,Retail/off-trade Unit Volume,million units,2021,5.5
North America,Coffee,Total,PET Jars,Retail/off-trade Unit Volume,million units,2021,55.1
Western Europe,Coffee,Total,PET Jars,Retail/off-trade Unit Volume,million units,2021,10.7
Asia Pacific,Coffee,Total,PET Jars,Retail/off-trade Unit Volume,million units,2021,22.2
Asia Pacific,Coffee,Total,Thin Wall Plastic Containers,Retail/off-trade Unit Volume,million units,2021,7.8
Australasia,Coffee,Total,Thin Wall Plastic Containers,Retail/off-trade Unit Volume,million units,2021,19.6
North America,Coffee,Total,Thin Wall Plastic Containers,Retail/off-trade Unit Volume,million units,2021,569.2
Latin America,Coffee,Total,Thin Wall Plastic Containers,Retail/off-trade Unit Volume,million units,2021,3.8
Eastern Europe,Coffee,Total,Thin Wall Plastic Containers,Retail/off-trade Unit Volume,million units,2021,53.1
Western Europe,Coffee,Total,Thin Wall Plastic Containers,Retail/off-trade Unit Volume,million units,2021,1315.1
World,Coffee,Total,Thin Wall Plastic Containers,Retail/off-trade Unit Volume,million units,2021,1988.4
USA,Coffee,Total,Thin Wall Plastic Containers,Retail/off-trade Unit Volume,million units,2021,503.8
Middle East and Africa,Coffee,Total,Thin Wall Plastic Containers,Retail/off-trade Unit Volume,million units,2021,19.7
Australia,Coffee,Total,Thin Wall Plastic Containers,Retail/off-trade Unit Volume,million units,2021,19.6
China,Coffee,Total,Thin Wall Plastic Containers,Retail/off-trade Unit Volume,million units,2021,3.2
Germany,Coffee,Total,Thin Wall Plastic Containers,Retail/off-trade Unit Volume,million units,2021,425.3
Thailand,Coffee,Total,Thin Wall Plastic Containers,Retail/off-trade Unit Volume,million units,2021,0.2
United Kingdom,Coffee,Total,Thin Wall Plastic Containers,Retail/off-trade Unit Volume,million units,2021,75.0
France,Coffee,Total,Thin Wall Plastic Containers,Retail/off-trade Unit Volume,million units,2021,521.4
France,Coffee,Total,Other Plastic Jars,Retail/off-trade Unit Volume,million units,2021,1.9
Brazil,Coffee,Total,Other Plastic Jars,Retail/off-trade Unit Volume,million units,2021,14.3
Australia,Coffee,Total,Other Plastic Jars,Retail/off-trade Unit Volume,million units,2021,2.4
Middle East and Africa,Coffee,Total,Other Plastic Jars,Retail/off-trade Unit Volume,million units,2021,39.1
World,Coffee,Total,Other Plastic Jars,Retail/off-trade Unit Volume,million units,2021,348.7
USA,Coffee,Total,Other Plastic Jars,Retail/off-trade Unit Volume,million units,2021,273.3
North America,Coffee,Total,Other Plastic Jars,Retail/off-trade Unit Volume,million units,2021,273.3
Western Europe,Coffee,Total,Other Plastic Jars,Retail/off-trade Unit Volume,million units,2021,3.5
Latin America,Coffee,Total,Other Plastic Jars,Retail/off-trade Unit Volume,million units,2021,30.3
Australasia,Coffee,Total,Other Plastic Jars,Retail/off-trade Unit Volume,million units,2021,2.4
North America,Coffee,Total,Other Rigid Containers,Retail/off-trade Unit Volume,million units,2021,12.4
Latin America,Coffee,Total,Other Rigid Containers,Retail/off-trade Unit Volume,million units,2021,24.7
Western Europe,Coffee,Total,Other Rigid Containers,Retail/off-trade Unit Volume,million units,2021,8.4
World,Coffee,Total,Other Rigid Containers,Retail/off-trade Unit Volume,million units,2021,45.5
Brazil,Coffee,Total,Other Rigid Containers,Retail/off-trade Unit Volume,million units,2021,24.7
Germany,Coffee,Total,Other Rigid Containers,Retail/off-trade Unit Volume,million units,2021,8.0
World,Coffee,Total,Other Packaging,Retail/off-trade Unit Volume,million units,2021,0.7
Western Europe,Coffee,Total,Other Packaging,Retail/off-trade Unit Volume,million units,2021,0.0
Eastern Europe,Coffee,Total,Other Packaging,Retail/off-trade Unit Volume,million units,2021,0.7
Latin America,Coffee,Total,Other Packaging,Retail/off-trade Unit Volume,million units,2021,0.0
World,RTD Coffee,Total,Total Packaging,Retail/off-trade Unit Volume,million units,2021,20389.5
Western Europe,RTD Coffee,Total,Total Packaging,Retail/off-trade Unit Volume,million units,2021,1234.3
Eastern Europe,RTD Coffee,Total,Total Packaging,Retail/off-trade Unit Volume,million units,2021,152.4
North America,RTD Coffee,Total,Total Packaging,Retail/off-trade Unit Volume,million units,2021,2452.2
Latin America,RTD Coffee,Total,Total Packaging,Retail/off-trade Unit Volume,million units,2021,31.5
Asia Pacific,RTD Coffee,Total,Total Packaging,Retail/off-trade Unit Volume,million units,2021,16435.5
Australasia,RTD Coffee,Total,Total Packaging,Retail/off-trade Unit Volume,million units,2021,25.8
Middle East and Africa,RTD Coffee,Total,Total Packaging,Retail/off-trade Unit Volume,million units,2021,57.9
Australia,RTD Coffee,Total,Total Packaging,Retail/off-trade Unit Volume,million units,2021,24.9
Brazil,RTD Coffee,Total,Total Packaging,Retail/off-trade Unit Volume,million units,2021,5.5
China,RTD Coffee,Total,Total Packaging,Retail/off-trade Unit Volume,million units,2021,1102.5
Germany,RTD Coffee,Total,Total Packaging,Retail/off-trade Unit Volume,million units,2021,434.4
France,RTD Coffee,Total,Total Packaging,Retail/off-trade Unit Volume,million units,2021,22.0
United Kingdom,RTD Coffee,Total,Total Packaging,Retail/off-trade Unit Volume,million units,2021,148.4
Japan,RTD Coffee,Total,Total Packaging,Retail/off-trade Unit Volume,million units,2021,10569.4
Thailand,RTD Coffee,Total,Total Packaging,Retail/off-trade Unit Volume,million units,2021,962.1
USA,RTD Coffee,Total,Total Packaging,Retail/off-trade Unit Volume,million units,2021,2421.0
Asia Pacific,RTD Coffee,Total,Flexible Packaging,Retail/off-trade Unit Volume,million units,2021,361.9
World,RTD Coffee,Total,Flexible Packaging,Retail/off-trade Unit Volume,million units,2021,361.9
World,RTD Coffee,Total,Stand-Up Pouches,Retail/off-trade Unit Volume,million units,2021,361.9
Asia Pacific,RTD Coffee,Total,Stand-Up Pouches,Retail/off-trade Unit Volume,million units,2021,361.9
Asia Pacific,RTD Coffee,Total,Aluminium /Plastic Pouches,Retail/off-trade Unit Volume,million units,2021,361.9
World,RTD Coffee,Total,Aluminium /Plastic Pouches,Retail/off-trade Unit Volume,million units,2021,361.9
USA,RTD Coffee,Total,Glass,Retail/off-trade Unit Volume,million units,2021,1359.0
World,RTD Coffee,Total,Glass,Retail/off-trade Unit Volume,million units,2021,1504.2
Latin America,RTD Coffee,Total,Glass,Retail/off-trade Unit Volume,million units,2021,20.1
Asia Pacific,RTD Coffee,Total,Glass,Retail/off-trade Unit Volume,million units,2021,39.0
North America,RTD Coffee,Total,Glass,Retail/off-trade Unit Volume,million units,2021,1382.3
Eastern Europe,RTD Coffee,Total,Glass,Retail/off-trade Unit Volume,million units,2021,6.0
Western Europe,RTD Coffee,Total,Glass,Retail/off-trade Unit Volume,million units,2021,55.9
Thailand,RTD Coffee,Total,Glass,Retail/off-trade Unit Volume,million units,2021,1.5
United Kingdom,RTD Coffee,Total,Glass,Retail/off-trade Unit Volume,million units,2021,10.0
France,RTD Coffee,Total,Glass,Retail/off-trade Unit Volume,million units,2021,0.4
China,RTD Coffee,Total,Glass,Retail/off-trade Unit Volume,million units,2021,11.6
Middle East and Africa,RTD Coffee,Total,Glass,Retail/off-trade Unit Volume,million units,2021,0.8
Middle East and Africa,RTD Coffee,Total,Glass Bottles,Retail/off-trade Unit Volume,million units,2021,0.8
China,RTD Coffee,Total,Glass Bottles,Retail/off-trade Unit Volume,million units,2021,11.6
France,RTD Coffee,Total,Glass Bottles,Retail/off-trade Unit Volume,million units,2021,0.4
United Kingdom,RTD Coffee,Total,Glass Bottles,Retail/off-trade Unit Volume,million units,2021,10.0
Thailand,RTD Coffee,Total,Glass Bottles,Retail/off-trade Unit Volume,million units,2021,1.5
Western Europe,RTD Coffee,Total,Glass Bottles,Retail/off-trade Unit Volume,million units,2021,55.9
Eastern Europe,RTD Coffee,Total,Glass Bottles,Retail/off-trade Unit Volume,million units,2021,6.0
North America,RTD Coffee,Total,Glass Bottles,Retail/off-trade Unit Volume,million units,2021,1382.3
Asia Pacific,RTD Coffee,Total,Glass Bottles,Retail/off-trade Unit Volume,million units,2021,39.0
Latin America,RTD Coffee,Total,Glass Bottles,Retail/off-trade Unit Volume,million units,2021,20.1
World,RTD Coffee,Total,Glass Bottles,Retail/off-trade Unit Volume,million units,2021,1504.2
USA,RTD Coffee,Total,Glass Bottles,Retail/off-trade Unit Volume,million units,2021,1359.0
USA,RTD Coffee,Total,Liquid Cartons,Retail/off-trade Unit Volume,million units,2021,49.7
World,RTD Coffee,Total,Liquid Cartons,Retail/off-trade Unit Volume,million units,2021,430.1
Latin America,RTD Coffee,Total,Liquid Cartons,Retail/off-trade Unit Volume,million units,2021,5.4
Asia Pacific,RTD Coffee,Total,Liquid Cartons,Retail/off-trade Unit Volume,million units,2021,323.9
Australasia,RTD Coffee,Total,Liquid Cartons,Retail/off-trade Unit Volume,million units,2021,17.3
North America,RTD Coffee,Total,Liquid Cartons,Retail/off-trade Unit Volume,million units,2021,50.7
Eastern Europe,RTD Coffee,Total,Liquid Cartons,Retail/off-trade Unit Volume,million units,2021,11.1
Western Europe,RTD Coffee,Total,Liquid Cartons,Retail/off-trade Unit Volume,million units,2021,21.7
Thailand,RTD Coffee,Total,Liquid Cartons,Retail/off-trade Unit Volume,million units,2021,1.4
Japan,RTD Coffee,Total,Liquid Cartons,Retail/off-trade Unit Volume,million units,2021,110.5
United Kingdom,RTD Coffee,Total,Liquid Cartons,Retail/off-trade Unit Volume,million units,2021,14.3
France,RTD Coffee,Total,Liquid Cartons,Retail/off-trade Unit Volume,million units,2021,0.0
China,RTD Coffee,Total,Liquid Cartons,Retail/off-trade Unit Volume,million units,2021,1.6
Middle East and Africa,RTD Coffee,Total,Liquid Cartons,Retail/off-trade Unit Volume,million units,2021,0.0
Brazil,RTD Coffee,Total,Liquid Cartons,Retail/off-trade Unit Volume,million units,2021,5.2
Australia,RTD Coffee,Total,Liquid Cartons,Retail/off-trade Unit Volume,million units,2021,16.7
Australia,RTD Coffee,Total,Brick Liquid Cartons,Retail/off-trade Unit Volume,million units,2021,5.8
Middle East and Africa,RTD Coffee,Total,Brick Liquid Cartons,Retail/off-trade Unit Volume,million units,2021,0.0
China,RTD Coffee,Total,Brick Liquid Cartons,Retail/off-trade Unit Volume,million units,2021,
United Kingdom,RTD Coffee,Total,Brick Liquid Cartons,Retail/off-trade Unit Volume,million units,2021,0.2
Thailand,RTD Coffee,Total,Brick Liquid Cartons,Retail/off-trade Unit Volume,million units,2021,1.4
Eastern Europe,RTD Coffee,Total,Brick Liquid Cartons,Retail/off-trade Unit Volume,million units,2021,10.5
Western Europe,RTD Coffee,Total,Brick Liquid Cartons,Retail/off-trade Unit Volume,million units,2021,3.4
Australasia,RTD Coffee,Total,Brick Liquid Cartons,Retail/off-trade Unit Volume,million units,2021,6.0
Asia Pacific,RTD Coffee,Total,Brick Liquid Cartons,Retail/off-trade Unit Volume,million units,2021,168.4
World,RTD Coffee,Total,Brick Liquid Cartons,Retail/off-trade Unit Volume,million units,2021,188.4
World,RTD Coffee,Total,Gable Top Liquid Cartons,Retail/off-trade Unit Volume,million units,2021,182.5
USA,RTD Coffee,Total,Gable Top Liquid Cartons,Retail/off-trade Unit Volume,million units,2021,16.8
Asia Pacific,RTD Coffee,Total,Gable Top Liquid Cartons,Retail/off-trade Unit Volume,million units,2021,149.8
Latin America,RTD Coffee,Total,Gable Top Liquid Cartons,Retail/off-trade Unit Volume,million units,2021,
Australasia,RTD Coffee,Total,Gable Top Liquid Cartons,Retail/off-trade Unit Volume,million units,2021,11.2
North America,RTD Coffee,Total,Gable Top Liquid Cartons,Retail/off-trade Unit Volume,million units,2021,17.8
Western Europe,RTD Coffee,Total,Gable Top Liquid Cartons,Retail/off-trade Unit Volume,million units,2021,3.7
Japan,RTD Coffee,Total,Gable Top Liquid Cartons,Retail/off-trade Unit Volume,million units,2021,110.5
United Kingdom,RTD Coffee,Total,Gable Top Liquid Cartons,Retail/off-trade Unit Volume,million units,2021,3.7
Australia,RTD Coffee,Total,Gable Top Liquid Cartons,Retail/off-trade Unit Volume,million units,2021,10.9
Brazil,RTD Coffee,Total,Gable Top Liquid Cartons,Retail/off-trade Unit Volume,million units,2021,
Brazil,RTD Coffee,Total,Shaped Liquid Cartons,Retail/off-trade Unit Volume,million units,2021,5.2
China,RTD Coffee,Total,Shaped Liquid Cartons,Retail/off-trade Unit Volume,million units,2021,1.6
France,RTD Coffee,Total,Shaped Liquid Cartons,Retail/off-trade Unit Volume,million units,2021,0.0
United Kingdom,RTD Coffee,Total,Shaped Liquid Cartons,Retail/off-trade Unit Volume,million units,2021,10.4
Eastern Europe,RTD Coffee,Total,Shaped Liquid Cartons,Retail/off-trade Unit Volume,million units,2021,0.6
North America,RTD Coffee,Total,Shaped Liquid Cartons,Retail/off-trade Unit Volume,million units,2021,32.9
Western Europe,RTD Coffee,Total,Shaped Liquid Cartons,Retail/off-trade Unit Volume,million units,2021,14.6
Latin America,RTD Coffee,Total,Shaped Liquid Cartons,Retail/off-trade Unit Volume,million units,2021,5.4
Asia Pacific,RTD Coffee,Total,Shaped Liquid Cartons,Retail/off-trade Unit Volume,million units,2021,5.7
USA,RTD Coffee,Total,Shaped Liquid Cartons,Retail/off-trade Unit Volume,million units,2021,32.9
World,RTD Coffee,Total,Shaped Liquid Cartons,Retail/off-trade Unit Volume,million units,2021,59.2
World,RTD Coffee,Total,Metal,Retail/off-trade Unit Volume,million units,2021,11952.3
Asia Pacific,RTD Coffee,Total,Metal,Retail/off-trade Unit Volume,million units,2021,10761.1
Middle East and Africa,RTD Coffee,Total,Metal,Retail/off-trade Unit Volume,million units,2021,56.1
Australasia,RTD Coffee,Total,Metal,Retail/off-trade Unit Volume,million units,2021,1.1
North America,RTD Coffee,Total,Metal,Retail/off-trade Unit Volume,million units,2021,734.9
Latin America,RTD Coffee,Total,Metal,Retail/off-trade Unit Volume,million units,2021,5.0
Eastern Europe,RTD Coffee,Total,Metal,Retail/off-trade Unit Volume,million units,2021,111.6
Western Europe,RTD Coffee,Total,Metal,Retail/off-trade Unit Volume,million units,2021,282.4
Thailand,RTD Coffee,Total,Metal,Retail/off-trade Unit Volume,million units,2021,931.0
USA,RTD Coffee,Total,Metal,Retail/off-trade Unit Volume,million units,2021,734.8
United Kingdom,RTD Coffee,Total,Metal,Retail/off-trade Unit Volume,million units,2021,22.3
Japan,RTD Coffee,Total,Metal,Retail/off-trade Unit Volume,million units,2021,7971.8
China,RTD Coffee,Total,Metal,Retail/off-trade Unit Volume,million units,2021,481.8
France,RTD Coffee,Total,Metal,Retail/off-trade Unit Volume,million units,2021,3.1
Germany,RTD Coffee,Total,Metal,Retail/off-trade Unit Volume,million units,2021,63.9
Australia,RTD Coffee,Total,Metal,Retail/off-trade Unit Volume,million units,2021,1.1
Australia,RTD Coffee,Total,Metal Beverage Cans,Retail/off-trade Unit Volume,million units,2021,1.1
Germany,RTD Coffee,Total,Metal Beverage Cans,Retail/off-trade Unit Volume,million units,2021,63.9
France,RTD Coffee,Total,Metal Beverage Cans,Retail/off-trade Unit Volume,million units,2021,3.1
China,RTD Coffee,Total,Metal Beverage Cans,Retail/off-trade Unit Volume,million units,2021,481.8
Japan,RTD Coffee,Total,Metal Beverage Cans,Retail/off-trade Unit Volume,million units,2021,5293.7
United Kingdom,RTD Coffee,Total,Metal Beverage Cans,Retail/off-trade Unit Volume,million units,2021,22.3
USA,RTD Coffee,Total,Metal Beverage Cans,Retail/off-trade Unit Volume,million units,2021,653.7
Thailand,RTD Coffee,Total,Metal Beverage Cans,Retail/off-trade Unit Volume,million units,2021,931.0
Western Europe,RTD Coffee,Total,Metal Beverage Cans,Retail/off-trade Unit Volume,million units,2021,282.4
Eastern Europe,RTD Coffee,Total,Metal Beverage Cans,Retail/off-trade Unit Volume,million units,2021,111.6
Latin America,RTD Coffee,Total,Metal Beverage Cans,Retail/off-trade Unit Volume,million units,2021,5.0
North America,RTD Coffee,Total,Metal Beverage Cans,Retail/off-trade Unit Volume,million units,2021,653.8
Australasia,RTD Coffee,Total,Metal Beverage Cans,Retail/off-trade Unit Volume,million units,2021,1.1
Middle East and Africa,RTD Coffee,Total,Metal Beverage Cans,Retail/off-trade Unit Volume,million units,2021,56.1
Asia Pacific,RTD Coffee,Total,Metal Beverage Cans,Retail/off-trade Unit Volume,million units,2021,8051.8
World,RTD Coffee,Total,Metal Beverage Cans,Retail/off-trade Unit Volume,million units,2021,9161.8
World,RTD Coffee,Total,Metal Bottles,Retail/off-trade Unit Volume,million units,2021,2790.5
Asia Pacific,RTD Coffee,Total,Metal Bottles,Retail/off-trade Unit Volume,million units,2021,2709.4
North America,RTD Coffee,Total,Metal Bottles,Retail/off-trade Unit Volume,million units,2021,81.1
USA,RTD Coffee,Total,Metal Bottles,Retail/off-trade Unit Volume,million units,2021,81.1
Japan,RTD Coffee,Total,Metal Bottles,Retail/off-trade Unit Volume,million units,2021,2678.1
Australia,RTD Coffee,Total,Paper-based Containers,Retail/off-trade Unit Volume,million units,2021,0.0
Australasia,RTD Coffee,Total,Paper-based Containers,Retail/off-trade Unit Volume,million units,2021,0.0
World,RTD Coffee,Total,Paper-based Containers,Retail/off-trade Unit Volume,million units,2021,0.0
World,RTD Coffee,Total,Bag In Box,Retail/off-trade Unit Volume,million units,2021,0.0
Australasia,RTD Coffee,Total,Bag In Box,Retail/off-trade Unit Volume,million units,2021,0.0
Australia,RTD Coffee,Total,Bag In Box,Retail/off-trade Unit Volume,million units,2021,0.0
Brazil,RTD Coffee,Total,Rigid Plastic,Retail/off-trade Unit Volume,million units,2021,0.3
Australia,RTD Coffee,Total,Rigid Plastic,Retail/off-trade Unit Volume,million units,2021,7.0
China,RTD Coffee,Total,Rigid Plastic,Retail/off-trade Unit Volume,million units,2021,607.5
France,RTD Coffee,Total,Rigid Plastic,Retail/off-trade Unit Volume,million units,2021,18.6
Germany,RTD Coffee,Total,Rigid Plastic,Retail/off-trade Unit Volume,million units,2021,370.5
Japan,RTD Coffee,Total,Rigid Plastic,Retail/off-trade Unit Volume,million units,2021,2487.0
United Kingdom,RTD Coffee,Total,Rigid Plastic,Retail/off-trade Unit Volume,million units,2021,101.8
USA,RTD Coffee,Total,Rigid Plastic,Retail/off-trade Unit Volume,million units,2021,277.5
Thailand,RTD Coffee,Total,Rigid Plastic,Retail/off-trade Unit Volume,million units,2021,22.9
Middle East and Africa,RTD Coffee,Total,Rigid Plastic,Retail/off-trade Unit Volume,million units,2021,1.0
Australasia,RTD Coffee,Total,Rigid Plastic,Retail/off-trade Unit Volume,million units,2021,7.4
Asia Pacific,RTD Coffee,Total,Rigid Plastic,Retail/off-trade Unit Volume,million units,2021,4944.3
North America,RTD Coffee,Total,Rigid Plastic,Retail/off-trade Unit Volume,million units,2021,284.2
Latin America,RTD Coffee,Total,Rigid Plastic,Retail/off-trade Unit Volume,million units,2021,1.1
Eastern Europe,RTD Coffee,Total,Rigid Plastic,Retail/off-trade Unit Volume,million units,2021,23.3
Western Europe,RTD Coffee,Total,Rigid Plastic,Retail/off-trade Unit Volume,million units,2021,872.1
World,RTD Coffee,Total,Rigid Plastic,Retail/off-trade Unit Volume,million units,2021,6133.2
World,RTD Coffee,Total,HDPE Bottles,Retail/off-trade Unit Volume,million units,2021,32.8
China,RTD Coffee,Total,HDPE Bottles,Retail/off-trade Unit Volume,million units,2021,7.5
Eastern Europe,RTD Coffee,Total,HDPE Bottles,Retail/off-trade Unit Volume,million units,2021,5.3
North America,RTD Coffee,Total,HDPE Bottles,Retail/off-trade Unit Volume,million units,2021,3.9
Latin America,RTD Coffee,Total,HDPE Bottles,Retail/off-trade Unit Volume,million units,2021,0.8
Asia Pacific,RTD Coffee,Total,HDPE Bottles,Retail/off-trade Unit Volume,million units,2021,15.8
Australasia,RTD Coffee,Total,HDPE Bottles,Retail/off-trade Unit Volume,million units,2021,7.0
Australia,RTD Coffee,Total,HDPE Bottles,Retail/off-trade Unit Volume,million units,2021,7.0
Brazil,RTD Coffee,Total,PET Bottles,Retail/off-trade Unit Volume,million units,2021,0.3
Germany,RTD Coffee,Total,PET Bottles,Retail/off-trade Unit Volume,million units,2021,42.3
France,RTD Coffee,Total,PET Bottles,Retail/off-trade Unit Volume,million units,2021,1.5
China,RTD Coffee,Total,PET Bottles,Retail/off-trade Unit Volume,million units,2021,600.1
Thailand,RTD Coffee,Total,PET Bottles,Retail/off-trade Unit Volume,million units,2021,22.9
USA,RTD Coffee,Total,PET Bottles,Retail/off-trade Unit Volume,million units,2021,277.5
United Kingdom,RTD Coffee,Total,PET Bottles,Retail/off-trade Unit Volume,million units,2021,1.9
Japan,RTD Coffee,Total,PET Bottles,Retail/off-trade Unit Volume,million units,2021,1914.3
Middle East and Africa,RTD Coffee,Total,PET Bottles,Retail/off-trade Unit Volume,million units,2021,1.0
Asia Pacific,RTD Coffee,Total,PET Bottles,Retail/off-trade Unit Volume,million units,2021,3492.3
North America,RTD Coffee,Total,PET Bottles,Retail/off-trade Unit Volume,million units,2021,280.3
Latin America,RTD Coffee,Total,PET Bottles,Retail/off-trade Unit Volume,million units,2021,0.3
Western Europe,RTD Coffee,Total,PET Bottles,Retail/off-trade Unit Volume,million units,2021,77.6
Eastern Europe,RTD Coffee,Total,PET Bottles,Retail/off-trade Unit Volume,million units,2021,9.3
World,RTD Coffee,Total,PET Bottles,Retail/off-trade Unit Volume,million units,2021,3860.7
World,RTD Coffee,Total,Thin Wall Plastic Containers,Retail/off-trade Unit Volume,million units,2021,2235.3
Eastern Europe,RTD Coffee,Total,Thin Wall Plastic Containers,Retail/off-trade Unit Volume,million units,2021,8.7
Western Europe,RTD Coffee,Total,Thin Wall Plastic Containers,Retail/off-trade Unit Volume,million units,2021,790.4
Asia Pacific,RTD Coffee,Total,Thin Wall Plastic Containers,Retail/off-trade Unit Volume,million units,2021,1436.2
Japan,RTD Coffee,Total,Thin Wall Plastic Containers,Retail/off-trade Unit Volume,million units,2021,572.7
United Kingdom,RTD Coffee,Total,Thin Wall Plastic Containers,Retail/off-trade Unit Volume,million units,2021,99.9
China,RTD Coffee,Total,Thin Wall Plastic Containers,Retail/off-trade Unit Volume,million units,2021,
France,RTD Coffee,Total,Thin Wall Plastic Containers,Retail/off-trade Unit Volume,million units,2021,17.0
Germany,RTD Coffee,Total,Thin Wall Plastic Containers,Retail/off-trade Unit Volume,million units,2021,328.2
Australasia,RTD Coffee,Total,Other Plastic Bottles,Retail/off-trade Unit Volume,million units,2021,0.3
Western Europe,RTD Coffee,Total,Other Plastic Bottles,Retail/off-trade Unit Volume,million units,2021,4.1
World,RTD Coffee,Total,Other Plastic Bottles,Retail/off-trade Unit Volume,million units,2021,4.4
World,RTD Coffee,Total,Other Packaging,Retail/off-trade Unit Volume,million units,2021,7.9
Eastern Europe,RTD Coffee,Total,Other Packaging,Retail/off-trade Unit Volume,million units,2021,0.4
Western Europe,RTD Coffee,Total,Other Packaging,Retail/off-trade Unit Volume,million units,2021,2.2
Asia Pacific,RTD Coffee,Total,Other Packaging,Retail/off-trade Unit Volume,million units,2021,5.3
Middle East and Africa,RTD Coffee,Total,Other Packaging,Retail/off-trade Unit Volume,million units,2021,0.0
Thailand,RTD Coffee,Total,Other Packaging,Retail/off-trade Unit Volume,million units,2021,5.3
Western Europe,Coffee,Total,Total Packaging,Retail/off-trade Unit Volume,million units,2022,12052.9
Eastern Europe,Coffee,Total,Total Packaging,Retail/off-trade Unit Volume,million units,2022,4647.0
North America,Coffee,Total,Total Packaging,Retail/off-trade Unit Volume,million units,2022,3185.6
Latin America,Coffee,Total,Total Packaging,Retail/off-trade Unit Volume,million units,2022,4574.4
Asia Pacific,Coffee,Total,Total Packaging,Retail/off-trade Unit Volume,million units,2022,30972.3
Australasia,Coffee,Total,Total Packaging,Retail/off-trade Unit Volume,million units,2022,317.1
Middle East and Africa,Coffee,Total,Total Packaging,Retail/off-trade Unit Volume,million units,2022,938.7
Australia,Coffee,Total,Total Packaging,Retail/off-trade Unit Volume,million units,2022,269.0
Brazil,Coffee,Total,Total Packaging,Retail/off-trade Unit Volume,million units,2022,3032.4
China,Coffee,Total,Total Packaging,Retail/off-trade Unit Volume,million units,2022,336.1
Germany,Coffee,Total,Total Packaging,Retail/off-trade Unit Volume,million units,2022,2390.6
France,Coffee,Total,Total Packaging,Retail/off-trade Unit Volume,million units,2022,1967.1
United Kingdom,Coffee,Total,Total Packaging,Retail/off-trade Unit Volume,million units,2022,672.3
India,Coffee,Total,Total Packaging,Retail/off-trade Unit Volume,million units,2022,1774.7
Japan,Coffee,Total,Total Packaging,Retail/off-trade Unit Volume,million units,2022,879.9
Thailand,Coffee,Total,Total Packaging,Retail/off-trade Unit Volume,million units,2022,655.9
USA,Coffee,Total,Total Packaging,Retail/off-trade Unit Volume,million units,2022,2867.1
World,Coffee,Total,Total Packaging,Retail/off-trade Unit Volume,million units,2022,56688.0
USA,Coffee,Total,Flexible Packaging,Retail/off-trade Unit Volume,million units,2022,1202.9
Thailand,Coffee,Total,Flexible Packaging,Retail/off-trade Unit Volume,million units,2022,500.7
World,Coffee,Total,Flexible Packaging,Retail/off-trade Unit Volume,million units,2022,43378.1
Japan,Coffee,Total,Flexible Packaging,Retail/off-trade Unit Volume,million units,2022,527.6
India,Coffee,Total,Flexible Packaging,Retail/off-trade Unit Volume,million units,2022,1230.6
United Kingdom,Coffee,Total,Flexible Packaging,Retail/off-trade Unit Volume,million units,2022,161.8
France,Coffee,Total,Flexible Packaging,Retail/off-trade Unit Volume,million units,2022,627.3
China,Coffee,Total,Flexible Packaging,Retail/off-trade Unit Volume,million units,2022,129.4
Germany,Coffee,Total,Flexible Packaging,Retail/off-trade Unit Volume,million units,2022,1439.3
Brazil,Coffee,Total,Flexible Packaging,Retail/off-trade Unit Volume,million units,2022,2403.2
Australia,Coffee,Total,Flexible Packaging,Retail/off-trade Unit Volume,million units,2022,29.3
Middle East and Africa,Coffee,Total,Flexible Packaging,Retail/off-trade Unit Volume,million units,2022,558.1
Australasia,Coffee,Total,Flexible Packaging,Retail/off-trade Unit Volume,million units,2022,36.4
Asia Pacific,Coffee,Total,Flexible Packaging,Retail/off-trade Unit Volume,million units,2022,28037.7
North America,Coffee,Total,Flexible Packaging,Retail/off-trade Unit Volume,million units,2022,1280.5
Latin America,Coffee,Total,Flexible Packaging,Retail/off-trade Unit Volume,million units,2022,3259.7
Eastern Europe,Coffee,Total,Flexible Packaging,Retail/off-trade Unit Volume,million units,2022,3412.6
Western Europe,Coffee,Total,Flexible Packaging,Retail/off-trade Unit Volume,million units,2022,6793.2
Western Europe,Coffee,Total,Flexible Aluminium/Paper,Retail/off-trade Unit Volume,million units,2022,225.0
Eastern Europe,Coffee,Total,Flexible Aluminium/Paper,Retail/off-trade Unit Volume,million units,2022,115.1
Latin America,Coffee,Total,Flexible Aluminium/Paper,Retail/off-trade Unit Volume,million units,2022,0.1
North America,Coffee,Total,Flexible Aluminium/Paper,Retail/off-trade Unit Volume,million units,2022,396.9
Asia Pacific,Coffee,Total,Flexible Aluminium/Paper,Retail/off-trade Unit Volume,million units,2022,2.4
Australasia,Coffee,Total,Flexible Aluminium/Paper,Retail/off-trade Unit Volume,million units,2022,4.9
Middle East and Africa,Coffee,Total,Flexible Aluminium/Paper,Retail/off-trade Unit Volume,million units,2022,1.2
Australia,Coffee,Total,Flexible Aluminium/Paper,Retail/off-trade Unit Volume,million units,2022,3.8
China,Coffee,Total,Flexible Aluminium/Paper,Retail/off-trade Unit Volume,million units,2022,0.0
Germany,Coffee,Total,Flexible Aluminium/Paper,Retail/off-trade Unit Volume,million units,2022,64.3
France,Coffee,Total,Flexible Aluminium/Paper,Retail/off-trade Unit Volume,million units,2022,8.8
World,Coffee,Total,Flexible Aluminium/Paper,Retail/off-trade Unit Volume,million units,2022,745.6
USA,Coffee,Total,Flexible Aluminium/Paper,Retail/off-trade Unit Volume,million units,2022,371.8
USA,Coffee,Total,Flexible Aluminium/Plastic,Retail/off-trade Unit Volume,million units,2022,549.7
Thailand,Coffee,Total,Flexible Aluminium/Plastic,Retail/off-trade Unit Volume,million units,2022,297.1
World,Coffee,Total,Flexible Aluminium/Plastic,Retail/off-trade Unit Volume,million units,2022,29270.8
France,Coffee,Total,Flexible Aluminium/Plastic,Retail/off-trade Unit Volume,million units,2022,155.5
Germany,Coffee,Total,Flexible Aluminium/Plastic,Retail/off-trade Unit Volume,million units,2022,439.7
India,Coffee,Total,Flexible Aluminium/Plastic,Retail/off-trade Unit Volume,million units,2022,1230.6
Japan,Coffee,Total,Flexible Aluminium/Plastic,Retail/off-trade Unit Volume,million units,2022,368.2
United Kingdom,Coffee,Total,Flexible Aluminium/Plastic,Retail/off-trade Unit Volume,million units,2022,67.9
China,Coffee,Total,Flexible Aluminium/Plastic,Retail/off-trade Unit Volume,million units,2022,129.4
Brazil,Coffee,Total,Flexible Aluminium/Plastic,Retail/off-trade Unit Volume,million units,2022,2172.7
Middle East and Africa,Coffee,Total,Flexible Aluminium/Plastic,Retail/off-trade Unit Volume,million units,2022,319.8
Australia,Coffee,Total,Flexible Aluminium/Plastic,Retail/off-trade Unit Volume,million units,2022,12.6
Australasia,Coffee,Total,Flexible Aluminium/Plastic,Retail/off-trade Unit Volume,million units,2022,16.3
Asia Pacific,Coffee,Total,Flexible Aluminium/Plastic,Retail/off-trade Unit Volume,million units,2022,21306.0
Latin America,Coffee,Total,Flexible Aluminium/Plastic,Retail/off-trade Unit Volume,million units,2022,2854.5
North America,Coffee,Total,Flexible Aluminium/Plastic,Retail/off-trade Unit Volume,million units,2022,595.0
Eastern Europe,Coffee,Total,Flexible Aluminium/Plastic,Retail/off-trade Unit Volume,million units,2022,2504.1
Western Europe,Coffee,Total,Flexible Aluminium/Plastic,Retail/off-trade Unit Volume,million units,2022,1675.1
Western Europe,Coffee,Total,Flexible Paper,Retail/off-trade Unit Volume,million units,2022,483.6
Eastern Europe,Coffee,Total,Flexible Paper,Retail/off-trade Unit Volume,million units,2022,77.5
Latin America,Coffee,Total,Flexible Paper,Retail/off-trade Unit Volume,million units,2022,1.4
Asia Pacific,Coffee,Total,Flexible Paper,Retail/off-trade Unit Volume,million units,2022,4.2
Australasia,Coffee,Total,Flexible Paper,Retail/off-trade Unit Volume,million units,2022,0.0
Middle East and Africa,Coffee,Total,Flexible Paper,Retail/off-trade Unit Volume,million units,2022,2.8
United Kingdom,Coffee,Total,Flexible Paper,Retail/off-trade Unit Volume,million units,2022,6.9
Germany,Coffee,Total,Flexible Paper,Retail/off-trade Unit Volume,million units,2022,424.8
World,Coffee,Total,Flexible Paper,Retail/off-trade Unit Volume,million units,2022,569.6
World,Coffee,Total,Flexible Paper/Plastic,Retail/off-trade Unit Volume,million units,2022,108.9
United Kingdom,Coffee,Total,Flexible Paper/Plastic,Retail/off-trade Unit Volume,million units,2022,
Western Europe,Coffee,Total,Flexible Paper/Plastic,Retail/off-trade Unit Volume,million units,2022,108.9
Western Europe,Coffee,Total,Flexible Plastic,Retail/off-trade Unit Volume,million units,2022,4167.0
Eastern Europe,Coffee,Total,Flexible Plastic,Retail/off-trade Unit Volume,million units,2022,204.1
Australasia,Coffee,Total,Flexible Plastic,Retail/off-trade Unit Volume,million units,2022,15.2
Asia Pacific,Coffee,Total,Flexible Plastic,Retail/off-trade Unit Volume,million units,2022,6240.2
Latin America,Coffee,Total,Flexible Plastic,Retail/off-trade Unit Volume,million units,2022,90.7
North America,Coffee,Total,Flexible Plastic,Retail/off-trade Unit Volume,million units,2022,113.7
United Kingdom,Coffee,Total,Flexible Plastic,Retail/off-trade Unit Volume,million units,2022,73.8
Japan,Coffee,Total,Flexible Plastic,Retail/off-trade Unit Volume,million units,2022,159.4
Germany,Coffee,Total,Flexible Plastic,Retail/off-trade Unit Volume,million units,2022,509.3
France,Coffee,Total,Flexible Plastic,Retail/off-trade Unit Volume,million units,2022,431.9
Middle East and Africa,Coffee,Total,Flexible Plastic,Retail/off-trade Unit Volume,million units,2022,111.9
Australia,Coffee,Total,Flexible Plastic,Retail/off-trade Unit Volume,million units,2022,12.9
Brazil,Coffee,Total,Flexible Plastic,Retail/off-trade Unit Volume,million units,2022,2.0
World,Coffee,Total,Flexible Plastic,Retail/off-trade Unit Volume,million units,2022,10942.8
Thailand,Coffee,Total,Flexible Plastic,Retail/off-trade Unit Volume,million units,2022,155.4
USA,Coffee,Total,Flexible Plastic,Retail/off-trade Unit Volume,million units,2022,106.5
USA,Coffee,Total,Stand-Up Pouches,Retail/off-trade Unit Volume,million units,2022,174.9
Thailand,Coffee,Total,Stand-Up Pouches,Retail/off-trade Unit Volume,million units,2022,48.1
World,Coffee,Total,Stand-Up Pouches,Retail/off-trade Unit Volume,million units,2022,1740.3
Germany,Coffee,Total,Stand-Up Pouches,Retail/off-trade Unit Volume,million units,2022,1.1
Brazil,Coffee,Total,Stand-Up Pouches,Retail/off-trade Unit Volume,million units,2022,228.5
Middle East and Africa,Coffee,Total,Stand-Up Pouches,Retail/off-trade Unit Volume,million units,2022,122.3
United Kingdom,Coffee,Total,Stand-Up Pouches,Retail/off-trade Unit Volume,million units,2022,13.3
France,Coffee,Total,Stand-Up Pouches,Retail/off-trade Unit Volume,million units,2022,31.1
North America,Coffee,Total,Stand-Up Pouches,Retail/off-trade Unit Volume,million units,2022,174.9
Latin America,Coffee,Total,Stand-Up Pouches,Retail/off-trade Unit Volume,million units,2022,312.9
Asia Pacific,Coffee,Total,Stand-Up Pouches,Retail/off-trade Unit Volume,million units,2022,484.8
Eastern Europe,Coffee,Total,Stand-Up Pouches,Retail/off-trade Unit Volume,million units,2022,511.7
Western Europe,Coffee,Total,Stand-Up Pouches,Retail/off-trade Unit Volume,million units,2022,133.6
Western Europe,Coffee,Total,Aluminium /Plastic Pouches,Retail/off-trade Unit Volume,million units,2022,88.7
Eastern Europe,Coffee,Total,Aluminium /Plastic Pouches,Retail/off-trade Unit Volume,million units,2022,467.2
Asia Pacific,Coffee,Total,Aluminium /Plastic Pouches,Retail/off-trade Unit Volume,million units,2022,446.3
Latin America,Coffee,Total,Aluminium /Plastic Pouches,Retail/off-trade Unit Volume,million units,2022,247.6
North America,Coffee,Total,Aluminium /Plastic Pouches,Retail/off-trade Unit Volume,million units,2022,3.0
France,Coffee,Total,Aluminium /Plastic Pouches,Retail/off-trade Unit Volume,million units,2022,2.3
United Kingdom,Coffee,Total,Aluminium /Plastic Pouches,Retail/off-trade Unit Volume,million units,2022,0.9
Middle East and Africa,Coffee,Total,Aluminium /Plastic Pouches,Retail/off-trade Unit Volume,million units,2022,40.8
Brazil,Coffee,Total,Aluminium /Plastic Pouches,Retail/off-trade Unit Volume,million units,2022,228.5
Germany,Coffee,Total,Aluminium /Plastic Pouches,Retail/off-trade Unit Volume,million units,2022,1.1
World,Coffee,Total,Aluminium /Plastic Pouches,Retail/off-trade Unit Volume,million units,2022,1293.5
Thailand,Coffee,Total,Aluminium /Plastic Pouches,Retail/off-trade Unit Volume,million units,2022,48.1
USA,Coffee,Total,Aluminium /Plastic Pouches,Retail/off-trade Unit Volume,million units,2022,3.0
USA,Coffee,Total,Plastic Pouches,Retail/off-trade Unit Volume,million units,2022,172.0
World,Coffee,Total,Plastic Pouches,Retail/off-trade Unit Volume,million units,2022,446.8
Middle East and Africa,Coffee,Total,Plastic Pouches,Retail/off-trade Unit Volume,million units,2022,81.6
United Kingdom,Coffee,Total,Plastic Pouches,Retail/off-trade Unit Volume,million units,2022,12.4
France,Coffee,Total,Plastic Pouches,Retail/off-trade Unit Volume,million units,2022,28.9
North America,Coffee,Total,Plastic Pouches,Retail/off-trade Unit Volume,million units,2022,172.0
Latin America,Coffee,Total,Plastic Pouches,Retail/off-trade Unit Volume,million units,2022,65.3
Asia Pacific,Coffee,Total,Plastic Pouches,Retail/off-trade Unit Volume,million units,2022,38.5
Eastern Europe,Coffee,Total,Plastic Pouches,Retail/off-trade Unit Volume,million units,2022,44.5
Western Europe,Coffee,Total,Plastic Pouches,Retail/off-trade Unit Volume,million units,2022,44.9
Eastern Europe,Coffee,Total,Glass,Retail/off-trade Unit Volume,million units,2022,448.5
Western Europe,Coffee,Total,Glass,Retail/off-trade Unit Volume,million units,2022,542.5
Asia Pacific,Coffee,Total,Glass,Retail/off-trade Unit Volume,million units,2022,1190.8
Australasia,Coffee,Total,Glass,Retail/off-trade Unit Volume,million units,2022,177.4
Latin America,Coffee,Total,Glass,Retail/off-trade Unit Volume,million units,2022,617.7
North America,Coffee,Total,Glass,Retail/off-trade Unit Volume,million units,2022,46.4
France,Coffee,Total,Glass,Retail/off-trade Unit Volume,million units,2022,62.2
United Kingdom,Coffee,Total,Glass,Retail/off-trade Unit Volume,million units,2022,217.4
India,Coffee,Total,Glass,Retail/off-trade Unit Volume,million units,2022,486.8
Japan,Coffee,Total,Glass,Retail/off-trade Unit Volume,million units,2022,71.6
Middle East and Africa,Coffee,Total,Glass,Retail/off-trade Unit Volume,million units,2022,192.5
Australia,Coffee,Total,Glass,Retail/off-trade Unit Volume,million units,2022,149.8
Germany,Coffee,Total,Glass,Retail/off-trade Unit Volume,million units,2022,79.3
Brazil,Coffee,Total,Glass,Retail/off-trade Unit Volume,million units,2022,117.8
China,Coffee,Total,Glass,Retail/off-trade Unit Volume,million units,2022,52.2
World,Coffee,Total,Glass,Retail/off-trade Unit Volume,million units,2022,3215.9
Thailand,Coffee,Total,Glass,Retail/off-trade Unit Volume,million units,2022,129.3
USA,Coffee,Total,Glass,Retail/off-trade Unit Volume,million units,2022,10.1
USA,Coffee,Total,Glass Jars,Retail/off-trade Unit Volume,million units,2022,10.1
Thailand,Coffee,Total,Glass Jars,Retail/off-trade Unit Volume,million units,2022,129.3
World,Coffee,Total,Glass Jars,Retail/off-trade Unit Volume,million units,2022,3215.9
China,Coffee,Total,Glass Jars,Retail/off-trade Unit Volume,million units,2022,52.2
Brazil,Coffee,Total,Glass Jars,Retail/off-trade Unit Volume,million units,2022,117.8
Germany,Coffee,Total,Glass Jars,Retail/off-trade Unit Volume,million units,2022,79.3
Australia,Coffee,Total,Glass Jars,Retail/off-trade Unit Volume,million units,2022,149.8
Middle East and Africa,Coffee,Total,Glass Jars,Retail/off-trade Unit Volume,million units,2022,192.5
Japan,Coffee,Total,Glass Jars,Retail/off-trade Unit Volume,million units,2022,71.6
India,Coffee,Total,Glass Jars,Retail/off-trade Unit Volume,million units,2022,486.8
United Kingdom,Coffee,Total,Glass Jars,Retail/off-trade Unit Volume,million units,2022,217.4
France,Coffee,Total,Glass Jars,Retail/off-trade Unit Volume,million units,2022,62.2
North America,Coffee,Total,Glass Jars,Retail/off-trade Unit Volume,million units,2022,46.4
Latin America,Coffee,Total,Glass Jars,Retail/off-trade Unit Volume,million units,2022,617.7
Australasia,Coffee,Total,Glass Jars,Retail/off-trade Unit Volume,million units,2022,177.4
Asia Pacific,Coffee,Total,Glass Jars,Retail/off-trade Unit Volume,million units,2022,1190.8
Western Europe,Coffee,Total,Glass Jars,Retail/off-trade Unit Volume,million units,2022,542.5
Eastern Europe,Coffee,Total,Glass Jars,Retail/off-trade Unit Volume,million units,2022,448.5
North America,Coffee,Total,Metal,Retail/off-trade Unit Volume,million units,2022,202.2
Eastern Europe,Coffee,Total,Metal,Retail/off-trade Unit Volume,million units,2022,381.7
Western Europe,Coffee,Total,Metal,Retail/off-trade Unit Volume,million units,2022,1208.9
Asia Pacific,Coffee,Total,Metal,Retail/off-trade Unit Volume,million units,2022,276.6
Australasia,Coffee,Total,Metal,Retail/off-trade Unit Volume,million units,2022,29.7
Latin America,Coffee,Total,Metal,Retail/off-trade Unit Volume,million units,2022,294.2
France,Coffee,Total,Metal,Retail/off-trade Unit Volume,million units,2022,214.9
United Kingdom,Coffee,Total,Metal,Retail/off-trade Unit Volume,million units,2022,111.0
Japan,Coffee,Total,Metal,Retail/off-trade Unit Volume,million units,2022,24.2
India,Coffee,Total,Metal,Retail/off-trade Unit Volume,million units,2022,51.5
Thailand,Coffee,Total,Metal,Retail/off-trade Unit Volume,million units,2022,6.9
Middle East and Africa,Coffee,Total,Metal,Retail/off-trade Unit Volume,million units,2022,55.8
Australia,Coffee,Total,Metal,Retail/off-trade Unit Volume,million units,2022,23.3
Brazil,Coffee,Total,Metal,Retail/off-trade Unit Volume,million units,2022,186.8
Germany,Coffee,Total,Metal,Retail/off-trade Unit Volume,million units,2022,140.9
China,Coffee,Total,Metal,Retail/off-trade Unit Volume,million units,2022,12.1
USA,Coffee,Total,Metal,Retail/off-trade Unit Volume,million units,2022,146.7
World,Coffee,Total,Metal,Retail/off-trade Unit Volume,million units,2022,2449.1
World,Coffee,Total,Aluminium Trays,Retail/off-trade Unit Volume,million units,2022,1.8
Western Europe,Coffee,Total,Aluminium Trays,Retail/off-trade Unit Volume,million units,2022,1.8
Western Europe,Coffee,Total,Metal Tins,Retail/off-trade Unit Volume,million units,2022,334.9
Eastern Europe,Coffee,Total,Metal Tins,Retail/off-trade Unit Volume,million units,2022,340.5
North America,Coffee,Total,Metal Tins,Retail/off-trade Unit Volume,million units,2022,126.8
Latin America,Coffee,Total,Metal Tins,Retail/off-trade Unit Volume,million units,2022,83.6
Australasia,Coffee,Total,Metal Tins,Retail/off-trade Unit Volume,million units,2022,10.0
Asia Pacific,Coffee,Total,Metal Tins,Retail/off-trade Unit Volume,million units,2022,176.1
World,Coffee,Total,Metal Tins,Retail/off-trade Unit Volume,million units,2022,1105.1
USA,Coffee,Total,Metal Tins,Retail/off-trade Unit Volume,million units,2022,71.3
China,Coffee,Total,Metal Tins,Retail/off-trade Unit Volume,million units,2022,5.9
Germany,Coffee,Total,Metal Tins,Retail/off-trade Unit Volume,million units,2022,72.3
Brazil,Coffee,Total,Metal Tins,Retail/off-trade Unit Volume,million units,2022,15.2
Australia,Coffee,Total,Metal Tins,Retail/off-trade Unit Volume,million units,2022,9.5
Middle East and Africa,Coffee,Total,Metal Tins,Retail/off-trade Unit Volume,million units,2022,33.2
Thailand,Coffee,Total,Metal Tins,Retail/off-trade Unit Volume,million units,2022,6.9
India,Coffee,Total,Metal Tins,Retail/off-trade Unit Volume,million units,2022,51.5
Japan,Coffee,Total,Metal Tins,Retail/off-trade Unit Volume,million units,2022,9.3
United Kingdom,Coffee,Total,Metal Tins,Retail/off-trade Unit Volume,million units,2022,29.5
France,Coffee,Total,Metal Tins,Retail/off-trade Unit Volume,million units,2022,26.7
France,Coffee,Total,Other Metal,Retail/off-trade Unit Volume,million units,2022,188.2
United Kingdom,Coffee,Total,Other Metal,Retail/off-trade Unit Volume,million units,2022,81.5
Japan,Coffee,Total,Other Metal,Retail/off-trade Unit Volume,million units,2022,14.8
Middle East and Africa,Coffee,Total,Other Metal,Retail/off-trade Unit Volume,million units,2022,22.6
Australia,Coffee,Total,Other Metal,Retail/off-trade Unit Volume,million units,2022,13.8
Brazil,Coffee,Total,Other Metal,Retail/off-trade Unit Volume,million units,2022,171.6
Germany,Coffee,Total,Other Metal,Retail/off-trade Unit Volume,million units,2022,68.6
China,Coffee,Total,Other Metal,Retail/off-trade Unit Volume,million units,2022,6.2
USA,Coffee,Total,Other Metal,Retail/off-trade Unit Volume,million units,2022,75.4
World,Coffee,Total,Other Metal,Retail/off-trade Unit Volume,million units,2022,1342.2
Asia Pacific,Coffee,Total,Other Metal,Retail/off-trade Unit Volume,million units,2022,100.5
Australasia,Coffee,Total,Other Metal,Retail/off-trade Unit Volume,million units,2022,19.7
Latin America,Coffee,Total,Other Metal,Retail/off-trade Unit Volume,million units,2022,210.6
North America,Coffee,Total,Other Metal,Retail/off-trade Unit Volume,million units,2022,75.4
Eastern Europe,Coffee,Total,Other Metal,Retail/off-trade Unit Volume,million units,2022,41.2
Western Europe,Coffee,Total,Other Metal,Retail/off-trade Unit Volume,million units,2022,872.2
Western Europe,Coffee,Total,Paper-based Containers,Retail/off-trade Unit Volume,million units,2022,2229.4
Eastern Europe,Coffee,Total,Paper-based Containers,Retail/off-trade Unit Volume,million units,2022,345.1
North America,Coffee,Total,Paper-based Containers,Retail/off-trade Unit Volume,million units,2022,787.7
Latin America,Coffee,Total,Paper-based Containers,Retail/off-trade Unit Volume,million units,2022,345.0
Australasia,Coffee,Total,Paper-based Containers,Retail/off-trade Unit Volume,million units,2022,50.2
Asia Pacific,Coffee,Total,Paper-based Containers,Retail/off-trade Unit Volume,million units,2022,1435.1
USA,Coffee,Total,Paper-based Containers,Retail/off-trade Unit Volume,million units,2022,733.7
Thailand,Coffee,Total,Paper-based Containers,Retail/off-trade Unit Volume,million units,2022,0.3
World,Coffee,Total,Paper-based Containers,Retail/off-trade Unit Volume,million units,2022,5261.6
China,Coffee,Total,Paper-based Containers,Retail/off-trade Unit Volume,million units,2022,138.7
Brazil,Coffee,Total,Paper-based Containers,Retail/off-trade Unit Volume,million units,2022,286.3
Germany,Coffee,Total,Paper-based Containers,Retail/off-trade Unit Volume,million units,2022,322.5
Australia,Coffee,Total,Paper-based Containers,Retail/off-trade Unit Volume,million units,2022,43.1
Middle East and Africa,Coffee,Total,Paper-based Containers,Retail/off-trade Unit Volume,million units,2022,69.2
India,Coffee,Total,Paper-based Containers,Retail/off-trade Unit Volume,million units,2022,4.3
Japan,Coffee,Total,Paper-based Containers,Retail/off-trade Unit Volume,million units,2022,256.5
United Kingdom,Coffee,Total,Paper-based Containers,Retail/off-trade Unit Volume,million units,2022,113.0
France,Coffee,Total,Paper-based Containers,Retail/off-trade Unit Volume,million units,2022,576.8
Japan,Coffee,Total,Board Tubs,Retail/off-trade Unit Volume,million units,2022,5.1
China,Coffee,Total,Board Tubs,Retail/off-trade Unit Volume,million units,2022,2.1
World,Coffee,Total,Board Tubs,Retail/off-trade Unit Volume,million units,2022,7.2
Asia Pacific,Coffee,Total,Board Tubs,Retail/off-trade Unit Volume,million units,2022,7.2
Asia Pacific,Coffee,Total,Composite Containers,Retail/off-trade Unit Volume,million units,2022,42.8
Latin America,Coffee,Total,Composite Containers,Retail/off-trade Unit Volume,million units,2022,30.9
North America,Coffee,Total,Composite Containers,Retail/off-trade Unit Volume,million units,2022,82.8
Eastern Europe,Coffee,Total,Composite Containers,Retail/off-trade Unit Volume,million units,2022,0.1
Western Europe,Coffee,Total,Composite Containers,Retail/off-trade Unit Volume,million units,2022,43.7
World,Coffee,Total,Composite Containers,Retail/off-trade Unit Volume,million units,2022,200.3
USA,Coffee,Total,Composite Containers,Retail/off-trade Unit Volume,million units,2022,82.8
Brazil,Coffee,Total,Composite Containers,Retail/off-trade Unit Volume,million units,2022,28.8
Japan,Coffee,Total,Composite Containers,Retail/off-trade Unit Volume,million units,2022,42.8
Germany,Coffee,Total,Composite Containers,Retail/off-trade Unit Volume,million units,2022,36.7
United Kingdom,Coffee,Total,Composite Containers,Retail/off-trade Unit Volume,million units,2022,1.6
France,Coffee,Total,Composite Containers,Retail/off-trade Unit Volume,million units,2022,0.3
United Kingdom,Coffee,Total,Folding Cartons,Retail/off-trade Unit Volume,million units,2022,111.3
France,Coffee,Total,Folding Cartons,Retail/off-trade Unit Volume,million units,2022,576.6
Japan,Coffee,Total,Folding Cartons,Retail/off-trade Unit Volume,million units,2022,208.6
India,Coffee,Total,Folding Cartons,Retail/off-trade Unit Volume,million units,2022,4.3
Brazil,Coffee,Total,Folding Cartons,Retail/off-trade Unit Volume,million units,2022,257.4
China,Coffee,Total,Folding Cartons,Retail/off-trade Unit Volume,million units,2022,136.7
Germany,Coffee,Total,Folding Cartons,Retail/off-trade Unit Volume,million units,2022,285.8
Middle East and Africa,Coffee,Total,Folding Cartons,Retail/off-trade Unit Volume,million units,2022,69.2
Australia,Coffee,Total,Folding Cartons,Retail/off-trade Unit Volume,million units,2022,43.1
Thailand,Coffee,Total,Folding Cartons,Retail/off-trade Unit Volume,million units,2022,0.3
USA,Coffee,Total,Folding Cartons,Retail/off-trade Unit Volume,million units,2022,650.9
World,Coffee,Total,Folding Cartons,Retail/off-trade Unit Volume,million units,2022,5054.2
Eastern Europe,Coffee,Total,Folding Cartons,Retail/off-trade Unit Volume,million units,2022,345.1
Western Europe,Coffee,Total,Folding Cartons,Retail/off-trade Unit Volume,million units,2022,2185.7
North America,Coffee,Total,Folding Cartons,Retail/off-trade Unit Volume,million units,2022,704.9
Latin America,Coffee,Total,Folding Cartons,Retail/off-trade Unit Volume,million units,2022,314.1
Asia Pacific,Coffee,Total,Folding Cartons,Retail/off-trade Unit Volume,million units,2022,1385.1
Australasia,Coffee,Total,Folding Cartons,Retail/off-trade Unit Volume,million units,2022,50.2
Australasia,Coffee,Total,Rigid Plastic,Retail/off-trade Unit Volume,million units,2022,23.5
Asia Pacific,Coffee,Total,Rigid Plastic,Retail/off-trade Unit Volume,million units,2022,32.2
Latin America,Coffee,Total,Rigid Plastic,Retail/off-trade Unit Volume,million units,2022,57.8
Western Europe,Coffee,Total,Rigid Plastic,Retail/off-trade Unit Volume,million units,2022,1278.9
North America,Coffee,Total,Rigid Plastic,Retail/off-trade Unit Volume,million units,2022,868.7
Eastern Europe,Coffee,Total,Rigid Plastic,Retail/off-trade Unit Volume,million units,2022,58.4
USA,Coffee,Total,Rigid Plastic,Retail/off-trade Unit Volume,million units,2022,773.8
World,Coffee,Total,Rigid Plastic,Retail/off-trade Unit Volume,million units,2022,2382.6
Australia,Coffee,Total,Rigid Plastic,Retail/off-trade Unit Volume,million units,2022,23.5
Brazil,Coffee,Total,Rigid Plastic,Retail/off-trade Unit Volume,million units,2022,38.2
Middle East and Africa,Coffee,Total,Rigid Plastic,Retail/off-trade Unit Volume,million units,2022,63.2
Germany,Coffee,Total,Rigid Plastic,Retail/off-trade Unit Volume,million units,2022,408.6
China,Coffee,Total,Rigid Plastic,Retail/off-trade Unit Volume,million units,2022,3.7
India,Coffee,Total,Rigid Plastic,Retail/off-trade Unit Volume,million units,2022,1.5
Thailand,Coffee,Total,Rigid Plastic,Retail/off-trade Unit Volume,million units,2022,18.7
France,Coffee,Total,Rigid Plastic,Retail/off-trade Unit Volume,million units,2022,486.0
United Kingdom,Coffee,Total,Rigid Plastic,Retail/off-trade Unit Volume,million units,2022,69.0
Thailand,Coffee,Total,PET Jars,Retail/off-trade Unit Volume,million units,2022,18.4
India,Coffee,Total,PET Jars,Retail/off-trade Unit Volume,million units,2022,1.5
Middle East and Africa,Coffee,Total,PET Jars,Retail/off-trade Unit Volume,million units,2022,1.7
World,Coffee,Total,PET Jars,Retail/off-trade Unit Volume,million units,2022,94.1
USA,Coffee,Total,PET Jars,Retail/off-trade Unit Volume,million units,2022,36.7
Eastern Europe,Coffee,Total,PET Jars,Retail/off-trade Unit Volume,million units,2022,4.6
North America,Coffee,Total,PET Jars,Retail/off-trade Unit Volume,million units,2022,53.7
Western Europe,Coffee,Total,PET Jars,Retail/off-trade Unit Volume,million units,2022,11.0
Asia Pacific,Coffee,Total,PET Jars,Retail/off-trade Unit Volume,million units,2022,23.2
Asia Pacific,Coffee,Total,Thin Wall Plastic Containers,Retail/off-trade Unit Volume,million units,2022,9.0
Australasia,Coffee,Total,Thin Wall Plastic Containers,Retail/off-trade Unit Volume,million units,2022,21.0
North America,Coffee,Total,Thin Wall Plastic Containers,Retail/off-trade Unit Volume,million units,2022,550.4
Latin America,Coffee,Total,Thin Wall Plastic Containers,Retail/off-trade Unit Volume,million units,2022,4.6
Eastern Europe,Coffee,Total,Thin Wall Plastic Containers,Retail/off-trade Unit Volume,million units,2022,53.8
Western Europe,Coffee,Total,Thin Wall Plastic Containers,Retail/off-trade Unit Volume,million units,2022,1256.5
World,Coffee,Total,Thin Wall Plastic Containers,Retail/off-trade Unit Volume,million units,2022,1915.5
USA,Coffee,Total,Thin Wall Plastic Containers,Retail/off-trade Unit Volume,million units,2022,485.2
Middle East and Africa,Coffee,Total,Thin Wall Plastic Containers,Retail/off-trade Unit Volume,million units,2022,20.2
Australia,Coffee,Total,Thin Wall Plastic Containers,Retail/off-trade Unit Volume,million units,2022,21.0
China,Coffee,Total,Thin Wall Plastic Containers,Retail/off-trade Unit Volume,million units,2022,3.7
Germany,Coffee,Total,Thin Wall Plastic Containers,Retail/off-trade Unit Volume,million units,2022,401.1
Thailand,Coffee,Total,Thin Wall Plastic Containers,Retail/off-trade Unit Volume,million units,2022,0.3
United Kingdom,Coffee,Total,Thin Wall Plastic Containers,Retail/off-trade Unit Volume,million units,2022,69.0
France,Coffee,Total,Thin Wall Plastic Containers,Retail/off-trade Unit Volume,million units,2022,484.1
France,Coffee,Total,Other Plastic Jars,Retail/off-trade Unit Volume,million units,2022,1.8
Brazil,Coffee,Total,Other Plastic Jars,Retail/off-trade Unit Volume,million units,2022,14.0
Australia,Coffee,Total,Other Plastic Jars,Retail/off-trade Unit Volume,million units,2022,2.5
Middle East and Africa,Coffee,Total,Other Plastic Jars,Retail/off-trade Unit Volume,million units,2022,41.2
World,Coffee,Total,Other Plastic Jars,Retail/off-trade Unit Volume,million units,2022,328.0
USA,Coffee,Total,Other Plastic Jars,Retail/off-trade Unit Volume,million units,2022,251.8
North America,Coffee,Total,Other Plastic Jars,Retail/off-trade Unit Volume,million units,2022,251.8
Western Europe,Coffee,Total,Other Plastic Jars,Retail/off-trade Unit Volume,million units,2022,3.5
Latin America,Coffee,Total,Other Plastic Jars,Retail/off-trade Unit Volume,million units,2022,29.0
Australasia,Coffee,Total,Other Plastic Jars,Retail/off-trade Unit Volume,million units,2022,2.5
North America,Coffee,Total,Other Rigid Containers,Retail/off-trade Unit Volume,million units,2022,12.8
Latin America,Coffee,Total,Other Rigid Containers,Retail/off-trade Unit Volume,million units,2022,24.3
Western Europe,Coffee,Total,Other Rigid Containers,Retail/off-trade Unit Volume,million units,2022,7.8
World,Coffee,Total,Other Rigid Containers,Retail/off-trade Unit Volume,million units,2022,45.0
Brazil,Coffee,Total,Other Rigid Containers,Retail/off-trade Unit Volume,million units,2022,24.3
Germany,Coffee,Total,Other Rigid Containers,Retail/off-trade Unit Volume,million units,2022,7.5
World,Coffee,Total,Other Packaging,Retail/off-trade Unit Volume,million units,2022,0.7
Western Europe,Coffee,Total,Other Packaging,Retail/off-trade Unit Volume,million units,2022,0.0
Eastern Europe,Coffee,Total,Other Packaging,Retail/off-trade Unit Volume,million units,2022,0.7
Latin America,Coffee,Total,Other Packaging,Retail/off-trade Unit Volume,million units,2022,0.0
World,RTD Coffee,Total,Total Packaging,Retail/off-trade Unit Volume,million units,2022,20766.2
Western Europe,RTD Coffee,Total,Total Packaging,Retail/off-trade Unit Volume,million units,2022,1375.9
Eastern Europe,RTD Coffee,Total,Total Packaging,Retail/off-trade Unit Volume,million units,2022,162.5
North America,RTD Coffee,Total,Total Packaging,Retail/off-trade Unit Volume,million units,2022,2727.5
Latin America,RTD Coffee,Total,Total Packaging,Retail/off-trade Unit Volume,million units,2022,33.3
Asia Pacific,RTD Coffee,Total,Total Packaging,Retail/off-trade Unit Volume,million units,2022,16378.6
Australasia,RTD Coffee,Total,Total Packaging,Retail/off-trade Unit Volume,million units,2022,26.9
Middle East and Africa,RTD Coffee,Total,Total Packaging,Retail/off-trade Unit Volume,million units,2022,61.4
Australia,RTD Coffee,Total,Total Packaging,Retail/off-trade Unit Volume,million units,2022,25.7
Brazil,RTD Coffee,Total,Total Packaging,Retail/off-trade Unit Volume,million units,2022,5.6
China,RTD Coffee,Total,Total Packaging,Retail/off-trade Unit Volume,million units,2022,1037.1
Germany,RTD Coffee,Total,Total Packaging,Retail/off-trade Unit Volume,million units,2022,464.7
France,RTD Coffee,Total,Total Packaging,Retail/off-trade Unit Volume,million units,2022,22.3
United Kingdom,RTD Coffee,Total,Total Packaging,Retail/off-trade Unit Volume,million units,2022,189.8
Japan,RTD Coffee,Total,Total Packaging,Retail/off-trade Unit Volume,million units,2022,10259.4
Thailand,RTD Coffee,Total,Total Packaging,Retail/off-trade Unit Volume,million units,2022,999.9
USA,RTD Coffee,Total,Total Packaging,Retail/off-trade Unit Volume,million units,2022,2695.0
Asia Pacific,RTD Coffee,Total,Flexible Packaging,Retail/off-trade Unit Volume,million units,2022,425.4
World,RTD Coffee,Total,Flexible Packaging,Retail/off-trade Unit Volume,million units,2022,425.4
World,RTD Coffee,Total,Stand-Up Pouches,Retail/off-trade Unit Volume,million units,2022,425.4
Asia Pacific,RTD Coffee,Total,Stand-Up Pouches,Retail/off-trade Unit Volume,million units,2022,425.4
Asia Pacific,RTD Coffee,Total,Aluminium /Plastic Pouches,Retail/off-trade Unit Volume,million units,2022,425.4
World,RTD Coffee,Total,Aluminium /Plastic Pouches,Retail/off-trade Unit Volume,million units,2022,425.4
USA,RTD Coffee,Total,Glass,Retail/off-trade Unit Volume,million units,2022,1512.2
World,RTD Coffee,Total,Glass,Retail/off-trade Unit Volume,million units,2022,1667.1
Latin America,RTD Coffee,Total,Glass,Retail/off-trade Unit Volume,million units,2022,21.4
Asia Pacific,RTD Coffee,Total,Glass,Retail/off-trade Unit Volume,million units,2022,36.0
North America,RTD Coffee,Total,Glass,Retail/off-trade Unit Volume,million units,2022,1536.2
Eastern Europe,RTD Coffee,Total,Glass,Retail/off-trade Unit Volume,million units,2022,7.9
Western Europe,RTD Coffee,Total,Glass,Retail/off-trade Unit Volume,million units,2022,64.6
Thailand,RTD Coffee,Total,Glass,Retail/off-trade Unit Volume,million units,2022,1.4
United Kingdom,RTD Coffee,Total,Glass,Retail/off-trade Unit Volume,million units,2022,13.0
France,RTD Coffee,Total,Glass,Retail/off-trade Unit Volume,million units,2022,0.4
China,RTD Coffee,Total,Glass,Retail/off-trade Unit Volume,million units,2022,9.5
Middle East and Africa,RTD Coffee,Total,Glass,Retail/off-trade Unit Volume,million units,2022,0.9
Middle East and Africa,RTD Coffee,Total,Glass Bottles,Retail/off-trade Unit Volume,million units,2022,0.9
China,RTD Coffee,Total,Glass Bottles,Retail/off-trade Unit Volume,million units,2022,9.5
France,RTD Coffee,Total,Glass Bottles,Retail/off-trade Unit Volume,million units,2022,0.4
United Kingdom,RTD Coffee,Total,Glass Bottles,Retail/off-trade Unit Volume,million units,2022,13.0
Thailand,RTD Coffee,Total,Glass Bottles,Retail/off-trade Unit Volume,million units,2022,1.4
Western Europe,RTD Coffee,Total,Glass Bottles,Retail/off-trade Unit Volume,million units,2022,64.6
Eastern Europe,RTD Coffee,Total,Glass Bottles,Retail/off-trade Unit Volume,million units,2022,7.9
North America,RTD Coffee,Total,Glass Bottles,Retail/off-trade Unit Volume,million units,2022,1536.2
Asia Pacific,RTD Coffee,Total,Glass Bottles,Retail/off-trade Unit Volume,million units,2022,36.0
Latin America,RTD Coffee,Total,Glass Bottles,Retail/off-trade Unit Volume,million units,2022,21.4
World,RTD Coffee,Total,Glass Bottles,Retail/off-trade Unit Volume,million units,2022,1667.1
USA,RTD Coffee,Total,Glass Bottles,Retail/off-trade Unit Volume,million units,2022,1512.2
USA,RTD Coffee,Total,Liquid Cartons,Retail/off-trade Unit Volume,million units,2022,53.9
World,RTD Coffee,Total,Liquid Cartons,Retail/off-trade Unit Volume,million units,2022,445.6
Latin America,RTD Coffee,Total,Liquid Cartons,Retail/off-trade Unit Volume,million units,2022,5.4
Asia Pacific,RTD Coffee,Total,Liquid Cartons,Retail/off-trade Unit Volume,million units,2022,327.9
Australasia,RTD Coffee,Total,Liquid Cartons,Retail/off-trade Unit Volume,million units,2022,17.8
North America,RTD Coffee,Total,Liquid Cartons,Retail/off-trade Unit Volume,million units,2022,54.9
Eastern Europe,RTD Coffee,Total,Liquid Cartons,Retail/off-trade Unit Volume,million units,2022,12.2
Western Europe,RTD Coffee,Total,Liquid Cartons,Retail/off-trade Unit Volume,million units,2022,27.3
Thailand,RTD Coffee,Total,Liquid Cartons,Retail/off-trade Unit Volume,million units,2022,0.9
Japan,RTD Coffee,Total,Liquid Cartons,Retail/off-trade Unit Volume,million units,2022,105.1
United Kingdom,RTD Coffee,Total,Liquid Cartons,Retail/off-trade Unit Volume,million units,2022,19.3
France,RTD Coffee,Total,Liquid Cartons,Retail/off-trade Unit Volume,million units,2022,0.0
China,RTD Coffee,Total,Liquid Cartons,Retail/off-trade Unit Volume,million units,2022,7.0
Middle East and Africa,RTD Coffee,Total,Liquid Cartons,Retail/off-trade Unit Volume,million units,2022,0.0
Brazil,RTD Coffee,Total,Liquid Cartons,Retail/off-trade Unit Volume,million units,2022,5.3
Australia,RTD Coffee,Total,Liquid Cartons,Retail/off-trade Unit Volume,million units,2022,17.0
Australia,RTD Coffee,Total,Brick Liquid Cartons,Retail/off-trade Unit Volume,million units,2022,6.1
Middle East and Africa,RTD Coffee,Total,Brick Liquid Cartons,Retail/off-trade Unit Volume,million units,2022,0.0
China,RTD Coffee,Total,Brick Liquid Cartons,Retail/off-trade Unit Volume,million units,2022,
United Kingdom,RTD Coffee,Total,Brick Liquid Cartons,Retail/off-trade Unit Volume,million units,2022,0.4
Thailand,RTD Coffee,Total,Brick Liquid Cartons,Retail/off-trade Unit Volume,million units,2022,0.9
Eastern Europe,RTD Coffee,Total,Brick Liquid Cartons,Retail/off-trade Unit Volume,million units,2022,11.6
Western Europe,RTD Coffee,Total,Brick Liquid Cartons,Retail/off-trade Unit Volume,million units,2022,3.5
Australasia,RTD Coffee,Total,Brick Liquid Cartons,Retail/off-trade Unit Volume,million units,2022,6.3
Asia Pacific,RTD Coffee,Total,Brick Liquid Cartons,Retail/off-trade Unit Volume,million units,2022,173.2
World,RTD Coffee,Total,Brick Liquid Cartons,Retail/off-trade Unit Volume,million units,2022,194.7
World,RTD Coffee,Total,Gable Top Liquid Cartons,Retail/off-trade Unit Volume,million units,2022,178.7
USA,RTD Coffee,Total,Gable Top Liquid Cartons,Retail/off-trade Unit Volume,million units,2022,17.9
Asia Pacific,RTD Coffee,Total,Gable Top Liquid Cartons,Retail/off-trade Unit Volume,million units,2022,143.4
Latin America,RTD Coffee,Total,Gable Top Liquid Cartons,Retail/off-trade Unit Volume,million units,2022,
Australasia,RTD Coffee,Total,Gable Top Liquid Cartons,Retail/off-trade Unit Volume,million units,2022,11.5
North America,RTD Coffee,Total,Gable Top Liquid Cartons,Retail/off-trade Unit Volume,million units,2022,19.0
Western Europe,RTD Coffee,Total,Gable Top Liquid Cartons,Retail/off-trade Unit Volume,million units,2022,4.9
Japan,RTD Coffee,Total,Gable Top Liquid Cartons,Retail/off-trade Unit Volume,million units,2022,105.1
United Kingdom,RTD Coffee,Total,Gable Top Liquid Cartons,Retail/off-trade Unit Volume,million units,2022,4.9
Australia,RTD Coffee,Total,Gable Top Liquid Cartons,Retail/off-trade Unit Volume,million units,2022,11.0
Brazil,RTD Coffee,Total,Gable Top Liquid Cartons,Retail/off-trade Unit Volume,million units,2022,
Brazil,RTD Coffee,Total,Shaped Liquid Cartons,Retail/off-trade Unit Volume,million units,2022,5.3
China,RTD Coffee,Total,Shaped Liquid Cartons,Retail/off-trade Unit Volume,million units,2022,7.0
France,RTD Coffee,Total,Shaped Liquid Cartons,Retail/off-trade Unit Volume,million units,2022,0.0
United Kingdom,RTD Coffee,Total,Shaped Liquid Cartons,Retail/off-trade Unit Volume,million units,2022,14.0
Eastern Europe,RTD Coffee,Total,Shaped Liquid Cartons,Retail/off-trade Unit Volume,million units,2022,0.6
North America,RTD Coffee,Total,Shaped Liquid Cartons,Retail/off-trade Unit Volume,million units,2022,36.0
Western Europe,RTD Coffee,Total,Shaped Liquid Cartons,Retail/off-trade Unit Volume,million units,2022,18.8
Latin America,RTD Coffee,Total,Shaped Liquid Cartons,Retail/off-trade Unit Volume,million units,2022,5.4
Asia Pacific,RTD Coffee,Total,Shaped Liquid Cartons,Retail/off-trade Unit Volume,million units,2022,11.4
USA,RTD Coffee,Total,Shaped Liquid Cartons,Retail/off-trade Unit Volume,million units,2022,36.0
World,RTD Coffee,Total,Shaped Liquid Cartons,Retail/off-trade Unit Volume,million units,2022,72.2
World,RTD Coffee,Total,Metal,Retail/off-trade Unit Volume,million units,2022,11761.1
Asia Pacific,RTD Coffee,Total,Metal,Retail/off-trade Unit Volume,million units,2022,10478.3
Middle East and Africa,RTD Coffee,Total,Metal,Retail/off-trade Unit Volume,million units,2022,59.5
Australasia,RTD Coffee,Total,Metal,Retail/off-trade Unit Volume,million units,2022,1.3
North America,RTD Coffee,Total,Metal,Retail/off-trade Unit Volume,million units,2022,792.4
Latin America,RTD Coffee,Total,Metal,Retail/off-trade Unit Volume,million units,2022,5.4
Eastern Europe,RTD Coffee,Total,Metal,Retail/off-trade Unit Volume,million units,2022,115.8
Western Europe,RTD Coffee,Total,Metal,Retail/off-trade Unit Volume,million units,2022,308.5
Thailand,RTD Coffee,Total,Metal,Retail/off-trade Unit Volume,million units,2022,967.9
USA,RTD Coffee,Total,Metal,Retail/off-trade Unit Volume,million units,2022,792.2
United Kingdom,RTD Coffee,Total,Metal,Retail/off-trade Unit Volume,million units,2022,29.1
Japan,RTD Coffee,Total,Metal,Retail/off-trade Unit Volume,million units,2022,7646.2
China,RTD Coffee,Total,Metal,Retail/off-trade Unit Volume,million units,2022,454.2
France,RTD Coffee,Total,Metal,Retail/off-trade Unit Volume,million units,2022,3.3
Germany,RTD Coffee,Total,Metal,Retail/off-trade Unit Volume,million units,2022,71.5
Australia,RTD Coffee,Total,Metal,Retail/off-trade Unit Volume,million units,2022,1.3
Australia,RTD Coffee,Total,Metal Beverage Cans,Retail/off-trade Unit Volume,million units,2022,1.3
Germany,RTD Coffee,Total,Metal Beverage Cans,Retail/off-trade Unit Volume,million units,2022,71.5
France,RTD Coffee,Total,Metal Beverage Cans,Retail/off-trade Unit Volume,million units,2022,3.3
China,RTD Coffee,Total,Metal Beverage Cans,Retail/off-trade Unit Volume,million units,2022,454.2
Japan,RTD Coffee,Total,Metal Beverage Cans,Retail/off-trade Unit Volume,million units,2022,4959.0
United Kingdom,RTD Coffee,Total,Metal Beverage Cans,Retail/off-trade Unit Volume,million units,2022,29.1
USA,RTD Coffee,Total,Metal Beverage Cans,Retail/off-trade Unit Volume,million units,2022,713.3
Thailand,RTD Coffee,Total,Metal Beverage Cans,Retail/off-trade Unit Volume,million units,2022,967.9
Western Europe,RTD Coffee,Total,Metal Beverage Cans,Retail/off-trade Unit Volume,million units,2022,308.5
Eastern Europe,RTD Coffee,Total,Metal Beverage Cans,Retail/off-trade Unit Volume,million units,2022,115.8
Latin America,RTD Coffee,Total,Metal Beverage Cans,Retail/off-trade Unit Volume,million units,2022,5.4
North America,RTD Coffee,Total,Metal Beverage Cans,Retail/off-trade Unit Volume,million units,2022,713.5
Australasia,RTD Coffee,Total,Metal Beverage Cans,Retail/off-trade Unit Volume,million units,2022,1.3
Middle East and Africa,RTD Coffee,Total,Metal Beverage Cans,Retail/off-trade Unit Volume,million units,2022,59.5
Asia Pacific,RTD Coffee,Total,Metal Beverage Cans,Retail/off-trade Unit Volume,million units,2022,7754.9
World,RTD Coffee,Total,Metal Beverage Cans,Retail/off-trade Unit Volume,million units,2022,8958.8
World,RTD Coffee,Total,Metal Bottles,Retail/off-trade Unit Volume,million units,2022,2802.3
Asia Pacific,RTD Coffee,Total,Metal Bottles,Retail/off-trade Unit Volume,million units,2022,2723.4
North America,RTD Coffee,Total,Metal Bottles,Retail/off-trade Unit Volume,million units,2022,78.9
USA,RTD Coffee,Total,Metal Bottles,Retail/off-trade Unit Volume,million units,2022,78.9
Japan,RTD Coffee,Total,Metal Bottles,Retail/off-trade Unit Volume,million units,2022,2687.2
Australia,RTD Coffee,Total,Paper-based Containers,Retail/off-trade Unit Volume,million units,2022,0.0
Australasia,RTD Coffee,Total,Paper-based Containers,Retail/off-trade Unit Volume,million units,2022,0.0
World,RTD Coffee,Total,Paper-based Containers,Retail/off-trade Unit Volume,million units,2022,0.0
World,RTD Coffee,Total,Bag In Box,Retail/off-trade Unit Volume,million units,2022,0.0
Australasia,RTD Coffee,Total,Bag In Box,Retail/off-trade Unit Volume,million units,2022,0.0
Australia,RTD Coffee,Total,Bag In Box,Retail/off-trade Unit Volume,million units,2022,0.0
Brazil,RTD Coffee,Total,Rigid Plastic,Retail/off-trade Unit Volume,million units,2022,0.3
Australia,RTD Coffee,Total,Rigid Plastic,Retail/off-trade Unit Volume,million units,2022,7.4
China,RTD Coffee,Total,Rigid Plastic,Retail/off-trade Unit Volume,million units,2022,566.5
France,RTD Coffee,Total,Rigid Plastic,Retail/off-trade Unit Volume,million units,2022,18.6
Germany,RTD Coffee,Total,Rigid Plastic,Retail/off-trade Unit Volume,million units,2022,393.3
Japan,RTD Coffee,Total,Rigid Plastic,Retail/off-trade Unit Volume,million units,2022,2508.1
United Kingdom,RTD Coffee,Total,Rigid Plastic,Retail/off-trade Unit Volume,million units,2022,128.4
USA,RTD Coffee,Total,Rigid Plastic,Retail/off-trade Unit Volume,million units,2022,336.7
Thailand,RTD Coffee,Total,Rigid Plastic,Retail/off-trade Unit Volume,million units,2022,23.3
Middle East and Africa,RTD Coffee,Total,Rigid Plastic,Retail/off-trade Unit Volume,million units,2022,1.0
Australasia,RTD Coffee,Total,Rigid Plastic,Retail/off-trade Unit Volume,million units,2022,7.8
Asia Pacific,RTD Coffee,Total,Rigid Plastic,Retail/off-trade Unit Volume,million units,2022,5104.5
North America,RTD Coffee,Total,Rigid Plastic,Retail/off-trade Unit Volume,million units,2022,344.0
Latin America,RTD Coffee,Total,Rigid Plastic,Retail/off-trade Unit Volume,million units,2022,1.1
Eastern Europe,RTD Coffee,Total,Rigid Plastic,Retail/off-trade Unit Volume,million units,2022,26.2
Western Europe,RTD Coffee,Total,Rigid Plastic,Retail/off-trade Unit Volume,million units,2022,973.1
World,RTD Coffee,Total,Rigid Plastic,Retail/off-trade Unit Volume,million units,2022,6457.6
World,RTD Coffee,Total,HDPE Bottles,Retail/off-trade Unit Volume,million units,2022,33.3
China,RTD Coffee,Total,HDPE Bottles,Retail/off-trade Unit Volume,million units,2022,7.5
Eastern Europe,RTD Coffee,Total,HDPE Bottles,Retail/off-trade Unit Volume,million units,2022,5.5
North America,RTD Coffee,Total,HDPE Bottles,Retail/off-trade Unit Volume,million units,2022,4.2
Latin America,RTD Coffee,Total,HDPE Bottles,Retail/off-trade Unit Volume,million units,2022,0.8
Asia Pacific,RTD Coffee,Total,HDPE Bottles,Retail/off-trade Unit Volume,million units,2022,15.5
Australasia,RTD Coffee,Total,HDPE Bottles,Retail/off-trade Unit Volume,million units,2022,7.4
Australia,RTD Coffee,Total,HDPE Bottles,Retail/off-trade Unit Volume,million units,2022,7.4
Brazil,RTD Coffee,Total,PET Bottles,Retail/off-trade Unit Volume,million units,2022,0.3
Germany,RTD Coffee,Total,PET Bottles,Retail/off-trade Unit Volume,million units,2022,48.9
France,RTD Coffee,Total,PET Bottles,Retail/off-trade Unit Volume,million units,2022,1.6
China,RTD Coffee,Total,PET Bottles,Retail/off-trade Unit Volume,million units,2022,559.0
Thailand,RTD Coffee,Total,PET Bottles,Retail/off-trade Unit Volume,million units,2022,23.3
USA,RTD Coffee,Total,PET Bottles,Retail/off-trade Unit Volume,million units,2022,336.7
United Kingdom,RTD Coffee,Total,PET Bottles,Retail/off-trade Unit Volume,million units,2022,2.5
Japan,RTD Coffee,Total,PET Bottles,Retail/off-trade Unit Volume,million units,2022,2029.1
Middle East and Africa,RTD Coffee,Total,PET Bottles,Retail/off-trade Unit Volume,million units,2022,1.0
Asia Pacific,RTD Coffee,Total,PET Bottles,Retail/off-trade Unit Volume,million units,2022,3729.2
North America,RTD Coffee,Total,PET Bottles,Retail/off-trade Unit Volume,million units,2022,339.8
Latin America,RTD Coffee,Total,PET Bottles,Retail/off-trade Unit Volume,million units,2022,0.3
Western Europe,RTD Coffee,Total,PET Bottles,Retail/off-trade Unit Volume,million units,2022,89.1
Eastern Europe,RTD Coffee,Total,PET Bottles,Retail/off-trade Unit Volume,million units,2022,9.5
World,RTD Coffee,Total,PET Bottles,Retail/off-trade Unit Volume,million units,2022,4168.9
World,RTD Coffee,Total,Thin Wall Plastic Containers,Retail/off-trade Unit Volume,million units,2022,2250.7
Eastern Europe,RTD Coffee,Total,Thin Wall Plastic Containers,Retail/off-trade Unit Volume,million units,2022,11.1
Western Europe,RTD Coffee,Total,Thin Wall Plastic Containers,Retail/off-trade Unit Volume,million units,2022,879.8
Asia Pacific,RTD Coffee,Total,Thin Wall Plastic Containers,Retail/off-trade Unit Volume,million units,2022,1359.8
Japan,RTD Coffee,Total,Thin Wall Plastic Containers,Retail/off-trade Unit Volume,million units,2022,478.9
United Kingdom,RTD Coffee,Total,Thin Wall Plastic Containers,Retail/off-trade Unit Volume,million units,2022,126.0
China,RTD Coffee,Total,Thin Wall Plastic Containers,Retail/off-trade Unit Volume,million units,2022,
France,RTD Coffee,Total,Thin Wall Plastic Containers,Retail/off-trade Unit Volume,million units,2022,17.0
Germany,RTD Coffee,Total,Thin Wall Plastic Containers,Retail/off-trade Unit Volume,million units,2022,344.4
Australasia,RTD Coffee,Total,Other Plastic Bottles,Retail/off-trade Unit Volume,million units,2022,0.5
Western Europe,RTD Coffee,Total,Other Plastic Bottles,Retail/off-trade Unit Volume,million units,2022,4.2
World,RTD Coffee,Total,Other Plastic Bottles,Retail/off-trade Unit Volume,million units,2022,4.6
World,RTD Coffee,Total,Other Packaging,Retail/off-trade Unit Volume,million units,2022,9.3
Eastern Europe,RTD Coffee,Total,Other Packaging,Retail/off-trade Unit Volume,million units,2022,0.4
Western Europe,RTD Coffee,Total,Other Packaging,Retail/off-trade Unit Volume,million units,2022,2.5
Asia Pacific,RTD Coffee,Total,Other Packaging,Retail/off-trade Unit Volume,million units,2022,6.4
Middle East and Africa,RTD Coffee,Total,Other Packaging,Retail/off-trade Unit Volume,million units,2022,0.0
Thailand,RTD Coffee,Total,Other Packaging,Retail/off-trade Unit Volume,million units,2022,6.4
Western Europe,Coffee,Total,Total Packaging,Retail/off-trade Unit Volume,million units,2023,12023.0
Eastern Europe,Coffee,Total,Total Packaging,Retail/off-trade Unit Volume,million units,2023,4830.5
North America,Coffee,Total,Total Packaging,Retail/off-trade Unit Volume,million units,2023,3241.2
Latin America,Coffee,Total,Total Packaging,Retail/off-trade Unit Volume,million units,2023,4693.7
Asia Pacific,Coffee,Total,Total Packaging,Retail/off-trade Unit Volume,million units,2023,32236.4
Australasia,Coffee,Total,Total Packaging,Retail/off-trade Unit Volume,million units,2023,316.4
Middle East and Africa,Coffee,Total,Total Packaging,Retail/off-trade Unit Volume,million units,2023,986.6
Australia,Coffee,Total,Total Packaging,Retail/off-trade Unit Volume,million units,2023,267.8
Brazil,Coffee,Total,Total Packaging,Retail/off-trade Unit Volume,million units,2023,3126.0
China,Coffee,Total,Total Packaging,Retail/off-trade Unit Volume,million units,2023,323.8
Germany,Coffee,Total,Total Packaging,Retail/off-trade Unit Volume,million units,2023,2330.8
France,Coffee,Total,Total Packaging,Retail/off-trade Unit Volume,million units,2023,1938.0
United Kingdom,Coffee,Total,Total Packaging,Retail/off-trade Unit Volume,million units,2023,651.2
India,Coffee,Total,Total Packaging,Retail/off-trade Unit Volume,million units,2023,1891.8
Japan,Coffee,Total,Total Packaging,Retail/off-trade Unit Volume,million units,2023,845.3
Thailand,Coffee,Total,Total Packaging,Retail/off-trade Unit Volume,million units,2023,679.4
USA,Coffee,Total,Total Packaging,Retail/off-trade Unit Volume,million units,2023,2917.6
World,Coffee,Total,Total Packaging,Retail/off-trade Unit Volume,million units,2023,58327.7
USA,Coffee,Total,Flexible Packaging,Retail/off-trade Unit Volume,million units,2023,1215.0
Thailand,Coffee,Total,Flexible Packaging,Retail/off-trade Unit Volume,million units,2023,515.0
World,Coffee,Total,Flexible Packaging,Retail/off-trade Unit Volume,million units,2023,44898.5
Japan,Coffee,Total,Flexible Packaging,Retail/off-trade Unit Volume,million units,2023,502.9
India,Coffee,Total,Flexible Packaging,Retail/off-trade Unit Volume,million units,2023,1309.9
United Kingdom,Coffee,Total,Flexible Packaging,Retail/off-trade Unit Volume,million units,2023,158.2
France,Coffee,Total,Flexible Packaging,Retail/off-trade Unit Volume,million units,2023,613.8
China,Coffee,Total,Flexible Packaging,Retail/off-trade Unit Volume,million units,2023,128.4
Germany,Coffee,Total,Flexible Packaging,Retail/off-trade Unit Volume,million units,2023,1398.3
Brazil,Coffee,Total,Flexible Packaging,Retail/off-trade Unit Volume,million units,2023,2463.7
Australia,Coffee,Total,Flexible Packaging,Retail/off-trade Unit Volume,million units,2023,30.8
Middle East and Africa,Coffee,Total,Flexible Packaging,Retail/off-trade Unit Volume,million units,2023,594.3
Australasia,Coffee,Total,Flexible Packaging,Retail/off-trade Unit Volume,million units,2023,37.7
Asia Pacific,Coffee,Total,Flexible Packaging,Retail/off-trade Unit Volume,million units,2023,29260.4
North America,Coffee,Total,Flexible Packaging,Retail/off-trade Unit Volume,million units,2023,1293.5
Latin America,Coffee,Total,Flexible Packaging,Retail/off-trade Unit Volume,million units,2023,3337.8
Eastern Europe,Coffee,Total,Flexible Packaging,Retail/off-trade Unit Volume,million units,2023,3646.2
Western Europe,Coffee,Total,Flexible Packaging,Retail/off-trade Unit Volume,million units,2023,6728.6
Western Europe,Coffee,Total,Flexible Aluminium/Paper,Retail/off-trade Unit Volume,million units,2023,253.8
Eastern Europe,Coffee,Total,Flexible Aluminium/Paper,Retail/off-trade Unit Volume,million units,2023,113.2
Latin America,Coffee,Total,Flexible Aluminium/Paper,Retail/off-trade Unit Volume,million units,2023,0.1
North America,Coffee,Total,Flexible Aluminium/Paper,Retail/off-trade Unit Volume,million units,2023,400.1
Asia Pacific,Coffee,Total,Flexible Aluminium/Paper,Retail/off-trade Unit Volume,million units,2023,2.7
Australasia,Coffee,Total,Flexible Aluminium/Paper,Retail/off-trade Unit Volume,million units,2023,5.1
Middle East and Africa,Coffee,Total,Flexible Aluminium/Paper,Retail/off-trade Unit Volume,million units,2023,1.3
Australia,Coffee,Total,Flexible Aluminium/Paper,Retail/off-trade Unit Volume,million units,2023,4.0
China,Coffee,Total,Flexible Aluminium/Paper,Retail/off-trade Unit Volume,million units,2023,0.0
Germany,Coffee,Total,Flexible Aluminium/Paper,Retail/off-trade Unit Volume,million units,2023,63.4
France,Coffee,Total,Flexible Aluminium/Paper,Retail/off-trade Unit Volume,million units,2023,9.5
World,Coffee,Total,Flexible Aluminium/Paper,Retail/off-trade Unit Volume,million units,2023,776.3
USA,Coffee,Total,Flexible Aluminium/Paper,Retail/off-trade Unit Volume,million units,2023,374.5
USA,Coffee,Total,Flexible Aluminium/Plastic,Retail/off-trade Unit Volume,million units,2023,546.2
Thailand,Coffee,Total,Flexible Aluminium/Plastic,Retail/off-trade Unit Volume,million units,2023,310.7
World,Coffee,Total,Flexible Aluminium/Plastic,Retail/off-trade Unit Volume,million units,2023,30439.9
France,Coffee,Total,Flexible Aluminium/Plastic,Retail/off-trade Unit Volume,million units,2023,144.7
Germany,Coffee,Total,Flexible Aluminium/Plastic,Retail/off-trade Unit Volume,million units,2023,428.8
India,Coffee,Total,Flexible Aluminium/Plastic,Retail/off-trade Unit Volume,million units,2023,1309.9
Japan,Coffee,Total,Flexible Aluminium/Plastic,Retail/off-trade Unit Volume,million units,2023,357.7
United Kingdom,Coffee,Total,Flexible Aluminium/Plastic,Retail/off-trade Unit Volume,million units,2023,67.2
China,Coffee,Total,Flexible Aluminium/Plastic,Retail/off-trade Unit Volume,million units,2023,128.4
Brazil,Coffee,Total,Flexible Aluminium/Plastic,Retail/off-trade Unit Volume,million units,2023,2221.9
Middle East and Africa,Coffee,Total,Flexible Aluminium/Plastic,Retail/off-trade Unit Volume,million units,2023,344.6
Australia,Coffee,Total,Flexible Aluminium/Plastic,Retail/off-trade Unit Volume,million units,2023,12.8
Australasia,Coffee,Total,Flexible Aluminium/Plastic,Retail/off-trade Unit Volume,million units,2023,16.2
Asia Pacific,Coffee,Total,Flexible Aluminium/Plastic,Retail/off-trade Unit Volume,million units,2023,22213.0
Latin America,Coffee,Total,Flexible Aluminium/Plastic,Retail/off-trade Unit Volume,million units,2023,2914.9
North America,Coffee,Total,Flexible Aluminium/Plastic,Retail/off-trade Unit Volume,million units,2023,591.9
Eastern Europe,Coffee,Total,Flexible Aluminium/Plastic,Retail/off-trade Unit Volume,million units,2023,2712.1
Western Europe,Coffee,Total,Flexible Aluminium/Plastic,Retail/off-trade Unit Volume,million units,2023,1647.2
Western Europe,Coffee,Total,Flexible Paper,Retail/off-trade Unit Volume,million units,2023,471.6
Eastern Europe,Coffee,Total,Flexible Paper,Retail/off-trade Unit Volume,million units,2023,71.2
Latin America,Coffee,Total,Flexible Paper,Retail/off-trade Unit Volume,million units,2023,1.5
Asia Pacific,Coffee,Total,Flexible Paper,Retail/off-trade Unit Volume,million units,2023,5.8
Australasia,Coffee,Total,Flexible Paper,Retail/off-trade Unit Volume,million units,2023,0.0
Middle East and Africa,Coffee,Total,Flexible Paper,Retail/off-trade Unit Volume,million units,2023,2.8
United Kingdom,Coffee,Total,Flexible Paper,Retail/off-trade Unit Volume,million units,2023,7.0
Germany,Coffee,Total,Flexible Paper,Retail/off-trade Unit Volume,million units,2023,415.5
World,Coffee,Total,Flexible Paper,Retail/off-trade Unit Volume,million units,2023,552.9
World,Coffee,Total,Flexible Paper/Plastic,Retail/off-trade Unit Volume,million units,2023,105.8
United Kingdom,Coffee,Total,Flexible Paper/Plastic,Retail/off-trade Unit Volume,million units,2023,
Western Europe,Coffee,Total,Flexible Paper/Plastic,Retail/off-trade Unit Volume,million units,2023,105.8
Western Europe,Coffee,Total,Flexible Plastic,Retail/off-trade Unit Volume,million units,2023,4103.7
Eastern Europe,Coffee,Total,Flexible Plastic,Retail/off-trade Unit Volume,million units,2023,197.5
Australasia,Coffee,Total,Flexible Plastic,Retail/off-trade Unit Volume,million units,2023,16.4
Asia Pacific,Coffee,Total,Flexible Plastic,Retail/off-trade Unit Volume,million units,2023,6529.8
Latin America,Coffee,Total,Flexible Plastic,Retail/off-trade Unit Volume,million units,2023,91.0
North America,Coffee,Total,Flexible Plastic,Retail/off-trade Unit Volume,million units,2023,96.8
United Kingdom,Coffee,Total,Flexible Plastic,Retail/off-trade Unit Volume,million units,2023,71.0
Japan,Coffee,Total,Flexible Plastic,Retail/off-trade Unit Volume,million units,2023,145.2
Germany,Coffee,Total,Flexible Plastic,Retail/off-trade Unit Volume,million units,2023,489.4
France,Coffee,Total,Flexible Plastic,Retail/off-trade Unit Volume,million units,2023,422.2
Middle East and Africa,Coffee,Total,Flexible Plastic,Retail/off-trade Unit Volume,million units,2023,116.0
Australia,Coffee,Total,Flexible Plastic,Retail/off-trade Unit Volume,million units,2023,14.0
Brazil,Coffee,Total,Flexible Plastic,Retail/off-trade Unit Volume,million units,2023,2.4
World,Coffee,Total,Flexible Plastic,Retail/off-trade Unit Volume,million units,2023,11151.2
Thailand,Coffee,Total,Flexible Plastic,Retail/off-trade Unit Volume,million units,2023,151.9
USA,Coffee,Total,Flexible Plastic,Retail/off-trade Unit Volume,million units,2023,89.5
USA,Coffee,Total,Stand-Up Pouches,Retail/off-trade Unit Volume,million units,2023,204.7
Thailand,Coffee,Total,Stand-Up Pouches,Retail/off-trade Unit Volume,million units,2023,52.4
World,Coffee,Total,Stand-Up Pouches,Retail/off-trade Unit Volume,million units,2023,1872.3
Germany,Coffee,Total,Stand-Up Pouches,Retail/off-trade Unit Volume,million units,2023,1.2
Brazil,Coffee,Total,Stand-Up Pouches,Retail/off-trade Unit Volume,million units,2023,239.4
Middle East and Africa,Coffee,Total,Stand-Up Pouches,Retail/off-trade Unit Volume,million units,2023,129.5
United Kingdom,Coffee,Total,Stand-Up Pouches,Retail/off-trade Unit Volume,million units,2023,12.9
France,Coffee,Total,Stand-Up Pouches,Retail/off-trade Unit Volume,million units,2023,37.3
North America,Coffee,Total,Stand-Up Pouches,Retail/off-trade Unit Volume,million units,2023,204.7
Latin America,Coffee,Total,Stand-Up Pouches,Retail/off-trade Unit Volume,million units,2023,330.4
Asia Pacific,Coffee,Total,Stand-Up Pouches,Retail/off-trade Unit Volume,million units,2023,509.0
Eastern Europe,Coffee,Total,Stand-Up Pouches,Retail/off-trade Unit Volume,million units,2023,552.2
Western Europe,Coffee,Total,Stand-Up Pouches,Retail/off-trade Unit Volume,million units,2023,146.5
Western Europe,Coffee,Total,Aluminium /Plastic Pouches,Retail/off-trade Unit Volume,million units,2023,93.9
Eastern Europe,Coffee,Total,Aluminium /Plastic Pouches,Retail/off-trade Unit Volume,million units,2023,504.4
Asia Pacific,Coffee,Total,Aluminium /Plastic Pouches,Retail/off-trade Unit Volume,million units,2023,467.6
Latin America,Coffee,Total,Aluminium /Plastic Pouches,Retail/off-trade Unit Volume,million units,2023,258.4
North America,Coffee,Total,Aluminium /Plastic Pouches,Retail/off-trade Unit Volume,million units,2023,2.8
France,Coffee,Total,Aluminium /Plastic Pouches,Retail/off-trade Unit Volume,million units,2023,2.4
United Kingdom,Coffee,Total,Aluminium /Plastic Pouches,Retail/off-trade Unit Volume,million units,2023,0.9
Middle East and Africa,Coffee,Total,Aluminium /Plastic Pouches,Retail/off-trade Unit Volume,million units,2023,44.5
Brazil,Coffee,Total,Aluminium /Plastic Pouches,Retail/off-trade Unit Volume,million units,2023,239.4
Germany,Coffee,Total,Aluminium /Plastic Pouches,Retail/off-trade Unit Volume,million units,2023,1.2
World,Coffee,Total,Aluminium /Plastic Pouches,Retail/off-trade Unit Volume,million units,2023,1371.6
Thailand,Coffee,Total,Aluminium /Plastic Pouches,Retail/off-trade Unit Volume,million units,2023,52.4
USA,Coffee,Total,Aluminium /Plastic Pouches,Retail/off-trade Unit Volume,million units,2023,2.8
USA,Coffee,Total,Plastic Pouches,Retail/off-trade Unit Volume,million units,2023,201.9
World,Coffee,Total,Plastic Pouches,Retail/off-trade Unit Volume,million units,2023,500.8
Middle East and Africa,Coffee,Total,Plastic Pouches,Retail/off-trade Unit Volume,million units,2023,85.0
United Kingdom,Coffee,Total,Plastic Pouches,Retail/off-trade Unit Volume,million units,2023,12.0
France,Coffee,Total,Plastic Pouches,Retail/off-trade Unit Volume,million units,2023,34.9
North America,Coffee,Total,Plastic Pouches,Retail/off-trade Unit Volume,million units,2023,201.9
Latin America,Coffee,Total,Plastic Pouches,Retail/off-trade Unit Volume,million units,2023,72.0
Asia Pacific,Coffee,Total,Plastic Pouches,Retail/off-trade Unit Volume,million units,2023,41.4
Eastern Europe,Coffee,Total,Plastic Pouches,Retail/off-trade Unit Volume,million units,2023,47.8
Western Europe,Coffee,Total,Plastic Pouches,Retail/off-trade Unit Volume,million units,2023,52.6
Eastern Europe,Coffee,Total,Glass,Retail/off-trade Unit Volume,million units,2023,415.0
Western Europe,Coffee,Total,Glass,Retail/off-trade Unit Volume,million units,2023,516.6
Asia Pacific,Coffee,Total,Glass,Retail/off-trade Unit Volume,million units,2023,1229.7
Australasia,Coffee,Total,Glass,Retail/off-trade Unit Volume,million units,2023,177.9
Latin America,Coffee,Total,Glass,Retail/off-trade Unit Volume,million units,2023,618.7
North America,Coffee,Total,Glass,Retail/off-trade Unit Volume,million units,2023,45.8
France,Coffee,Total,Glass,Retail/off-trade Unit Volume,million units,2023,60.2
United Kingdom,Coffee,Total,Glass,Retail/off-trade Unit Volume,million units,2023,200.9
India,Coffee,Total,Glass,Retail/off-trade Unit Volume,million units,2023,521.5
Japan,Coffee,Total,Glass,Retail/off-trade Unit Volume,million units,2023,69.0
Middle East and Africa,Coffee,Total,Glass,Retail/off-trade Unit Volume,million units,2023,193.3
Australia,Coffee,Total,Glass,Retail/off-trade Unit Volume,million units,2023,149.9
Germany,Coffee,Total,Glass,Retail/off-trade Unit Volume,million units,2023,78.7
Brazil,Coffee,Total,Glass,Retail/off-trade Unit Volume,million units,2023,118.1
China,Coffee,Total,Glass,Retail/off-trade Unit Volume,million units,2023,47.5
World,Coffee,Total,Glass,Retail/off-trade Unit Volume,million units,2023,3197.0
Thailand,Coffee,Total,Glass,Retail/off-trade Unit Volume,million units,2023,137.3
USA,Coffee,Total,Glass,Retail/off-trade Unit Volume,million units,2023,8.7
USA,Coffee,Total,Glass Jars,Retail/off-trade Unit Volume,million units,2023,8.7
Thailand,Coffee,Total,Glass Jars,Retail/off-trade Unit Volume,million units,2023,137.3
World,Coffee,Total,Glass Jars,Retail/off-trade Unit Volume,million units,2023,3197.0
China,Coffee,Total,Glass Jars,Retail/off-trade Unit Volume,million units,2023,47.5
Brazil,Coffee,Total,Glass Jars,Retail/off-trade Unit Volume,million units,2023,118.1
Germany,Coffee,Total,Glass Jars,Retail/off-trade Unit Volume,million units,2023,78.7
Australia,Coffee,Total,Glass Jars,Retail/off-trade Unit Volume,million units,2023,149.9
Middle East and Africa,Coffee,Total,Glass Jars,Retail/off-trade Unit Volume,million units,2023,193.3
Japan,Coffee,Total,Glass Jars,Retail/off-trade Unit Volume,million units,2023,69.0
India,Coffee,Total,Glass Jars,Retail/off-trade Unit Volume,million units,2023,521.5
United Kingdom,Coffee,Total,Glass Jars,Retail/off-trade Unit Volume,million units,2023,200.9
France,Coffee,Total,Glass Jars,Retail/off-trade Unit Volume,million units,2023,60.2
North America,Coffee,Total,Glass Jars,Retail/off-trade Unit Volume,million units,2023,45.8
Latin America,Coffee,Total,Glass Jars,Retail/off-trade Unit Volume,million units,2023,618.7
Australasia,Coffee,Total,Glass Jars,Retail/off-trade Unit Volume,million units,2023,177.9
Asia Pacific,Coffee,Total,Glass Jars,Retail/off-trade Unit Volume,million units,2023,1229.7
Western Europe,Coffee,Total,Glass Jars,Retail/off-trade Unit Volume,million units,2023,516.6
Eastern Europe,Coffee,Total,Glass Jars,Retail/off-trade Unit Volume,million units,2023,415.0
North America,Coffee,Total,Metal,Retail/off-trade Unit Volume,million units,2023,219.5
Eastern Europe,Coffee,Total,Metal,Retail/off-trade Unit Volume,million units,2023,359.5
Western Europe,Coffee,Total,Metal,Retail/off-trade Unit Volume,million units,2023,1227.5
Asia Pacific,Coffee,Total,Metal,Retail/off-trade Unit Volume,million units,2023,285.3
Australasia,Coffee,Total,Metal,Retail/off-trade Unit Volume,million units,2023,27.7
Latin America,Coffee,Total,Metal,Retail/off-trade Unit Volume,million units,2023,301.0
France,Coffee,Total,Metal,Retail/off-trade Unit Volume,million units,2023,222.3
United Kingdom,Coffee,Total,Metal,Retail/off-trade Unit Volume,million units,2023,114.3
Japan,Coffee,Total,Metal,Retail/off-trade Unit Volume,million units,2023,22.4
India,Coffee,Total,Metal,Retail/off-trade Unit Volume,million units,2023,54.4
Thailand,Coffee,Total,Metal,Retail/off-trade Unit Volume,million units,2023,7.1
Middle East and Africa,Coffee,Total,Metal,Retail/off-trade Unit Volume,million units,2023,58.1
Australia,Coffee,Total,Metal,Retail/off-trade Unit Volume,million units,2023,21.1
Brazil,Coffee,Total,Metal,Retail/off-trade Unit Volume,million units,2023,191.3
Germany,Coffee,Total,Metal,Retail/off-trade Unit Volume,million units,2023,142.6
China,Coffee,Total,Metal,Retail/off-trade Unit Volume,million units,2023,10.5
USA,Coffee,Total,Metal,Retail/off-trade Unit Volume,million units,2023,162.7
World,Coffee,Total,Metal,Retail/off-trade Unit Volume,million units,2023,2478.6
World,Coffee,Total,Aluminium Trays,Retail/off-trade Unit Volume,million units,2023,3.0
Western Europe,Coffee,Total,Aluminium Trays,Retail/off-trade Unit Volume,million units,2023,3.0
Western Europe,Coffee,Total,Metal Tins,Retail/off-trade Unit Volume,million units,2023,344.7
Eastern Europe,Coffee,Total,Metal Tins,Retail/off-trade Unit Volume,million units,2023,320.8
North America,Coffee,Total,Metal Tins,Retail/off-trade Unit Volume,million units,2023,139.2
Latin America,Coffee,Total,Metal Tins,Retail/off-trade Unit Volume,million units,2023,85.0
Australasia,Coffee,Total,Metal Tins,Retail/off-trade Unit Volume,million units,2023,9.1
Asia Pacific,Coffee,Total,Metal Tins,Retail/off-trade Unit Volume,million units,2023,185.7
World,Coffee,Total,Metal Tins,Retail/off-trade Unit Volume,million units,2023,1118.0
USA,Coffee,Total,Metal Tins,Retail/off-trade Unit Volume,million units,2023,82.3
China,Coffee,Total,Metal Tins,Retail/off-trade Unit Volume,million units,2023,5.9
Germany,Coffee,Total,Metal Tins,Retail/off-trade Unit Volume,million units,2023,76.1
Brazil,Coffee,Total,Metal Tins,Retail/off-trade Unit Volume,million units,2023,15.8
Australia,Coffee,Total,Metal Tins,Retail/off-trade Unit Volume,million units,2023,8.6
Middle East and Africa,Coffee,Total,Metal Tins,Retail/off-trade Unit Volume,million units,2023,33.6
Thailand,Coffee,Total,Metal Tins,Retail/off-trade Unit Volume,million units,2023,7.1
India,Coffee,Total,Metal Tins,Retail/off-trade Unit Volume,million units,2023,54.4
Japan,Coffee,Total,Metal Tins,Retail/off-trade Unit Volume,million units,2023,9.4
United Kingdom,Coffee,Total,Metal Tins,Retail/off-trade Unit Volume,million units,2023,36.0
France,Coffee,Total,Metal Tins,Retail/off-trade Unit Volume,million units,2023,25.9
France,Coffee,Total,Other Metal,Retail/off-trade Unit Volume,million units,2023,196.4
United Kingdom,Coffee,Total,Other Metal,Retail/off-trade Unit Volume,million units,2023,78.3
Japan,Coffee,Total,Other Metal,Retail/off-trade Unit Volume,million units,2023,12.9
Middle East and Africa,Coffee,Total,Other Metal,Retail/off-trade Unit Volume,million units,2023,24.5
Australia,Coffee,Total,Other Metal,Retail/off-trade Unit Volume,million units,2023,12.6
Brazil,Coffee,Total,Other Metal,Retail/off-trade Unit Volume,million units,2023,175.5
Germany,Coffee,Total,Other Metal,Retail/off-trade Unit Volume,million units,2023,66.5
China,Coffee,Total,Other Metal,Retail/off-trade Unit Volume,million units,2023,4.6
USA,Coffee,Total,Other Metal,Retail/off-trade Unit Volume,million units,2023,80.4
World,Coffee,Total,Other Metal,Retail/off-trade Unit Volume,million units,2023,1357.6
Asia Pacific,Coffee,Total,Other Metal,Retail/off-trade Unit Volume,million units,2023,99.6
Australasia,Coffee,Total,Other Metal,Retail/off-trade Unit Volume,million units,2023,18.5
Latin America,Coffee,Total,Other Metal,Retail/off-trade Unit Volume,million units,2023,216.0
North America,Coffee,Total,Other Metal,Retail/off-trade Unit Volume,million units,2023,80.4
Eastern Europe,Coffee,Total,Other Metal,Retail/off-trade Unit Volume,million units,2023,38.7
Western Europe,Coffee,Total,Other Metal,Retail/off-trade Unit Volume,million units,2023,879.8
Western Europe,Coffee,Total,Paper-based Containers,Retail/off-trade Unit Volume,million units,2023,2285.7
Eastern Europe,Coffee,Total,Paper-based Containers,Retail/off-trade Unit Volume,million units,2023,349.0
North America,Coffee,Total,Paper-based Containers,Retail/off-trade Unit Volume,million units,2023,816.0
Latin America,Coffee,Total,Paper-based Containers,Retail/off-trade Unit Volume,million units,2023,377.7
Australasia,Coffee,Total,Paper-based Containers,Retail/off-trade Unit Volume,million units,2023,50.1
Asia Pacific,Coffee,Total,Paper-based Containers,Retail/off-trade Unit Volume,million units,2023,1428.3
USA,Coffee,Total,Paper-based Containers,Retail/off-trade Unit Volume,million units,2023,761.2
Thailand,Coffee,Total,Paper-based Containers,Retail/off-trade Unit Volume,million units,2023,0.3
World,Coffee,Total,Paper-based Containers,Retail/off-trade Unit Volume,million units,2023,5381.7
China,Coffee,Total,Paper-based Containers,Retail/off-trade Unit Volume,million units,2023,134.7
Brazil,Coffee,Total,Paper-based Containers,Retail/off-trade Unit Volume,million units,2023,313.9
Germany,Coffee,Total,Paper-based Containers,Retail/off-trade Unit Volume,million units,2023,320.2
Australia,Coffee,Total,Paper-based Containers,Retail/off-trade Unit Volume,million units,2023,43.0
Middle East and Africa,Coffee,Total,Paper-based Containers,Retail/off-trade Unit Volume,million units,2023,74.8
India,Coffee,Total,Paper-based Containers,Retail/off-trade Unit Volume,million units,2023,4.3
Japan,Coffee,Total,Paper-based Containers,Retail/off-trade Unit Volume,million units,2023,251.0
United Kingdom,Coffee,Total,Paper-based Containers,Retail/off-trade Unit Volume,million units,2023,109.7
France,Coffee,Total,Paper-based Containers,Retail/off-trade Unit Volume,million units,2023,570.0
Japan,Coffee,Total,Board Tubs,Retail/off-trade Unit Volume,million units,2023,4.7
China,Coffee,Total,Board Tubs,Retail/off-trade Unit Volume,million units,2023,2.0
World,Coffee,Total,Board Tubs,Retail/off-trade Unit Volume,million units,2023,6.7
Asia Pacific,Coffee,Total,Board Tubs,Retail/off-trade Unit Volume,million units,2023,6.7
Asia Pacific,Coffee,Total,Composite Containers,Retail/off-trade Unit Volume,million units,2023,45.3
Latin America,Coffee,Total,Composite Containers,Retail/off-trade Unit Volume,million units,2023,30.5
North America,Coffee,Total,Composite Containers,Retail/off-trade Unit Volume,million units,2023,86.6
Eastern Europe,Coffee,Total,Composite Containers,Retail/off-trade Unit Volume,million units,2023,0.1
Western Europe,Coffee,Total,Composite Containers,Retail/off-trade Unit Volume,million units,2023,41.6
World,Coffee,Total,Composite Containers,Retail/off-trade Unit Volume,million units,2023,204.1
USA,Coffee,Total,Composite Containers,Retail/off-trade Unit Volume,million units,2023,86.6
Brazil,Coffee,Total,Composite Containers,Retail/off-trade Unit Volume,million units,2023,27.9
Japan,Coffee,Total,Composite Containers,Retail/off-trade Unit Volume,million units,2023,45.3
Germany,Coffee,Total,Composite Containers,Retail/off-trade Unit Volume,million units,2023,34.7
United Kingdom,Coffee,Total,Composite Containers,Retail/off-trade Unit Volume,million units,2023,1.6
France,Coffee,Total,Composite Containers,Retail/off-trade Unit Volume,million units,2023,0.3
United Kingdom,Coffee,Total,Folding Cartons,Retail/off-trade Unit Volume,million units,2023,108.1
France,Coffee,Total,Folding Cartons,Retail/off-trade Unit Volume,million units,2023,569.8
Japan,Coffee,Total,Folding Cartons,Retail/off-trade Unit Volume,million units,2023,201.0
India,Coffee,Total,Folding Cartons,Retail/off-trade Unit Volume,million units,2023,4.3
Brazil,Coffee,Total,Folding Cartons,Retail/off-trade Unit Volume,million units,2023,286.0
China,Coffee,Total,Folding Cartons,Retail/off-trade Unit Volume,million units,2023,132.8
Germany,Coffee,Total,Folding Cartons,Retail/off-trade Unit Volume,million units,2023,285.5
Middle East and Africa,Coffee,Total,Folding Cartons,Retail/off-trade Unit Volume,million units,2023,74.8
Australia,Coffee,Total,Folding Cartons,Retail/off-trade Unit Volume,million units,2023,43.0
Thailand,Coffee,Total,Folding Cartons,Retail/off-trade Unit Volume,million units,2023,0.3
USA,Coffee,Total,Folding Cartons,Retail/off-trade Unit Volume,million units,2023,674.6
World,Coffee,Total,Folding Cartons,Retail/off-trade Unit Volume,million units,2023,5170.9
Eastern Europe,Coffee,Total,Folding Cartons,Retail/off-trade Unit Volume,million units,2023,348.9
Western Europe,Coffee,Total,Folding Cartons,Retail/off-trade Unit Volume,million units,2023,2244.2
North America,Coffee,Total,Folding Cartons,Retail/off-trade Unit Volume,million units,2023,729.4
Latin America,Coffee,Total,Folding Cartons,Retail/off-trade Unit Volume,million units,2023,347.2
Asia Pacific,Coffee,Total,Folding Cartons,Retail/off-trade Unit Volume,million units,2023,1376.3
Australasia,Coffee,Total,Folding Cartons,Retail/off-trade Unit Volume,million units,2023,50.1
Australasia,Coffee,Total,Rigid Plastic,Retail/off-trade Unit Volume,million units,2023,23.0
Asia Pacific,Coffee,Total,Rigid Plastic,Retail/off-trade Unit Volume,million units,2023,32.6
Latin America,Coffee,Total,Rigid Plastic,Retail/off-trade Unit Volume,million units,2023,58.4
Western Europe,Coffee,Total,Rigid Plastic,Retail/off-trade Unit Volume,million units,2023,1264.5
North America,Coffee,Total,Rigid Plastic,Retail/off-trade Unit Volume,million units,2023,866.3
Eastern Europe,Coffee,Total,Rigid Plastic,Retail/off-trade Unit Volume,million units,2023,59.9
USA,Coffee,Total,Rigid Plastic,Retail/off-trade Unit Volume,million units,2023,770.0
World,Coffee,Total,Rigid Plastic,Retail/off-trade Unit Volume,million units,2023,2370.8
Australia,Coffee,Total,Rigid Plastic,Retail/off-trade Unit Volume,million units,2023,23.0
Brazil,Coffee,Total,Rigid Plastic,Retail/off-trade Unit Volume,million units,2023,39.0
Middle East and Africa,Coffee,Total,Rigid Plastic,Retail/off-trade Unit Volume,million units,2023,66.2
Germany,Coffee,Total,Rigid Plastic,Retail/off-trade Unit Volume,million units,2023,391.0
China,Coffee,Total,Rigid Plastic,Retail/off-trade Unit Volume,million units,2023,2.7
India,Coffee,Total,Rigid Plastic,Retail/off-trade Unit Volume,million units,2023,1.6
Thailand,Coffee,Total,Rigid Plastic,Retail/off-trade Unit Volume,million units,2023,19.6
France,Coffee,Total,Rigid Plastic,Retail/off-trade Unit Volume,million units,2023,471.6
United Kingdom,Coffee,Total,Rigid Plastic,Retail/off-trade Unit Volume,million units,2023,68.1
Thailand,Coffee,Total,PET Jars,Retail/off-trade Unit Volume,million units,2023,19.3
India,Coffee,Total,PET Jars,Retail/off-trade Unit Volume,million units,2023,1.6
Middle East and Africa,Coffee,Total,PET Jars,Retail/off-trade Unit Volume,million units,2023,1.7
World,Coffee,Total,PET Jars,Retail/off-trade Unit Volume,million units,2023,99.3
USA,Coffee,Total,PET Jars,Retail/off-trade Unit Volume,million units,2023,40.7
Eastern Europe,Coffee,Total,PET Jars,Retail/off-trade Unit Volume,million units,2023,4.0
North America,Coffee,Total,PET Jars,Retail/off-trade Unit Volume,million units,2023,57.9
Western Europe,Coffee,Total,PET Jars,Retail/off-trade Unit Volume,million units,2023,11.1
Asia Pacific,Coffee,Total,PET Jars,Retail/off-trade Unit Volume,million units,2023,24.5
Asia Pacific,Coffee,Total,Thin Wall Plastic Containers,Retail/off-trade Unit Volume,million units,2023,8.1
Australasia,Coffee,Total,Thin Wall Plastic Containers,Retail/off-trade Unit Volume,million units,2023,20.3
North America,Coffee,Total,Thin Wall Plastic Containers,Retail/off-trade Unit Volume,million units,2023,563.7
Latin America,Coffee,Total,Thin Wall Plastic Containers,Retail/off-trade Unit Volume,million units,2023,5.1
Eastern Europe,Coffee,Total,Thin Wall Plastic Containers,Retail/off-trade Unit Volume,million units,2023,55.8
Western Europe,Coffee,Total,Thin Wall Plastic Containers,Retail/off-trade Unit Volume,million units,2023,1242.3
World,Coffee,Total,Thin Wall Plastic Containers,Retail/off-trade Unit Volume,million units,2023,1915.9
USA,Coffee,Total,Thin Wall Plastic Containers,Retail/off-trade Unit Volume,million units,2023,497.6
Middle East and Africa,Coffee,Total,Thin Wall Plastic Containers,Retail/off-trade Unit Volume,million units,2023,20.6
Australia,Coffee,Total,Thin Wall Plastic Containers,Retail/off-trade Unit Volume,million units,2023,20.3
China,Coffee,Total,Thin Wall Plastic Containers,Retail/off-trade Unit Volume,million units,2023,2.7
Germany,Coffee,Total,Thin Wall Plastic Containers,Retail/off-trade Unit Volume,million units,2023,383.8
Thailand,Coffee,Total,Thin Wall Plastic Containers,Retail/off-trade Unit Volume,million units,2023,0.3
United Kingdom,Coffee,Total,Thin Wall Plastic Containers,Retail/off-trade Unit Volume,million units,2023,68.1
France,Coffee,Total,Thin Wall Plastic Containers,Retail/off-trade Unit Volume,million units,2023,469.9
France,Coffee,Total,Other Plastic Jars,Retail/off-trade Unit Volume,million units,2023,1.8
Brazil,Coffee,Total,Other Plastic Jars,Retail/off-trade Unit Volume,million units,2023,14.2
Australia,Coffee,Total,Other Plastic Jars,Retail/off-trade Unit Volume,million units,2023,2.7
Middle East and Africa,Coffee,Total,Other Plastic Jars,Retail/off-trade Unit Volume,million units,2023,43.9
World,Coffee,Total,Other Plastic Jars,Retail/off-trade Unit Volume,million units,2023,310.4
USA,Coffee,Total,Other Plastic Jars,Retail/off-trade Unit Volume,million units,2023,231.7
North America,Coffee,Total,Other Plastic Jars,Retail/off-trade Unit Volume,million units,2023,231.7
Western Europe,Coffee,Total,Other Plastic Jars,Retail/off-trade Unit Volume,million units,2023,3.6
Latin America,Coffee,Total,Other Plastic Jars,Retail/off-trade Unit Volume,million units,2023,28.5
Australasia,Coffee,Total,Other Plastic Jars,Retail/off-trade Unit Volume,million units,2023,2.7
North America,Coffee,Total,Other Rigid Containers,Retail/off-trade Unit Volume,million units,2023,13.0
Latin America,Coffee,Total,Other Rigid Containers,Retail/off-trade Unit Volume,million units,2023,24.8
Western Europe,Coffee,Total,Other Rigid Containers,Retail/off-trade Unit Volume,million units,2023,7.4
World,Coffee,Total,Other Rigid Containers,Retail/off-trade Unit Volume,million units,2023,45.3
Brazil,Coffee,Total,Other Rigid Containers,Retail/off-trade Unit Volume,million units,2023,24.8
Germany,Coffee,Total,Other Rigid Containers,Retail/off-trade Unit Volume,million units,2023,7.2
World,Coffee,Total,Other Packaging,Retail/off-trade Unit Volume,million units,2023,1.0
Western Europe,Coffee,Total,Other Packaging,Retail/off-trade Unit Volume,million units,2023,
Eastern Europe,Coffee,Total,Other Packaging,Retail/off-trade Unit Volume,million units,2023,1.0
Latin America,Coffee,Total,Other Packaging,Retail/off-trade Unit Volume,million units,2023,0.0
World,RTD Coffee,Total,Total Packaging,Retail/off-trade Unit Volume,million units,2023,20823.9
Western Europe,RTD Coffee,Total,Total Packaging,Retail/off-trade Unit Volume,million units,2023,1478.9
Eastern Europe,RTD Coffee,Total,Total Packaging,Retail/off-trade Unit Volume,million units,2023,156.6
North America,RTD Coffee,Total,Total Packaging,Retail/off-trade Unit Volume,million units,2023,2705.4
Latin America,RTD Coffee,Total,Total Packaging,Retail/off-trade Unit Volume,million units,2023,35.9
Asia Pacific,RTD Coffee,Total,Total Packaging,Retail/off-trade Unit Volume,million units,2023,16351.9
Australasia,RTD Coffee,Total,Total Packaging,Retail/off-trade Unit Volume,million units,2023,28.5
Middle East and Africa,RTD Coffee,Total,Total Packaging,Retail/off-trade Unit Volume,million units,2023,66.7
Australia,RTD Coffee,Total,Total Packaging,Retail/off-trade Unit Volume,million units,2023,27.0
Brazil,RTD Coffee,Total,Total Packaging,Retail/off-trade Unit Volume,million units,2023,6.0
China,RTD Coffee,Total,Total Packaging,Retail/off-trade Unit Volume,million units,2023,1083.2
Germany,RTD Coffee,Total,Total Packaging,Retail/off-trade Unit Volume,million units,2023,459.5
France,RTD Coffee,Total,Total Packaging,Retail/off-trade Unit Volume,million units,2023,22.2
United Kingdom,RTD Coffee,Total,Total Packaging,Retail/off-trade Unit Volume,million units,2023,241.4
Japan,RTD Coffee,Total,Total Packaging,Retail/off-trade Unit Volume,million units,2023,10219.1
Thailand,RTD Coffee,Total,Total Packaging,Retail/off-trade Unit Volume,million units,2023,1006.3
USA,RTD Coffee,Total,Total Packaging,Retail/off-trade Unit Volume,million units,2023,2670.4
Asia Pacific,RTD Coffee,Total,Flexible Packaging,Retail/off-trade Unit Volume,million units,2023,449.5
World,RTD Coffee,Total,Flexible Packaging,Retail/off-trade Unit Volume,million units,2023,449.5
World,RTD Coffee,Total,Stand-Up Pouches,Retail/off-trade Unit Volume,million units,2023,449.5
Asia Pacific,RTD Coffee,Total,Stand-Up Pouches,Retail/off-trade Unit Volume,million units,2023,449.5
Asia Pacific,RTD Coffee,Total,Aluminium /Plastic Pouches,Retail/off-trade Unit Volume,million units,2023,449.5
World,RTD Coffee,Total,Aluminium /Plastic Pouches,Retail/off-trade Unit Volume,million units,2023,449.5
USA,RTD Coffee,Total,Glass,Retail/off-trade Unit Volume,million units,2023,1391.8
World,RTD Coffee,Total,Glass,Retail/off-trade Unit Volume,million units,2023,1566.4
Latin America,RTD Coffee,Total,Glass,Retail/off-trade Unit Volume,million units,2023,22.9
Asia Pacific,RTD Coffee,Total,Glass,Retail/off-trade Unit Volume,million units,2023,37.0
North America,RTD Coffee,Total,Glass,Retail/off-trade Unit Volume,million units,2023,1417.6
Eastern Europe,RTD Coffee,Total,Glass,Retail/off-trade Unit Volume,million units,2023,9.1
Western Europe,RTD Coffee,Total,Glass,Retail/off-trade Unit Volume,million units,2023,78.7
Thailand,RTD Coffee,Total,Glass,Retail/off-trade Unit Volume,million units,2023,1.6
United Kingdom,RTD Coffee,Total,Glass,Retail/off-trade Unit Volume,million units,2023,16.6
France,RTD Coffee,Total,Glass,Retail/off-trade Unit Volume,million units,2023,0.5
China,RTD Coffee,Total,Glass,Retail/off-trade Unit Volume,million units,2023,9.0
Middle East and Africa,RTD Coffee,Total,Glass,Retail/off-trade Unit Volume,million units,2023,1.1
Middle East and Africa,RTD Coffee,Total,Glass Bottles,Retail/off-trade Unit Volume,million units,2023,1.1
China,RTD Coffee,Total,Glass Bottles,Retail/off-trade Unit Volume,million units,2023,9.0
France,RTD Coffee,Total,Glass Bottles,Retail/off-trade Unit Volume,million units,2023,0.5
United Kingdom,RTD Coffee,Total,Glass Bottles,Retail/off-trade Unit Volume,million units,2023,16.6
Thailand,RTD Coffee,Total,Glass Bottles,Retail/off-trade Unit Volume,million units,2023,1.6
Western Europe,RTD Coffee,Total,Glass Bottles,Retail/off-trade Unit Volume,million units,2023,78.7
Eastern Europe,RTD Coffee,Total,Glass Bottles,Retail/off-trade Unit Volume,million units,2023,9.1
North America,RTD Coffee,Total,Glass Bottles,Retail/off-trade Unit Volume,million units,2023,1417.6
Asia Pacific,RTD Coffee,Total,Glass Bottles,Retail/off-trade Unit Volume,million units,2023,37.0
Latin America,RTD Coffee,Total,Glass Bottles,Retail/off-trade Unit Volume,million units,2023,22.9
World,RTD Coffee,Total,Glass Bottles,Retail/off-trade Unit Volume,million units,2023,1566.4
USA,RTD Coffee,Total,Glass Bottles,Retail/off-trade Unit Volume,million units,2023,1391.8
USA,RTD Coffee,Total,Liquid Cartons,Retail/off-trade Unit Volume,million units,2023,66.3
World,RTD Coffee,Total,Liquid Cartons,Retail/off-trade Unit Volume,million units,2023,451.6
Latin America,RTD Coffee,Total,Liquid Cartons,Retail/off-trade Unit Volume,million units,2023,5.8
Asia Pacific,RTD Coffee,Total,Liquid Cartons,Retail/off-trade Unit Volume,million units,2023,311.6
Australasia,RTD Coffee,Total,Liquid Cartons,Retail/off-trade Unit Volume,million units,2023,18.8
North America,RTD Coffee,Total,Liquid Cartons,Retail/off-trade Unit Volume,million units,2023,67.4
Eastern Europe,RTD Coffee,Total,Liquid Cartons,Retail/off-trade Unit Volume,million units,2023,13.7
Western Europe,RTD Coffee,Total,Liquid Cartons,Retail/off-trade Unit Volume,million units,2023,34.4
Thailand,RTD Coffee,Total,Liquid Cartons,Retail/off-trade Unit Volume,million units,2023,1.0
Japan,RTD Coffee,Total,Liquid Cartons,Retail/off-trade Unit Volume,million units,2023,89.5
United Kingdom,RTD Coffee,Total,Liquid Cartons,Retail/off-trade Unit Volume,million units,2023,26.0
France,RTD Coffee,Total,Liquid Cartons,Retail/off-trade Unit Volume,million units,2023,
China,RTD Coffee,Total,Liquid Cartons,Retail/off-trade Unit Volume,million units,2023,5.8
Middle East and Africa,RTD Coffee,Total,Liquid Cartons,Retail/off-trade Unit Volume,million units,2023,0.0
Brazil,RTD Coffee,Total,Liquid Cartons,Retail/off-trade Unit Volume,million units,2023,5.6
Australia,RTD Coffee,Total,Liquid Cartons,Retail/off-trade Unit Volume,million units,2023,17.8
Australia,RTD Coffee,Total,Brick Liquid Cartons,Retail/off-trade Unit Volume,million units,2023,6.4
Middle East and Africa,RTD Coffee,Total,Brick Liquid Cartons,Retail/off-trade Unit Volume,million units,2023,0.0
China,RTD Coffee,Total,Brick Liquid Cartons,Retail/off-trade Unit Volume,million units,2023,
United Kingdom,RTD Coffee,Total,Brick Liquid Cartons,Retail/off-trade Unit Volume,million units,2023,0.6
Thailand,RTD Coffee,Total,Brick Liquid Cartons,Retail/off-trade Unit Volume,million units,2023,1.0
Eastern Europe,RTD Coffee,Total,Brick Liquid Cartons,Retail/off-trade Unit Volume,million units,2023,13.1
Western Europe,RTD Coffee,Total,Brick Liquid Cartons,Retail/off-trade Unit Volume,million units,2023,3.6
Australasia,RTD Coffee,Total,Brick Liquid Cartons,Retail/off-trade Unit Volume,million units,2023,6.7
Asia Pacific,RTD Coffee,Total,Brick Liquid Cartons,Retail/off-trade Unit Volume,million units,2023,169.6
World,RTD Coffee,Total,Brick Liquid Cartons,Retail/off-trade Unit Volume,million units,2023,193.1
World,RTD Coffee,Total,Gable Top Liquid Cartons,Retail/off-trade Unit Volume,million units,2023,168.5
USA,RTD Coffee,Total,Gable Top Liquid Cartons,Retail/off-trade Unit Volume,million units,2023,20.0
Asia Pacific,RTD Coffee,Total,Gable Top Liquid Cartons,Retail/off-trade Unit Volume,million units,2023,128.2
Latin America,RTD Coffee,Total,Gable Top Liquid Cartons,Retail/off-trade Unit Volume,million units,2023,
Australasia,RTD Coffee,Total,Gable Top Liquid Cartons,Retail/off-trade Unit Volume,million units,2023,12.1
North America,RTD Coffee,Total,Gable Top Liquid Cartons,Retail/off-trade Unit Volume,million units,2023,21.0
Western Europe,RTD Coffee,Total,Gable Top Liquid Cartons,Retail/off-trade Unit Volume,million units,2023,7.2
Japan,RTD Coffee,Total,Gable Top Liquid Cartons,Retail/off-trade Unit Volume,million units,2023,89.5
United Kingdom,RTD Coffee,Total,Gable Top Liquid Cartons,Retail/off-trade Unit Volume,million units,2023,7.2
Australia,RTD Coffee,Total,Gable Top Liquid Cartons,Retail/off-trade Unit Volume,million units,2023,11.5
Brazil,RTD Coffee,Total,Gable Top Liquid Cartons,Retail/off-trade Unit Volume,million units,2023,
Brazil,RTD Coffee,Total,Shaped Liquid Cartons,Retail/off-trade Unit Volume,million units,2023,5.6
China,RTD Coffee,Total,Shaped Liquid Cartons,Retail/off-trade Unit Volume,million units,2023,5.8
France,RTD Coffee,Total,Shaped Liquid Cartons,Retail/off-trade Unit Volume,million units,2023,
United Kingdom,RTD Coffee,Total,Shaped Liquid Cartons,Retail/off-trade Unit Volume,million units,2023,18.2
Eastern Europe,RTD Coffee,Total,Shaped Liquid Cartons,Retail/off-trade Unit Volume,million units,2023,0.6
North America,RTD Coffee,Total,Shaped Liquid Cartons,Retail/off-trade Unit Volume,million units,2023,46.3
Western Europe,RTD Coffee,Total,Shaped Liquid Cartons,Retail/off-trade Unit Volume,million units,2023,23.6
Latin America,RTD Coffee,Total,Shaped Liquid Cartons,Retail/off-trade Unit Volume,million units,2023,5.8
Asia Pacific,RTD Coffee,Total,Shaped Liquid Cartons,Retail/off-trade Unit Volume,million units,2023,13.8
USA,RTD Coffee,Total,Shaped Liquid Cartons,Retail/off-trade Unit Volume,million units,2023,46.3
World,RTD Coffee,Total,Shaped Liquid Cartons,Retail/off-trade Unit Volume,million units,2023,90.1
World,RTD Coffee,Total,Metal,Retail/off-trade Unit Volume,million units,2023,11642.5
Asia Pacific,RTD Coffee,Total,Metal,Retail/off-trade Unit Volume,million units,2023,10294.6
Middle East and Africa,RTD Coffee,Total,Metal,Retail/off-trade Unit Volume,million units,2023,64.5
Australasia,RTD Coffee,Total,Metal,Retail/off-trade Unit Volume,million units,2023,1.4
North America,RTD Coffee,Total,Metal,Retail/off-trade Unit Volume,million units,2023,821.8
Latin America,RTD Coffee,Total,Metal,Retail/off-trade Unit Volume,million units,2023,6.0
Eastern Europe,RTD Coffee,Total,Metal,Retail/off-trade Unit Volume,million units,2023,102.9
Western Europe,RTD Coffee,Total,Metal,Retail/off-trade Unit Volume,million units,2023,351.2
Thailand,RTD Coffee,Total,Metal,Retail/off-trade Unit Volume,million units,2023,969.9
USA,RTD Coffee,Total,Metal,Retail/off-trade Unit Volume,million units,2023,821.6
United Kingdom,RTD Coffee,Total,Metal,Retail/off-trade Unit Volume,million units,2023,38.0
Japan,RTD Coffee,Total,Metal,Retail/off-trade Unit Volume,million units,2023,7559.8
China,RTD Coffee,Total,Metal,Retail/off-trade Unit Volume,million units,2023,475.5
France,RTD Coffee,Total,Metal,Retail/off-trade Unit Volume,million units,2023,3.4
Germany,RTD Coffee,Total,Metal,Retail/off-trade Unit Volume,million units,2023,83.2
Australia,RTD Coffee,Total,Metal,Retail/off-trade Unit Volume,million units,2023,1.4
Australia,RTD Coffee,Total,Metal Beverage Cans,Retail/off-trade Unit Volume,million units,2023,1.4
Germany,RTD Coffee,Total,Metal Beverage Cans,Retail/off-trade Unit Volume,million units,2023,83.2
France,RTD Coffee,Total,Metal Beverage Cans,Retail/off-trade Unit Volume,million units,2023,3.4
China,RTD Coffee,Total,Metal Beverage Cans,Retail/off-trade Unit Volume,million units,2023,475.5
Japan,RTD Coffee,Total,Metal Beverage Cans,Retail/off-trade Unit Volume,million units,2023,4632.2
United Kingdom,RTD Coffee,Total,Metal Beverage Cans,Retail/off-trade Unit Volume,million units,2023,38.0
USA,RTD Coffee,Total,Metal Beverage Cans,Retail/off-trade Unit Volume,million units,2023,756.6
Thailand,RTD Coffee,Total,Metal Beverage Cans,Retail/off-trade Unit Volume,million units,2023,969.9
Western Europe,RTD Coffee,Total,Metal Beverage Cans,Retail/off-trade Unit Volume,million units,2023,351.2
Eastern Europe,RTD Coffee,Total,Metal Beverage Cans,Retail/off-trade Unit Volume,million units,2023,102.9
Latin America,RTD Coffee,Total,Metal Beverage Cans,Retail/off-trade Unit Volume,million units,2023,6.0
North America,RTD Coffee,Total,Metal Beverage Cans,Retail/off-trade Unit Volume,million units,2023,756.8
Australasia,RTD Coffee,Total,Metal Beverage Cans,Retail/off-trade Unit Volume,million units,2023,1.4
Middle East and Africa,RTD Coffee,Total,Metal Beverage Cans,Retail/off-trade Unit Volume,million units,2023,64.5
Asia Pacific,RTD Coffee,Total,Metal Beverage Cans,Retail/off-trade Unit Volume,million units,2023,7326.4
World,RTD Coffee,Total,Metal Beverage Cans,Retail/off-trade Unit Volume,million units,2023,8609.3
World,RTD Coffee,Total,Metal Bottles,Retail/off-trade Unit Volume,million units,2023,3033.3
Asia Pacific,RTD Coffee,Total,Metal Bottles,Retail/off-trade Unit Volume,million units,2023,2968.2
North America,RTD Coffee,Total,Metal Bottles,Retail/off-trade Unit Volume,million units,2023,65.0
USA,RTD Coffee,Total,Metal Bottles,Retail/off-trade Unit Volume,million units,2023,65.0
Japan,RTD Coffee,Total,Metal Bottles,Retail/off-trade Unit Volume,million units,2023,2927.6
Australia,RTD Coffee,Total,Paper-based Containers,Retail/off-trade Unit Volume,million units,2023,0.0
Australasia,RTD Coffee,Total,Paper-based Containers,Retail/off-trade Unit Volume,million units,2023,0.0
World,RTD Coffee,Total,Paper-based Containers,Retail/off-trade Unit Volume,million units,2023,0.0
World,RTD Coffee,Total,Bag In Box,Retail/off-trade Unit Volume,million units,2023,0.0
Australasia,RTD Coffee,Total,Bag In Box,Retail/off-trade Unit Volume,million units,2023,0.0
Australia,RTD Coffee,Total,Bag In Box,Retail/off-trade Unit Volume,million units,2023,0.0
Brazil,RTD Coffee,Total,Rigid Plastic,Retail/off-trade Unit Volume,million units,2023,0.3
Australia,RTD Coffee,Total,Rigid Plastic,Retail/off-trade Unit Volume,million units,2023,7.7
China,RTD Coffee,Total,Rigid Plastic,Retail/off-trade Unit Volume,million units,2023,593.0
France,RTD Coffee,Total,Rigid Plastic,Retail/off-trade Unit Volume,million units,2023,18.3
Germany,RTD Coffee,Total,Rigid Plastic,Retail/off-trade Unit Volume,million units,2023,376.2
Japan,RTD Coffee,Total,Rigid Plastic,Retail/off-trade Unit Volume,million units,2023,2569.9
United Kingdom,RTD Coffee,Total,Rigid Plastic,Retail/off-trade Unit Volume,million units,2023,160.9
USA,RTD Coffee,Total,Rigid Plastic,Retail/off-trade Unit Volume,million units,2023,390.7
Thailand,RTD Coffee,Total,Rigid Plastic,Retail/off-trade Unit Volume,million units,2023,25.6
Middle East and Africa,RTD Coffee,Total,Rigid Plastic,Retail/off-trade Unit Volume,million units,2023,1.0
Australasia,RTD Coffee,Total,Rigid Plastic,Retail/off-trade Unit Volume,million units,2023,8.3
Asia Pacific,RTD Coffee,Total,Rigid Plastic,Retail/off-trade Unit Volume,million units,2023,5251.0
North America,RTD Coffee,Total,Rigid Plastic,Retail/off-trade Unit Volume,million units,2023,398.5
Latin America,RTD Coffee,Total,Rigid Plastic,Retail/off-trade Unit Volume,million units,2023,1.2
Eastern Europe,RTD Coffee,Total,Rigid Plastic,Retail/off-trade Unit Volume,million units,2023,30.5
Western Europe,RTD Coffee,Total,Rigid Plastic,Retail/off-trade Unit Volume,million units,2023,1012.0
World,RTD Coffee,Total,Rigid Plastic,Retail/off-trade Unit Volume,million units,2023,6702.5
World,RTD Coffee,Total,HDPE Bottles,Retail/off-trade Unit Volume,million units,2023,35.6
China,RTD Coffee,Total,HDPE Bottles,Retail/off-trade Unit Volume,million units,2023,9.4
Eastern Europe,RTD Coffee,Total,HDPE Bottles,Retail/off-trade Unit Volume,million units,2023,5.1
North America,RTD Coffee,Total,HDPE Bottles,Retail/off-trade Unit Volume,million units,2023,4.5
Latin America,RTD Coffee,Total,HDPE Bottles,Retail/off-trade Unit Volume,million units,2023,0.9
Asia Pacific,RTD Coffee,Total,HDPE Bottles,Retail/off-trade Unit Volume,million units,2023,17.4
Australasia,RTD Coffee,Total,HDPE Bottles,Retail/off-trade Unit Volume,million units,2023,7.7
Australia,RTD Coffee,Total,HDPE Bottles,Retail/off-trade Unit Volume,million units,2023,7.7
Brazil,RTD Coffee,Total,PET Bottles,Retail/off-trade Unit Volume,million units,2023,0.3
Germany,RTD Coffee,Total,PET Bottles,Retail/off-trade Unit Volume,million units,2023,48.9
France,RTD Coffee,Total,PET Bottles,Retail/off-trade Unit Volume,million units,2023,1.6
China,RTD Coffee,Total,PET Bottles,Retail/off-trade Unit Volume,million units,2023,583.7
Thailand,RTD Coffee,Total,PET Bottles,Retail/off-trade Unit Volume,million units,2023,25.6
USA,RTD Coffee,Total,PET Bottles,Retail/off-trade Unit Volume,million units,2023,390.7
United Kingdom,RTD Coffee,Total,PET Bottles,Retail/off-trade Unit Volume,million units,2023,4.0
Japan,RTD Coffee,Total,PET Bottles,Retail/off-trade Unit Volume,million units,2023,2078.7
Middle East and Africa,RTD Coffee,Total,PET Bottles,Retail/off-trade Unit Volume,million units,2023,1.0
Asia Pacific,RTD Coffee,Total,PET Bottles,Retail/off-trade Unit Volume,million units,2023,3893.1
North America,RTD Coffee,Total,PET Bottles,Retail/off-trade Unit Volume,million units,2023,394.0
Latin America,RTD Coffee,Total,PET Bottles,Retail/off-trade Unit Volume,million units,2023,0.3
Western Europe,RTD Coffee,Total,PET Bottles,Retail/off-trade Unit Volume,million units,2023,99.2
Eastern Europe,RTD Coffee,Total,PET Bottles,Retail/off-trade Unit Volume,million units,2023,12.4
World,RTD Coffee,Total,PET Bottles,Retail/off-trade Unit Volume,million units,2023,4400.1
World,RTD Coffee,Total,Thin Wall Plastic Containers,Retail/off-trade Unit Volume,million units,2023,2262.7
Eastern Europe,RTD Coffee,Total,Thin Wall Plastic Containers,Retail/off-trade Unit Volume,million units,2023,12.9
Western Europe,RTD Coffee,Total,Thin Wall Plastic Containers,Retail/off-trade Unit Volume,million units,2023,909.3
Asia Pacific,RTD Coffee,Total,Thin Wall Plastic Containers,Retail/off-trade Unit Volume,million units,2023,1340.5
Japan,RTD Coffee,Total,Thin Wall Plastic Containers,Retail/off-trade Unit Volume,million units,2023,491.2
United Kingdom,RTD Coffee,Total,Thin Wall Plastic Containers,Retail/off-trade Unit Volume,million units,2023,156.9
China,RTD Coffee,Total,Thin Wall Plastic Containers,Retail/off-trade Unit Volume,million units,2023,
France,RTD Coffee,Total,Thin Wall Plastic Containers,Retail/off-trade Unit Volume,million units,2023,16.7
Germany,RTD Coffee,Total,Thin Wall Plastic Containers,Retail/off-trade Unit Volume,million units,2023,327.3
Australasia,RTD Coffee,Total,Other Plastic Bottles,Retail/off-trade Unit Volume,million units,2023,0.6
Western Europe,RTD Coffee,Total,Other Plastic Bottles,Retail/off-trade Unit Volume,million units,2023,3.5
World,RTD Coffee,Total,Other Plastic Bottles,Retail/off-trade Unit Volume,million units,2023,4.1
World,RTD Coffee,Total,Other Packaging,Retail/off-trade Unit Volume,million units,2023,11.3
Eastern Europe,RTD Coffee,Total,Other Packaging,Retail/off-trade Unit Volume,million units,2023,0.4
Western Europe,RTD Coffee,Total,Other Packaging,Retail/off-trade Unit Volume,million units,2023,2.7
Asia Pacific,RTD Coffee,Total,Other Packaging,Retail/off-trade Unit Volume,million units,2023,8.2
Middle East and Africa,RTD Coffee,Total,Other Packaging,Retail/off-trade Unit Volume,million units,2023,0.0
Thailand,RTD Coffee,Total,Other Packaging,Retail/off-trade Unit Volume,million units,2023,8.2
Western Europe,Coffee,Total,Total Packaging,Retail/off-trade Unit Volume,million units,2024,12135.5
Eastern Europe,Coffee,Total,Total Packaging,Retail/off-trade Unit Volume,million units,2024,4740.6
North America,Coffee,Total,Total Packaging,Retail/off-trade Unit Volume,million units,2024,3279.0
Latin America,Coffee,Total,Total Packaging,Retail/off-trade Unit Volume,million units,2024,4747.1
Asia Pacific,Coffee,Total,Total Packaging,Retail/off-trade Unit Volume,million units,2024,32830.9
Australasia,Coffee,Total,Total Packaging,Retail/off-trade Unit Volume,million units,2024,311.8
Middle East and Africa,Coffee,Total,Total Packaging,Retail/off-trade Unit Volume,million units,2024,1041.8
Australia,Coffee,Total,Total Packaging,Retail/off-trade Unit Volume,million units,2024,263.4
Brazil,Coffee,Total,Total Packaging,Retail/off-trade Unit Volume,million units,2024,3161.0
China,Coffee,Total,Total Packaging,Retail/off-trade Unit Volume,million units,2024,307.0
Germany,Coffee,Total,Total Packaging,Retail/off-trade Unit Volume,million units,2024,2249.1
France,Coffee,Total,Total Packaging,Retail/off-trade Unit Volume,million units,2024,1932.7
United Kingdom,Coffee,Total,Total Packaging,Retail/off-trade Unit Volume,million units,2024,661.4
India,Coffee,Total,Total Packaging,Retail/off-trade Unit Volume,million units,2024,1976.7
Japan,Coffee,Total,Total Packaging,Retail/off-trade Unit Volume,million units,2024,827.6
Thailand,Coffee,Total,Total Packaging,Retail/off-trade Unit Volume,million units,2024,699.9
USA,Coffee,Total,Total Packaging,Retail/off-trade Unit Volume,million units,2024,2961.0
World,Coffee,Total,Total Packaging,Retail/off-trade Unit Volume,million units,2024,59086.8
USA,Coffee,Total,Flexible Packaging,Retail/off-trade Unit Volume,million units,2024,1235.1
Thailand,Coffee,Total,Flexible Packaging,Retail/off-trade Unit Volume,million units,2024,530.3
World,Coffee,Total,Flexible Packaging,Retail/off-trade Unit Volume,million units,2024,45436.3
Japan,Coffee,Total,Flexible Packaging,Retail/off-trade Unit Volume,million units,2024,487.2
India,Coffee,Total,Flexible Packaging,Retail/off-trade Unit Volume,million units,2024,1344.7
United Kingdom,Coffee,Total,Flexible Packaging,Retail/off-trade Unit Volume,million units,2024,158.8
France,Coffee,Total,Flexible Packaging,Retail/off-trade Unit Volume,million units,2024,606.2
China,Coffee,Total,Flexible Packaging,Retail/off-trade Unit Volume,million units,2024,121.6
Germany,Coffee,Total,Flexible Packaging,Retail/off-trade Unit Volume,million units,2024,1342.8
Brazil,Coffee,Total,Flexible Packaging,Retail/off-trade Unit Volume,million units,2024,2478.9
Australia,Coffee,Total,Flexible Packaging,Retail/off-trade Unit Volume,million units,2024,31.0
Middle East and Africa,Coffee,Total,Flexible Packaging,Retail/off-trade Unit Volume,million units,2024,633.6
Australasia,Coffee,Total,Flexible Packaging,Retail/off-trade Unit Volume,million units,2024,37.9
Asia Pacific,Coffee,Total,Flexible Packaging,Retail/off-trade Unit Volume,million units,2024,29861.9
North America,Coffee,Total,Flexible Packaging,Retail/off-trade Unit Volume,million units,2024,1314.3
Latin America,Coffee,Total,Flexible Packaging,Retail/off-trade Unit Volume,million units,2024,3385.5
Eastern Europe,Coffee,Total,Flexible Packaging,Retail/off-trade Unit Volume,million units,2024,3501.2
Western Europe,Coffee,Total,Flexible Packaging,Retail/off-trade Unit Volume,million units,2024,6701.9
Western Europe,Coffee,Total,Flexible Aluminium/Paper,Retail/off-trade Unit Volume,million units,2024,283.6
Eastern Europe,Coffee,Total,Flexible Aluminium/Paper,Retail/off-trade Unit Volume,million units,2024,113.3
Latin America,Coffee,Total,Flexible Aluminium/Paper,Retail/off-trade Unit Volume,million units,2024,0.1
North America,Coffee,Total,Flexible Aluminium/Paper,Retail/off-trade Unit Volume,million units,2024,389.2
Asia Pacific,Coffee,Total,Flexible Aluminium/Paper,Retail/off-trade Unit Volume,million units,2024,3.3
Australasia,Coffee,Total,Flexible Aluminium/Paper,Retail/off-trade Unit Volume,million units,2024,5.3
Middle East and Africa,Coffee,Total,Flexible Aluminium/Paper,Retail/off-trade Unit Volume,million units,2024,1.3
Australia,Coffee,Total,Flexible Aluminium/Paper,Retail/off-trade Unit Volume,million units,2024,4.3
China,Coffee,Total,Flexible Aluminium/Paper,Retail/off-trade Unit Volume,million units,2024,0.0
Germany,Coffee,Total,Flexible Aluminium/Paper,Retail/off-trade Unit Volume,million units,2024,64.1
France,Coffee,Total,Flexible Aluminium/Paper,Retail/off-trade Unit Volume,million units,2024,10.1
World,Coffee,Total,Flexible Aluminium/Paper,Retail/off-trade Unit Volume,million units,2024,796.1
USA,Coffee,Total,Flexible Aluminium/Paper,Retail/off-trade Unit Volume,million units,2024,363.5
USA,Coffee,Total,Flexible Aluminium/Plastic,Retail/off-trade Unit Volume,million units,2024,529.3
Thailand,Coffee,Total,Flexible Aluminium/Plastic,Retail/off-trade Unit Volume,million units,2024,321.2
World,Coffee,Total,Flexible Aluminium/Plastic,Retail/off-trade Unit Volume,million units,2024,30878.2
France,Coffee,Total,Flexible Aluminium/Plastic,Retail/off-trade Unit Volume,million units,2024,135.2
Germany,Coffee,Total,Flexible Aluminium/Plastic,Retail/off-trade Unit Volume,million units,2024,420.1
India,Coffee,Total,Flexible Aluminium/Plastic,Retail/off-trade Unit Volume,million units,2024,1344.7
Japan,Coffee,Total,Flexible Aluminium/Plastic,Retail/off-trade Unit Volume,million units,2024,344.9
United Kingdom,Coffee,Total,Flexible Aluminium/Plastic,Retail/off-trade Unit Volume,million units,2024,67.7
China,Coffee,Total,Flexible Aluminium/Plastic,Retail/off-trade Unit Volume,million units,2024,121.6
Brazil,Coffee,Total,Flexible Aluminium/Plastic,Retail/off-trade Unit Volume,million units,2024,2229.5
Middle East and Africa,Coffee,Total,Flexible Aluminium/Plastic,Retail/off-trade Unit Volume,million units,2024,371.1
Australia,Coffee,Total,Flexible Aluminium/Plastic,Retail/off-trade Unit Volume,million units,2024,11.8
Australasia,Coffee,Total,Flexible Aluminium/Plastic,Retail/off-trade Unit Volume,million units,2024,15.0
Asia Pacific,Coffee,Total,Flexible Aluminium/Plastic,Retail/off-trade Unit Volume,million units,2024,22742.1
Latin America,Coffee,Total,Flexible Aluminium/Plastic,Retail/off-trade Unit Volume,million units,2024,2965.2
North America,Coffee,Total,Flexible Aluminium/Plastic,Retail/off-trade Unit Volume,million units,2024,575.0
Eastern Europe,Coffee,Total,Flexible Aluminium/Plastic,Retail/off-trade Unit Volume,million units,2024,2592.4
Western Europe,Coffee,Total,Flexible Aluminium/Plastic,Retail/off-trade Unit Volume,million units,2024,1617.5
Western Europe,Coffee,Total,Flexible Paper,Retail/off-trade Unit Volume,million units,2024,450.0
Eastern Europe,Coffee,Total,Flexible Paper,Retail/off-trade Unit Volume,million units,2024,65.9
Latin America,Coffee,Total,Flexible Paper,Retail/off-trade Unit Volume,million units,2024,1.4
Asia Pacific,Coffee,Total,Flexible Paper,Retail/off-trade Unit Volume,million units,2024,6.7
Australasia,Coffee,Total,Flexible Paper,Retail/off-trade Unit Volume,million units,2024,0.0
Middle East and Africa,Coffee,Total,Flexible Paper,Retail/off-trade Unit Volume,million units,2024,2.9
United Kingdom,Coffee,Total,Flexible Paper,Retail/off-trade Unit Volume,million units,2024,6.8
Germany,Coffee,Total,Flexible Paper,Retail/off-trade Unit Volume,million units,2024,393.2
World,Coffee,Total,Flexible Paper,Retail/off-trade Unit Volume,million units,2024,527.0
World,Coffee,Total,Flexible Paper/Plastic,Retail/off-trade Unit Volume,million units,2024,99.4
United Kingdom,Coffee,Total,Flexible Paper/Plastic,Retail/off-trade Unit Volume,million units,2024,
Western Europe,Coffee,Total,Flexible Paper/Plastic,Retail/off-trade Unit Volume,million units,2024,99.4
Western Europe,Coffee,Total,Flexible Plastic,Retail/off-trade Unit Volume,million units,2024,4102.9
Eastern Europe,Coffee,Total,Flexible Plastic,Retail/off-trade Unit Volume,million units,2024,201.8
Australasia,Coffee,Total,Flexible Plastic,Retail/off-trade Unit Volume,million units,2024,17.6
Asia Pacific,Coffee,Total,Flexible Plastic,Retail/off-trade Unit Volume,million units,2024,6598.1
Latin America,Coffee,Total,Flexible Plastic,Retail/off-trade Unit Volume,million units,2024,83.1
North America,Coffee,Total,Flexible Plastic,Retail/off-trade Unit Volume,million units,2024,109.8
United Kingdom,Coffee,Total,Flexible Plastic,Retail/off-trade Unit Volume,million units,2024,70.3
Japan,Coffee,Total,Flexible Plastic,Retail/off-trade Unit Volume,million units,2024,142.3
Germany,Coffee,Total,Flexible Plastic,Retail/off-trade Unit Volume,million units,2024,464.1
France,Coffee,Total,Flexible Plastic,Retail/off-trade Unit Volume,million units,2024,426.7
Middle East and Africa,Coffee,Total,Flexible Plastic,Retail/off-trade Unit Volume,million units,2024,120.9
Australia,Coffee,Total,Flexible Plastic,Retail/off-trade Unit Volume,million units,2024,15.0
Brazil,Coffee,Total,Flexible Plastic,Retail/off-trade Unit Volume,million units,2024,2.4
World,Coffee,Total,Flexible Plastic,Retail/off-trade Unit Volume,million units,2024,11234.1
Thailand,Coffee,Total,Flexible Plastic,Retail/off-trade Unit Volume,million units,2024,155.2
USA,Coffee,Total,Flexible Plastic,Retail/off-trade Unit Volume,million units,2024,101.9
USA,Coffee,Total,Stand-Up Pouches,Retail/off-trade Unit Volume,million units,2024,240.3
Thailand,Coffee,Total,Stand-Up Pouches,Retail/off-trade Unit Volume,million units,2024,53.9
World,Coffee,Total,Stand-Up Pouches,Retail/off-trade Unit Volume,million units,2024,1901.6
Germany,Coffee,Total,Stand-Up Pouches,Retail/off-trade Unit Volume,million units,2024,1.3
Brazil,Coffee,Total,Stand-Up Pouches,Retail/off-trade Unit Volume,million units,2024,247.0
Middle East and Africa,Coffee,Total,Stand-Up Pouches,Retail/off-trade Unit Volume,million units,2024,137.4
United Kingdom,Coffee,Total,Stand-Up Pouches,Retail/off-trade Unit Volume,million units,2024,13.9
France,Coffee,Total,Stand-Up Pouches,Retail/off-trade Unit Volume,million units,2024,34.3
North America,Coffee,Total,Stand-Up Pouches,Retail/off-trade Unit Volume,million units,2024,240.3
Latin America,Coffee,Total,Stand-Up Pouches,Retail/off-trade Unit Volume,million units,2024,335.8
Asia Pacific,Coffee,Total,Stand-Up Pouches,Retail/off-trade Unit Volume,million units,2024,511.8
Eastern Europe,Coffee,Total,Stand-Up Pouches,Retail/off-trade Unit Volume,million units,2024,527.7
Western Europe,Coffee,Total,Stand-Up Pouches,Retail/off-trade Unit Volume,million units,2024,148.6
Western Europe,Coffee,Total,Aluminium /Plastic Pouches,Retail/off-trade Unit Volume,million units,2024,98.5
Eastern Europe,Coffee,Total,Aluminium /Plastic Pouches,Retail/off-trade Unit Volume,million units,2024,482.0
Asia Pacific,Coffee,Total,Aluminium /Plastic Pouches,Retail/off-trade Unit Volume,million units,2024,471.7
Latin America,Coffee,Total,Aluminium /Plastic Pouches,Retail/off-trade Unit Volume,million units,2024,266.6
North America,Coffee,Total,Aluminium /Plastic Pouches,Retail/off-trade Unit Volume,million units,2024,2.8
France,Coffee,Total,Aluminium /Plastic Pouches,Retail/off-trade Unit Volume,million units,2024,3.1
United Kingdom,Coffee,Total,Aluminium /Plastic Pouches,Retail/off-trade Unit Volume,million units,2024,0.9
Middle East and Africa,Coffee,Total,Aluminium /Plastic Pouches,Retail/off-trade Unit Volume,million units,2024,48.2
Brazil,Coffee,Total,Aluminium /Plastic Pouches,Retail/off-trade Unit Volume,million units,2024,247.0
Germany,Coffee,Total,Aluminium /Plastic Pouches,Retail/off-trade Unit Volume,million units,2024,1.3
World,Coffee,Total,Aluminium /Plastic Pouches,Retail/off-trade Unit Volume,million units,2024,1369.8
Thailand,Coffee,Total,Aluminium /Plastic Pouches,Retail/off-trade Unit Volume,million units,2024,53.9
USA,Coffee,Total,Aluminium /Plastic Pouches,Retail/off-trade Unit Volume,million units,2024,2.8
USA,Coffee,Total,Plastic Pouches,Retail/off-trade Unit Volume,million units,2024,237.5
World,Coffee,Total,Plastic Pouches,Retail/off-trade Unit Volume,million units,2024,531.8
Middle East and Africa,Coffee,Total,Plastic Pouches,Retail/off-trade Unit Volume,million units,2024,89.2
United Kingdom,Coffee,Total,Plastic Pouches,Retail/off-trade Unit Volume,million units,2024,13.1
France,Coffee,Total,Plastic Pouches,Retail/off-trade Unit Volume,million units,2024,31.2
North America,Coffee,Total,Plastic Pouches,Retail/off-trade Unit Volume,million units,2024,237.5
Latin America,Coffee,Total,Plastic Pouches,Retail/off-trade Unit Volume,million units,2024,69.2
Asia Pacific,Coffee,Total,Plastic Pouches,Retail/off-trade Unit Volume,million units,2024,40.1
Eastern Europe,Coffee,Total,Plastic Pouches,Retail/off-trade Unit Volume,million units,2024,45.7
Western Europe,Coffee,Total,Plastic Pouches,Retail/off-trade Unit Volume,million units,2024,50.1
Eastern Europe,Coffee,Total,Glass,Retail/off-trade Unit Volume,million units,2024,448.7
Western Europe,Coffee,Total,Glass,Retail/off-trade Unit Volume,million units,2024,517.8
Asia Pacific,Coffee,Total,Glass,Retail/off-trade Unit Volume,million units,2024,1245.5
Australasia,Coffee,Total,Glass,Retail/off-trade Unit Volume,million units,2024,175.8
Latin America,Coffee,Total,Glass,Retail/off-trade Unit Volume,million units,2024,610.6
North America,Coffee,Total,Glass,Retail/off-trade Unit Volume,million units,2024,46.6
France,Coffee,Total,Glass,Retail/off-trade Unit Volume,million units,2024,58.8
United Kingdom,Coffee,Total,Glass,Retail/off-trade Unit Volume,million units,2024,206.0
India,Coffee,Total,Glass,Retail/off-trade Unit Volume,million units,2024,565.0
Japan,Coffee,Total,Glass,Retail/off-trade Unit Volume,million units,2024,64.0
Middle East and Africa,Coffee,Total,Glass,Retail/off-trade Unit Volume,million units,2024,195.2
Australia,Coffee,Total,Glass,Retail/off-trade Unit Volume,million units,2024,147.7
Germany,Coffee,Total,Glass,Retail/off-trade Unit Volume,million units,2024,76.2
Brazil,Coffee,Total,Glass,Retail/off-trade Unit Volume,million units,2024,115.6
China,Coffee,Total,Glass,Retail/off-trade Unit Volume,million units,2024,45.0
World,Coffee,Total,Glass,Retail/off-trade Unit Volume,million units,2024,3240.2
Thailand,Coffee,Total,Glass,Retail/off-trade Unit Volume,million units,2024,140.5
USA,Coffee,Total,Glass,Retail/off-trade Unit Volume,million units,2024,9.1
USA,Coffee,Total,Glass Jars,Retail/off-trade Unit Volume,million units,2024,9.1
Thailand,Coffee,Total,Glass Jars,Retail/off-trade Unit Volume,million units,2024,140.5
World,Coffee,Total,Glass Jars,Retail/off-trade Unit Volume,million units,2024,3240.2
China,Coffee,Total,Glass Jars,Retail/off-trade Unit Volume,million units,2024,45.0
Brazil,Coffee,Total,Glass Jars,Retail/off-trade Unit Volume,million units,2024,115.6
Germany,Coffee,Total,Glass Jars,Retail/off-trade Unit Volume,million units,2024,76.2
Australia,Coffee,Total,Glass Jars,Retail/off-trade Unit Volume,million units,2024,147.7
Middle East and Africa,Coffee,Total,Glass Jars,Retail/off-trade Unit Volume,million units,2024,195.2
Japan,Coffee,Total,Glass Jars,Retail/off-trade Unit Volume,million units,2024,64.0
India,Coffee,Total,Glass Jars,Retail/off-trade Unit Volume,million units,2024,565.0
United Kingdom,Coffee,Total,Glass Jars,Retail/off-trade Unit Volume,million units,2024,206.0
France,Coffee,Total,Glass Jars,Retail/off-trade Unit Volume,million units,2024,58.8
North America,Coffee,Total,Glass Jars,Retail/off-trade Unit Volume,million units,2024,46.6
Latin America,Coffee,Total,Glass Jars,Retail/off-trade Unit Volume,million units,2024,610.6
Australasia,Coffee,Total,Glass Jars,Retail/off-trade Unit Volume,million units,2024,175.8
Asia Pacific,Coffee,Total,Glass Jars,Retail/off-trade Unit Volume,million units,2024,1245.5
Western Europe,Coffee,Total,Glass Jars,Retail/off-trade Unit Volume,million units,2024,517.8
Eastern Europe,Coffee,Total,Glass Jars,Retail/off-trade Unit Volume,million units,2024,448.7
North America,Coffee,Total,Metal,Retail/off-trade Unit Volume,million units,2024,216.3
Eastern Europe,Coffee,Total,Metal,Retail/off-trade Unit Volume,million units,2024,392.3
Western Europe,Coffee,Total,Metal,Retail/off-trade Unit Volume,million units,2024,1289.4
Asia Pacific,Coffee,Total,Metal,Retail/off-trade Unit Volume,million units,2024,284.8
Australasia,Coffee,Total,Metal,Retail/off-trade Unit Volume,million units,2024,26.5
Latin America,Coffee,Total,Metal,Retail/off-trade Unit Volume,million units,2024,303.7
France,Coffee,Total,Metal,Retail/off-trade Unit Volume,million units,2024,239.1
United Kingdom,Coffee,Total,Metal,Retail/off-trade Unit Volume,million units,2024,117.7
Japan,Coffee,Total,Metal,Retail/off-trade Unit Volume,million units,2024,19.8
India,Coffee,Total,Metal,Retail/off-trade Unit Volume,million units,2024,60.6
Thailand,Coffee,Total,Metal,Retail/off-trade Unit Volume,million units,2024,7.2
Middle East and Africa,Coffee,Total,Metal,Retail/off-trade Unit Volume,million units,2024,61.6
Australia,Coffee,Total,Metal,Retail/off-trade Unit Volume,million units,2024,20.1
Brazil,Coffee,Total,Metal,Retail/off-trade Unit Volume,million units,2024,195.6
Germany,Coffee,Total,Metal,Retail/off-trade Unit Volume,million units,2024,141.2
China,Coffee,Total,Metal,Retail/off-trade Unit Volume,million units,2024,10.2
USA,Coffee,Total,Metal,Retail/off-trade Unit Volume,million units,2024,163.0
World,Coffee,Total,Metal,Retail/off-trade Unit Volume,million units,2024,2574.6
World,Coffee,Total,Aluminium Trays,Retail/off-trade Unit Volume,million units,2024,4.6
Western Europe,Coffee,Total,Aluminium Trays,Retail/off-trade Unit Volume,million units,2024,4.6
Western Europe,Coffee,Total,Metal Tins,Retail/off-trade Unit Volume,million units,2024,352.9
Eastern Europe,Coffee,Total,Metal Tins,Retail/off-trade Unit Volume,million units,2024,352.3
North America,Coffee,Total,Metal Tins,Retail/off-trade Unit Volume,million units,2024,132.5
Latin America,Coffee,Total,Metal Tins,Retail/off-trade Unit Volume,million units,2024,87.7
Australasia,Coffee,Total,Metal Tins,Retail/off-trade Unit Volume,million units,2024,9.1
Asia Pacific,Coffee,Total,Metal Tins,Retail/off-trade Unit Volume,million units,2024,189.2
World,Coffee,Total,Metal Tins,Retail/off-trade Unit Volume,million units,2024,1159.2
USA,Coffee,Total,Metal Tins,Retail/off-trade Unit Volume,million units,2024,79.3
China,Coffee,Total,Metal Tins,Retail/off-trade Unit Volume,million units,2024,5.7
Germany,Coffee,Total,Metal Tins,Retail/off-trade Unit Volume,million units,2024,77.0
Brazil,Coffee,Total,Metal Tins,Retail/off-trade Unit Volume,million units,2024,16.6
Australia,Coffee,Total,Metal Tins,Retail/off-trade Unit Volume,million units,2024,8.5
Middle East and Africa,Coffee,Total,Metal Tins,Retail/off-trade Unit Volume,million units,2024,35.3
Thailand,Coffee,Total,Metal Tins,Retail/off-trade Unit Volume,million units,2024,7.2
India,Coffee,Total,Metal Tins,Retail/off-trade Unit Volume,million units,2024,60.6
Japan,Coffee,Total,Metal Tins,Retail/off-trade Unit Volume,million units,2024,8.3
United Kingdom,Coffee,Total,Metal Tins,Retail/off-trade Unit Volume,million units,2024,40.3
France,Coffee,Total,Metal Tins,Retail/off-trade Unit Volume,million units,2024,19.8
France,Coffee,Total,Other Metal,Retail/off-trade Unit Volume,million units,2024,219.3
United Kingdom,Coffee,Total,Other Metal,Retail/off-trade Unit Volume,million units,2024,77.4
Japan,Coffee,Total,Other Metal,Retail/off-trade Unit Volume,million units,2024,11.6
Middle East and Africa,Coffee,Total,Other Metal,Retail/off-trade Unit Volume,million units,2024,26.3
Australia,Coffee,Total,Other Metal,Retail/off-trade Unit Volume,million units,2024,11.5
Brazil,Coffee,Total,Other Metal,Retail/off-trade Unit Volume,million units,2024,179.0
Germany,Coffee,Total,Other Metal,Retail/off-trade Unit Volume,million units,2024,64.2
China,Coffee,Total,Other Metal,Retail/off-trade Unit Volume,million units,2024,4.6
USA,Coffee,Total,Other Metal,Retail/off-trade Unit Volume,million units,2024,83.7
World,Coffee,Total,Other Metal,Retail/off-trade Unit Volume,million units,2024,1410.9
Asia Pacific,Coffee,Total,Other Metal,Retail/off-trade Unit Volume,million units,2024,95.6
Australasia,Coffee,Total,Other Metal,Retail/off-trade Unit Volume,million units,2024,17.4
Latin America,Coffee,Total,Other Metal,Retail/off-trade Unit Volume,million units,2024,216.0
North America,Coffee,Total,Other Metal,Retail/off-trade Unit Volume,million units,2024,83.7
Eastern Europe,Coffee,Total,Other Metal,Retail/off-trade Unit Volume,million units,2024,39.9
Western Europe,Coffee,Total,Other Metal,Retail/off-trade Unit Volume,million units,2024,931.9
Western Europe,Coffee,Total,Paper-based Containers,Retail/off-trade Unit Volume,million units,2024,2392.1
Eastern Europe,Coffee,Total,Paper-based Containers,Retail/off-trade Unit Volume,million units,2024,333.8
North America,Coffee,Total,Paper-based Containers,Retail/off-trade Unit Volume,million units,2024,834.0
Latin America,Coffee,Total,Paper-based Containers,Retail/off-trade Unit Volume,million units,2024,389.9
Australasia,Coffee,Total,Paper-based Containers,Retail/off-trade Unit Volume,million units,2024,49.7
Asia Pacific,Coffee,Total,Paper-based Containers,Retail/off-trade Unit Volume,million units,2024,1403.8
USA,Coffee,Total,Paper-based Containers,Retail/off-trade Unit Volume,million units,2024,780.2
Thailand,Coffee,Total,Paper-based Containers,Retail/off-trade Unit Volume,million units,2024,0.4
World,Coffee,Total,Paper-based Containers,Retail/off-trade Unit Volume,million units,2024,5484.1
China,Coffee,Total,Paper-based Containers,Retail/off-trade Unit Volume,million units,2024,127.5
Brazil,Coffee,Total,Paper-based Containers,Retail/off-trade Unit Volume,million units,2024,331.2
Germany,Coffee,Total,Paper-based Containers,Retail/off-trade Unit Volume,million units,2024,326.2
Australia,Coffee,Total,Paper-based Containers,Retail/off-trade Unit Volume,million units,2024,42.7
Middle East and Africa,Coffee,Total,Paper-based Containers,Retail/off-trade Unit Volume,million units,2024,80.8
India,Coffee,Total,Paper-based Containers,Retail/off-trade Unit Volume,million units,2024,4.5
Japan,Coffee,Total,Paper-based Containers,Retail/off-trade Unit Volume,million units,2024,256.5
United Kingdom,Coffee,Total,Paper-based Containers,Retail/off-trade Unit Volume,million units,2024,109.8
France,Coffee,Total,Paper-based Containers,Retail/off-trade Unit Volume,million units,2024,577.9
Japan,Coffee,Total,Board Tubs,Retail/off-trade Unit Volume,million units,2024,4.5
China,Coffee,Total,Board Tubs,Retail/off-trade Unit Volume,million units,2024,1.8
World,Coffee,Total,Board Tubs,Retail/off-trade Unit Volume,million units,2024,6.3
Asia Pacific,Coffee,Total,Board Tubs,Retail/off-trade Unit Volume,million units,2024,6.3
Asia Pacific,Coffee,Total,Composite Containers,Retail/off-trade Unit Volume,million units,2024,48.1
Latin America,Coffee,Total,Composite Containers,Retail/off-trade Unit Volume,million units,2024,30.5
North America,Coffee,Total,Composite Containers,Retail/off-trade Unit Volume,million units,2024,82.2
Eastern Europe,Coffee,Total,Composite Containers,Retail/off-trade Unit Volume,million units,2024,0.1
Western Europe,Coffee,Total,Composite Containers,Retail/off-trade Unit Volume,million units,2024,40.7
World,Coffee,Total,Composite Containers,Retail/off-trade Unit Volume,million units,2024,201.6
USA,Coffee,Total,Composite Containers,Retail/off-trade Unit Volume,million units,2024,82.2
Brazil,Coffee,Total,Composite Containers,Retail/off-trade Unit Volume,million units,2024,27.2
Japan,Coffee,Total,Composite Containers,Retail/off-trade Unit Volume,million units,2024,48.1
Germany,Coffee,Total,Composite Containers,Retail/off-trade Unit Volume,million units,2024,33.7
United Kingdom,Coffee,Total,Composite Containers,Retail/off-trade Unit Volume,million units,2024,1.6
France,Coffee,Total,Composite Containers,Retail/off-trade Unit Volume,million units,2024,0.3
United Kingdom,Coffee,Total,Folding Cartons,Retail/off-trade Unit Volume,million units,2024,108.1
France,Coffee,Total,Folding Cartons,Retail/off-trade Unit Volume,million units,2024,577.6
Japan,Coffee,Total,Folding Cartons,Retail/off-trade Unit Volume,million units,2024,203.9
India,Coffee,Total,Folding Cartons,Retail/off-trade Unit Volume,million units,2024,4.5
Brazil,Coffee,Total,Folding Cartons,Retail/off-trade Unit Volume,million units,2024,304.0
China,Coffee,Total,Folding Cartons,Retail/off-trade Unit Volume,million units,2024,125.7
Germany,Coffee,Total,Folding Cartons,Retail/off-trade Unit Volume,million units,2024,292.5
Middle East and Africa,Coffee,Total,Folding Cartons,Retail/off-trade Unit Volume,million units,2024,80.8
Australia,Coffee,Total,Folding Cartons,Retail/off-trade Unit Volume,million units,2024,42.7
Thailand,Coffee,Total,Folding Cartons,Retail/off-trade Unit Volume,million units,2024,0.4
USA,Coffee,Total,Folding Cartons,Retail/off-trade Unit Volume,million units,2024,698.0
World,Coffee,Total,Folding Cartons,Retail/off-trade Unit Volume,million units,2024,5276.1
Eastern Europe,Coffee,Total,Folding Cartons,Retail/off-trade Unit Volume,million units,2024,333.8
Western Europe,Coffee,Total,Folding Cartons,Retail/off-trade Unit Volume,million units,2024,2351.4
North America,Coffee,Total,Folding Cartons,Retail/off-trade Unit Volume,million units,2024,751.8
Latin America,Coffee,Total,Folding Cartons,Retail/off-trade Unit Volume,million units,2024,359.3
Asia Pacific,Coffee,Total,Folding Cartons,Retail/off-trade Unit Volume,million units,2024,1349.4
Australasia,Coffee,Total,Folding Cartons,Retail/off-trade Unit Volume,million units,2024,49.7
Australasia,Coffee,Total,Rigid Plastic,Retail/off-trade Unit Volume,million units,2024,21.9
Asia Pacific,Coffee,Total,Rigid Plastic,Retail/off-trade Unit Volume,million units,2024,34.9
Latin America,Coffee,Total,Rigid Plastic,Retail/off-trade Unit Volume,million units,2024,57.5
Western Europe,Coffee,Total,Rigid Plastic,Retail/off-trade Unit Volume,million units,2024,1234.4
North America,Coffee,Total,Rigid Plastic,Retail/off-trade Unit Volume,million units,2024,867.8
Eastern Europe,Coffee,Total,Rigid Plastic,Retail/off-trade Unit Volume,million units,2024,63.4
USA,Coffee,Total,Rigid Plastic,Retail/off-trade Unit Volume,million units,2024,773.6
World,Coffee,Total,Rigid Plastic,Retail/off-trade Unit Volume,million units,2024,2350.4
Australia,Coffee,Total,Rigid Plastic,Retail/off-trade Unit Volume,million units,2024,21.9
Brazil,Coffee,Total,Rigid Plastic,Retail/off-trade Unit Volume,million units,2024,39.8
Middle East and Africa,Coffee,Total,Rigid Plastic,Retail/off-trade Unit Volume,million units,2024,70.6
Germany,Coffee,Total,Rigid Plastic,Retail/off-trade Unit Volume,million units,2024,362.7
China,Coffee,Total,Rigid Plastic,Retail/off-trade Unit Volume,million units,2024,2.6
India,Coffee,Total,Rigid Plastic,Retail/off-trade Unit Volume,million units,2024,1.9
Thailand,Coffee,Total,Rigid Plastic,Retail/off-trade Unit Volume,million units,2024,21.5
France,Coffee,Total,Rigid Plastic,Retail/off-trade Unit Volume,million units,2024,450.6
United Kingdom,Coffee,Total,Rigid Plastic,Retail/off-trade Unit Volume,million units,2024,69.1
Thailand,Coffee,Total,PET Jars,Retail/off-trade Unit Volume,million units,2024,21.1
India,Coffee,Total,PET Jars,Retail/off-trade Unit Volume,million units,2024,1.9
Middle East and Africa,Coffee,Total,PET Jars,Retail/off-trade Unit Volume,million units,2024,1.7
World,Coffee,Total,PET Jars,Retail/off-trade Unit Volume,million units,2024,106.0
USA,Coffee,Total,PET Jars,Retail/off-trade Unit Volume,million units,2024,45.8
Eastern Europe,Coffee,Total,PET Jars,Retail/off-trade Unit Volume,million units,2024,3.6
North America,Coffee,Total,PET Jars,Retail/off-trade Unit Volume,million units,2024,62.8
Western Europe,Coffee,Total,PET Jars,Retail/off-trade Unit Volume,million units,2024,11.7
Asia Pacific,Coffee,Total,PET Jars,Retail/off-trade Unit Volume,million units,2024,26.2
Asia Pacific,Coffee,Total,Thin Wall Plastic Containers,Retail/off-trade Unit Volume,million units,2024,8.7
Australasia,Coffee,Total,Thin Wall Plastic Containers,Retail/off-trade Unit Volume,million units,2024,19.3
North America,Coffee,Total,Thin Wall Plastic Containers,Retail/off-trade Unit Volume,million units,2024,558.2
Latin America,Coffee,Total,Thin Wall Plastic Containers,Retail/off-trade Unit Volume,million units,2024,3.4
Eastern Europe,Coffee,Total,Thin Wall Plastic Containers,Retail/off-trade Unit Volume,million units,2024,59.7
Western Europe,Coffee,Total,Thin Wall Plastic Containers,Retail/off-trade Unit Volume,million units,2024,1211.2
World,Coffee,Total,Thin Wall Plastic Containers,Retail/off-trade Unit Volume,million units,2024,1881.6
USA,Coffee,Total,Thin Wall Plastic Containers,Retail/off-trade Unit Volume,million units,2024,493.5
Middle East and Africa,Coffee,Total,Thin Wall Plastic Containers,Retail/off-trade Unit Volume,million units,2024,21.2
Australia,Coffee,Total,Thin Wall Plastic Containers,Retail/off-trade Unit Volume,million units,2024,19.3
China,Coffee,Total,Thin Wall Plastic Containers,Retail/off-trade Unit Volume,million units,2024,2.6
Germany,Coffee,Total,Thin Wall Plastic Containers,Retail/off-trade Unit Volume,million units,2024,354.5
Thailand,Coffee,Total,Thin Wall Plastic Containers,Retail/off-trade Unit Volume,million units,2024,0.3
United Kingdom,Coffee,Total,Thin Wall Plastic Containers,Retail/off-trade Unit Volume,million units,2024,69.1
France,Coffee,Total,Thin Wall Plastic Containers,Retail/off-trade Unit Volume,million units,2024,449.5
France,Coffee,Total,Other Plastic Jars,Retail/off-trade Unit Volume,million units,2024,1.1
Brazil,Coffee,Total,Other Plastic Jars,Retail/off-trade Unit Volume,million units,2024,13.9
Australia,Coffee,Total,Other Plastic Jars,Retail/off-trade Unit Volume,million units,2024,2.6
Middle East and Africa,Coffee,Total,Other Plastic Jars,Retail/off-trade Unit Volume,million units,2024,47.7
World,Coffee,Total,Other Plastic Jars,Retail/off-trade Unit Volume,million units,2024,316.0
USA,Coffee,Total,Other Plastic Jars,Retail/off-trade Unit Volume,million units,2024,234.3
North America,Coffee,Total,Other Plastic Jars,Retail/off-trade Unit Volume,million units,2024,234.3
Western Europe,Coffee,Total,Other Plastic Jars,Retail/off-trade Unit Volume,million units,2024,3.2
Latin America,Coffee,Total,Other Plastic Jars,Retail/off-trade Unit Volume,million units,2024,28.1
Australasia,Coffee,Total,Other Plastic Jars,Retail/off-trade Unit Volume,million units,2024,2.6
North America,Coffee,Total,Other Rigid Containers,Retail/off-trade Unit Volume,million units,2024,12.5
Latin America,Coffee,Total,Other Rigid Containers,Retail/off-trade Unit Volume,million units,2024,25.9
Western Europe,Coffee,Total,Other Rigid Containers,Retail/off-trade Unit Volume,million units,2024,8.4
World,Coffee,Total,Other Rigid Containers,Retail/off-trade Unit Volume,million units,2024,46.8
Brazil,Coffee,Total,Other Rigid Containers,Retail/off-trade Unit Volume,million units,2024,25.9
Germany,Coffee,Total,Other Rigid Containers,Retail/off-trade Unit Volume,million units,2024,8.2
World,Coffee,Total,Other Packaging,Retail/off-trade Unit Volume,million units,2024,1.2
Western Europe,Coffee,Total,Other Packaging,Retail/off-trade Unit Volume,million units,2024,
Eastern Europe,Coffee,Total,Other Packaging,Retail/off-trade Unit Volume,million units,2024,1.2
Latin America,Coffee,Total,Other Packaging,Retail/off-trade Unit Volume,million units,2024,0.0
World,RTD Coffee,Total,Total Packaging,Retail/off-trade Unit Volume,million units,2024,20425.5
Western Europe,RTD Coffee,Total,Total Packaging,Retail/off-trade Unit Volume,million units,2024,1596.2
Eastern Europe,RTD Coffee,Total,Total Packaging,Retail/off-trade Unit Volume,million units,2024,194.0
North America,RTD Coffee,Total,Total Packaging,Retail/off-trade Unit Volume,million units,2024,2581.6
Latin America,RTD Coffee,Total,Total Packaging,Retail/off-trade Unit Volume,million units,2024,40.4
Asia Pacific,RTD Coffee,Total,Total Packaging,Retail/off-trade Unit Volume,million units,2024,15914.2
Australasia,RTD Coffee,Total,Total Packaging,Retail/off-trade Unit Volume,million units,2024,30.2
Middle East and Africa,RTD Coffee,Total,Total Packaging,Retail/off-trade Unit Volume,million units,2024,68.8
Australia,RTD Coffee,Total,Total Packaging,Retail/off-trade Unit Volume,million units,2024,28.4
Brazil,RTD Coffee,Total,Total Packaging,Retail/off-trade Unit Volume,million units,2024,6.2
China,RTD Coffee,Total,Total Packaging,Retail/off-trade Unit Volume,million units,2024,1107.4
Germany,RTD Coffee,Total,Total Packaging,Retail/off-trade Unit Volume,million units,2024,478.1
France,RTD Coffee,Total,Total Packaging,Retail/off-trade Unit Volume,million units,2024,21.9
United Kingdom,RTD Coffee,Total,Total Packaging,Retail/off-trade Unit Volume,million units,2024,265.5
Japan,RTD Coffee,Total,Total Packaging,Retail/off-trade Unit Volume,million units,2024,9793.7
Thailand,RTD Coffee,Total,Total Packaging,Retail/off-trade Unit Volume,million units,2024,1029.0
USA,RTD Coffee,Total,Total Packaging,Retail/off-trade Unit Volume,million units,2024,2546.2
Asia Pacific,RTD Coffee,Total,Flexible Packaging,Retail/off-trade Unit Volume,million units,2024,435.8
World,RTD Coffee,Total,Flexible Packaging,Retail/off-trade Unit Volume,million units,2024,435.8
World,RTD Coffee,Total,Stand-Up Pouches,Retail/off-trade Unit Volume,million units,2024,435.8
Asia Pacific,RTD Coffee,Total,Stand-Up Pouches,Retail/off-trade Unit Volume,million units,2024,435.8
Asia Pacific,RTD Coffee,Total,Aluminium /Plastic Pouches,Retail/off-trade Unit Volume,million units,2024,435.8
World,RTD Coffee,Total,Aluminium /Plastic Pouches,Retail/off-trade Unit Volume,million units,2024,435.8
USA,RTD Coffee,Total,Glass,Retail/off-trade Unit Volume,million units,2024,1312.0
World,RTD Coffee,Total,Glass,Retail/off-trade Unit Volume,million units,2024,1507.6
Latin America,RTD Coffee,Total,Glass,Retail/off-trade Unit Volume,million units,2024,26.1
Asia Pacific,RTD Coffee,Total,Glass,Retail/off-trade Unit Volume,million units,2024,43.2
North America,RTD Coffee,Total,Glass,Retail/off-trade Unit Volume,million units,2024,1337.8
Eastern Europe,RTD Coffee,Total,Glass,Retail/off-trade Unit Volume,million units,2024,12.0
Western Europe,RTD Coffee,Total,Glass,Retail/off-trade Unit Volume,million units,2024,87.5
Thailand,RTD Coffee,Total,Glass,Retail/off-trade Unit Volume,million units,2024,1.5
United Kingdom,RTD Coffee,Total,Glass,Retail/off-trade Unit Volume,million units,2024,14.3
France,RTD Coffee,Total,Glass,Retail/off-trade Unit Volume,million units,2024,0.5
China,RTD Coffee,Total,Glass,Retail/off-trade Unit Volume,million units,2024,12.6
Middle East and Africa,RTD Coffee,Total,Glass,Retail/off-trade Unit Volume,million units,2024,1.0
Middle East and Africa,RTD Coffee,Total,Glass Bottles,Retail/off-trade Unit Volume,million units,2024,1.0
China,RTD Coffee,Total,Glass Bottles,Retail/off-trade Unit Volume,million units,2024,12.6
France,RTD Coffee,Total,Glass Bottles,Retail/off-trade Unit Volume,million units,2024,0.5
United Kingdom,RTD Coffee,Total,Glass Bottles,Retail/off-trade Unit Volume,million units,2024,14.3
Thailand,RTD Coffee,Total,Glass Bottles,Retail/off-trade Unit Volume,million units,2024,1.5
Western Europe,RTD Coffee,Total,Glass Bottles,Retail/off-trade Unit Volume,million units,2024,87.5
Eastern Europe,RTD Coffee,Total,Glass Bottles,Retail/off-trade Unit Volume,million units,2024,12.0
North America,RTD Coffee,Total,Glass Bottles,Retail/off-trade Unit Volume,million units,2024,1337.8
Asia Pacific,RTD Coffee,Total,Glass Bottles,Retail/off-trade Unit Volume,million units,2024,43.2
Latin America,RTD Coffee,Total,Glass Bottles,Retail/off-trade Unit Volume,million units,2024,26.1
World,RTD Coffee,Total,Glass Bottles,Retail/off-trade Unit Volume,million units,2024,1507.6
USA,RTD Coffee,Total,Glass Bottles,Retail/off-trade Unit Volume,million units,2024,1312.0
USA,RTD Coffee,Total,Liquid Cartons,Retail/off-trade Unit Volume,million units,2024,73.7
World,RTD Coffee,Total,Liquid Cartons,Retail/off-trade Unit Volume,million units,2024,452.7
Latin America,RTD Coffee,Total,Liquid Cartons,Retail/off-trade Unit Volume,million units,2024,5.8
Asia Pacific,RTD Coffee,Total,Liquid Cartons,Retail/off-trade Unit Volume,million units,2024,298.4
Australasia,RTD Coffee,Total,Liquid Cartons,Retail/off-trade Unit Volume,million units,2024,19.7
North America,RTD Coffee,Total,Liquid Cartons,Retail/off-trade Unit Volume,million units,2024,74.7
Eastern Europe,RTD Coffee,Total,Liquid Cartons,Retail/off-trade Unit Volume,million units,2024,15.9
Western Europe,RTD Coffee,Total,Liquid Cartons,Retail/off-trade Unit Volume,million units,2024,38.1
Thailand,RTD Coffee,Total,Liquid Cartons,Retail/off-trade Unit Volume,million units,2024,0.8
Japan,RTD Coffee,Total,Liquid Cartons,Retail/off-trade Unit Volume,million units,2024,70.0
United Kingdom,RTD Coffee,Total,Liquid Cartons,Retail/off-trade Unit Volume,million units,2024,29.4
France,RTD Coffee,Total,Liquid Cartons,Retail/off-trade Unit Volume,million units,2024,
China,RTD Coffee,Total,Liquid Cartons,Retail/off-trade Unit Volume,million units,2024,2.7
Middle East and Africa,RTD Coffee,Total,Liquid Cartons,Retail/off-trade Unit Volume,million units,2024,0.0
Brazil,RTD Coffee,Total,Liquid Cartons,Retail/off-trade Unit Volume,million units,2024,5.7
Australia,RTD Coffee,Total,Liquid Cartons,Retail/off-trade Unit Volume,million units,2024,18.6
Australia,RTD Coffee,Total,Brick Liquid Cartons,Retail/off-trade Unit Volume,million units,2024,6.7
Middle East and Africa,RTD Coffee,Total,Brick Liquid Cartons,Retail/off-trade Unit Volume,million units,2024,0.0
China,RTD Coffee,Total,Brick Liquid Cartons,Retail/off-trade Unit Volume,million units,2024,
United Kingdom,RTD Coffee,Total,Brick Liquid Cartons,Retail/off-trade Unit Volume,million units,2024,0.9
Thailand,RTD Coffee,Total,Brick Liquid Cartons,Retail/off-trade Unit Volume,million units,2024,0.8
Eastern Europe,RTD Coffee,Total,Brick Liquid Cartons,Retail/off-trade Unit Volume,million units,2024,15.2
Western Europe,RTD Coffee,Total,Brick Liquid Cartons,Retail/off-trade Unit Volume,million units,2024,3.7
Australasia,RTD Coffee,Total,Brick Liquid Cartons,Retail/off-trade Unit Volume,million units,2024,7.1
Asia Pacific,RTD Coffee,Total,Brick Liquid Cartons,Retail/off-trade Unit Volume,million units,2024,169.0
World,RTD Coffee,Total,Brick Liquid Cartons,Retail/off-trade Unit Volume,million units,2024,195.1
World,RTD Coffee,Total,Gable Top Liquid Cartons,Retail/off-trade Unit Volume,million units,2024,154.3
USA,RTD Coffee,Total,Gable Top Liquid Cartons,Retail/off-trade Unit Volume,million units,2024,22.7
Asia Pacific,RTD Coffee,Total,Gable Top Liquid Cartons,Retail/off-trade Unit Volume,million units,2024,109.4
Latin America,RTD Coffee,Total,Gable Top Liquid Cartons,Retail/off-trade Unit Volume,million units,2024,
Australasia,RTD Coffee,Total,Gable Top Liquid Cartons,Retail/off-trade Unit Volume,million units,2024,12.6
North America,RTD Coffee,Total,Gable Top Liquid Cartons,Retail/off-trade Unit Volume,million units,2024,23.7
Western Europe,RTD Coffee,Total,Gable Top Liquid Cartons,Retail/off-trade Unit Volume,million units,2024,8.6
Japan,RTD Coffee,Total,Gable Top Liquid Cartons,Retail/off-trade Unit Volume,million units,2024,70.0
United Kingdom,RTD Coffee,Total,Gable Top Liquid Cartons,Retail/off-trade Unit Volume,million units,2024,8.6
Australia,RTD Coffee,Total,Gable Top Liquid Cartons,Retail/off-trade Unit Volume,million units,2024,11.9
Brazil,RTD Coffee,Total,Gable Top Liquid Cartons,Retail/off-trade Unit Volume,million units,2024,
Brazil,RTD Coffee,Total,Shaped Liquid Cartons,Retail/off-trade Unit Volume,million units,2024,5.7
China,RTD Coffee,Total,Shaped Liquid Cartons,Retail/off-trade Unit Volume,million units,2024,2.7
France,RTD Coffee,Total,Shaped Liquid Cartons,Retail/off-trade Unit Volume,million units,2024,
United Kingdom,RTD Coffee,Total,Shaped Liquid Cartons,Retail/off-trade Unit Volume,million units,2024,19.9
Eastern Europe,RTD Coffee,Total,Shaped Liquid Cartons,Retail/off-trade Unit Volume,million units,2024,0.7
North America,RTD Coffee,Total,Shaped Liquid Cartons,Retail/off-trade Unit Volume,million units,2024,51.0
Western Europe,RTD Coffee,Total,Shaped Liquid Cartons,Retail/off-trade Unit Volume,million units,2024,25.8
Latin America,RTD Coffee,Total,Shaped Liquid Cartons,Retail/off-trade Unit Volume,million units,2024,5.8
Asia Pacific,RTD Coffee,Total,Shaped Liquid Cartons,Retail/off-trade Unit Volume,million units,2024,20.0
USA,RTD Coffee,Total,Shaped Liquid Cartons,Retail/off-trade Unit Volume,million units,2024,51.0
World,RTD Coffee,Total,Shaped Liquid Cartons,Retail/off-trade Unit Volume,million units,2024,103.3
World,RTD Coffee,Total,Metal,Retail/off-trade Unit Volume,million units,2024,11101.4
Asia Pacific,RTD Coffee,Total,Metal,Retail/off-trade Unit Volume,million units,2024,9773.0
Middle East and Africa,RTD Coffee,Total,Metal,Retail/off-trade Unit Volume,million units,2024,66.5
Australasia,RTD Coffee,Total,Metal,Retail/off-trade Unit Volume,million units,2024,1.6
North America,RTD Coffee,Total,Metal,Retail/off-trade Unit Volume,million units,2024,751.3
Latin America,RTD Coffee,Total,Metal,Retail/off-trade Unit Volume,million units,2024,6.9
Eastern Europe,RTD Coffee,Total,Metal,Retail/off-trade Unit Volume,million units,2024,126.1
Western Europe,RTD Coffee,Total,Metal,Retail/off-trade Unit Volume,million units,2024,375.8
Thailand,RTD Coffee,Total,Metal,Retail/off-trade Unit Volume,million units,2024,991.0
USA,RTD Coffee,Total,Metal,Retail/off-trade Unit Volume,million units,2024,751.1
United Kingdom,RTD Coffee,Total,Metal,Retail/off-trade Unit Volume,million units,2024,43.8
Japan,RTD Coffee,Total,Metal,Retail/off-trade Unit Volume,million units,2024,7145.7
China,RTD Coffee,Total,Metal,Retail/off-trade Unit Volume,million units,2024,479.9
France,RTD Coffee,Total,Metal,Retail/off-trade Unit Volume,million units,2024,3.4
Germany,RTD Coffee,Total,Metal,Retail/off-trade Unit Volume,million units,2024,86.4
Australia,RTD Coffee,Total,Metal,Retail/off-trade Unit Volume,million units,2024,1.6
Australia,RTD Coffee,Total,Metal Beverage Cans,Retail/off-trade Unit Volume,million units,2024,1.6
Germany,RTD Coffee,Total,Metal Beverage Cans,Retail/off-trade Unit Volume,million units,2024,86.4
France,RTD Coffee,Total,Metal Beverage Cans,Retail/off-trade Unit Volume,million units,2024,3.4
China,RTD Coffee,Total,Metal Beverage Cans,Retail/off-trade Unit Volume,million units,2024,479.9
Japan,RTD Coffee,Total,Metal Beverage Cans,Retail/off-trade Unit Volume,million units,2024,4190.9
United Kingdom,RTD Coffee,Total,Metal Beverage Cans,Retail/off-trade Unit Volume,million units,2024,43.8
USA,RTD Coffee,Total,Metal Beverage Cans,Retail/off-trade Unit Volume,million units,2024,711.3
Thailand,RTD Coffee,Total,Metal Beverage Cans,Retail/off-trade Unit Volume,million units,2024,991.0
Western Europe,RTD Coffee,Total,Metal Beverage Cans,Retail/off-trade Unit Volume,million units,2024,375.8
Eastern Europe,RTD Coffee,Total,Metal Beverage Cans,Retail/off-trade Unit Volume,million units,2024,126.1
Latin America,RTD Coffee,Total,Metal Beverage Cans,Retail/off-trade Unit Volume,million units,2024,6.9
North America,RTD Coffee,Total,Metal Beverage Cans,Retail/off-trade Unit Volume,million units,2024,711.6
Australasia,RTD Coffee,Total,Metal Beverage Cans,Retail/off-trade Unit Volume,million units,2024,1.6
Middle East and Africa,RTD Coffee,Total,Metal Beverage Cans,Retail/off-trade Unit Volume,million units,2024,66.5
Asia Pacific,RTD Coffee,Total,Metal Beverage Cans,Retail/off-trade Unit Volume,million units,2024,6773.0
World,RTD Coffee,Total,Metal Beverage Cans,Retail/off-trade Unit Volume,million units,2024,8061.6
World,RTD Coffee,Total,Metal Bottles,Retail/off-trade Unit Volume,million units,2024,3039.8
Asia Pacific,RTD Coffee,Total,Metal Bottles,Retail/off-trade Unit Volume,million units,2024,3000.1
North America,RTD Coffee,Total,Metal Bottles,Retail/off-trade Unit Volume,million units,2024,39.7
USA,RTD Coffee,Total,Metal Bottles,Retail/off-trade Unit Volume,million units,2024,39.7
Japan,RTD Coffee,Total,Metal Bottles,Retail/off-trade Unit Volume,million units,2024,2954.8
Australia,RTD Coffee,Total,Paper-based Containers,Retail/off-trade Unit Volume,million units,2024,0.0
Australasia,RTD Coffee,Total,Paper-based Containers,Retail/off-trade Unit Volume,million units,2024,0.0
World,RTD Coffee,Total,Paper-based Containers,Retail/off-trade Unit Volume,million units,2024,0.0
World,RTD Coffee,Total,Bag In Box,Retail/off-trade Unit Volume,million units,2024,0.0
Australasia,RTD Coffee,Total,Bag In Box,Retail/off-trade Unit Volume,million units,2024,0.0
Australia,RTD Coffee,Total,Bag In Box,Retail/off-trade Unit Volume,million units,2024,0.0
Brazil,RTD Coffee,Total,Rigid Plastic,Retail/off-trade Unit Volume,million units,2024,0.5
Australia,RTD Coffee,Total,Rigid Plastic,Retail/off-trade Unit Volume,million units,2024,8.2
China,RTD Coffee,Total,Rigid Plastic,Retail/off-trade Unit Volume,million units,2024,612.2
France,RTD Coffee,Total,Rigid Plastic,Retail/off-trade Unit Volume,million units,2024,18.0
Germany,RTD Coffee,Total,Rigid Plastic,Retail/off-trade Unit Volume,million units,2024,391.6
Japan,RTD Coffee,Total,Rigid Plastic,Retail/off-trade Unit Volume,million units,2024,2577.9
United Kingdom,RTD Coffee,Total,Rigid Plastic,Retail/off-trade Unit Volume,million units,2024,178.1
USA,RTD Coffee,Total,Rigid Plastic,Retail/off-trade Unit Volume,million units,2024,409.5
Thailand,RTD Coffee,Total,Rigid Plastic,Retail/off-trade Unit Volume,million units,2024,26.8
Middle East and Africa,RTD Coffee,Total,Rigid Plastic,Retail/off-trade Unit Volume,million units,2024,1.2
Australasia,RTD Coffee,Total,Rigid Plastic,Retail/off-trade Unit Volume,million units,2024,8.9
Asia Pacific,RTD Coffee,Total,Rigid Plastic,Retail/off-trade Unit Volume,million units,2024,5354.9
North America,RTD Coffee,Total,Rigid Plastic,Retail/off-trade Unit Volume,million units,2024,417.8
Latin America,RTD Coffee,Total,Rigid Plastic,Retail/off-trade Unit Volume,million units,2024,1.6
Eastern Europe,RTD Coffee,Total,Rigid Plastic,Retail/off-trade Unit Volume,million units,2024,39.2
Western Europe,RTD Coffee,Total,Rigid Plastic,Retail/off-trade Unit Volume,million units,2024,1092.0
World,RTD Coffee,Total,Rigid Plastic,Retail/off-trade Unit Volume,million units,2024,6915.5
World,RTD Coffee,Total,HDPE Bottles,Retail/off-trade Unit Volume,million units,2024,38.8
China,RTD Coffee,Total,HDPE Bottles,Retail/off-trade Unit Volume,million units,2024,10.6
Eastern Europe,RTD Coffee,Total,HDPE Bottles,Retail/off-trade Unit Volume,million units,2024,6.4
North America,RTD Coffee,Total,HDPE Bottles,Retail/off-trade Unit Volume,million units,2024,4.5
Latin America,RTD Coffee,Total,HDPE Bottles,Retail/off-trade Unit Volume,million units,2024,1.1
Asia Pacific,RTD Coffee,Total,HDPE Bottles,Retail/off-trade Unit Volume,million units,2024,18.6
Australasia,RTD Coffee,Total,HDPE Bottles,Retail/off-trade Unit Volume,million units,2024,8.2
Australia,RTD Coffee,Total,HDPE Bottles,Retail/off-trade Unit Volume,million units,2024,8.2
Brazil,RTD Coffee,Total,PET Bottles,Retail/off-trade Unit Volume,million units,2024,0.5
Germany,RTD Coffee,Total,PET Bottles,Retail/off-trade Unit Volume,million units,2024,57.8
France,RTD Coffee,Total,PET Bottles,Retail/off-trade Unit Volume,million units,2024,1.8
China,RTD Coffee,Total,PET Bottles,Retail/off-trade Unit Volume,million units,2024,601.6
Thailand,RTD Coffee,Total,PET Bottles,Retail/off-trade Unit Volume,million units,2024,26.8
USA,RTD Coffee,Total,PET Bottles,Retail/off-trade Unit Volume,million units,2024,409.5
United Kingdom,RTD Coffee,Total,PET Bottles,Retail/off-trade Unit Volume,million units,2024,5.1
Japan,RTD Coffee,Total,PET Bottles,Retail/off-trade Unit Volume,million units,2024,2150.6
Middle East and Africa,RTD Coffee,Total,PET Bottles,Retail/off-trade Unit Volume,million units,2024,1.2
Asia Pacific,RTD Coffee,Total,PET Bottles,Retail/off-trade Unit Volume,million units,2024,4032.8
North America,RTD Coffee,Total,PET Bottles,Retail/off-trade Unit Volume,million units,2024,413.3
Latin America,RTD Coffee,Total,PET Bottles,Retail/off-trade Unit Volume,million units,2024,0.5
Western Europe,RTD Coffee,Total,PET Bottles,Retail/off-trade Unit Volume,million units,2024,119.8
Eastern Europe,RTD Coffee,Total,PET Bottles,Retail/off-trade Unit Volume,million units,2024,15.5
World,RTD Coffee,Total,PET Bottles,Retail/off-trade Unit Volume,million units,2024,4583.0
World,RTD Coffee,Total,Thin Wall Plastic Containers,Retail/off-trade Unit Volume,million units,2024,2289.4
Eastern Europe,RTD Coffee,Total,Thin Wall Plastic Containers,Retail/off-trade Unit Volume,million units,2024,17.3
Western Europe,RTD Coffee,Total,Thin Wall Plastic Containers,Retail/off-trade Unit Volume,million units,2024,968.6
Asia Pacific,RTD Coffee,Total,Thin Wall Plastic Containers,Retail/off-trade Unit Volume,million units,2024,1303.5
Japan,RTD Coffee,Total,Thin Wall Plastic Containers,Retail/off-trade Unit Volume,million units,2024,427.3
United Kingdom,RTD Coffee,Total,Thin Wall Plastic Containers,Retail/off-trade Unit Volume,million units,2024,173.0
China,RTD Coffee,Total,Thin Wall Plastic Containers,Retail/off-trade Unit Volume,million units,2024,
France,RTD Coffee,Total,Thin Wall Plastic Containers,Retail/off-trade Unit Volume,million units,2024,16.2
Germany,RTD Coffee,Total,Thin Wall Plastic Containers,Retail/off-trade Unit Volume,million units,2024,333.8
Australasia,RTD Coffee,Total,Other Plastic Bottles,Retail/off-trade Unit Volume,million units,2024,0.7
Western Europe,RTD Coffee,Total,Other Plastic Bottles,Retail/off-trade Unit Volume,million units,2024,3.6
World,RTD Coffee,Total,Other Plastic Bottles,Retail/off-trade Unit Volume,million units,2024,4.3
World,RTD Coffee,Total,Other Packaging,Retail/off-trade Unit Volume,million units,2024,12.4
Eastern Europe,RTD Coffee,Total,Other Packaging,Retail/off-trade Unit Volume,million units,2024,0.7
Western Europe,RTD Coffee,Total,Other Packaging,Retail/off-trade Unit Volume,million units,2024,2.9
Asia Pacific,RTD Coffee,Total,Other Packaging,Retail/off-trade Unit Volume,million units,2024,8.8
Middle East and Africa,RTD Coffee,Total,Other Packaging,Retail/off-trade Unit Volume,million units,2024,0.0
Thailand,RTD Coffee,Total,Other Packaging,Retail/off-trade Unit Volume,million units,2024,8.8
Western Europe,Coffee,Total,Total Packaging,Retail/off-trade Unit Volume,million units,2025,12217.6
Eastern Europe,Coffee,Total,Total Packaging,Retail/off-trade Unit Volume,million units,2025,4701.0
North America,Coffee,Total,Total Packaging,Retail/off-trade Unit Volume,million units,2025,3314.5
Latin America,Coffee,Total,Total Packaging,Retail/off-trade Unit Volume,million units,2025,4812.5
Asia Pacific,Coffee,Total,Total Packaging,Retail/off-trade Unit Volume,million units,2025,33102.2
Australasia,Coffee,Total,Total Packaging,Retail/off-trade Unit Volume,million units,2025,311.7
Middle East and Africa,Coffee,Total,Total Packaging,Retail/off-trade Unit Volume,million units,2025,1103.2
Australia,Coffee,Total,Total Packaging,Retail/off-trade Unit Volume,million units,2025,263.5
Brazil,Coffee,Total,Total Packaging,Retail/off-trade Unit Volume,million units,2025,3200.2
China,Coffee,Total,Total Packaging,Retail/off-trade Unit Volume,million units,2025,292.4
Germany,Coffee,Total,Total Packaging,Retail/off-trade Unit Volume,million units,2025,2187.0
France,Coffee,Total,Total Packaging,Retail/off-trade Unit Volume,million units,2025,1949.0
United Kingdom,Coffee,Total,Total Packaging,Retail/off-trade Unit Volume,million units,2025,656.5
India,Coffee,Total,Total Packaging,Retail/off-trade Unit Volume,million units,2025,2107.7
Japan,Coffee,Total,Total Packaging,Retail/off-trade Unit Volume,million units,2025,746.9
Thailand,Coffee,Total,Total Packaging,Retail/off-trade Unit Volume,million units,2025,729.0
USA,Coffee,Total,Total Packaging,Retail/off-trade Unit Volume,million units,2025,3004.2
World,Coffee,Total,Total Packaging,Retail/off-trade Unit Volume,million units,2025,59562.7
USA,Coffee,Total,Flexible Packaging,Retail/off-trade Unit Volume,million units,2025,1287.2
Thailand,Coffee,Total,Flexible Packaging,Retail/off-trade Unit Volume,million units,2025,551.7
World,Coffee,Total,Flexible Packaging,Retail/off-trade Unit Volume,million units,2025,45814.3
Japan,Coffee,Total,Flexible Packaging,Retail/off-trade Unit Volume,million units,2025,429.2
India,Coffee,Total,Flexible Packaging,Retail/off-trade Unit Volume,million units,2025,1432.8
United Kingdom,Coffee,Total,Flexible Packaging,Retail/off-trade Unit Volume,million units,2025,159.5
France,Coffee,Total,Flexible Packaging,Retail/off-trade Unit Volume,million units,2025,602.1
China,Coffee,Total,Flexible Packaging,Retail/off-trade Unit Volume,million units,2025,116.6
Germany,Coffee,Total,Flexible Packaging,Retail/off-trade Unit Volume,million units,2025,1306.5
Brazil,Coffee,Total,Flexible Packaging,Retail/off-trade Unit Volume,million units,2025,2487.6
Australia,Coffee,Total,Flexible Packaging,Retail/off-trade Unit Volume,million units,2025,32.1
Middle East and Africa,Coffee,Total,Flexible Packaging,Retail/off-trade Unit Volume,million units,2025,675.5
Australasia,Coffee,Total,Flexible Packaging,Retail/off-trade Unit Volume,million units,2025,39.0
Asia Pacific,Coffee,Total,Flexible Packaging,Retail/off-trade Unit Volume,million units,2025,30162.5
North America,Coffee,Total,Flexible Packaging,Retail/off-trade Unit Volume,million units,2025,1363.5
Latin America,Coffee,Total,Flexible Packaging,Retail/off-trade Unit Volume,million units,2025,3408.6
Eastern Europe,Coffee,Total,Flexible Packaging,Retail/off-trade Unit Volume,million units,2025,3504.4
Western Europe,Coffee,Total,Flexible Packaging,Retail/off-trade Unit Volume,million units,2025,6660.7
Western Europe,Coffee,Total,Flexible Aluminium/Paper,Retail/off-trade Unit Volume,million units,2025,310.6
Eastern Europe,Coffee,Total,Flexible Aluminium/Paper,Retail/off-trade Unit Volume,million units,2025,113.3
Latin America,Coffee,Total,Flexible Aluminium/Paper,Retail/off-trade Unit Volume,million units,2025,0.1
North America,Coffee,Total,Flexible Aluminium/Paper,Retail/off-trade Unit Volume,million units,2025,392.0
Asia Pacific,Coffee,Total,Flexible Aluminium/Paper,Retail/off-trade Unit Volume,million units,2025,3.5
Australasia,Coffee,Total,Flexible Aluminium/Paper,Retail/off-trade Unit Volume,million units,2025,5.3
Middle East and Africa,Coffee,Total,Flexible Aluminium/Paper,Retail/off-trade Unit Volume,million units,2025,1.5
Australia,Coffee,Total,Flexible Aluminium/Paper,Retail/off-trade Unit Volume,million units,2025,4.4
China,Coffee,Total,Flexible Aluminium/Paper,Retail/off-trade Unit Volume,million units,2025,0.0
Germany,Coffee,Total,Flexible Aluminium/Paper,Retail/off-trade Unit Volume,million units,2025,62.6
France,Coffee,Total,Flexible Aluminium/Paper,Retail/off-trade Unit Volume,million units,2025,10.6
World,Coffee,Total,Flexible Aluminium/Paper,Retail/off-trade Unit Volume,million units,2025,826.5
USA,Coffee,Total,Flexible Aluminium/Paper,Retail/off-trade Unit Volume,million units,2025,366.7
USA,Coffee,Total,Flexible Aluminium/Plastic,Retail/off-trade Unit Volume,million units,2025,508.9
Thailand,Coffee,Total,Flexible Aluminium/Plastic,Retail/off-trade Unit Volume,million units,2025,337.8
World,Coffee,Total,Flexible Aluminium/Plastic,Retail/off-trade Unit Volume,million units,2025,31197.0
France,Coffee,Total,Flexible Aluminium/Plastic,Retail/off-trade Unit Volume,million units,2025,132.5
Germany,Coffee,Total,Flexible Aluminium/Plastic,Retail/off-trade Unit Volume,million units,2025,417.9
India,Coffee,Total,Flexible Aluminium/Plastic,Retail/off-trade Unit Volume,million units,2025,1432.8
Japan,Coffee,Total,Flexible Aluminium/Plastic,Retail/off-trade Unit Volume,million units,2025,312.0
United Kingdom,Coffee,Total,Flexible Aluminium/Plastic,Retail/off-trade Unit Volume,million units,2025,67.9
China,Coffee,Total,Flexible Aluminium/Plastic,Retail/off-trade Unit Volume,million units,2025,116.6
Brazil,Coffee,Total,Flexible Aluminium/Plastic,Retail/off-trade Unit Volume,million units,2025,2230.9
Middle East and Africa,Coffee,Total,Flexible Aluminium/Plastic,Retail/off-trade Unit Volume,million units,2025,400.3
Australia,Coffee,Total,Flexible Aluminium/Plastic,Retail/off-trade Unit Volume,million units,2025,11.3
Australasia,Coffee,Total,Flexible Aluminium/Plastic,Retail/off-trade Unit Volume,million units,2025,14.4
Asia Pacific,Coffee,Total,Flexible Aluminium/Plastic,Retail/off-trade Unit Volume,million units,2025,23043.3
Latin America,Coffee,Total,Flexible Aluminium/Plastic,Retail/off-trade Unit Volume,million units,2025,2982.4
North America,Coffee,Total,Flexible Aluminium/Plastic,Retail/off-trade Unit Volume,million units,2025,551.5
Eastern Europe,Coffee,Total,Flexible Aluminium/Plastic,Retail/off-trade Unit Volume,million units,2025,2599.5
Western Europe,Coffee,Total,Flexible Aluminium/Plastic,Retail/off-trade Unit Volume,million units,2025,1605.6
Western Europe,Coffee,Total,Flexible Paper,Retail/off-trade Unit Volume,million units,2025,440.5
Eastern Europe,Coffee,Total,Flexible Paper,Retail/off-trade Unit Volume,million units,2025,62.6
Latin America,Coffee,Total,Flexible Paper,Retail/off-trade Unit Volume,million units,2025,1.4
Asia Pacific,Coffee,Total,Flexible Paper,Retail/off-trade Unit Volume,million units,2025,7.2
Australasia,Coffee,Total,Flexible Paper,Retail/off-trade Unit Volume,million units,2025,0.0
Middle East and Africa,Coffee,Total,Flexible Paper,Retail/off-trade Unit Volume,million units,2025,3.0
United Kingdom,Coffee,Total,Flexible Paper,Retail/off-trade Unit Volume,million units,2025,6.8
Germany,Coffee,Total,Flexible Paper,Retail/off-trade Unit Volume,million units,2025,383.4
World,Coffee,Total,Flexible Paper,Retail/off-trade Unit Volume,million units,2025,514.7
World,Coffee,Total,Flexible Paper/Plastic,Retail/off-trade Unit Volume,million units,2025,90.0
United Kingdom,Coffee,Total,Flexible Paper/Plastic,Retail/off-trade Unit Volume,million units,2025,
Western Europe,Coffee,Total,Flexible Paper/Plastic,Retail/off-trade Unit Volume,million units,2025,90.0
Western Europe,Coffee,Total,Flexible Plastic,Retail/off-trade Unit Volume,million units,2025,4061.4
Eastern Europe,Coffee,Total,Flexible Plastic,Retail/off-trade Unit Volume,million units,2025,195.6
Australasia,Coffee,Total,Flexible Plastic,Retail/off-trade Unit Volume,million units,2025,19.2
Asia Pacific,Coffee,Total,Flexible Plastic,Retail/off-trade Unit Volume,million units,2025,6594.0
Latin America,Coffee,Total,Flexible Plastic,Retail/off-trade Unit Volume,million units,2025,82.0
North America,Coffee,Total,Flexible Plastic,Retail/off-trade Unit Volume,million units,2025,138.0
United Kingdom,Coffee,Total,Flexible Plastic,Retail/off-trade Unit Volume,million units,2025,69.7
Japan,Coffee,Total,Flexible Plastic,Retail/off-trade Unit Volume,million units,2025,117.2
Germany,Coffee,Total,Flexible Plastic,Retail/off-trade Unit Volume,million units,2025,441.1
France,Coffee,Total,Flexible Plastic,Retail/off-trade Unit Volume,million units,2025,427.2
Middle East and Africa,Coffee,Total,Flexible Plastic,Retail/off-trade Unit Volume,million units,2025,122.8
Australia,Coffee,Total,Flexible Plastic,Retail/off-trade Unit Volume,million units,2025,16.4
Brazil,Coffee,Total,Flexible Plastic,Retail/off-trade Unit Volume,million units,2025,2.4
World,Coffee,Total,Flexible Plastic,Retail/off-trade Unit Volume,million units,2025,11212.9
Thailand,Coffee,Total,Flexible Plastic,Retail/off-trade Unit Volume,million units,2025,157.4
USA,Coffee,Total,Flexible Plastic,Retail/off-trade Unit Volume,million units,2025,129.6
USA,Coffee,Total,Stand-Up Pouches,Retail/off-trade Unit Volume,million units,2025,282.0
Thailand,Coffee,Total,Stand-Up Pouches,Retail/off-trade Unit Volume,million units,2025,56.4
World,Coffee,Total,Stand-Up Pouches,Retail/off-trade Unit Volume,million units,2025,1973.2
Germany,Coffee,Total,Stand-Up Pouches,Retail/off-trade Unit Volume,million units,2025,1.5
Brazil,Coffee,Total,Stand-Up Pouches,Retail/off-trade Unit Volume,million units,2025,254.3
Middle East and Africa,Coffee,Total,Stand-Up Pouches,Retail/off-trade Unit Volume,million units,2025,148.0
United Kingdom,Coffee,Total,Stand-Up Pouches,Retail/off-trade Unit Volume,million units,2025,15.0
France,Coffee,Total,Stand-Up Pouches,Retail/off-trade Unit Volume,million units,2025,31.8
North America,Coffee,Total,Stand-Up Pouches,Retail/off-trade Unit Volume,million units,2025,282.0
Latin America,Coffee,Total,Stand-Up Pouches,Retail/off-trade Unit Volume,million units,2025,342.7
Asia Pacific,Coffee,Total,Stand-Up Pouches,Retail/off-trade Unit Volume,million units,2025,514.6
Eastern Europe,Coffee,Total,Stand-Up Pouches,Retail/off-trade Unit Volume,million units,2025,533.4
Western Europe,Coffee,Total,Stand-Up Pouches,Retail/off-trade Unit Volume,million units,2025,152.6
Western Europe,Coffee,Total,Aluminium /Plastic Pouches,Retail/off-trade Unit Volume,million units,2025,103.5
Eastern Europe,Coffee,Total,Aluminium /Plastic Pouches,Retail/off-trade Unit Volume,million units,2025,485.2
Asia Pacific,Coffee,Total,Aluminium /Plastic Pouches,Retail/off-trade Unit Volume,million units,2025,476.1
Latin America,Coffee,Total,Aluminium /Plastic Pouches,Retail/off-trade Unit Volume,million units,2025,273.8
North America,Coffee,Total,Aluminium /Plastic Pouches,Retail/off-trade Unit Volume,million units,2025,2.3
France,Coffee,Total,Aluminium /Plastic Pouches,Retail/off-trade Unit Volume,million units,2025,3.4
United Kingdom,Coffee,Total,Aluminium /Plastic Pouches,Retail/off-trade Unit Volume,million units,2025,0.8
Middle East and Africa,Coffee,Total,Aluminium /Plastic Pouches,Retail/off-trade Unit Volume,million units,2025,53.0
Brazil,Coffee,Total,Aluminium /Plastic Pouches,Retail/off-trade Unit Volume,million units,2025,254.3
Germany,Coffee,Total,Aluminium /Plastic Pouches,Retail/off-trade Unit Volume,million units,2025,1.5
World,Coffee,Total,Aluminium /Plastic Pouches,Retail/off-trade Unit Volume,million units,2025,1394.0
Thailand,Coffee,Total,Aluminium /Plastic Pouches,Retail/off-trade Unit Volume,million units,2025,56.4
USA,Coffee,Total,Aluminium /Plastic Pouches,Retail/off-trade Unit Volume,million units,2025,2.3
USA,Coffee,Total,Plastic Pouches,Retail/off-trade Unit Volume,million units,2025,279.6
World,Coffee,Total,Plastic Pouches,Retail/off-trade Unit Volume,million units,2025,579.2
Middle East and Africa,Coffee,Total,Plastic Pouches,Retail/off-trade Unit Volume,million units,2025,95.0
United Kingdom,Coffee,Total,Plastic Pouches,Retail/off-trade Unit Volume,million units,2025,14.2
France,Coffee,Total,Plastic Pouches,Retail/off-trade Unit Volume,million units,2025,28.4
North America,Coffee,Total,Plastic Pouches,Retail/off-trade Unit Volume,million units,2025,279.6
Latin America,Coffee,Total,Plastic Pouches,Retail/off-trade Unit Volume,million units,2025,68.9
Asia Pacific,Coffee,Total,Plastic Pouches,Retail/off-trade Unit Volume,million units,2025,38.5
Eastern Europe,Coffee,Total,Plastic Pouches,Retail/off-trade Unit Volume,million units,2025,48.2
Western Europe,Coffee,Total,Plastic Pouches,Retail/off-trade Unit Volume,million units,2025,49.1
Eastern Europe,Coffee,Total,Glass,Retail/off-trade Unit Volume,million units,2025,426.2
Western Europe,Coffee,Total,Glass,Retail/off-trade Unit Volume,million units,2025,499.9
Asia Pacific,Coffee,Total,Glass,Retail/off-trade Unit Volume,million units,2025,1277.4
Australasia,Coffee,Total,Glass,Retail/off-trade Unit Volume,million units,2025,176.5
Latin America,Coffee,Total,Glass,Retail/off-trade Unit Volume,million units,2025,614.7
North America,Coffee,Total,Glass,Retail/off-trade Unit Volume,million units,2025,47.3
France,Coffee,Total,Glass,Retail/off-trade Unit Volume,million units,2025,54.6
United Kingdom,Coffee,Total,Glass,Retail/off-trade Unit Volume,million units,2025,196.3
India,Coffee,Total,Glass,Retail/off-trade Unit Volume,million units,2025,602.7
Japan,Coffee,Total,Glass,Retail/off-trade Unit Volume,million units,2025,62.4
Middle East and Africa,Coffee,Total,Glass,Retail/off-trade Unit Volume,million units,2025,196.0
Australia,Coffee,Total,Glass,Retail/off-trade Unit Volume,million units,2025,148.4
Germany,Coffee,Total,Glass,Retail/off-trade Unit Volume,million units,2025,73.4
Brazil,Coffee,Total,Glass,Retail/off-trade Unit Volume,million units,2025,118.6
China,Coffee,Total,Glass,Retail/off-trade Unit Volume,million units,2025,42.0
World,Coffee,Total,Glass,Retail/off-trade Unit Volume,million units,2025,3238.0
Thailand,Coffee,Total,Glass,Retail/off-trade Unit Volume,million units,2025,144.8
USA,Coffee,Total,Glass,Retail/off-trade Unit Volume,million units,2025,9.2
USA,Coffee,Total,Glass Jars,Retail/off-trade Unit Volume,million units,2025,9.2
Thailand,Coffee,Total,Glass Jars,Retail/off-trade Unit Volume,million units,2025,144.8
World,Coffee,Total,Glass Jars,Retail/off-trade Unit Volume,million units,2025,3238.0
China,Coffee,Total,Glass Jars,Retail/off-trade Unit Volume,million units,2025,42.0
Brazil,Coffee,Total,Glass Jars,Retail/off-trade Unit Volume,million units,2025,118.6
Germany,Coffee,Total,Glass Jars,Retail/off-trade Unit Volume,million units,2025,73.4
Australia,Coffee,Total,Glass Jars,Retail/off-trade Unit Volume,million units,2025,148.4
Middle East and Africa,Coffee,Total,Glass Jars,Retail/off-trade Unit Volume,million units,2025,196.0
Japan,Coffee,Total,Glass Jars,Retail/off-trade Unit Volume,million units,2025,62.4
India,Coffee,Total,Glass Jars,Retail/off-trade Unit Volume,million units,2025,602.7
United Kingdom,Coffee,Total,Glass Jars,Retail/off-trade Unit Volume,million units,2025,196.3
France,Coffee,Total,Glass Jars,Retail/off-trade Unit Volume,million units,2025,54.6
North America,Coffee,Total,Glass Jars,Retail/off-trade Unit Volume,million units,2025,47.3
Latin America,Coffee,Total,Glass Jars,Retail/off-trade Unit Volume,million units,2025,614.7
Australasia,Coffee,Total,Glass Jars,Retail/off-trade Unit Volume,million units,2025,176.5
Asia Pacific,Coffee,Total,Glass Jars,Retail/off-trade Unit Volume,million units,2025,1277.4
Western Europe,Coffee,Total,Glass Jars,Retail/off-trade Unit Volume,million units,2025,499.9
Eastern Europe,Coffee,Total,Glass Jars,Retail/off-trade Unit Volume,million units,2025,426.2
North America,Coffee,Total,Metal,Retail/off-trade Unit Volume,million units,2025,217.9
Eastern Europe,Coffee,Total,Metal,Retail/off-trade Unit Volume,million units,2025,373.4
Western Europe,Coffee,Total,Metal,Retail/off-trade Unit Volume,million units,2025,1338.5
Asia Pacific,Coffee,Total,Metal,Retail/off-trade Unit Volume,million units,2025,277.3
Australasia,Coffee,Total,Metal,Retail/off-trade Unit Volume,million units,2025,25.7
Latin America,Coffee,Total,Metal,Retail/off-trade Unit Volume,million units,2025,314.0
France,Coffee,Total,Metal,Retail/off-trade Unit Volume,million units,2025,255.8
United Kingdom,Coffee,Total,Metal,Retail/off-trade Unit Volume,million units,2025,121.4
Japan,Coffee,Total,Metal,Retail/off-trade Unit Volume,million units,2025,18.4
India,Coffee,Total,Metal,Retail/off-trade Unit Volume,million units,2025,65.2
Thailand,Coffee,Total,Metal,Retail/off-trade Unit Volume,million units,2025,7.6
Middle East and Africa,Coffee,Total,Metal,Retail/off-trade Unit Volume,million units,2025,65.8
Australia,Coffee,Total,Metal,Retail/off-trade Unit Volume,million units,2025,19.3
Brazil,Coffee,Total,Metal,Retail/off-trade Unit Volume,million units,2025,202.6
Germany,Coffee,Total,Metal,Retail/off-trade Unit Volume,million units,2025,139.8
China,Coffee,Total,Metal,Retail/off-trade Unit Volume,million units,2025,9.6
USA,Coffee,Total,Metal,Retail/off-trade Unit Volume,million units,2025,166.4
World,Coffee,Total,Metal,Retail/off-trade Unit Volume,million units,2025,2612.6
World,Coffee,Total,Aluminium Trays,Retail/off-trade Unit Volume,million units,2025,7.1
Western Europe,Coffee,Total,Aluminium Trays,Retail/off-trade Unit Volume,million units,2025,7.1
Western Europe,Coffee,Total,Metal Tins,Retail/off-trade Unit Volume,million units,2025,368.5
Eastern Europe,Coffee,Total,Metal Tins,Retail/off-trade Unit Volume,million units,2025,332.4
North America,Coffee,Total,Metal Tins,Retail/off-trade Unit Volume,million units,2025,133.4
Latin America,Coffee,Total,Metal Tins,Retail/off-trade Unit Volume,million units,2025,88.6
Australasia,Coffee,Total,Metal Tins,Retail/off-trade Unit Volume,million units,2025,9.7
Asia Pacific,Coffee,Total,Metal Tins,Retail/off-trade Unit Volume,million units,2025,185.2
World,Coffee,Total,Metal Tins,Retail/off-trade Unit Volume,million units,2025,1154.7
USA,Coffee,Total,Metal Tins,Retail/off-trade Unit Volume,million units,2025,81.9
China,Coffee,Total,Metal Tins,Retail/off-trade Unit Volume,million units,2025,5.5
Germany,Coffee,Total,Metal Tins,Retail/off-trade Unit Volume,million units,2025,81.5
Brazil,Coffee,Total,Metal Tins,Retail/off-trade Unit Volume,million units,2025,17.0
Australia,Coffee,Total,Metal Tins,Retail/off-trade Unit Volume,million units,2025,9.1
Middle East and Africa,Coffee,Total,Metal Tins,Retail/off-trade Unit Volume,million units,2025,36.8
Thailand,Coffee,Total,Metal Tins,Retail/off-trade Unit Volume,million units,2025,7.6
India,Coffee,Total,Metal Tins,Retail/off-trade Unit Volume,million units,2025,65.2
Japan,Coffee,Total,Metal Tins,Retail/off-trade Unit Volume,million units,2025,7.6
United Kingdom,Coffee,Total,Metal Tins,Retail/off-trade Unit Volume,million units,2025,47.5
France,Coffee,Total,Metal Tins,Retail/off-trade Unit Volume,million units,2025,17.8
France,Coffee,Total,Other Metal,Retail/off-trade Unit Volume,million units,2025,238.0
United Kingdom,Coffee,Total,Other Metal,Retail/off-trade Unit Volume,million units,2025,73.9
Japan,Coffee,Total,Other Metal,Retail/off-trade Unit Volume,million units,2025,10.8
Middle East and Africa,Coffee,Total,Other Metal,Retail/off-trade Unit Volume,million units,2025,29.0
Australia,Coffee,Total,Other Metal,Retail/off-trade Unit Volume,million units,2025,10.2
Brazil,Coffee,Total,Other Metal,Retail/off-trade Unit Volume,million units,2025,185.6
Germany,Coffee,Total,Other Metal,Retail/off-trade Unit Volume,million units,2025,58.3
China,Coffee,Total,Other Metal,Retail/off-trade Unit Volume,million units,2025,4.1
USA,Coffee,Total,Other Metal,Retail/off-trade Unit Volume,million units,2025,84.5
World,Coffee,Total,Other Metal,Retail/off-trade Unit Volume,million units,2025,1450.7
Asia Pacific,Coffee,Total,Other Metal,Retail/off-trade Unit Volume,million units,2025,92.1
Australasia,Coffee,Total,Other Metal,Retail/off-trade Unit Volume,million units,2025,15.9
Latin America,Coffee,Total,Other Metal,Retail/off-trade Unit Volume,million units,2025,225.3
North America,Coffee,Total,Other Metal,Retail/off-trade Unit Volume,million units,2025,84.5
Eastern Europe,Coffee,Total,Other Metal,Retail/off-trade Unit Volume,million units,2025,41.0
Western Europe,Coffee,Total,Other Metal,Retail/off-trade Unit Volume,million units,2025,962.9
Western Europe,Coffee,Total,Paper-based Containers,Retail/off-trade Unit Volume,million units,2025,2493.2
Eastern Europe,Coffee,Total,Paper-based Containers,Retail/off-trade Unit Volume,million units,2025,330.1
North America,Coffee,Total,Paper-based Containers,Retail/off-trade Unit Volume,million units,2025,837.0
Latin America,Coffee,Total,Paper-based Containers,Retail/off-trade Unit Volume,million units,2025,416.0
Australasia,Coffee,Total,Paper-based Containers,Retail/off-trade Unit Volume,million units,2025,49.0
Asia Pacific,Coffee,Total,Paper-based Containers,Retail/off-trade Unit Volume,million units,2025,1346.3
USA,Coffee,Total,Paper-based Containers,Retail/off-trade Unit Volume,million units,2025,783.1
Thailand,Coffee,Total,Paper-based Containers,Retail/off-trade Unit Volume,million units,2025,0.4
World,Coffee,Total,Paper-based Containers,Retail/off-trade Unit Volume,million units,2025,5560.7
China,Coffee,Total,Paper-based Containers,Retail/off-trade Unit Volume,million units,2025,121.7
Brazil,Coffee,Total,Paper-based Containers,Retail/off-trade Unit Volume,million units,2025,351.8
Germany,Coffee,Total,Paper-based Containers,Retail/off-trade Unit Volume,million units,2025,324.9
Australia,Coffee,Total,Paper-based Containers,Retail/off-trade Unit Volume,million units,2025,42.2
Middle East and Africa,Coffee,Total,Paper-based Containers,Retail/off-trade Unit Volume,million units,2025,89.2
India,Coffee,Total,Paper-based Containers,Retail/off-trade Unit Volume,million units,2025,4.9
Japan,Coffee,Total,Paper-based Containers,Retail/off-trade Unit Volume,million units,2025,237.0
United Kingdom,Coffee,Total,Paper-based Containers,Retail/off-trade Unit Volume,million units,2025,108.1
France,Coffee,Total,Paper-based Containers,Retail/off-trade Unit Volume,million units,2025,595.7
Japan,Coffee,Total,Board Tubs,Retail/off-trade Unit Volume,million units,2025,3.7
China,Coffee,Total,Board Tubs,Retail/off-trade Unit Volume,million units,2025,1.7
World,Coffee,Total,Board Tubs,Retail/off-trade Unit Volume,million units,2025,5.4
Asia Pacific,Coffee,Total,Board Tubs,Retail/off-trade Unit Volume,million units,2025,5.4
Asia Pacific,Coffee,Total,Composite Containers,Retail/off-trade Unit Volume,million units,2025,48.2
Latin America,Coffee,Total,Composite Containers,Retail/off-trade Unit Volume,million units,2025,34.2
North America,Coffee,Total,Composite Containers,Retail/off-trade Unit Volume,million units,2025,78.4
Eastern Europe,Coffee,Total,Composite Containers,Retail/off-trade Unit Volume,million units,2025,0.1
Western Europe,Coffee,Total,Composite Containers,Retail/off-trade Unit Volume,million units,2025,38.3
World,Coffee,Total,Composite Containers,Retail/off-trade Unit Volume,million units,2025,199.1
USA,Coffee,Total,Composite Containers,Retail/off-trade Unit Volume,million units,2025,78.4
Brazil,Coffee,Total,Composite Containers,Retail/off-trade Unit Volume,million units,2025,30.3
Japan,Coffee,Total,Composite Containers,Retail/off-trade Unit Volume,million units,2025,48.2
Germany,Coffee,Total,Composite Containers,Retail/off-trade Unit Volume,million units,2025,31.3
United Kingdom,Coffee,Total,Composite Containers,Retail/off-trade Unit Volume,million units,2025,1.7
France,Coffee,Total,Composite Containers,Retail/off-trade Unit Volume,million units,2025,0.3
United Kingdom,Coffee,Total,Folding Cartons,Retail/off-trade Unit Volume,million units,2025,106.4
France,Coffee,Total,Folding Cartons,Retail/off-trade Unit Volume,million units,2025,595.4
Japan,Coffee,Total,Folding Cartons,Retail/off-trade Unit Volume,million units,2025,185.1
India,Coffee,Total,Folding Cartons,Retail/off-trade Unit Volume,million units,2025,4.9
Brazil,Coffee,Total,Folding Cartons,Retail/off-trade Unit Volume,million units,2025,321.4
China,Coffee,Total,Folding Cartons,Retail/off-trade Unit Volume,million units,2025,120.0
Germany,Coffee,Total,Folding Cartons,Retail/off-trade Unit Volume,million units,2025,293.6
Middle East and Africa,Coffee,Total,Folding Cartons,Retail/off-trade Unit Volume,million units,2025,89.2
Australia,Coffee,Total,Folding Cartons,Retail/off-trade Unit Volume,million units,2025,42.2
Thailand,Coffee,Total,Folding Cartons,Retail/off-trade Unit Volume,million units,2025,0.4
USA,Coffee,Total,Folding Cartons,Retail/off-trade Unit Volume,million units,2025,704.7
World,Coffee,Total,Folding Cartons,Retail/off-trade Unit Volume,million units,2025,5356.2
Eastern Europe,Coffee,Total,Folding Cartons,Retail/off-trade Unit Volume,million units,2025,330.1
Western Europe,Coffee,Total,Folding Cartons,Retail/off-trade Unit Volume,million units,2025,2454.9
North America,Coffee,Total,Folding Cartons,Retail/off-trade Unit Volume,million units,2025,758.6
Latin America,Coffee,Total,Folding Cartons,Retail/off-trade Unit Volume,million units,2025,381.8
Asia Pacific,Coffee,Total,Folding Cartons,Retail/off-trade Unit Volume,million units,2025,1292.7
Australasia,Coffee,Total,Folding Cartons,Retail/off-trade Unit Volume,million units,2025,49.0
Australasia,Coffee,Total,Rigid Plastic,Retail/off-trade Unit Volume,million units,2025,21.5
Asia Pacific,Coffee,Total,Rigid Plastic,Retail/off-trade Unit Volume,million units,2025,38.8
Latin America,Coffee,Total,Rigid Plastic,Retail/off-trade Unit Volume,million units,2025,59.2
Western Europe,Coffee,Total,Rigid Plastic,Retail/off-trade Unit Volume,million units,2025,1225.2
North America,Coffee,Total,Rigid Plastic,Retail/off-trade Unit Volume,million units,2025,848.9
Eastern Europe,Coffee,Total,Rigid Plastic,Retail/off-trade Unit Volume,million units,2025,65.5
USA,Coffee,Total,Rigid Plastic,Retail/off-trade Unit Volume,million units,2025,758.3
World,Coffee,Total,Rigid Plastic,Retail/off-trade Unit Volume,million units,2025,2335.7
Australia,Coffee,Total,Rigid Plastic,Retail/off-trade Unit Volume,million units,2025,21.5
Brazil,Coffee,Total,Rigid Plastic,Retail/off-trade Unit Volume,million units,2025,39.6
Middle East and Africa,Coffee,Total,Rigid Plastic,Retail/off-trade Unit Volume,million units,2025,76.7
Germany,Coffee,Total,Rigid Plastic,Retail/off-trade Unit Volume,million units,2025,342.4
China,Coffee,Total,Rigid Plastic,Retail/off-trade Unit Volume,million units,2025,2.6
India,Coffee,Total,Rigid Plastic,Retail/off-trade Unit Volume,million units,2025,2.1
Thailand,Coffee,Total,Rigid Plastic,Retail/off-trade Unit Volume,million units,2025,24.5
France,Coffee,Total,Rigid Plastic,Retail/off-trade Unit Volume,million units,2025,440.8
United Kingdom,Coffee,Total,Rigid Plastic,Retail/off-trade Unit Volume,million units,2025,71.2
Thailand,Coffee,Total,PET Jars,Retail/off-trade Unit Volume,million units,2025,24.2
India,Coffee,Total,PET Jars,Retail/off-trade Unit Volume,million units,2025,2.1
Middle East and Africa,Coffee,Total,PET Jars,Retail/off-trade Unit Volume,million units,2025,1.8
World,Coffee,Total,PET Jars,Retail/off-trade Unit Volume,million units,2025,110.8
USA,Coffee,Total,PET Jars,Retail/off-trade Unit Volume,million units,2025,47.0
Eastern Europe,Coffee,Total,PET Jars,Retail/off-trade Unit Volume,million units,2025,3.7
North America,Coffee,Total,PET Jars,Retail/off-trade Unit Volume,million units,2025,63.9
Western Europe,Coffee,Total,PET Jars,Retail/off-trade Unit Volume,million units,2025,11.9
Asia Pacific,Coffee,Total,PET Jars,Retail/off-trade Unit Volume,million units,2025,29.5
Asia Pacific,Coffee,Total,Thin Wall Plastic Containers,Retail/off-trade Unit Volume,million units,2025,9.3
Australasia,Coffee,Total,Thin Wall Plastic Containers,Retail/off-trade Unit Volume,million units,2025,18.7
North America,Coffee,Total,Thin Wall Plastic Containers,Retail/off-trade Unit Volume,million units,2025,549.3
Latin America,Coffee,Total,Thin Wall Plastic Containers,Retail/off-trade Unit Volume,million units,2025,4.6
Eastern Europe,Coffee,Total,Thin Wall Plastic Containers,Retail/off-trade Unit Volume,million units,2025,61.8
Western Europe,Coffee,Total,Thin Wall Plastic Containers,Retail/off-trade Unit Volume,million units,2025,1201.3
World,Coffee,Total,Thin Wall Plastic Containers,Retail/off-trade Unit Volume,million units,2025,1867.7
USA,Coffee,Total,Thin Wall Plastic Containers,Retail/off-trade Unit Volume,million units,2025,487.9
Middle East and Africa,Coffee,Total,Thin Wall Plastic Containers,Retail/off-trade Unit Volume,million units,2025,22.6
Australia,Coffee,Total,Thin Wall Plastic Containers,Retail/off-trade Unit Volume,million units,2025,18.7
China,Coffee,Total,Thin Wall Plastic Containers,Retail/off-trade Unit Volume,million units,2025,2.6
Germany,Coffee,Total,Thin Wall Plastic Containers,Retail/off-trade Unit Volume,million units,2025,333.8
Thailand,Coffee,Total,Thin Wall Plastic Containers,Retail/off-trade Unit Volume,million units,2025,0.4
United Kingdom,Coffee,Total,Thin Wall Plastic Containers,Retail/off-trade Unit Volume,million units,2025,71.2
France,Coffee,Total,Thin Wall Plastic Containers,Retail/off-trade Unit Volume,million units,2025,439.9
France,Coffee,Total,Other Plastic Jars,Retail/off-trade Unit Volume,million units,2025,0.8
Brazil,Coffee,Total,Other Plastic Jars,Retail/off-trade Unit Volume,million units,2025,13.3
Australia,Coffee,Total,Other Plastic Jars,Retail/off-trade Unit Volume,million units,2025,2.8
Middle East and Africa,Coffee,Total,Other Plastic Jars,Retail/off-trade Unit Volume,million units,2025,52.3
World,Coffee,Total,Other Plastic Jars,Retail/off-trade Unit Volume,million units,2025,309.9
USA,Coffee,Total,Other Plastic Jars,Retail/off-trade Unit Volume,million units,2025,223.5
North America,Coffee,Total,Other Plastic Jars,Retail/off-trade Unit Volume,million units,2025,223.5
Western Europe,Coffee,Total,Other Plastic Jars,Retail/off-trade Unit Volume,million units,2025,3.2
Latin America,Coffee,Total,Other Plastic Jars,Retail/off-trade Unit Volume,million units,2025,28.2
Australasia,Coffee,Total,Other Plastic Jars,Retail/off-trade Unit Volume,million units,2025,2.8
North America,Coffee,Total,Other Rigid Containers,Retail/off-trade Unit Volume,million units,2025,12.3
Latin America,Coffee,Total,Other Rigid Containers,Retail/off-trade Unit Volume,million units,2025,26.3
Western Europe,Coffee,Total,Other Rigid Containers,Retail/off-trade Unit Volume,million units,2025,8.7
World,Coffee,Total,Other Rigid Containers,Retail/off-trade Unit Volume,million units,2025,47.3
Brazil,Coffee,Total,Other Rigid Containers,Retail/off-trade Unit Volume,million units,2025,26.3
Germany,Coffee,Total,Other Rigid Containers,Retail/off-trade Unit Volume,million units,2025,8.6
World,Coffee,Total,Other Packaging,Retail/off-trade Unit Volume,million units,2025,1.4
Western Europe,Coffee,Total,Other Packaging,Retail/off-trade Unit Volume,million units,2025,
Eastern Europe,Coffee,Total,Other Packaging,Retail/off-trade Unit Volume,million units,2025,1.4
Latin America,Coffee,Total,Other Packaging,Retail/off-trade Unit Volume,million units,2025,0.0
World,RTD Coffee,Total,Total Packaging,Retail/off-trade Unit Volume,million units,2025,20105.0
Western Europe,RTD Coffee,Total,Total Packaging,Retail/off-trade Unit Volume,million units,2025,1700.9
Eastern Europe,RTD Coffee,Total,Total Packaging,Retail/off-trade Unit Volume,million units,2025,221.8
North America,RTD Coffee,Total,Total Packaging,Retail/off-trade Unit Volume,million units,2025,2461.3
Latin America,RTD Coffee,Total,Total Packaging,Retail/off-trade Unit Volume,million units,2025,44.4
Asia Pacific,RTD Coffee,Total,Total Packaging,Retail/off-trade Unit Volume,million units,2025,15569.9
Australasia,RTD Coffee,Total,Total Packaging,Retail/off-trade Unit Volume,million units,2025,32.1
Middle East and Africa,RTD Coffee,Total,Total Packaging,Retail/off-trade Unit Volume,million units,2025,74.6
Australia,RTD Coffee,Total,Total Packaging,Retail/off-trade Unit Volume,million units,2025,30.1
Brazil,RTD Coffee,Total,Total Packaging,Retail/off-trade Unit Volume,million units,2025,6.3
China,RTD Coffee,Total,Total Packaging,Retail/off-trade Unit Volume,million units,2025,1123.5
Germany,RTD Coffee,Total,Total Packaging,Retail/off-trade Unit Volume,million units,2025,496.1
France,RTD Coffee,Total,Total Packaging,Retail/off-trade Unit Volume,million units,2025,22.1
United Kingdom,RTD Coffee,Total,Total Packaging,Retail/off-trade Unit Volume,million units,2025,280.4
Japan,RTD Coffee,Total,Total Packaging,Retail/off-trade Unit Volume,million units,2025,9425.2
Thailand,RTD Coffee,Total,Total Packaging,Retail/off-trade Unit Volume,million units,2025,1006.1
USA,RTD Coffee,Total,Total Packaging,Retail/off-trade Unit Volume,million units,2025,2425.3
Asia Pacific,RTD Coffee,Total,Flexible Packaging,Retail/off-trade Unit Volume,million units,2025,436.9
World,RTD Coffee,Total,Flexible Packaging,Retail/off-trade Unit Volume,million units,2025,436.9
World,RTD Coffee,Total,Stand-Up Pouches,Retail/off-trade Unit Volume,million units,2025,436.9
Asia Pacific,RTD Coffee,Total,Stand-Up Pouches,Retail/off-trade Unit Volume,million units,2025,436.9
Asia Pacific,RTD Coffee,Total,Aluminium /Plastic Pouches,Retail/off-trade Unit Volume,million units,2025,436.9
World,RTD Coffee,Total,Aluminium /Plastic Pouches,Retail/off-trade Unit Volume,million units,2025,436.9
USA,RTD Coffee,Total,Glass,Retail/off-trade Unit Volume,million units,2025,1247.1
World,RTD Coffee,Total,Glass,Retail/off-trade Unit Volume,million units,2025,1458.4
Latin America,RTD Coffee,Total,Glass,Retail/off-trade Unit Volume,million units,2025,28.5
Asia Pacific,RTD Coffee,Total,Glass,Retail/off-trade Unit Volume,million units,2025,40.9
North America,RTD Coffee,Total,Glass,Retail/off-trade Unit Volume,million units,2025,1273.1
Eastern Europe,RTD Coffee,Total,Glass,Retail/off-trade Unit Volume,million units,2025,13.6
Western Europe,RTD Coffee,Total,Glass,Retail/off-trade Unit Volume,million units,2025,101.3
Thailand,RTD Coffee,Total,Glass,Retail/off-trade Unit Volume,million units,2025,1.2
United Kingdom,RTD Coffee,Total,Glass,Retail/off-trade Unit Volume,million units,2025,15.2
France,RTD Coffee,Total,Glass,Retail/off-trade Unit Volume,million units,2025,0.5
China,RTD Coffee,Total,Glass,Retail/off-trade Unit Volume,million units,2025,12.0
Middle East and Africa,RTD Coffee,Total,Glass,Retail/off-trade Unit Volume,million units,2025,1.0
Middle East and Africa,RTD Coffee,Total,Glass Bottles,Retail/off-trade Unit Volume,million units,2025,1.0
China,RTD Coffee,Total,Glass Bottles,Retail/off-trade Unit Volume,million units,2025,12.0
France,RTD Coffee,Total,Glass Bottles,Retail/off-trade Unit Volume,million units,2025,0.5
United Kingdom,RTD Coffee,Total,Glass Bottles,Retail/off-trade Unit Volume,million units,2025,15.2
Thailand,RTD Coffee,Total,Glass Bottles,Retail/off-trade Unit Volume,million units,2025,1.2
Western Europe,RTD Coffee,Total,Glass Bottles,Retail/off-trade Unit Volume,million units,2025,101.3
Eastern Europe,RTD Coffee,Total,Glass Bottles,Retail/off-trade Unit Volume,million units,2025,13.6
North America,RTD Coffee,Total,Glass Bottles,Retail/off-trade Unit Volume,million units,2025,1273.1
Asia Pacific,RTD Coffee,Total,Glass Bottles,Retail/off-trade Unit Volume,million units,2025,40.9
Latin America,RTD Coffee,Total,Glass Bottles,Retail/off-trade Unit Volume,million units,2025,28.5
World,RTD Coffee,Total,Glass Bottles,Retail/off-trade Unit Volume,million units,2025,1458.4
USA,RTD Coffee,Total,Glass Bottles,Retail/off-trade Unit Volume,million units,2025,1247.1
USA,RTD Coffee,Total,Liquid Cartons,Retail/off-trade Unit Volume,million units,2025,70.3
World,RTD Coffee,Total,Liquid Cartons,Retail/off-trade Unit Volume,million units,2025,498.5
Latin America,RTD Coffee,Total,Liquid Cartons,Retail/off-trade Unit Volume,million units,2025,5.9
Asia Pacific,RTD Coffee,Total,Liquid Cartons,Retail/off-trade Unit Volume,million units,2025,339.1
Australasia,RTD Coffee,Total,Liquid Cartons,Retail/off-trade Unit Volume,million units,2025,20.9
North America,RTD Coffee,Total,Liquid Cartons,Retail/off-trade Unit Volume,million units,2025,71.1
Eastern Europe,RTD Coffee,Total,Liquid Cartons,Retail/off-trade Unit Volume,million units,2025,18.5
Western Europe,RTD Coffee,Total,Liquid Cartons,Retail/off-trade Unit Volume,million units,2025,42.8
Thailand,RTD Coffee,Total,Liquid Cartons,Retail/off-trade Unit Volume,million units,2025,0.6
Japan,RTD Coffee,Total,Liquid Cartons,Retail/off-trade Unit Volume,million units,2025,68.9
United Kingdom,RTD Coffee,Total,Liquid Cartons,Retail/off-trade Unit Volume,million units,2025,32.9
France,RTD Coffee,Total,Liquid Cartons,Retail/off-trade Unit Volume,million units,2025,
China,RTD Coffee,Total,Liquid Cartons,Retail/off-trade Unit Volume,million units,2025,1.9
Middle East and Africa,RTD Coffee,Total,Liquid Cartons,Retail/off-trade Unit Volume,million units,2025,0.1
Brazil,RTD Coffee,Total,Liquid Cartons,Retail/off-trade Unit Volume,million units,2025,5.7
Australia,RTD Coffee,Total,Liquid Cartons,Retail/off-trade Unit Volume,million units,2025,19.6
Australia,RTD Coffee,Total,Brick Liquid Cartons,Retail/off-trade Unit Volume,million units,2025,7.1
Middle East and Africa,RTD Coffee,Total,Brick Liquid Cartons,Retail/off-trade Unit Volume,million units,2025,0.1
China,RTD Coffee,Total,Brick Liquid Cartons,Retail/off-trade Unit Volume,million units,2025,
United Kingdom,RTD Coffee,Total,Brick Liquid Cartons,Retail/off-trade Unit Volume,million units,2025,1.3
Thailand,RTD Coffee,Total,Brick Liquid Cartons,Retail/off-trade Unit Volume,million units,2025,0.6
Eastern Europe,RTD Coffee,Total,Brick Liquid Cartons,Retail/off-trade Unit Volume,million units,2025,17.4
Western Europe,RTD Coffee,Total,Brick Liquid Cartons,Retail/off-trade Unit Volume,million units,2025,4.5
Australasia,RTD Coffee,Total,Brick Liquid Cartons,Retail/off-trade Unit Volume,million units,2025,7.6
Asia Pacific,RTD Coffee,Total,Brick Liquid Cartons,Retail/off-trade Unit Volume,million units,2025,165.4
World,RTD Coffee,Total,Brick Liquid Cartons,Retail/off-trade Unit Volume,million units,2025,194.9
World,RTD Coffee,Total,Gable Top Liquid Cartons,Retail/off-trade Unit Volume,million units,2025,153.4
USA,RTD Coffee,Total,Gable Top Liquid Cartons,Retail/off-trade Unit Volume,million units,2025,20.3
Asia Pacific,RTD Coffee,Total,Gable Top Liquid Cartons,Retail/off-trade Unit Volume,million units,2025,108.6
Latin America,RTD Coffee,Total,Gable Top Liquid Cartons,Retail/off-trade Unit Volume,million units,2025,
Australasia,RTD Coffee,Total,Gable Top Liquid Cartons,Retail/off-trade Unit Volume,million units,2025,13.3
North America,RTD Coffee,Total,Gable Top Liquid Cartons,Retail/off-trade Unit Volume,million units,2025,21.1
Western Europe,RTD Coffee,Total,Gable Top Liquid Cartons,Retail/off-trade Unit Volume,million units,2025,10.3
Japan,RTD Coffee,Total,Gable Top Liquid Cartons,Retail/off-trade Unit Volume,million units,2025,68.9
United Kingdom,RTD Coffee,Total,Gable Top Liquid Cartons,Retail/off-trade Unit Volume,million units,2025,10.3
Australia,RTD Coffee,Total,Gable Top Liquid Cartons,Retail/off-trade Unit Volume,million units,2025,12.5
Brazil,RTD Coffee,Total,Gable Top Liquid Cartons,Retail/off-trade Unit Volume,million units,2025,
Brazil,RTD Coffee,Total,Shaped Liquid Cartons,Retail/off-trade Unit Volume,million units,2025,5.7
China,RTD Coffee,Total,Shaped Liquid Cartons,Retail/off-trade Unit Volume,million units,2025,1.9
France,RTD Coffee,Total,Shaped Liquid Cartons,Retail/off-trade Unit Volume,million units,2025,
United Kingdom,RTD Coffee,Total,Shaped Liquid Cartons,Retail/off-trade Unit Volume,million units,2025,21.3
Eastern Europe,RTD Coffee,Total,Shaped Liquid Cartons,Retail/off-trade Unit Volume,million units,2025,1.1
North America,RTD Coffee,Total,Shaped Liquid Cartons,Retail/off-trade Unit Volume,million units,2025,50.0
Western Europe,RTD Coffee,Total,Shaped Liquid Cartons,Retail/off-trade Unit Volume,million units,2025,28.0
Latin America,RTD Coffee,Total,Shaped Liquid Cartons,Retail/off-trade Unit Volume,million units,2025,5.9
Asia Pacific,RTD Coffee,Total,Shaped Liquid Cartons,Retail/off-trade Unit Volume,million units,2025,65.2
USA,RTD Coffee,Total,Shaped Liquid Cartons,Retail/off-trade Unit Volume,million units,2025,50.0
World,RTD Coffee,Total,Shaped Liquid Cartons,Retail/off-trade Unit Volume,million units,2025,150.2
World,RTD Coffee,Total,Metal,Retail/off-trade Unit Volume,million units,2025,10653.2
Asia Pacific,RTD Coffee,Total,Metal,Retail/off-trade Unit Volume,million units,2025,9335.4
Middle East and Africa,RTD Coffee,Total,Metal,Retail/off-trade Unit Volume,million units,2025,72.0
Australasia,RTD Coffee,Total,Metal,Retail/off-trade Unit Volume,million units,2025,1.8
North America,RTD Coffee,Total,Metal,Retail/off-trade Unit Volume,million units,2025,679.0
Latin America,RTD Coffee,Total,Metal,Retail/off-trade Unit Volume,million units,2025,8.1
Eastern Europe,RTD Coffee,Total,Metal,Retail/off-trade Unit Volume,million units,2025,145.1
Western Europe,RTD Coffee,Total,Metal,Retail/off-trade Unit Volume,million units,2025,411.8
Thailand,RTD Coffee,Total,Metal,Retail/off-trade Unit Volume,million units,2025,968.8
USA,RTD Coffee,Total,Metal,Retail/off-trade Unit Volume,million units,2025,678.7
United Kingdom,RTD Coffee,Total,Metal,Retail/off-trade Unit Volume,million units,2025,46.1
Japan,RTD Coffee,Total,Metal,Retail/off-trade Unit Volume,million units,2025,6776.8
China,RTD Coffee,Total,Metal,Retail/off-trade Unit Volume,million units,2025,464.6
France,RTD Coffee,Total,Metal,Retail/off-trade Unit Volume,million units,2025,3.5
Germany,RTD Coffee,Total,Metal,Retail/off-trade Unit Volume,million units,2025,98.7
Australia,RTD Coffee,Total,Metal,Retail/off-trade Unit Volume,million units,2025,1.8
Australia,RTD Coffee,Total,Metal Beverage Cans,Retail/off-trade Unit Volume,million units,2025,1.8
Germany,RTD Coffee,Total,Metal Beverage Cans,Retail/off-trade Unit Volume,million units,2025,98.7
France,RTD Coffee,Total,Metal Beverage Cans,Retail/off-trade Unit Volume,million units,2025,3.5
China,RTD Coffee,Total,Metal Beverage Cans,Retail/off-trade Unit Volume,million units,2025,464.6
Japan,RTD Coffee,Total,Metal Beverage Cans,Retail/off-trade Unit Volume,million units,2025,3803.9
United Kingdom,RTD Coffee,Total,Metal Beverage Cans,Retail/off-trade Unit Volume,million units,2025,46.1
USA,RTD Coffee,Total,Metal Beverage Cans,Retail/off-trade Unit Volume,million units,2025,644.7
Thailand,RTD Coffee,Total,Metal Beverage Cans,Retail/off-trade Unit Volume,million units,2025,968.8
Western Europe,RTD Coffee,Total,Metal Beverage Cans,Retail/off-trade Unit Volume,million units,2025,411.8
Eastern Europe,RTD Coffee,Total,Metal Beverage Cans,Retail/off-trade Unit Volume,million units,2025,145.1
Latin America,RTD Coffee,Total,Metal Beverage Cans,Retail/off-trade Unit Volume,million units,2025,8.1
North America,RTD Coffee,Total,Metal Beverage Cans,Retail/off-trade Unit Volume,million units,2025,645.0
Australasia,RTD Coffee,Total,Metal Beverage Cans,Retail/off-trade Unit Volume,million units,2025,1.8
Middle East and Africa,RTD Coffee,Total,Metal Beverage Cans,Retail/off-trade Unit Volume,million units,2025,72.0
Asia Pacific,RTD Coffee,Total,Metal Beverage Cans,Retail/off-trade Unit Volume,million units,2025,6313.0
World,RTD Coffee,Total,Metal Beverage Cans,Retail/off-trade Unit Volume,million units,2025,7596.8
World,RTD Coffee,Total,Metal Bottles,Retail/off-trade Unit Volume,million units,2025,3056.4
Asia Pacific,RTD Coffee,Total,Metal Bottles,Retail/off-trade Unit Volume,million units,2025,3022.4
North America,RTD Coffee,Total,Metal Bottles,Retail/off-trade Unit Volume,million units,2025,34.0
USA,RTD Coffee,Total,Metal Bottles,Retail/off-trade Unit Volume,million units,2025,34.0
Japan,RTD Coffee,Total,Metal Bottles,Retail/off-trade Unit Volume,million units,2025,2972.9
Australia,RTD Coffee,Total,Paper-based Containers,Retail/off-trade Unit Volume,million units,2025,0.0
Australasia,RTD Coffee,Total,Paper-based Containers,Retail/off-trade Unit Volume,million units,2025,0.0
World,RTD Coffee,Total,Paper-based Containers,Retail/off-trade Unit Volume,million units,2025,0.0
World,RTD Coffee,Total,Bag In Box,Retail/off-trade Unit Volume,million units,2025,0.0
Australasia,RTD Coffee,Total,Bag In Box,Retail/off-trade Unit Volume,million units,2025,0.0
Australia,RTD Coffee,Total,Bag In Box,Retail/off-trade Unit Volume,million units,2025,0.0
Brazil,RTD Coffee,Total,Rigid Plastic,Retail/off-trade Unit Volume,million units,2025,0.6
Australia,RTD Coffee,Total,Rigid Plastic,Retail/off-trade Unit Volume,million units,2025,8.7
China,RTD Coffee,Total,Rigid Plastic,Retail/off-trade Unit Volume,million units,2025,645.0
France,RTD Coffee,Total,Rigid Plastic,Retail/off-trade Unit Volume,million units,2025,18.0
Germany,RTD Coffee,Total,Rigid Plastic,Retail/off-trade Unit Volume,million units,2025,397.3
Japan,RTD Coffee,Total,Rigid Plastic,Retail/off-trade Unit Volume,million units,2025,2579.5
United Kingdom,RTD Coffee,Total,Rigid Plastic,Retail/off-trade Unit Volume,million units,2025,186.2
USA,RTD Coffee,Total,Rigid Plastic,Retail/off-trade Unit Volume,million units,2025,429.3
Thailand,RTD Coffee,Total,Rigid Plastic,Retail/off-trade Unit Volume,million units,2025,25.6
Middle East and Africa,RTD Coffee,Total,Rigid Plastic,Retail/off-trade Unit Volume,million units,2025,1.4
Australasia,RTD Coffee,Total,Rigid Plastic,Retail/off-trade Unit Volume,million units,2025,9.4
Asia Pacific,RTD Coffee,Total,Rigid Plastic,Retail/off-trade Unit Volume,million units,2025,5407.5
North America,RTD Coffee,Total,Rigid Plastic,Retail/off-trade Unit Volume,million units,2025,438.0
Latin America,RTD Coffee,Total,Rigid Plastic,Retail/off-trade Unit Volume,million units,2025,1.9
Eastern Europe,RTD Coffee,Total,Rigid Plastic,Retail/off-trade Unit Volume,million units,2025,43.6
Western Europe,RTD Coffee,Total,Rigid Plastic,Retail/off-trade Unit Volume,million units,2025,1141.6
World,RTD Coffee,Total,Rigid Plastic,Retail/off-trade Unit Volume,million units,2025,7043.3
World,RTD Coffee,Total,HDPE Bottles,Retail/off-trade Unit Volume,million units,2025,41.3
China,RTD Coffee,Total,HDPE Bottles,Retail/off-trade Unit Volume,million units,2025,11.1
Eastern Europe,RTD Coffee,Total,HDPE Bottles,Retail/off-trade Unit Volume,million units,2025,7.9
North America,RTD Coffee,Total,HDPE Bottles,Retail/off-trade Unit Volume,million units,2025,4.4
Latin America,RTD Coffee,Total,HDPE Bottles,Retail/off-trade Unit Volume,million units,2025,1.3
Asia Pacific,RTD Coffee,Total,HDPE Bottles,Retail/off-trade Unit Volume,million units,2025,19.1
Australasia,RTD Coffee,Total,HDPE Bottles,Retail/off-trade Unit Volume,million units,2025,8.7
Australia,RTD Coffee,Total,HDPE Bottles,Retail/off-trade Unit Volume,million units,2025,8.7
Brazil,RTD Coffee,Total,PET Bottles,Retail/off-trade Unit Volume,million units,2025,0.6
Germany,RTD Coffee,Total,PET Bottles,Retail/off-trade Unit Volume,million units,2025,66.0
France,RTD Coffee,Total,PET Bottles,Retail/off-trade Unit Volume,million units,2025,1.9
China,RTD Coffee,Total,PET Bottles,Retail/off-trade Unit Volume,million units,2025,633.9
Thailand,RTD Coffee,Total,PET Bottles,Retail/off-trade Unit Volume,million units,2025,25.6
USA,RTD Coffee,Total,PET Bottles,Retail/off-trade Unit Volume,million units,2025,429.3
United Kingdom,RTD Coffee,Total,PET Bottles,Retail/off-trade Unit Volume,million units,2025,6.4
Japan,RTD Coffee,Total,PET Bottles,Retail/off-trade Unit Volume,million units,2025,2177.0
Middle East and Africa,RTD Coffee,Total,PET Bottles,Retail/off-trade Unit Volume,million units,2025,1.4
Asia Pacific,RTD Coffee,Total,PET Bottles,Retail/off-trade Unit Volume,million units,2025,4107.3
North America,RTD Coffee,Total,PET Bottles,Retail/off-trade Unit Volume,million units,2025,433.6
Latin America,RTD Coffee,Total,PET Bottles,Retail/off-trade Unit Volume,million units,2025,0.6
Western Europe,RTD Coffee,Total,PET Bottles,Retail/off-trade Unit Volume,million units,2025,143.7
Eastern Europe,RTD Coffee,Total,PET Bottles,Retail/off-trade Unit Volume,million units,2025,16.9
World,RTD Coffee,Total,PET Bottles,Retail/off-trade Unit Volume,million units,2025,4703.5
World,RTD Coffee,Total,Thin Wall Plastic Containers,Retail/off-trade Unit Volume,million units,2025,2295.9
Eastern Europe,RTD Coffee,Total,Thin Wall Plastic Containers,Retail/off-trade Unit Volume,million units,2025,18.8
Western Europe,RTD Coffee,Total,Thin Wall Plastic Containers,Retail/off-trade Unit Volume,million units,2025,996.0
Asia Pacific,RTD Coffee,Total,Thin Wall Plastic Containers,Retail/off-trade Unit Volume,million units,2025,1281.1
Japan,RTD Coffee,Total,Thin Wall Plastic Containers,Retail/off-trade Unit Volume,million units,2025,402.5
United Kingdom,RTD Coffee,Total,Thin Wall Plastic Containers,Retail/off-trade Unit Volume,million units,2025,179.8
China,RTD Coffee,Total,Thin Wall Plastic Containers,Retail/off-trade Unit Volume,million units,2025,
France,RTD Coffee,Total,Thin Wall Plastic Containers,Retail/off-trade Unit Volume,million units,2025,16.1
Germany,RTD Coffee,Total,Thin Wall Plastic Containers,Retail/off-trade Unit Volume,million units,2025,331.4
Australasia,RTD Coffee,Total,Other Plastic Bottles,Retail/off-trade Unit Volume,million units,2025,0.7
Western Europe,RTD Coffee,Total,Other Plastic Bottles,Retail/off-trade Unit Volume,million units,2025,1.9
World,RTD Coffee,Total,Other Plastic Bottles,Retail/off-trade Unit Volume,million units,2025,2.6
World,RTD Coffee,Total,Other Packaging,Retail/off-trade Unit Volume,million units,2025,14.6
Eastern Europe,RTD Coffee,Total,Other Packaging,Retail/off-trade Unit Volume,million units,2025,1.1
Western Europe,RTD Coffee,Total,Other Packaging,Retail/off-trade Unit Volume,million units,2025,3.5
Asia Pacific,RTD Coffee,Total,Other Packaging,Retail/off-trade Unit Volume,million units,2025,10.0
Middle East and Africa,RTD Coffee,Total,Other Packaging,Retail/off-trade Unit Volume,million units,2025,0.0
Thailand,RTD Coffee,Total,Other Packaging,Retail/off-trade Unit Volume,million units,2025,10.0
