Geography,Category,Outlet Type,Data Type,Year,Channel_Share_Pct,Total_Market_Volume,Unit,Channel_Volume
World,Coffee,Retail Channels,Retail Volume,2015,100.0,5485017.6,Tonnes,5485017.6
World,Coffee,Retail Offline,Retail Volume,2015,97.8,5485017.6,Tonnes,5364347.2128
World,Coffee,Grocery Retailers,Retail Volume,2015,95.1,5485017.6,Tonnes,5216251.7376
World,Coffee,Convenience Retailers,Retail Volume,2015,5.3,5485017.6,Tonnes,290705.93279999995
World,Coffee,Convenience Stores,Retail Volume,2015,4.2,5485017.6,Tonnes,230370.7392
World,Coffee,Forecourt Retailers,Retail Volume,2015,1.1,5485017.6,Tonnes,60335.1936
World,Coffee,Supermarkets,Retail Volume,2015,30.3,5485017.6,Tonnes,1661960.3327999997
World,Coffee,Hypermarkets,Retail Volume,2015,21.4,5485017.6,Tonnes,1173793.7663999998
World,Coffee,Discounters,Retail Volume,2015,7.1,5485017.6,Tonnes,389436.2495999999
World,Coffee,Warehouse Clubs,Retail Volume,2015,1.2,5485017.6,Tonnes,65820.21119999999
World,Coffee,Food/drink/tobacco specialists,Retail Volume,2015,2.6,5485017.6,Tonnes,142610.4576
World,Coffee,Small Local Grocers,Retail Volume,2015,27.2,5485017.6,Tonnes,1491924.7872
World,Coffee,Non-Grocery Retailers,Retail Volume,2015,1.9,5485017.6,Tonnes,104215.33439999999
World,Coffee,General Merchandise Stores,Retail Volume,2015,1.1,5485017.6,Tonnes,60335.1936
World,Coffee,Apparel and Footwear Specialists,Retail Volume,2015,0.0,5485017.6,Tonnes,0.0
World,Coffee,Appliances and Electronics Specialists,Retail Volume,2015,0.0,5485017.6,Tonnes,0.0
World,Coffee,Home Products Specialists,Retail Volume,2015,0.0,5485017.6,Tonnes,0.0
World,Coffee,Health and Beauty Specialists,Retail Volume,2015,0.7,5485017.6,Tonnes,38395.123199999995
World,Coffee,Leisure and Personal Goods Specialists,Retail Volume,2015,0.0,5485017.6,Tonnes,0.0
World,Coffee,Other Non-Grocery Retailers,Retail Volume,2015,0.1,5485017.6,Tonnes,5485.0176
World,Coffee,Vending,Retail Volume,2015,0.5,5485017.6,Tonnes,27425.088
World,Coffee,Direct Selling,Retail Volume,2015,0.3,5485017.6,Tonnes,16455.052799999998
World,Coffee,Retail E-Commerce,Retail Volume,2015,2.2,5485017.6,Tonnes,120670.3872
World,RTD Coffee,Retail Channels,Off-trade Volume,2015,100.0,4884.7,million litres,4884.7
World,RTD Coffee,Retail Offline,Off-trade Volume,2015,98.9,4884.7,million litres,4830.9683
World,RTD Coffee,Grocery Retailers,Off-trade Volume,2015,67.4,4884.7,million litres,3292.2878
World,RTD Coffee,Convenience Retailers,Off-trade Volume,2015,22.7,4884.7,million litres,1108.8268999999998
World,RTD Coffee,Convenience Stores,Off-trade Volume,2015,19.1,4884.7,million litres,932.9777
World,RTD Coffee,Forecourt Retailers,Off-trade Volume,2015,3.6,4884.7,million litres,175.84920000000002
World,RTD Coffee,Supermarkets,Off-trade Volume,2015,22.8,4884.7,million litres,1113.7116
World,RTD Coffee,Hypermarkets,Off-trade Volume,2015,9.7,4884.7,million litres,473.81589999999994
World,RTD Coffee,Discounters,Off-trade Volume,2015,0.7,4884.7,million litres,34.192899999999995
World,RTD Coffee,Warehouse Clubs,Off-trade Volume,2015,2.1,4884.7,million litres,102.5787
World,RTD Coffee,Food/drink/tobacco specialists,Off-trade Volume,2015,0.0,4884.7,million litres,0.0
World,RTD Coffee,Small Local Grocers,Off-trade Volume,2015,9.4,4884.7,million litres,459.16179999999997
World,RTD Coffee,Non-Grocery Retailers,Off-trade Volume,2015,12.6,4884.7,million litres,615.4721999999999
World,RTD Coffee,General Merchandise Stores,Off-trade Volume,2015,5.8,4884.7,million litres,283.3126
World,RTD Coffee,Apparel and Footwear Specialists,Off-trade Volume,2015,0.0,4884.7,million litres,0.0
World,RTD Coffee,Appliances and Electronics Specialists,Off-trade Volume,2015,0.0,4884.7,million litres,0.0
World,RTD Coffee,Home Products Specialists,Off-trade Volume,2015,0.0,4884.7,million litres,0.0
World,RTD Coffee,Health and Beauty Specialists,Off-trade Volume,2015,6.8,4884.7,million litres,332.1596
World,RTD Coffee,Leisure and Personal Goods Specialists,Off-trade Volume,2015,0.0,4884.7,million litres,0.0
World,RTD Coffee,Other Non-Grocery Retailers,Off-trade Volume,2015,0.0,4884.7,million litres,0.0
World,RTD Coffee,Vending,Off-trade Volume,2015,18.9,4884.7,million litres,923.2082999999998
World,RTD Coffee,Direct Selling,Off-trade Volume,2015,0.0,4884.7,million litres,0.0
World,RTD Coffee,Retail E-Commerce,Off-trade Volume,2015,1.1,4884.7,million litres,53.731700000000004
Asia Pacific,Coffee,Retail Channels,Retail Volume,2015,100.0,1324787.7,Tonnes,1324787.7
Asia Pacific,Coffee,Retail Offline,Retail Volume,2015,97.9,1324787.7,Tonnes,1296967.1583
Asia Pacific,Coffee,Grocery Retailers,Retail Volume,2015,94.4,1324787.7,Tonnes,1250599.5888
Asia Pacific,Coffee,Convenience Retailers,Retail Volume,2015,9.0,1324787.7,Tonnes,119230.893
Asia Pacific,Coffee,Convenience Stores,Retail Volume,2015,7.7,1324787.7,Tonnes,102008.6529
Asia Pacific,Coffee,Forecourt Retailers,Retail Volume,2015,1.3,1324787.7,Tonnes,17222.240100000003
Asia Pacific,Coffee,Supermarkets,Retail Volume,2015,17.5,1324787.7,Tonnes,231837.84749999997
Asia Pacific,Coffee,Hypermarkets,Retail Volume,2015,17.6,1324787.7,Tonnes,233162.63520000002
Asia Pacific,Coffee,Discounters,Retail Volume,2015,0.0,1324787.7,Tonnes,0.0
Asia Pacific,Coffee,Warehouse Clubs,Retail Volume,2015,0.4,1324787.7,Tonnes,5299.1508
Asia Pacific,Coffee,Food/drink/tobacco specialists,Retail Volume,2015,0.7,1324787.7,Tonnes,9273.513899999998
Asia Pacific,Coffee,Small Local Grocers,Retail Volume,2015,49.2,1324787.7,Tonnes,651795.5484000001
Asia Pacific,Coffee,Non-Grocery Retailers,Retail Volume,2015,2.6,1324787.7,Tonnes,34444.480200000005
Asia Pacific,Coffee,General Merchandise Stores,Retail Volume,2015,1.8,1324787.7,Tonnes,23846.178600000003
Asia Pacific,Coffee,Apparel and Footwear Specialists,Retail Volume,2015,0.0,1324787.7,Tonnes,0.0
Asia Pacific,Coffee,Appliances and Electronics Specialists,Retail Volume,2015,0.0,1324787.7,Tonnes,0.0
Asia Pacific,Coffee,Home Products Specialists,Retail Volume,2015,0.0,1324787.7,Tonnes,0.0
Asia Pacific,Coffee,Health and Beauty Specialists,Retail Volume,2015,0.8,1324787.7,Tonnes,10598.3016
Asia Pacific,Coffee,Leisure and Personal Goods Specialists,Retail Volume,2015,0.0,1324787.7,Tonnes,0.0
Asia Pacific,Coffee,Other Non-Grocery Retailers,Retail Volume,2015,0.0,1324787.7,Tonnes,0.0
Asia Pacific,Coffee,Vending,Retail Volume,2015,0.1,1324787.7,Tonnes,1324.7877
Asia Pacific,Coffee,Direct Selling,Retail Volume,2015,0.7,1324787.7,Tonnes,9273.513899999998
Asia Pacific,Coffee,Retail E-Commerce,Retail Volume,2015,2.1,1324787.7,Tonnes,27820.5417
Asia Pacific,RTD Coffee,Retail Channels,Off-trade Volume,2015,100.0,4195.0,million litres,4195.0
Asia Pacific,RTD Coffee,Retail Offline,Off-trade Volume,2015,99.0,4195.0,million litres,4153.05
Asia Pacific,RTD Coffee,Grocery Retailers,Off-trade Volume,2015,63.4,4195.0,million litres,2659.63
Asia Pacific,RTD Coffee,Convenience Retailers,Off-trade Volume,2015,21.9,4195.0,million litres,918.7049999999999
Asia Pacific,RTD Coffee,Convenience Stores,Off-trade Volume,2015,21.2,4195.0,million litres,889.3399999999999
Asia Pacific,RTD Coffee,Forecourt Retailers,Off-trade Volume,2015,0.7,4195.0,million litres,29.365
Asia Pacific,RTD Coffee,Supermarkets,Off-trade Volume,2015,22.2,4195.0,million litres,931.29
Asia Pacific,RTD Coffee,Hypermarkets,Off-trade Volume,2015,8.1,4195.0,million litres,339.795
Asia Pacific,RTD Coffee,Discounters,Off-trade Volume,2015,0.1,4195.0,million litres,4.195
Asia Pacific,RTD Coffee,Warehouse Clubs,Off-trade Volume,2015,1.4,4195.0,million litres,58.73
Asia Pacific,RTD Coffee,Food/drink/tobacco specialists,Off-trade Volume,2015,0.0,4195.0,million litres,0.0
Asia Pacific,RTD Coffee,Small Local Grocers,Off-trade Volume,2015,9.8,4195.0,million litres,411.11
Asia Pacific,RTD Coffee,Non-Grocery Retailers,Off-trade Volume,2015,14.0,4195.0,million litres,587.3000000000001
Asia Pacific,RTD Coffee,General Merchandise Stores,Off-trade Volume,2015,6.4,4195.0,million litres,268.48
Asia Pacific,RTD Coffee,Apparel and Footwear Specialists,Off-trade Volume,2015,0.0,4195.0,million litres,0.0
Asia Pacific,RTD Coffee,Appliances and Electronics Specialists,Off-trade Volume,2015,0.0,4195.0,million litres,0.0
Asia Pacific,RTD Coffee,Home Products Specialists,Off-trade Volume,2015,0.0,4195.0,million litres,0.0
Asia Pacific,RTD Coffee,Health and Beauty Specialists,Off-trade Volume,2015,7.6,4195.0,million litres,318.82
Asia Pacific,RTD Coffee,Leisure and Personal Goods Specialists,Off-trade Volume,2015,0.0,4195.0,million litres,0.0
Asia Pacific,RTD Coffee,Other Non-Grocery Retailers,Off-trade Volume,2015,0.0,4195.0,million litres,0.0
Asia Pacific,RTD Coffee,Vending,Off-trade Volume,2015,21.6,4195.0,million litres,906.1200000000001
Asia Pacific,RTD Coffee,Direct Selling,Off-trade Volume,2015,0.0,4195.0,million litres,0.0
Asia Pacific,RTD Coffee,Retail E-Commerce,Off-trade Volume,2015,1.0,4195.0,million litres,41.95
China,Coffee,Retail Channels,Retail Volume,2015,100.0,63458.7,Tonnes,63458.7
China,Coffee,Retail Offline,Retail Volume,2015,89.2,63458.7,Tonnes,56605.1604
China,Coffee,Grocery Retailers,Retail Volume,2015,89.2,63458.7,Tonnes,56605.1604
China,Coffee,Convenience Retailers,Retail Volume,2015,5.4,63458.7,Tonnes,3426.7698
China,Coffee,Convenience Stores,Retail Volume,2015,5.4,63458.7,Tonnes,3426.7698
China,Coffee,Forecourt Retailers,Retail Volume,2015,0.0,63458.7,Tonnes,0.0
China,Coffee,Supermarkets,Retail Volume,2015,31.6,63458.7,Tonnes,20052.9492
China,Coffee,Hypermarkets,Retail Volume,2015,42.5,63458.7,Tonnes,26969.9475
China,Coffee,Discounters,Retail Volume,2015,0.0,63458.7,Tonnes,0.0
China,Coffee,Warehouse Clubs,Retail Volume,2015,0.0,63458.7,Tonnes,0.0
China,Coffee,Food/drink/tobacco specialists,Retail Volume,2015,0.0,63458.7,Tonnes,0.0
China,Coffee,Small Local Grocers,Retail Volume,2015,9.6,63458.7,Tonnes,6092.0352
China,Coffee,Non-Grocery Retailers,Retail Volume,2015,0.0,63458.7,Tonnes,0.0
China,Coffee,General Merchandise Stores,Retail Volume,2015,0.0,63458.7,Tonnes,0.0
China,Coffee,Apparel and Footwear Specialists,Retail Volume,2015,0.0,63458.7,Tonnes,0.0
China,Coffee,Appliances and Electronics Specialists,Retail Volume,2015,0.0,63458.7,Tonnes,0.0
China,Coffee,Home Products Specialists,Retail Volume,2015,0.0,63458.7,Tonnes,0.0
China,Coffee,Health and Beauty Specialists,Retail Volume,2015,0.0,63458.7,Tonnes,0.0
China,Coffee,Leisure and Personal Goods Specialists,Retail Volume,2015,0.0,63458.7,Tonnes,0.0
China,Coffee,Other Non-Grocery Retailers,Retail Volume,2015,0.0,63458.7,Tonnes,0.0
China,Coffee,Vending,Retail Volume,2015,0.0,63458.7,Tonnes,0.0
China,Coffee,Direct Selling,Retail Volume,2015,0.0,63458.7,Tonnes,0.0
China,Coffee,Retail E-Commerce,Retail Volume,2015,10.8,63458.7,Tonnes,6853.5396
China,RTD Coffee,Retail Channels,Off-trade Volume,2015,100.0,292.4,million litres,292.4
China,RTD Coffee,Retail Offline,Off-trade Volume,2015,98.1,292.4,million litres,286.84439999999995
China,RTD Coffee,Grocery Retailers,Off-trade Volume,2015,96.5,292.4,million litres,282.166
China,RTD Coffee,Convenience Retailers,Off-trade Volume,2015,9.2,292.4,million litres,26.900799999999997
China,RTD Coffee,Convenience Stores,Off-trade Volume,2015,6.5,292.4,million litres,19.006
China,RTD Coffee,Forecourt Retailers,Off-trade Volume,2015,2.7,292.4,million litres,7.8948
China,RTD Coffee,Supermarkets,Off-trade Volume,2015,36.6,292.4,million litres,107.01839999999999
China,RTD Coffee,Hypermarkets,Off-trade Volume,2015,13.9,292.4,million litres,40.6436
China,RTD Coffee,Discounters,Off-trade Volume,2015,0.9,292.4,million litres,2.6316
China,RTD Coffee,Warehouse Clubs,Off-trade Volume,2015,0.0,292.4,million litres,0.0
China,RTD Coffee,Food/drink/tobacco specialists,Off-trade Volume,2015,0.0,292.4,million litres,0.0
China,RTD Coffee,Small Local Grocers,Off-trade Volume,2015,36.0,292.4,million litres,105.26399999999998
China,RTD Coffee,Non-Grocery Retailers,Off-trade Volume,2015,0.0,292.4,million litres,0.0
China,RTD Coffee,General Merchandise Stores,Off-trade Volume,2015,0.0,292.4,million litres,0.0
China,RTD Coffee,Apparel and Footwear Specialists,Off-trade Volume,2015,0.0,292.4,million litres,0.0
China,RTD Coffee,Appliances and Electronics Specialists,Off-trade Volume,2015,0.0,292.4,million litres,0.0
China,RTD Coffee,Home Products Specialists,Off-trade Volume,2015,0.0,292.4,million litres,0.0
China,RTD Coffee,Health and Beauty Specialists,Off-trade Volume,2015,0.0,292.4,million litres,0.0
China,RTD Coffee,Leisure and Personal Goods Specialists,Off-trade Volume,2015,0.0,292.4,million litres,0.0
China,RTD Coffee,Other Non-Grocery Retailers,Off-trade Volume,2015,0.0,292.4,million litres,0.0
China,RTD Coffee,Vending,Off-trade Volume,2015,1.6,292.4,million litres,4.6784
China,RTD Coffee,Direct Selling,Off-trade Volume,2015,0.0,292.4,million litres,0.0
China,RTD Coffee,Retail E-Commerce,Off-trade Volume,2015,1.9,292.4,million litres,5.555599999999999
India,Coffee,Retail Channels,Retail Volume,2015,100.0,55723.8,Tonnes,55723.8
India,Coffee,Retail Offline,Retail Volume,2015,100.0,55723.8,Tonnes,55723.8
India,Coffee,Grocery Retailers,Retail Volume,2015,100.0,55723.8,Tonnes,55723.8
India,Coffee,Convenience Retailers,Retail Volume,2015,1.9,55723.8,Tonnes,1058.7522000000001
India,Coffee,Convenience Stores,Retail Volume,2015,1.7,55723.8,Tonnes,947.3046000000002
India,Coffee,Forecourt Retailers,Retail Volume,2015,0.2,55723.8,Tonnes,111.44760000000001
India,Coffee,Supermarkets,Retail Volume,2015,9.2,55723.8,Tonnes,5126.5896
India,Coffee,Hypermarkets,Retail Volume,2015,6.9,55723.8,Tonnes,3844.9422000000004
India,Coffee,Discounters,Retail Volume,2015,0.0,55723.8,Tonnes,0.0
India,Coffee,Warehouse Clubs,Retail Volume,2015,0.0,55723.8,Tonnes,0.0
India,Coffee,Food/drink/tobacco specialists,Retail Volume,2015,0.0,55723.8,Tonnes,0.0
India,Coffee,Small Local Grocers,Retail Volume,2015,82.0,55723.8,Tonnes,45693.516
India,Coffee,Non-Grocery Retailers,Retail Volume,2015,0.0,55723.8,Tonnes,0.0
India,Coffee,General Merchandise Stores,Retail Volume,2015,0.0,55723.8,Tonnes,0.0
India,Coffee,Apparel and Footwear Specialists,Retail Volume,2015,0.0,55723.8,Tonnes,0.0
India,Coffee,Appliances and Electronics Specialists,Retail Volume,2015,0.0,55723.8,Tonnes,0.0
India,Coffee,Home Products Specialists,Retail Volume,2015,0.0,55723.8,Tonnes,0.0
India,Coffee,Health and Beauty Specialists,Retail Volume,2015,0.0,55723.8,Tonnes,0.0
India,Coffee,Leisure and Personal Goods Specialists,Retail Volume,2015,0.0,55723.8,Tonnes,0.0
India,Coffee,Other Non-Grocery Retailers,Retail Volume,2015,0.0,55723.8,Tonnes,0.0
India,Coffee,Vending,Retail Volume,2015,0.0,55723.8,Tonnes,0.0
India,Coffee,Direct Selling,Retail Volume,2015,0.0,55723.8,Tonnes,0.0
India,Coffee,Retail E-Commerce,Retail Volume,2015,0.0,55723.8,Tonnes,0.0
India,RTD Coffee,Retail Channels,Off-trade Volume,2015,0.0,,million litres,
India,RTD Coffee,Retail Offline,Off-trade Volume,2015,0.0,,million litres,
India,RTD Coffee,Grocery Retailers,Off-trade Volume,2015,0.0,,million litres,
India,RTD Coffee,Convenience Retailers,Off-trade Volume,2015,0.0,,million litres,
India,RTD Coffee,Convenience Stores,Off-trade Volume,2015,0.0,,million litres,
India,RTD Coffee,Forecourt Retailers,Off-trade Volume,2015,0.0,,million litres,
India,RTD Coffee,Supermarkets,Off-trade Volume,2015,0.0,,million litres,
India,RTD Coffee,Hypermarkets,Off-trade Volume,2015,0.0,,million litres,
India,RTD Coffee,Discounters,Off-trade Volume,2015,0.0,,million litres,
India,RTD Coffee,Warehouse Clubs,Off-trade Volume,2015,0.0,,million litres,
India,RTD Coffee,Food/drink/tobacco specialists,Off-trade Volume,2015,0.0,,million litres,
India,RTD Coffee,Small Local Grocers,Off-trade Volume,2015,0.0,,million litres,
India,RTD Coffee,Non-Grocery Retailers,Off-trade Volume,2015,0.0,,million litres,
India,RTD Coffee,General Merchandise Stores,Off-trade Volume,2015,0.0,,million litres,
India,RTD Coffee,Apparel and Footwear Specialists,Off-trade Volume,2015,0.0,,million litres,
India,RTD Coffee,Appliances and Electronics Specialists,Off-trade Volume,2015,0.0,,million litres,
India,RTD Coffee,Home Products Specialists,Off-trade Volume,2015,0.0,,million litres,
India,RTD Coffee,Health and Beauty Specialists,Off-trade Volume,2015,0.0,,million litres,
India,RTD Coffee,Leisure and Personal Goods Specialists,Off-trade Volume,2015,0.0,,million litres,
India,RTD Coffee,Other Non-Grocery Retailers,Off-trade Volume,2015,0.0,,million litres,
India,RTD Coffee,Vending,Off-trade Volume,2015,0.0,,million litres,
India,RTD Coffee,Direct Selling,Off-trade Volume,2015,0.0,,million litres,
India,RTD Coffee,Retail E-Commerce,Off-trade Volume,2015,0.0,,million litres,
Japan,Coffee,Retail Channels,Retail Volume,2015,100.0,109749.0,Tonnes,109749.0
Japan,Coffee,Retail Offline,Retail Volume,2015,91.3,109749.0,Tonnes,100200.83699999998
Japan,Coffee,Grocery Retailers,Retail Volume,2015,69.9,109749.0,Tonnes,76714.551
Japan,Coffee,Convenience Retailers,Retail Volume,2015,2.9,109749.0,Tonnes,3182.721
Japan,Coffee,Convenience Stores,Retail Volume,2015,2.9,109749.0,Tonnes,3182.721
Japan,Coffee,Forecourt Retailers,Retail Volume,2015,0.0,109749.0,Tonnes,0.0
Japan,Coffee,Supermarkets,Retail Volume,2015,45.9,109749.0,Tonnes,50374.791
Japan,Coffee,Hypermarkets,Retail Volume,2015,11.8,109749.0,Tonnes,12950.382000000001
Japan,Coffee,Discounters,Retail Volume,2015,0.0,109749.0,Tonnes,0.0
Japan,Coffee,Warehouse Clubs,Retail Volume,2015,2.9,109749.0,Tonnes,3182.721
Japan,Coffee,Food/drink/tobacco specialists,Retail Volume,2015,0.0,109749.0,Tonnes,0.0
Japan,Coffee,Small Local Grocers,Retail Volume,2015,6.3,109749.0,Tonnes,6914.187
Japan,Coffee,Non-Grocery Retailers,Retail Volume,2015,20.6,109749.0,Tonnes,22608.294
Japan,Coffee,General Merchandise Stores,Retail Volume,2015,14.7,109749.0,Tonnes,16133.103
Japan,Coffee,Apparel and Footwear Specialists,Retail Volume,2015,0.0,109749.0,Tonnes,0.0
Japan,Coffee,Appliances and Electronics Specialists,Retail Volume,2015,0.0,109749.0,Tonnes,0.0
Japan,Coffee,Home Products Specialists,Retail Volume,2015,0.0,109749.0,Tonnes,0.0
Japan,Coffee,Health and Beauty Specialists,Retail Volume,2015,5.9,109749.0,Tonnes,6475.191000000001
Japan,Coffee,Leisure and Personal Goods Specialists,Retail Volume,2015,0.0,109749.0,Tonnes,0.0
Japan,Coffee,Other Non-Grocery Retailers,Retail Volume,2015,0.0,109749.0,Tonnes,0.0
Japan,Coffee,Vending,Retail Volume,2015,0.8,109749.0,Tonnes,877.992
Japan,Coffee,Direct Selling,Retail Volume,2015,0.0,109749.0,Tonnes,0.0
Japan,Coffee,Retail E-Commerce,Retail Volume,2015,8.7,109749.0,Tonnes,9548.162999999999
Japan,RTD Coffee,Retail Channels,Off-trade Volume,2015,100.0,3212.9,million litres,3212.9
Japan,RTD Coffee,Retail Offline,Off-trade Volume,2015,99.5,3212.9,million litres,3196.8355
Japan,RTD Coffee,Grocery Retailers,Off-trade Volume,2015,55.1,3212.9,million litres,1770.3079000000002
Japan,RTD Coffee,Convenience Retailers,Off-trade Volume,2015,18.8,3212.9,million litres,604.0252
Japan,RTD Coffee,Convenience Stores,Off-trade Volume,2015,18.8,3212.9,million litres,604.0252
Japan,RTD Coffee,Forecourt Retailers,Off-trade Volume,2015,0.0,3212.9,million litres,0.0
Japan,RTD Coffee,Supermarkets,Off-trade Volume,2015,23.5,3212.9,million litres,755.0314999999999
Japan,RTD Coffee,Hypermarkets,Off-trade Volume,2015,6.1,3212.9,million litres,195.9869
Japan,RTD Coffee,Discounters,Off-trade Volume,2015,0.0,3212.9,million litres,0.0
Japan,RTD Coffee,Warehouse Clubs,Off-trade Volume,2015,1.5,3212.9,million litres,48.1935
Japan,RTD Coffee,Food/drink/tobacco specialists,Off-trade Volume,2015,0.0,3212.9,million litres,0.0
Japan,RTD Coffee,Small Local Grocers,Off-trade Volume,2015,5.2,3212.9,million litres,167.07080000000002
Japan,RTD Coffee,Non-Grocery Retailers,Off-trade Volume,2015,17.1,3212.9,million litres,549.4059000000001
Japan,RTD Coffee,General Merchandise Stores,Off-trade Volume,2015,7.6,3212.9,million litres,244.1804
Japan,RTD Coffee,Apparel and Footwear Specialists,Off-trade Volume,2015,0.0,3212.9,million litres,0.0
Japan,RTD Coffee,Appliances and Electronics Specialists,Off-trade Volume,2015,0.0,3212.9,million litres,0.0
Japan,RTD Coffee,Home Products Specialists,Off-trade Volume,2015,0.0,3212.9,million litres,0.0
Japan,RTD Coffee,Health and Beauty Specialists,Off-trade Volume,2015,9.5,3212.9,million litres,305.2255
Japan,RTD Coffee,Leisure and Personal Goods Specialists,Off-trade Volume,2015,0.0,3212.9,million litres,0.0
Japan,RTD Coffee,Other Non-Grocery Retailers,Off-trade Volume,2015,0.0,3212.9,million litres,0.0
Japan,RTD Coffee,Vending,Off-trade Volume,2015,27.3,3212.9,million litres,877.1217000000001
Japan,RTD Coffee,Direct Selling,Off-trade Volume,2015,0.0,3212.9,million litres,0.0
Japan,RTD Coffee,Retail E-Commerce,Off-trade Volume,2015,0.5,3212.9,million litres,16.064500000000002
Thailand,Coffee,Retail Channels,Retail Volume,2015,100.0,67308.4,Tonnes,67308.4
Thailand,Coffee,Retail Offline,Retail Volume,2015,98.5,67308.4,Tonnes,66298.77399999999
Thailand,Coffee,Grocery Retailers,Retail Volume,2015,98.5,67308.4,Tonnes,66298.77399999999
Thailand,Coffee,Convenience Retailers,Retail Volume,2015,28.9,67308.4,Tonnes,19452.127599999996
Thailand,Coffee,Convenience Stores,Retail Volume,2015,16.4,67308.4,Tonnes,11038.577599999997
Thailand,Coffee,Forecourt Retailers,Retail Volume,2015,12.5,67308.4,Tonnes,8413.55
Thailand,Coffee,Supermarkets,Retail Volume,2015,5.7,67308.4,Tonnes,3836.5788
Thailand,Coffee,Hypermarkets,Retail Volume,2015,23.3,67308.4,Tonnes,15682.8572
Thailand,Coffee,Discounters,Retail Volume,2015,0.0,67308.4,Tonnes,0.0
Thailand,Coffee,Warehouse Clubs,Retail Volume,2015,0.0,67308.4,Tonnes,0.0
Thailand,Coffee,Food/drink/tobacco specialists,Retail Volume,2015,0.0,67308.4,Tonnes,0.0
Thailand,Coffee,Small Local Grocers,Retail Volume,2015,40.6,67308.4,Tonnes,27327.2104
Thailand,Coffee,Non-Grocery Retailers,Retail Volume,2015,0.0,67308.4,Tonnes,0.0
Thailand,Coffee,General Merchandise Stores,Retail Volume,2015,0.0,67308.4,Tonnes,0.0
Thailand,Coffee,Apparel and Footwear Specialists,Retail Volume,2015,0.0,67308.4,Tonnes,0.0
Thailand,Coffee,Appliances and Electronics Specialists,Retail Volume,2015,0.0,67308.4,Tonnes,0.0
Thailand,Coffee,Home Products Specialists,Retail Volume,2015,0.0,67308.4,Tonnes,0.0
Thailand,Coffee,Health and Beauty Specialists,Retail Volume,2015,0.0,67308.4,Tonnes,0.0
Thailand,Coffee,Leisure and Personal Goods Specialists,Retail Volume,2015,0.0,67308.4,Tonnes,0.0
Thailand,Coffee,Other Non-Grocery Retailers,Retail Volume,2015,0.0,67308.4,Tonnes,0.0
Thailand,Coffee,Vending,Retail Volume,2015,0.0,67308.4,Tonnes,0.0
Thailand,Coffee,Direct Selling,Retail Volume,2015,0.0,67308.4,Tonnes,0.0
Thailand,Coffee,Retail E-Commerce,Retail Volume,2015,1.5,67308.4,Tonnes,1009.6259999999999
Thailand,RTD Coffee,Retail Channels,Off-trade Volume,2015,100.0,150.9,million litres,150.9
Thailand,RTD Coffee,Retail Offline,Off-trade Volume,2015,98.6,150.9,million litres,148.7874
Thailand,RTD Coffee,Grocery Retailers,Off-trade Volume,2015,91.2,150.9,million litres,137.6208
Thailand,RTD Coffee,Convenience Retailers,Off-trade Volume,2015,29.1,150.9,million litres,43.91190000000001
Thailand,RTD Coffee,Convenience Stores,Off-trade Volume,2015,16.6,150.9,million litres,25.049400000000002
Thailand,RTD Coffee,Forecourt Retailers,Off-trade Volume,2015,12.5,150.9,million litres,18.8625
Thailand,RTD Coffee,Supermarkets,Off-trade Volume,2015,5.6,150.9,million litres,8.4504
Thailand,RTD Coffee,Hypermarkets,Off-trade Volume,2015,23.1,150.9,million litres,34.8579
Thailand,RTD Coffee,Discounters,Off-trade Volume,2015,0.0,150.9,million litres,0.0
Thailand,RTD Coffee,Warehouse Clubs,Off-trade Volume,2015,0.0,150.9,million litres,0.0
Thailand,RTD Coffee,Food/drink/tobacco specialists,Off-trade Volume,2015,0.0,150.9,million litres,0.0
Thailand,RTD Coffee,Small Local Grocers,Off-trade Volume,2015,33.5,150.9,million litres,50.551500000000004
Thailand,RTD Coffee,Non-Grocery Retailers,Off-trade Volume,2015,0.0,150.9,million litres,0.0
Thailand,RTD Coffee,General Merchandise Stores,Off-trade Volume,2015,0.0,150.9,million litres,0.0
Thailand,RTD Coffee,Apparel and Footwear Specialists,Off-trade Volume,2015,0.0,150.9,million litres,0.0
Thailand,RTD Coffee,Appliances and Electronics Specialists,Off-trade Volume,2015,0.0,150.9,million litres,0.0
Thailand,RTD Coffee,Home Products Specialists,Off-trade Volume,2015,0.0,150.9,million litres,0.0
Thailand,RTD Coffee,Health and Beauty Specialists,Off-trade Volume,2015,0.0,150.9,million litres,0.0
Thailand,RTD Coffee,Leisure and Personal Goods Specialists,Off-trade Volume,2015,0.0,150.9,million litres,0.0
Thailand,RTD Coffee,Other Non-Grocery Retailers,Off-trade Volume,2015,0.0,150.9,million litres,0.0
Thailand,RTD Coffee,Vending,Off-trade Volume,2015,7.4,150.9,million litres,11.166600000000003
Thailand,RTD Coffee,Direct Selling,Off-trade Volume,2015,0.0,150.9,million litres,0.0
Thailand,RTD Coffee,Retail E-Commerce,Off-trade Volume,2015,1.3,150.9,million litres,1.9617000000000002
Australasia,Coffee,Retail Channels,Retail Volume,2015,100.0,39171.2,Tonnes,39171.2
Australasia,Coffee,Retail Offline,Retail Volume,2015,95.4,39171.2,Tonnes,37369.3248
Australasia,Coffee,Grocery Retailers,Retail Volume,2015,95.2,39171.2,Tonnes,37290.9824
Australasia,Coffee,Convenience Retailers,Retail Volume,2015,5.1,39171.2,Tonnes,1997.7311999999997
Australasia,Coffee,Convenience Stores,Retail Volume,2015,2.4,39171.2,Tonnes,940.1088
Australasia,Coffee,Forecourt Retailers,Retail Volume,2015,2.7,39171.2,Tonnes,1057.6224
Australasia,Coffee,Supermarkets,Retail Volume,2015,76.3,39171.2,Tonnes,29887.6256
Australasia,Coffee,Hypermarkets,Retail Volume,2015,0.0,39171.2,Tonnes,0.0
Australasia,Coffee,Discounters,Retail Volume,2015,11.5,39171.2,Tonnes,4504.688
Australasia,Coffee,Warehouse Clubs,Retail Volume,2015,0.0,39171.2,Tonnes,0.0
Australasia,Coffee,Food/drink/tobacco specialists,Retail Volume,2015,0.0,39171.2,Tonnes,0.0
Australasia,Coffee,Small Local Grocers,Retail Volume,2015,2.4,39171.2,Tonnes,940.1088
Australasia,Coffee,Non-Grocery Retailers,Retail Volume,2015,0.1,39171.2,Tonnes,39.1712
Australasia,Coffee,General Merchandise Stores,Retail Volume,2015,0.0,39171.2,Tonnes,0.0
Australasia,Coffee,Apparel and Footwear Specialists,Retail Volume,2015,0.0,39171.2,Tonnes,0.0
Australasia,Coffee,Appliances and Electronics Specialists,Retail Volume,2015,0.0,39171.2,Tonnes,0.0
Australasia,Coffee,Home Products Specialists,Retail Volume,2015,0.0,39171.2,Tonnes,0.0
Australasia,Coffee,Health and Beauty Specialists,Retail Volume,2015,0.1,39171.2,Tonnes,39.1712
Australasia,Coffee,Leisure and Personal Goods Specialists,Retail Volume,2015,0.0,39171.2,Tonnes,0.0
Australasia,Coffee,Other Non-Grocery Retailers,Retail Volume,2015,0.0,39171.2,Tonnes,0.0
Australasia,Coffee,Vending,Retail Volume,2015,0.1,39171.2,Tonnes,39.1712
Australasia,Coffee,Direct Selling,Retail Volume,2015,0.0,39171.2,Tonnes,0.0
Australasia,Coffee,Retail E-Commerce,Retail Volume,2015,4.6,39171.2,Tonnes,1801.8751999999997
Australasia,RTD Coffee,Retail Channels,Off-trade Volume,2015,100.0,3.0,million litres,3.0
Australasia,RTD Coffee,Retail Offline,Off-trade Volume,2015,95.8,3.0,million litres,2.8739999999999997
Australasia,RTD Coffee,Grocery Retailers,Off-trade Volume,2015,94.9,3.0,million litres,2.8470000000000004
Australasia,RTD Coffee,Convenience Retailers,Off-trade Volume,2015,34.5,3.0,million litres,1.035
Australasia,RTD Coffee,Convenience Stores,Off-trade Volume,2015,8.1,3.0,million litres,0.243
Australasia,RTD Coffee,Forecourt Retailers,Off-trade Volume,2015,26.4,3.0,million litres,0.792
Australasia,RTD Coffee,Supermarkets,Off-trade Volume,2015,54.4,3.0,million litres,1.6320000000000001
Australasia,RTD Coffee,Hypermarkets,Off-trade Volume,2015,0.0,3.0,million litres,0.0
Australasia,RTD Coffee,Discounters,Off-trade Volume,2015,1.2,3.0,million litres,0.036000000000000004
Australasia,RTD Coffee,Warehouse Clubs,Off-trade Volume,2015,0.0,3.0,million litres,0.0
Australasia,RTD Coffee,Food/drink/tobacco specialists,Off-trade Volume,2015,0.0,3.0,million litres,0.0
Australasia,RTD Coffee,Small Local Grocers,Off-trade Volume,2015,4.8,3.0,million litres,0.14400000000000002
Australasia,RTD Coffee,Non-Grocery Retailers,Off-trade Volume,2015,0.0,3.0,million litres,0.0
Australasia,RTD Coffee,General Merchandise Stores,Off-trade Volume,2015,0.0,3.0,million litres,0.0
Australasia,RTD Coffee,Apparel and Footwear Specialists,Off-trade Volume,2015,0.0,3.0,million litres,0.0
Australasia,RTD Coffee,Appliances and Electronics Specialists,Off-trade Volume,2015,0.0,3.0,million litres,0.0
Australasia,RTD Coffee,Home Products Specialists,Off-trade Volume,2015,0.0,3.0,million litres,0.0
Australasia,RTD Coffee,Health and Beauty Specialists,Off-trade Volume,2015,0.0,3.0,million litres,0.0
Australasia,RTD Coffee,Leisure and Personal Goods Specialists,Off-trade Volume,2015,0.0,3.0,million litres,0.0
Australasia,RTD Coffee,Other Non-Grocery Retailers,Off-trade Volume,2015,0.0,3.0,million litres,0.0
Australasia,RTD Coffee,Vending,Off-trade Volume,2015,0.9,3.0,million litres,0.027000000000000003
Australasia,RTD Coffee,Direct Selling,Off-trade Volume,2015,0.0,3.0,million litres,0.0
Australasia,RTD Coffee,Retail E-Commerce,Off-trade Volume,2015,4.2,3.0,million litres,0.126
Australia,Coffee,Retail Channels,Retail Volume,2015,100.0,34573.7,Tonnes,34573.7
Australia,Coffee,Retail Offline,Retail Volume,2015,95.3,34573.7,Tonnes,32948.736099999995
Australia,Coffee,Grocery Retailers,Retail Volume,2015,95.3,34573.7,Tonnes,32948.736099999995
Australia,Coffee,Convenience Retailers,Retail Volume,2015,5.4,34573.7,Tonnes,1866.9798
Australia,Coffee,Convenience Stores,Retail Volume,2015,2.4,34573.7,Tonnes,829.7687999999999
Australia,Coffee,Forecourt Retailers,Retail Volume,2015,3.0,34573.7,Tonnes,1037.2109999999998
Australia,Coffee,Supermarkets,Retail Volume,2015,74.8,34573.7,Tonnes,25861.127599999996
Australia,Coffee,Hypermarkets,Retail Volume,2015,0.0,34573.7,Tonnes,0.0
Australia,Coffee,Discounters,Retail Volume,2015,13.0,34573.7,Tonnes,4494.581
Australia,Coffee,Warehouse Clubs,Retail Volume,2015,0.0,34573.7,Tonnes,0.0
Australia,Coffee,Food/drink/tobacco specialists,Retail Volume,2015,0.0,34573.7,Tonnes,0.0
Australia,Coffee,Small Local Grocers,Retail Volume,2015,2.1,34573.7,Tonnes,726.0477
Australia,Coffee,Non-Grocery Retailers,Retail Volume,2015,0.0,34573.7,Tonnes,0.0
Australia,Coffee,General Merchandise Stores,Retail Volume,2015,0.0,34573.7,Tonnes,0.0
Australia,Coffee,Apparel and Footwear Specialists,Retail Volume,2015,0.0,34573.7,Tonnes,0.0
Australia,Coffee,Appliances and Electronics Specialists,Retail Volume,2015,0.0,34573.7,Tonnes,0.0
Australia,Coffee,Home Products Specialists,Retail Volume,2015,0.0,34573.7,Tonnes,0.0
Australia,Coffee,Health and Beauty Specialists,Retail Volume,2015,0.0,34573.7,Tonnes,0.0
Australia,Coffee,Leisure and Personal Goods Specialists,Retail Volume,2015,0.0,34573.7,Tonnes,0.0
Australia,Coffee,Other Non-Grocery Retailers,Retail Volume,2015,0.0,34573.7,Tonnes,0.0
Australia,Coffee,Vending,Retail Volume,2015,0.0,34573.7,Tonnes,0.0
Australia,Coffee,Direct Selling,Retail Volume,2015,0.0,34573.7,Tonnes,0.0
Australia,Coffee,Retail E-Commerce,Retail Volume,2015,4.7,34573.7,Tonnes,1624.9639
Australia,RTD Coffee,Retail Channels,Off-trade Volume,2015,100.0,3.0,million litres,3.0
Australia,RTD Coffee,Retail Offline,Off-trade Volume,2015,95.7,3.0,million litres,2.8710000000000004
Australia,RTD Coffee,Grocery Retailers,Off-trade Volume,2015,94.8,3.0,million litres,2.844
Australia,RTD Coffee,Convenience Retailers,Off-trade Volume,2015,35.1,3.0,million litres,1.0530000000000002
Australia,RTD Coffee,Convenience Stores,Off-trade Volume,2015,8.2,3.0,million litres,0.24599999999999997
Australia,RTD Coffee,Forecourt Retailers,Off-trade Volume,2015,26.8,3.0,million litres,0.804
Australia,RTD Coffee,Supermarkets,Off-trade Volume,2015,53.6,3.0,million litres,1.608
Australia,RTD Coffee,Hypermarkets,Off-trade Volume,2015,0.0,3.0,million litres,0.0
Australia,RTD Coffee,Discounters,Off-trade Volume,2015,1.2,3.0,million litres,0.036000000000000004
Australia,RTD Coffee,Warehouse Clubs,Off-trade Volume,2015,0.0,3.0,million litres,0.0
Australia,RTD Coffee,Food/drink/tobacco specialists,Off-trade Volume,2015,0.0,3.0,million litres,0.0
Australia,RTD Coffee,Small Local Grocers,Off-trade Volume,2015,4.9,3.0,million litres,0.14700000000000002
Australia,RTD Coffee,Non-Grocery Retailers,Off-trade Volume,2015,0.0,3.0,million litres,0.0
Australia,RTD Coffee,General Merchandise Stores,Off-trade Volume,2015,0.0,3.0,million litres,0.0
Australia,RTD Coffee,Apparel and Footwear Specialists,Off-trade Volume,2015,0.0,3.0,million litres,0.0
Australia,RTD Coffee,Appliances and Electronics Specialists,Off-trade Volume,2015,0.0,3.0,million litres,0.0
Australia,RTD Coffee,Home Products Specialists,Off-trade Volume,2015,0.0,3.0,million litres,0.0
Australia,RTD Coffee,Health and Beauty Specialists,Off-trade Volume,2015,0.0,3.0,million litres,0.0
Australia,RTD Coffee,Leisure and Personal Goods Specialists,Off-trade Volume,2015,0.0,3.0,million litres,0.0
Australia,RTD Coffee,Other Non-Grocery Retailers,Off-trade Volume,2015,0.0,3.0,million litres,0.0
Australia,RTD Coffee,Vending,Off-trade Volume,2015,1.0,3.0,million litres,0.03
Australia,RTD Coffee,Direct Selling,Off-trade Volume,2015,0.0,3.0,million litres,0.0
Australia,RTD Coffee,Retail E-Commerce,Off-trade Volume,2015,4.3,3.0,million litres,0.129
Eastern Europe,Coffee,Retail Channels,Retail Volume,2015,100.0,479393.9,Tonnes,479393.9
Eastern Europe,Coffee,Retail Offline,Retail Volume,2015,99.5,479393.9,Tonnes,476996.9305
Eastern Europe,Coffee,Grocery Retailers,Retail Volume,2015,96.7,479393.9,Tonnes,463573.9013000001
Eastern Europe,Coffee,Convenience Retailers,Retail Volume,2015,12.8,479393.9,Tonnes,61362.419200000004
Eastern Europe,Coffee,Convenience Stores,Retail Volume,2015,11.9,479393.9,Tonnes,57047.87410000001
Eastern Europe,Coffee,Forecourt Retailers,Retail Volume,2015,0.9,479393.9,Tonnes,4314.5451
Eastern Europe,Coffee,Supermarkets,Retail Volume,2015,28.5,479393.9,Tonnes,136627.2615
Eastern Europe,Coffee,Hypermarkets,Retail Volume,2015,17.7,479393.9,Tonnes,84852.7203
Eastern Europe,Coffee,Discounters,Retail Volume,2015,9.4,479393.9,Tonnes,45063.026600000005
Eastern Europe,Coffee,Warehouse Clubs,Retail Volume,2015,0.0,479393.9,Tonnes,0.0
Eastern Europe,Coffee,Food/drink/tobacco specialists,Retail Volume,2015,1.6,479393.9,Tonnes,7670.3024000000005
Eastern Europe,Coffee,Small Local Grocers,Retail Volume,2015,26.6,479393.9,Tonnes,127518.7774
Eastern Europe,Coffee,Non-Grocery Retailers,Retail Volume,2015,0.5,479393.9,Tonnes,2396.9695
Eastern Europe,Coffee,General Merchandise Stores,Retail Volume,2015,0.2,479393.9,Tonnes,958.7878000000001
Eastern Europe,Coffee,Apparel and Footwear Specialists,Retail Volume,2015,0.0,479393.9,Tonnes,0.0
Eastern Europe,Coffee,Appliances and Electronics Specialists,Retail Volume,2015,0.0,479393.9,Tonnes,0.0
Eastern Europe,Coffee,Home Products Specialists,Retail Volume,2015,0.0,479393.9,Tonnes,0.0
Eastern Europe,Coffee,Health and Beauty Specialists,Retail Volume,2015,0.3,479393.9,Tonnes,1438.1817
Eastern Europe,Coffee,Leisure and Personal Goods Specialists,Retail Volume,2015,0.0,479393.9,Tonnes,0.0
Eastern Europe,Coffee,Other Non-Grocery Retailers,Retail Volume,2015,0.0,479393.9,Tonnes,0.0
Eastern Europe,Coffee,Vending,Retail Volume,2015,2.2,479393.9,Tonnes,10546.6658
Eastern Europe,Coffee,Direct Selling,Retail Volume,2015,0.0,479393.9,Tonnes,0.0
Eastern Europe,Coffee,Retail E-Commerce,Retail Volume,2015,0.5,479393.9,Tonnes,2396.9695
Eastern Europe,RTD Coffee,Retail Channels,Off-trade Volume,2015,100.0,24.8,million litres,24.8
Eastern Europe,RTD Coffee,Retail Offline,Off-trade Volume,2015,99.8,24.8,million litres,24.7504
Eastern Europe,RTD Coffee,Grocery Retailers,Off-trade Volume,2015,98.2,24.8,million litres,24.3536
Eastern Europe,RTD Coffee,Convenience Retailers,Off-trade Volume,2015,45.9,24.8,million litres,11.383199999999999
Eastern Europe,RTD Coffee,Convenience Stores,Off-trade Volume,2015,12.0,24.8,million litres,2.976
Eastern Europe,RTD Coffee,Forecourt Retailers,Off-trade Volume,2015,33.9,24.8,million litres,8.4072
Eastern Europe,RTD Coffee,Supermarkets,Off-trade Volume,2015,12.2,24.8,million litres,3.0256
Eastern Europe,RTD Coffee,Hypermarkets,Off-trade Volume,2015,21.4,24.8,million litres,5.3072
Eastern Europe,RTD Coffee,Discounters,Off-trade Volume,2015,9.5,24.8,million litres,2.3560000000000003
Eastern Europe,RTD Coffee,Warehouse Clubs,Off-trade Volume,2015,0.0,24.8,million litres,0.0
Eastern Europe,RTD Coffee,Food/drink/tobacco specialists,Off-trade Volume,2015,1.0,24.8,million litres,0.24800000000000003
Eastern Europe,RTD Coffee,Small Local Grocers,Off-trade Volume,2015,8.2,24.8,million litres,2.0336
Eastern Europe,RTD Coffee,Non-Grocery Retailers,Off-trade Volume,2015,0.6,24.8,million litres,0.14880000000000002
Eastern Europe,RTD Coffee,General Merchandise Stores,Off-trade Volume,2015,0.3,24.8,million litres,0.07440000000000001
Eastern Europe,RTD Coffee,Apparel and Footwear Specialists,Off-trade Volume,2015,0.0,24.8,million litres,0.0
Eastern Europe,RTD Coffee,Appliances and Electronics Specialists,Off-trade Volume,2015,0.0,24.8,million litres,0.0
Eastern Europe,RTD Coffee,Home Products Specialists,Off-trade Volume,2015,0.0,24.8,million litres,0.0
Eastern Europe,RTD Coffee,Health and Beauty Specialists,Off-trade Volume,2015,0.3,24.8,million litres,0.07440000000000001
Eastern Europe,RTD Coffee,Leisure and Personal Goods Specialists,Off-trade Volume,2015,0.0,24.8,million litres,0.0
Eastern Europe,RTD Coffee,Other Non-Grocery Retailers,Off-trade Volume,2015,0.0,24.8,million litres,0.0
Eastern Europe,RTD Coffee,Vending,Off-trade Volume,2015,1.0,24.8,million litres,0.24800000000000003
Eastern Europe,RTD Coffee,Direct Selling,Off-trade Volume,2015,0.0,24.8,million litres,0.0
Eastern Europe,RTD Coffee,Retail E-Commerce,Off-trade Volume,2015,0.2,24.8,million litres,0.049600000000000005
Latin America,Coffee,Retail Channels,Retail Volume,2015,100.0,1017900.6,Tonnes,1017900.6
Latin America,Coffee,Retail Offline,Retail Volume,2015,99.7,1017900.6,Tonnes,1014846.8981999999
Latin America,Coffee,Grocery Retailers,Retail Volume,2015,97.8,1017900.6,Tonnes,995506.7868
Latin America,Coffee,Convenience Retailers,Retail Volume,2015,1.1,1017900.6,Tonnes,11196.9066
Latin America,Coffee,Convenience Stores,Retail Volume,2015,0.6,1017900.6,Tonnes,6107.4036
Latin America,Coffee,Forecourt Retailers,Retail Volume,2015,0.5,1017900.6,Tonnes,5089.503
Latin America,Coffee,Supermarkets,Retail Volume,2015,32.9,1017900.6,Tonnes,334889.2973999999
Latin America,Coffee,Hypermarkets,Retail Volume,2015,30.3,1017900.6,Tonnes,308423.8818
Latin America,Coffee,Discounters,Retail Volume,2015,2.5,1017900.6,Tonnes,25447.515
Latin America,Coffee,Warehouse Clubs,Retail Volume,2015,2.7,1017900.6,Tonnes,27483.3162
Latin America,Coffee,Food/drink/tobacco specialists,Retail Volume,2015,0.0,1017900.6,Tonnes,0.0
Latin America,Coffee,Small Local Grocers,Retail Volume,2015,28.2,1017900.6,Tonnes,287047.9692
Latin America,Coffee,Non-Grocery Retailers,Retail Volume,2015,1.5,1017900.6,Tonnes,15268.508999999998
Latin America,Coffee,General Merchandise Stores,Retail Volume,2015,1.3,1017900.6,Tonnes,13232.7078
Latin America,Coffee,Apparel and Footwear Specialists,Retail Volume,2015,0.0,1017900.6,Tonnes,0.0
Latin America,Coffee,Appliances and Electronics Specialists,Retail Volume,2015,0.0,1017900.6,Tonnes,0.0
Latin America,Coffee,Home Products Specialists,Retail Volume,2015,0.0,1017900.6,Tonnes,0.0
Latin America,Coffee,Health and Beauty Specialists,Retail Volume,2015,0.1,1017900.6,Tonnes,1017.9006
Latin America,Coffee,Leisure and Personal Goods Specialists,Retail Volume,2015,0.0,1017900.6,Tonnes,0.0
Latin America,Coffee,Other Non-Grocery Retailers,Retail Volume,2015,0.0,1017900.6,Tonnes,0.0
Latin America,Coffee,Vending,Retail Volume,2015,0.2,1017900.6,Tonnes,2035.8012
Latin America,Coffee,Direct Selling,Retail Volume,2015,0.3,1017900.6,Tonnes,3053.7018
Latin America,Coffee,Retail E-Commerce,Retail Volume,2015,0.3,1017900.6,Tonnes,3053.7018
Latin America,RTD Coffee,Retail Channels,Off-trade Volume,2015,100.0,18.4,million litres,18.4
Latin America,RTD Coffee,Retail Offline,Off-trade Volume,2015,100.0,18.4,million litres,18.4
Latin America,RTD Coffee,Grocery Retailers,Off-trade Volume,2015,98.9,18.4,million litres,18.1976
Latin America,RTD Coffee,Convenience Retailers,Off-trade Volume,2015,20.3,18.4,million litres,3.7352
Latin America,RTD Coffee,Convenience Stores,Off-trade Volume,2015,8.4,18.4,million litres,1.5456
Latin America,RTD Coffee,Forecourt Retailers,Off-trade Volume,2015,11.9,18.4,million litres,2.1896
Latin America,RTD Coffee,Supermarkets,Off-trade Volume,2015,26.1,18.4,million litres,4.8024
Latin America,RTD Coffee,Hypermarkets,Off-trade Volume,2015,10.1,18.4,million litres,1.8583999999999998
Latin America,RTD Coffee,Discounters,Off-trade Volume,2015,2.2,18.4,million litres,0.4048
Latin America,RTD Coffee,Warehouse Clubs,Off-trade Volume,2015,0.4,18.4,million litres,0.0736
Latin America,RTD Coffee,Food/drink/tobacco specialists,Off-trade Volume,2015,0.4,18.4,million litres,0.0736
Latin America,RTD Coffee,Small Local Grocers,Off-trade Volume,2015,39.4,18.4,million litres,7.249599999999999
Latin America,RTD Coffee,Non-Grocery Retailers,Off-trade Volume,2015,1.1,18.4,million litres,0.2024
Latin America,RTD Coffee,General Merchandise Stores,Off-trade Volume,2015,0.2,18.4,million litres,0.0368
Latin America,RTD Coffee,Apparel and Footwear Specialists,Off-trade Volume,2015,0.0,18.4,million litres,0.0
Latin America,RTD Coffee,Appliances and Electronics Specialists,Off-trade Volume,2015,0.0,18.4,million litres,0.0
Latin America,RTD Coffee,Home Products Specialists,Off-trade Volume,2015,0.0,18.4,million litres,0.0
Latin America,RTD Coffee,Health and Beauty Specialists,Off-trade Volume,2015,0.9,18.4,million litres,0.1656
Latin America,RTD Coffee,Leisure and Personal Goods Specialists,Off-trade Volume,2015,0.0,18.4,million litres,0.0
Latin America,RTD Coffee,Other Non-Grocery Retailers,Off-trade Volume,2015,0.0,18.4,million litres,0.0
Latin America,RTD Coffee,Vending,Off-trade Volume,2015,0.0,18.4,million litres,0.0
Latin America,RTD Coffee,Direct Selling,Off-trade Volume,2015,0.0,18.4,million litres,0.0
Latin America,RTD Coffee,Retail E-Commerce,Off-trade Volume,2015,0.0,18.4,million litres,0.0
Brazil,Coffee,Retail Channels,Retail Volume,2015,100.0,707374.4,Tonnes,707374.4
Brazil,Coffee,Retail Offline,Retail Volume,2015,99.7,707374.4,Tonnes,705252.2768
Brazil,Coffee,Grocery Retailers,Retail Volume,2015,97.5,707374.4,Tonnes,689690.04
Brazil,Coffee,Convenience Retailers,Retail Volume,2015,0.6,707374.4,Tonnes,4244.2464
Brazil,Coffee,Convenience Stores,Retail Volume,2015,0.0,707374.4,Tonnes,0.0
Brazil,Coffee,Forecourt Retailers,Retail Volume,2015,0.6,707374.4,Tonnes,4244.2464
Brazil,Coffee,Supermarkets,Retail Volume,2015,37.9,707374.4,Tonnes,268094.8976
Brazil,Coffee,Hypermarkets,Retail Volume,2015,36.3,707374.4,Tonnes,256776.9072
Brazil,Coffee,Discounters,Retail Volume,2015,0.3,707374.4,Tonnes,2122.1232
Brazil,Coffee,Warehouse Clubs,Retail Volume,2015,3.6,707374.4,Tonnes,25465.478400000004
Brazil,Coffee,Food/drink/tobacco specialists,Retail Volume,2015,0.0,707374.4,Tonnes,0.0
Brazil,Coffee,Small Local Grocers,Retail Volume,2015,18.7,707374.4,Tonnes,132279.0128
Brazil,Coffee,Non-Grocery Retailers,Retail Volume,2015,1.8,707374.4,Tonnes,12732.739200000002
Brazil,Coffee,General Merchandise Stores,Retail Volume,2015,1.8,707374.4,Tonnes,12732.739200000002
Brazil,Coffee,Apparel and Footwear Specialists,Retail Volume,2015,0.0,707374.4,Tonnes,0.0
Brazil,Coffee,Appliances and Electronics Specialists,Retail Volume,2015,0.0,707374.4,Tonnes,0.0
Brazil,Coffee,Home Products Specialists,Retail Volume,2015,0.0,707374.4,Tonnes,0.0
Brazil,Coffee,Health and Beauty Specialists,Retail Volume,2015,0.0,707374.4,Tonnes,0.0
Brazil,Coffee,Leisure and Personal Goods Specialists,Retail Volume,2015,0.0,707374.4,Tonnes,0.0
Brazil,Coffee,Other Non-Grocery Retailers,Retail Volume,2015,0.0,707374.4,Tonnes,0.0
Brazil,Coffee,Vending,Retail Volume,2015,0.0,707374.4,Tonnes,0.0
Brazil,Coffee,Direct Selling,Retail Volume,2015,0.4,707374.4,Tonnes,2829.4976
Brazil,Coffee,Retail E-Commerce,Retail Volume,2015,0.3,707374.4,Tonnes,2122.1232
Brazil,RTD Coffee,Retail Channels,Off-trade Volume,2015,100.0,1.9,million litres,1.9
Brazil,RTD Coffee,Retail Offline,Off-trade Volume,2015,100.0,1.9,million litres,1.9
Brazil,RTD Coffee,Grocery Retailers,Off-trade Volume,2015,99.3,1.9,million litres,1.8866999999999998
Brazil,RTD Coffee,Convenience Retailers,Off-trade Volume,2015,65.6,1.9,million litres,1.2463999999999997
Brazil,RTD Coffee,Convenience Stores,Off-trade Volume,2015,1.1,1.9,million litres,0.020900000000000002
Brazil,RTD Coffee,Forecourt Retailers,Off-trade Volume,2015,64.6,1.9,million litres,1.2273999999999998
Brazil,RTD Coffee,Supermarkets,Off-trade Volume,2015,10.6,1.9,million litres,0.2014
Brazil,RTD Coffee,Hypermarkets,Off-trade Volume,2015,10.2,1.9,million litres,0.19379999999999997
Brazil,RTD Coffee,Discounters,Off-trade Volume,2015,0.0,1.9,million litres,0.0
Brazil,RTD Coffee,Warehouse Clubs,Off-trade Volume,2015,1.3,1.9,million litres,0.0247
Brazil,RTD Coffee,Food/drink/tobacco specialists,Off-trade Volume,2015,0.0,1.9,million litres,0.0
Brazil,RTD Coffee,Small Local Grocers,Off-trade Volume,2015,11.6,1.9,million litres,0.22039999999999998
Brazil,RTD Coffee,Non-Grocery Retailers,Off-trade Volume,2015,0.7,1.9,million litres,0.013299999999999998
Brazil,RTD Coffee,General Merchandise Stores,Off-trade Volume,2015,0.7,1.9,million litres,0.013299999999999998
Brazil,RTD Coffee,Apparel and Footwear Specialists,Off-trade Volume,2015,0.0,1.9,million litres,0.0
Brazil,RTD Coffee,Appliances and Electronics Specialists,Off-trade Volume,2015,0.0,1.9,million litres,0.0
Brazil,RTD Coffee,Home Products Specialists,Off-trade Volume,2015,0.0,1.9,million litres,0.0
Brazil,RTD Coffee,Health and Beauty Specialists,Off-trade Volume,2015,0.0,1.9,million litres,0.0
Brazil,RTD Coffee,Leisure and Personal Goods Specialists,Off-trade Volume,2015,0.0,1.9,million litres,0.0
Brazil,RTD Coffee,Other Non-Grocery Retailers,Off-trade Volume,2015,0.0,1.9,million litres,0.0
Brazil,RTD Coffee,Vending,Off-trade Volume,2015,0.0,1.9,million litres,0.0
Brazil,RTD Coffee,Direct Selling,Off-trade Volume,2015,0.0,1.9,million litres,0.0
Brazil,RTD Coffee,Retail E-Commerce,Off-trade Volume,2015,0.0,1.9,million litres,0.0
Middle East and Africa,Coffee,Retail Channels,Retail Volume,2015,100.0,475943.0,Tonnes,475943.0
Middle East and Africa,Coffee,Retail Offline,Retail Volume,2015,99.7,475943.0,Tonnes,474515.171
Middle East and Africa,Coffee,Grocery Retailers,Retail Volume,2015,98.1,475943.0,Tonnes,466900.083
Middle East and Africa,Coffee,Convenience Retailers,Retail Volume,2015,5.2,475943.0,Tonnes,24749.036000000004
Middle East and Africa,Coffee,Convenience Stores,Retail Volume,2015,3.3,475943.0,Tonnes,15706.119
Middle East and Africa,Coffee,Forecourt Retailers,Retail Volume,2015,1.9,475943.0,Tonnes,9042.917
Middle East and Africa,Coffee,Supermarkets,Retail Volume,2015,30.5,475943.0,Tonnes,145162.615
Middle East and Africa,Coffee,Hypermarkets,Retail Volume,2015,9.2,475943.0,Tonnes,43786.756
Middle East and Africa,Coffee,Discounters,Retail Volume,2015,1.7,475943.0,Tonnes,8091.031000000001
Middle East and Africa,Coffee,Warehouse Clubs,Retail Volume,2015,0.0,475943.0,Tonnes,0.0
Middle East and Africa,Coffee,Food/drink/tobacco specialists,Retail Volume,2015,6.1,475943.0,Tonnes,29032.523
Middle East and Africa,Coffee,Small Local Grocers,Retail Volume,2015,45.4,475943.0,Tonnes,216078.12199999997
Middle East and Africa,Coffee,Non-Grocery Retailers,Retail Volume,2015,1.4,475943.0,Tonnes,6663.201999999999
Middle East and Africa,Coffee,General Merchandise Stores,Retail Volume,2015,0.0,475943.0,Tonnes,0.0
Middle East and Africa,Coffee,Apparel and Footwear Specialists,Retail Volume,2015,0.0,475943.0,Tonnes,0.0
Middle East and Africa,Coffee,Appliances and Electronics Specialists,Retail Volume,2015,0.0,475943.0,Tonnes,0.0
Middle East and Africa,Coffee,Home Products Specialists,Retail Volume,2015,0.0,475943.0,Tonnes,0.0
Middle East and Africa,Coffee,Health and Beauty Specialists,Retail Volume,2015,0.0,475943.0,Tonnes,0.0
Middle East and Africa,Coffee,Leisure and Personal Goods Specialists,Retail Volume,2015,0.0,475943.0,Tonnes,0.0
Middle East and Africa,Coffee,Other Non-Grocery Retailers,Retail Volume,2015,1.4,475943.0,Tonnes,6663.201999999999
Middle East and Africa,Coffee,Vending,Retail Volume,2015,0.1,475943.0,Tonnes,475.943
Middle East and Africa,Coffee,Direct Selling,Retail Volume,2015,0.1,475943.0,Tonnes,475.943
Middle East and Africa,Coffee,Retail E-Commerce,Retail Volume,2015,0.3,475943.0,Tonnes,1427.829
Middle East and Africa,RTD Coffee,Retail Channels,Off-trade Volume,2015,100.0,20.1,million litres,20.1
Middle East and Africa,RTD Coffee,Retail Offline,Off-trade Volume,2015,100.0,20.1,million litres,20.1
Middle East and Africa,RTD Coffee,Grocery Retailers,Off-trade Volume,2015,99.8,20.1,million litres,20.059800000000003
Middle East and Africa,RTD Coffee,Convenience Retailers,Off-trade Volume,2015,55.3,20.1,million litres,11.1153
Middle East and Africa,RTD Coffee,Convenience Stores,Off-trade Volume,2015,2.9,20.1,million litres,0.5829
Middle East and Africa,RTD Coffee,Forecourt Retailers,Off-trade Volume,2015,52.4,20.1,million litres,10.5324
Middle East and Africa,RTD Coffee,Supermarkets,Off-trade Volume,2015,19.7,20.1,million litres,3.9596999999999998
Middle East and Africa,RTD Coffee,Hypermarkets,Off-trade Volume,2015,18.0,20.1,million litres,3.6180000000000003
Middle East and Africa,RTD Coffee,Discounters,Off-trade Volume,2015,0.6,20.1,million litres,0.12060000000000001
Middle East and Africa,RTD Coffee,Warehouse Clubs,Off-trade Volume,2015,0.0,20.1,million litres,0.0
Middle East and Africa,RTD Coffee,Food/drink/tobacco specialists,Off-trade Volume,2015,0.4,20.1,million litres,0.08040000000000001
Middle East and Africa,RTD Coffee,Small Local Grocers,Off-trade Volume,2015,5.9,20.1,million litres,1.1859000000000002
Middle East and Africa,RTD Coffee,Non-Grocery Retailers,Off-trade Volume,2015,0.0,20.1,million litres,0.0
Middle East and Africa,RTD Coffee,General Merchandise Stores,Off-trade Volume,2015,0.0,20.1,million litres,0.0
Middle East and Africa,RTD Coffee,Apparel and Footwear Specialists,Off-trade Volume,2015,0.0,20.1,million litres,0.0
Middle East and Africa,RTD Coffee,Appliances and Electronics Specialists,Off-trade Volume,2015,0.0,20.1,million litres,0.0
Middle East and Africa,RTD Coffee,Home Products Specialists,Off-trade Volume,2015,0.0,20.1,million litres,0.0
Middle East and Africa,RTD Coffee,Health and Beauty Specialists,Off-trade Volume,2015,0.0,20.1,million litres,0.0
Middle East and Africa,RTD Coffee,Leisure and Personal Goods Specialists,Off-trade Volume,2015,0.0,20.1,million litres,0.0
Middle East and Africa,RTD Coffee,Other Non-Grocery Retailers,Off-trade Volume,2015,0.0,20.1,million litres,0.0
Middle East and Africa,RTD Coffee,Vending,Off-trade Volume,2015,0.2,20.1,million litres,0.04020000000000001
Middle East and Africa,RTD Coffee,Direct Selling,Off-trade Volume,2015,0.0,20.1,million litres,0.0
Middle East and Africa,RTD Coffee,Retail E-Commerce,Off-trade Volume,2015,0.0,20.1,million litres,0.0
North America,Coffee,Retail Channels,Retail Volume,2015,100.0,846123.2,Tonnes,846123.2
North America,Coffee,Retail Offline,Retail Volume,2015,94.2,846123.2,Tonnes,797048.0544
North America,Coffee,Grocery Retailers,Retail Volume,2015,91.5,846123.2,Tonnes,774202.728
North America,Coffee,Convenience Retailers,Retail Volume,2015,2.5,846123.2,Tonnes,21153.08
North America,Coffee,Convenience Stores,Retail Volume,2015,0.4,846123.2,Tonnes,3384.4928
North America,Coffee,Forecourt Retailers,Retail Volume,2015,2.1,846123.2,Tonnes,17768.5872
North America,Coffee,Supermarkets,Retail Volume,2015,32.5,846123.2,Tonnes,274990.04
North America,Coffee,Hypermarkets,Retail Volume,2015,25.2,846123.2,Tonnes,213223.0464
North America,Coffee,Discounters,Retail Volume,2015,2.9,846123.2,Tonnes,24537.572799999998
North America,Coffee,Warehouse Clubs,Retail Volume,2015,4.0,846123.2,Tonnes,33844.928
North America,Coffee,Food/drink/tobacco specialists,Retail Volume,2015,4.9,846123.2,Tonnes,41460.0368
North America,Coffee,Small Local Grocers,Retail Volume,2015,19.5,846123.2,Tonnes,164994.024
North America,Coffee,Non-Grocery Retailers,Retail Volume,2015,2.5,846123.2,Tonnes,21153.08
North America,Coffee,General Merchandise Stores,Retail Volume,2015,1.4,846123.2,Tonnes,11845.724799999998
North America,Coffee,Apparel and Footwear Specialists,Retail Volume,2015,0.0,846123.2,Tonnes,0.0
North America,Coffee,Appliances and Electronics Specialists,Retail Volume,2015,0.0,846123.2,Tonnes,0.0
North America,Coffee,Home Products Specialists,Retail Volume,2015,0.0,846123.2,Tonnes,0.0
North America,Coffee,Health and Beauty Specialists,Retail Volume,2015,1.1,846123.2,Tonnes,9307.3552
North America,Coffee,Leisure and Personal Goods Specialists,Retail Volume,2015,0.0,846123.2,Tonnes,0.0
North America,Coffee,Other Non-Grocery Retailers,Retail Volume,2015,0.0,846123.2,Tonnes,0.0
North America,Coffee,Vending,Retail Volume,2015,0.1,846123.2,Tonnes,846.1232
North America,Coffee,Direct Selling,Retail Volume,2015,0.2,846123.2,Tonnes,1692.2464
North America,Coffee,Retail E-Commerce,Retail Volume,2015,5.8,846123.2,Tonnes,49075.145599999996
North America,RTD Coffee,Retail Channels,Off-trade Volume,2015,100.0,456.3,million litres,456.3
North America,RTD Coffee,Retail Offline,Off-trade Volume,2015,97.7,456.3,million litres,445.8051
North America,RTD Coffee,Grocery Retailers,Off-trade Volume,2015,88.5,456.3,million litres,403.82550000000003
North America,RTD Coffee,Convenience Retailers,Off-trade Volume,2015,29.9,456.3,million litres,136.4337
North America,RTD Coffee,Convenience Stores,Off-trade Volume,2015,6.6,456.3,million litres,30.115800000000004
North America,RTD Coffee,Forecourt Retailers,Off-trade Volume,2015,23.3,456.3,million litres,106.31790000000001
North America,RTD Coffee,Supermarkets,Off-trade Volume,2015,22.0,456.3,million litres,100.38600000000001
North America,RTD Coffee,Hypermarkets,Off-trade Volume,2015,21.0,456.3,million litres,95.823
North America,RTD Coffee,Discounters,Off-trade Volume,2015,0.6,456.3,million litres,2.7378
North America,RTD Coffee,Warehouse Clubs,Off-trade Volume,2015,9.9,456.3,million litres,45.173700000000004
North America,RTD Coffee,Food/drink/tobacco specialists,Off-trade Volume,2015,0.0,456.3,million litres,0.0
North America,RTD Coffee,Small Local Grocers,Off-trade Volume,2015,5.1,456.3,million litres,23.2713
North America,RTD Coffee,Non-Grocery Retailers,Off-trade Volume,2015,5.6,456.3,million litres,25.552799999999998
North America,RTD Coffee,General Merchandise Stores,Off-trade Volume,2015,3.3,456.3,million litres,15.057900000000002
North America,RTD Coffee,Apparel and Footwear Specialists,Off-trade Volume,2015,0.0,456.3,million litres,0.0
North America,RTD Coffee,Appliances and Electronics Specialists,Off-trade Volume,2015,0.0,456.3,million litres,0.0
North America,RTD Coffee,Home Products Specialists,Off-trade Volume,2015,0.0,456.3,million litres,0.0
North America,RTD Coffee,Health and Beauty Specialists,Off-trade Volume,2015,2.3,456.3,million litres,10.4949
North America,RTD Coffee,Leisure and Personal Goods Specialists,Off-trade Volume,2015,0.0,456.3,million litres,0.0
North America,RTD Coffee,Other Non-Grocery Retailers,Off-trade Volume,2015,0.0,456.3,million litres,0.0
North America,RTD Coffee,Vending,Off-trade Volume,2015,3.6,456.3,million litres,16.426800000000004
North America,RTD Coffee,Direct Selling,Off-trade Volume,2015,0.0,456.3,million litres,0.0
North America,RTD Coffee,Retail E-Commerce,Off-trade Volume,2015,2.3,456.3,million litres,10.4949
USA,Coffee,Retail Channels,Retail Volume,2015,100.0,782346.6,Tonnes,782346.6
USA,Coffee,Retail Offline,Retail Volume,2015,93.8,782346.6,Tonnes,733841.1107999999
USA,Coffee,Grocery Retailers,Retail Volume,2015,91.4,782346.6,Tonnes,715064.7924
USA,Coffee,Convenience Retailers,Retail Volume,2015,2.6,782346.6,Tonnes,20341.0116
USA,Coffee,Convenience Stores,Retail Volume,2015,0.3,782346.6,Tonnes,2347.0398
USA,Coffee,Forecourt Retailers,Retail Volume,2015,2.2,782346.6,Tonnes,17211.625200000002
USA,Coffee,Supermarkets,Retail Volume,2015,32.0,782346.6,Tonnes,250350.912
USA,Coffee,Hypermarkets,Retail Volume,2015,25.8,782346.6,Tonnes,201845.4228
USA,Coffee,Discounters,Retail Volume,2015,1.9,782346.6,Tonnes,14864.5854
USA,Coffee,Warehouse Clubs,Retail Volume,2015,3.8,782346.6,Tonnes,29729.1708
USA,Coffee,Food/drink/tobacco specialists,Retail Volume,2015,5.3,782346.6,Tonnes,41464.3698
USA,Coffee,Small Local Grocers,Retail Volume,2015,20.2,782346.6,Tonnes,158034.0132
USA,Coffee,Non-Grocery Retailers,Retail Volume,2015,2.2,782346.6,Tonnes,17211.625200000002
USA,Coffee,General Merchandise Stores,Retail Volume,2015,1.3,782346.6,Tonnes,10170.5058
USA,Coffee,Apparel and Footwear Specialists,Retail Volume,2015,0.0,782346.6,Tonnes,0.0
USA,Coffee,Appliances and Electronics Specialists,Retail Volume,2015,0.0,782346.6,Tonnes,0.0
USA,Coffee,Home Products Specialists,Retail Volume,2015,0.0,782346.6,Tonnes,0.0
USA,Coffee,Health and Beauty Specialists,Retail Volume,2015,0.9,782346.6,Tonnes,7041.1194000000005
USA,Coffee,Leisure and Personal Goods Specialists,Retail Volume,2015,0.0,782346.6,Tonnes,0.0
USA,Coffee,Other Non-Grocery Retailers,Retail Volume,2015,0.0,782346.6,Tonnes,0.0
USA,Coffee,Vending,Retail Volume,2015,0.0,782346.6,Tonnes,0.0
USA,Coffee,Direct Selling,Retail Volume,2015,0.2,782346.6,Tonnes,1564.6932
USA,Coffee,Retail E-Commerce,Retail Volume,2015,6.2,782346.6,Tonnes,48505.489199999996
USA,RTD Coffee,Retail Channels,Off-trade Volume,2015,100.0,450.9,million litres,450.9
USA,RTD Coffee,Retail Offline,Off-trade Volume,2015,97.7,450.9,million litres,440.5293
USA,RTD Coffee,Grocery Retailers,Off-trade Volume,2015,88.6,450.9,million litres,399.4973999999999
USA,RTD Coffee,Convenience Retailers,Off-trade Volume,2015,30.1,450.9,million litres,135.7209
USA,RTD Coffee,Convenience Stores,Off-trade Volume,2015,6.7,450.9,million litres,30.2103
USA,RTD Coffee,Forecourt Retailers,Off-trade Volume,2015,23.4,450.9,million litres,105.51059999999998
USA,RTD Coffee,Supermarkets,Off-trade Volume,2015,21.8,450.9,million litres,98.2962
USA,RTD Coffee,Hypermarkets,Off-trade Volume,2015,21.1,450.9,million litres,95.13990000000001
USA,RTD Coffee,Discounters,Off-trade Volume,2015,0.6,450.9,million litres,2.7054
USA,RTD Coffee,Warehouse Clubs,Off-trade Volume,2015,9.9,450.9,million litres,44.6391
USA,RTD Coffee,Food/drink/tobacco specialists,Off-trade Volume,2015,0.0,450.9,million litres,0.0
USA,RTD Coffee,Small Local Grocers,Off-trade Volume,2015,5.1,450.9,million litres,22.9959
USA,RTD Coffee,Non-Grocery Retailers,Off-trade Volume,2015,5.5,450.9,million litres,24.7995
USA,RTD Coffee,General Merchandise Stores,Off-trade Volume,2015,3.4,450.9,million litres,15.3306
USA,RTD Coffee,Apparel and Footwear Specialists,Off-trade Volume,2015,0.0,450.9,million litres,0.0
USA,RTD Coffee,Appliances and Electronics Specialists,Off-trade Volume,2015,0.0,450.9,million litres,0.0
USA,RTD Coffee,Home Products Specialists,Off-trade Volume,2015,0.0,450.9,million litres,0.0
USA,RTD Coffee,Health and Beauty Specialists,Off-trade Volume,2015,2.2,450.9,million litres,9.9198
USA,RTD Coffee,Leisure and Personal Goods Specialists,Off-trade Volume,2015,0.0,450.9,million litres,0.0
USA,RTD Coffee,Other Non-Grocery Retailers,Off-trade Volume,2015,0.0,450.9,million litres,0.0
USA,RTD Coffee,Vending,Off-trade Volume,2015,3.6,450.9,million litres,16.232400000000002
USA,RTD Coffee,Direct Selling,Off-trade Volume,2015,0.0,450.9,million litres,0.0
USA,RTD Coffee,Retail E-Commerce,Off-trade Volume,2015,2.3,450.9,million litres,10.3707
Western Europe,Coffee,Retail Channels,Retail Volume,2015,100.0,1301698.0,Tonnes,1301698.0
Western Europe,Coffee,Retail Offline,Retail Volume,2015,97.3,1301698.0,Tonnes,1266552.1539999999
Western Europe,Coffee,Grocery Retailers,Retail Volume,2015,94.3,1301698.0,Tonnes,1227501.214
Western Europe,Coffee,Convenience Retailers,Retail Volume,2015,4.0,1301698.0,Tonnes,52067.92
Western Europe,Coffee,Convenience Stores,Retail Volume,2015,3.4,1301698.0,Tonnes,44257.732
Western Europe,Coffee,Forecourt Retailers,Retail Volume,2015,0.5,1301698.0,Tonnes,6508.49
Western Europe,Coffee,Supermarkets,Retail Volume,2015,39.0,1301698.0,Tonnes,507662.22000000003
Western Europe,Coffee,Hypermarkets,Retail Volume,2015,22.4,1301698.0,Tonnes,291580.35199999996
Western Europe,Coffee,Discounters,Retail Volume,2015,21.7,1301698.0,Tonnes,282468.466
Western Europe,Coffee,Warehouse Clubs,Retail Volume,2015,0.0,1301698.0,Tonnes,0.0
Western Europe,Coffee,Food/drink/tobacco specialists,Retail Volume,2015,4.0,1301698.0,Tonnes,52067.92
Western Europe,Coffee,Small Local Grocers,Retail Volume,2015,3.3,1301698.0,Tonnes,42956.034
Western Europe,Coffee,Non-Grocery Retailers,Retail Volume,2015,2.0,1301698.0,Tonnes,26033.96
Western Europe,Coffee,General Merchandise Stores,Retail Volume,2015,0.8,1301698.0,Tonnes,10413.584
Western Europe,Coffee,Apparel and Footwear Specialists,Retail Volume,2015,0.0,1301698.0,Tonnes,0.0
Western Europe,Coffee,Appliances and Electronics Specialists,Retail Volume,2015,0.0,1301698.0,Tonnes,0.0
Western Europe,Coffee,Home Products Specialists,Retail Volume,2015,0.0,1301698.0,Tonnes,0.0
Western Europe,Coffee,Health and Beauty Specialists,Retail Volume,2015,1.1,1301698.0,Tonnes,14318.678000000002
Western Europe,Coffee,Leisure and Personal Goods Specialists,Retail Volume,2015,0.0,1301698.0,Tonnes,0.0
Western Europe,Coffee,Other Non-Grocery Retailers,Retail Volume,2015,0.0,1301698.0,Tonnes,0.0
Western Europe,Coffee,Vending,Retail Volume,2015,1.0,1301698.0,Tonnes,13016.98
Western Europe,Coffee,Direct Selling,Retail Volume,2015,0.0,1301698.0,Tonnes,0.0
Western Europe,Coffee,Retail E-Commerce,Retail Volume,2015,2.7,1301698.0,Tonnes,35145.846000000005
Western Europe,RTD Coffee,Retail Channels,Off-trade Volume,2015,100.0,167.1,million litres,167.1
Western Europe,RTD Coffee,Retail Offline,Off-trade Volume,2015,99.2,167.1,million litres,165.76319999999998
Western Europe,RTD Coffee,Grocery Retailers,Off-trade Volume,2015,96.4,167.1,million litres,161.08440000000002
Western Europe,RTD Coffee,Convenience Retailers,Off-trade Volume,2015,14.2,167.1,million litres,23.728199999999998
Western Europe,RTD Coffee,Convenience Stores,Off-trade Volume,2015,5.3,167.1,million litres,8.8563
Western Europe,RTD Coffee,Forecourt Retailers,Off-trade Volume,2015,8.9,167.1,million litres,14.871900000000002
Western Europe,RTD Coffee,Supermarkets,Off-trade Volume,2015,41.3,167.1,million litres,69.0123
Western Europe,RTD Coffee,Hypermarkets,Off-trade Volume,2015,16.6,167.1,million litres,27.7386
Western Europe,RTD Coffee,Discounters,Off-trade Volume,2015,16.2,167.1,million litres,27.0702
Western Europe,RTD Coffee,Warehouse Clubs,Off-trade Volume,2015,0.0,167.1,million litres,0.0
Western Europe,RTD Coffee,Food/drink/tobacco specialists,Off-trade Volume,2015,0.2,167.1,million litres,0.3342
Western Europe,RTD Coffee,Small Local Grocers,Off-trade Volume,2015,7.9,167.1,million litres,13.200899999999999
Western Europe,RTD Coffee,Non-Grocery Retailers,Off-trade Volume,2015,2.1,167.1,million litres,3.5091
Western Europe,RTD Coffee,General Merchandise Stores,Off-trade Volume,2015,0.0,167.1,million litres,0.0
Western Europe,RTD Coffee,Apparel and Footwear Specialists,Off-trade Volume,2015,0.0,167.1,million litres,0.0
Western Europe,RTD Coffee,Appliances and Electronics Specialists,Off-trade Volume,2015,0.0,167.1,million litres,0.0
Western Europe,RTD Coffee,Home Products Specialists,Off-trade Volume,2015,0.0,167.1,million litres,0.0
Western Europe,RTD Coffee,Health and Beauty Specialists,Off-trade Volume,2015,2.1,167.1,million litres,3.5091
Western Europe,RTD Coffee,Leisure and Personal Goods Specialists,Off-trade Volume,2015,0.0,167.1,million litres,0.0
Western Europe,RTD Coffee,Other Non-Grocery Retailers,Off-trade Volume,2015,0.0,167.1,million litres,0.0
Western Europe,RTD Coffee,Vending,Off-trade Volume,2015,0.7,167.1,million litres,1.1696999999999997
Western Europe,RTD Coffee,Direct Selling,Off-trade Volume,2015,0.0,167.1,million litres,0.0
Western Europe,RTD Coffee,Retail E-Commerce,Off-trade Volume,2015,0.8,167.1,million litres,1.3368
France,Coffee,Retail Channels,Retail Volume,2015,100.0,181134.9,Tonnes,181134.9
France,Coffee,Retail Offline,Retail Volume,2015,95.0,181134.9,Tonnes,172078.155
France,Coffee,Grocery Retailers,Retail Volume,2015,94.1,181134.9,Tonnes,170447.9409
France,Coffee,Convenience Retailers,Retail Volume,2015,1.1,181134.9,Tonnes,1992.4839000000002
France,Coffee,Convenience Stores,Retail Volume,2015,1.1,181134.9,Tonnes,1992.4839000000002
France,Coffee,Forecourt Retailers,Retail Volume,2015,0.0,181134.9,Tonnes,0.0
France,Coffee,Supermarkets,Retail Volume,2015,25.7,181134.9,Tonnes,46551.6693
France,Coffee,Hypermarkets,Retail Volume,2015,38.1,181134.9,Tonnes,69012.39689999999
France,Coffee,Discounters,Retail Volume,2015,12.4,181134.9,Tonnes,22460.7276
France,Coffee,Warehouse Clubs,Retail Volume,2015,0.0,181134.9,Tonnes,0.0
France,Coffee,Food/drink/tobacco specialists,Retail Volume,2015,16.2,181134.9,Tonnes,29343.8538
France,Coffee,Small Local Grocers,Retail Volume,2015,0.6,181134.9,Tonnes,1086.8094
France,Coffee,Non-Grocery Retailers,Retail Volume,2015,0.6,181134.9,Tonnes,1086.8094
France,Coffee,General Merchandise Stores,Retail Volume,2015,0.0,181134.9,Tonnes,0.0
France,Coffee,Apparel and Footwear Specialists,Retail Volume,2015,0.0,181134.9,Tonnes,0.0
France,Coffee,Appliances and Electronics Specialists,Retail Volume,2015,0.0,181134.9,Tonnes,0.0
France,Coffee,Home Products Specialists,Retail Volume,2015,0.0,181134.9,Tonnes,0.0
France,Coffee,Health and Beauty Specialists,Retail Volume,2015,0.6,181134.9,Tonnes,1086.8094
France,Coffee,Leisure and Personal Goods Specialists,Retail Volume,2015,0.0,181134.9,Tonnes,0.0
France,Coffee,Other Non-Grocery Retailers,Retail Volume,2015,0.0,181134.9,Tonnes,0.0
France,Coffee,Vending,Retail Volume,2015,0.4,181134.9,Tonnes,724.5396
France,Coffee,Direct Selling,Retail Volume,2015,0.0,181134.9,Tonnes,0.0
France,Coffee,Retail E-Commerce,Retail Volume,2015,5.0,181134.9,Tonnes,9056.745
France,RTD Coffee,Retail Channels,Off-trade Volume,2015,100.0,3.1,million litres,3.1
France,RTD Coffee,Retail Offline,Off-trade Volume,2015,99.3,3.1,million litres,3.0783
France,RTD Coffee,Grocery Retailers,Off-trade Volume,2015,99.0,3.1,million litres,3.069
France,RTD Coffee,Convenience Retailers,Off-trade Volume,2015,36.6,3.1,million litres,1.1346
France,RTD Coffee,Convenience Stores,Off-trade Volume,2015,15.5,3.1,million litres,0.4805
France,RTD Coffee,Forecourt Retailers,Off-trade Volume,2015,21.1,3.1,million litres,0.6541000000000001
France,RTD Coffee,Supermarkets,Off-trade Volume,2015,24.6,3.1,million litres,0.7626000000000001
France,RTD Coffee,Hypermarkets,Off-trade Volume,2015,30.7,3.1,million litres,0.9517
France,RTD Coffee,Discounters,Off-trade Volume,2015,0.0,3.1,million litres,0.0
France,RTD Coffee,Warehouse Clubs,Off-trade Volume,2015,0.0,3.1,million litres,0.0
France,RTD Coffee,Food/drink/tobacco specialists,Off-trade Volume,2015,0.0,3.1,million litres,0.0
France,RTD Coffee,Small Local Grocers,Off-trade Volume,2015,7.0,3.1,million litres,0.21700000000000003
France,RTD Coffee,Non-Grocery Retailers,Off-trade Volume,2015,0.0,3.1,million litres,0.0
France,RTD Coffee,General Merchandise Stores,Off-trade Volume,2015,0.0,3.1,million litres,0.0
France,RTD Coffee,Apparel and Footwear Specialists,Off-trade Volume,2015,0.0,3.1,million litres,0.0
France,RTD Coffee,Appliances and Electronics Specialists,Off-trade Volume,2015,0.0,3.1,million litres,0.0
France,RTD Coffee,Home Products Specialists,Off-trade Volume,2015,0.0,3.1,million litres,0.0
France,RTD Coffee,Health and Beauty Specialists,Off-trade Volume,2015,0.0,3.1,million litres,0.0
France,RTD Coffee,Leisure and Personal Goods Specialists,Off-trade Volume,2015,0.0,3.1,million litres,0.0
France,RTD Coffee,Other Non-Grocery Retailers,Off-trade Volume,2015,0.0,3.1,million litres,0.0
France,RTD Coffee,Vending,Off-trade Volume,2015,0.3,3.1,million litres,0.009300000000000001
France,RTD Coffee,Direct Selling,Off-trade Volume,2015,0.0,3.1,million litres,0.0
France,RTD Coffee,Retail E-Commerce,Off-trade Volume,2015,0.8,3.1,million litres,0.024800000000000003
Germany,Coffee,Retail Channels,Retail Volume,2015,100.0,381919.7,Tonnes,381919.7
Germany,Coffee,Retail Offline,Retail Volume,2015,97.8,381919.7,Tonnes,373517.4666
Germany,Coffee,Grocery Retailers,Retail Volume,2015,94.2,381919.7,Tonnes,359768.35740000004
Germany,Coffee,Convenience Retailers,Retail Volume,2015,0.9,381919.7,Tonnes,3437.2773000000007
Germany,Coffee,Convenience Stores,Retail Volume,2015,0.4,381919.7,Tonnes,1527.6788000000001
Germany,Coffee,Forecourt Retailers,Retail Volume,2015,0.4,381919.7,Tonnes,1527.6788000000001
Germany,Coffee,Supermarkets,Retail Volume,2015,24.4,381919.7,Tonnes,93188.4068
Germany,Coffee,Hypermarkets,Retail Volume,2015,19.5,381919.7,Tonnes,74474.34150000001
Germany,Coffee,Discounters,Retail Volume,2015,45.5,381919.7,Tonnes,173773.4635
Germany,Coffee,Warehouse Clubs,Retail Volume,2015,0.0,381919.7,Tonnes,0.0
Germany,Coffee,Food/drink/tobacco specialists,Retail Volume,2015,2.8,381919.7,Tonnes,10693.7516
Germany,Coffee,Small Local Grocers,Retail Volume,2015,1.1,381919.7,Tonnes,4201.1167000000005
Germany,Coffee,Non-Grocery Retailers,Retail Volume,2015,3.1,381919.7,Tonnes,11839.5107
Germany,Coffee,General Merchandise Stores,Retail Volume,2015,1.9,381919.7,Tonnes,7256.4743
Germany,Coffee,Apparel and Footwear Specialists,Retail Volume,2015,0.0,381919.7,Tonnes,0.0
Germany,Coffee,Appliances and Electronics Specialists,Retail Volume,2015,0.0,381919.7,Tonnes,0.0
Germany,Coffee,Home Products Specialists,Retail Volume,2015,0.0,381919.7,Tonnes,0.0
Germany,Coffee,Health and Beauty Specialists,Retail Volume,2015,1.2,381919.7,Tonnes,4583.0364
Germany,Coffee,Leisure and Personal Goods Specialists,Retail Volume,2015,0.0,381919.7,Tonnes,0.0
Germany,Coffee,Other Non-Grocery Retailers,Retail Volume,2015,0.0,381919.7,Tonnes,0.0
Germany,Coffee,Vending,Retail Volume,2015,0.5,381919.7,Tonnes,1909.5985
Germany,Coffee,Direct Selling,Retail Volume,2015,0.0,381919.7,Tonnes,0.0
Germany,Coffee,Retail E-Commerce,Retail Volume,2015,2.2,381919.7,Tonnes,8402.233400000001
Germany,RTD Coffee,Retail Channels,Off-trade Volume,2015,100.0,78.1,million litres,78.1
Germany,RTD Coffee,Retail Offline,Off-trade Volume,2015,99.0,78.1,million litres,77.31899999999999
Germany,RTD Coffee,Grocery Retailers,Off-trade Volume,2015,94.0,78.1,million litres,73.41399999999999
Germany,RTD Coffee,Convenience Retailers,Off-trade Volume,2015,13.3,78.1,million litres,10.3873
Germany,RTD Coffee,Convenience Stores,Off-trade Volume,2015,0.1,78.1,million litres,0.0781
Germany,RTD Coffee,Forecourt Retailers,Off-trade Volume,2015,13.2,78.1,million litres,10.3092
Germany,RTD Coffee,Supermarkets,Off-trade Volume,2015,29.1,78.1,million litres,22.7271
Germany,RTD Coffee,Hypermarkets,Off-trade Volume,2015,17.4,78.1,million litres,13.589399999999998
Germany,RTD Coffee,Discounters,Off-trade Volume,2015,22.9,78.1,million litres,17.8849
Germany,RTD Coffee,Warehouse Clubs,Off-trade Volume,2015,0.0,78.1,million litres,0.0
Germany,RTD Coffee,Food/drink/tobacco specialists,Off-trade Volume,2015,0.2,78.1,million litres,0.1562
Germany,RTD Coffee,Small Local Grocers,Off-trade Volume,2015,11.2,78.1,million litres,8.747199999999998
Germany,RTD Coffee,Non-Grocery Retailers,Off-trade Volume,2015,4.4,78.1,million litres,3.4364
Germany,RTD Coffee,General Merchandise Stores,Off-trade Volume,2015,0.0,78.1,million litres,0.0
Germany,RTD Coffee,Apparel and Footwear Specialists,Off-trade Volume,2015,0.0,78.1,million litres,0.0
Germany,RTD Coffee,Appliances and Electronics Specialists,Off-trade Volume,2015,0.0,78.1,million litres,0.0
Germany,RTD Coffee,Home Products Specialists,Off-trade Volume,2015,0.0,78.1,million litres,0.0
Germany,RTD Coffee,Health and Beauty Specialists,Off-trade Volume,2015,4.4,78.1,million litres,3.4364
Germany,RTD Coffee,Leisure and Personal Goods Specialists,Off-trade Volume,2015,0.0,78.1,million litres,0.0
Germany,RTD Coffee,Other Non-Grocery Retailers,Off-trade Volume,2015,0.0,78.1,million litres,0.0
Germany,RTD Coffee,Vending,Off-trade Volume,2015,0.5,78.1,million litres,0.39049999999999996
Germany,RTD Coffee,Direct Selling,Off-trade Volume,2015,0.0,78.1,million litres,0.0
Germany,RTD Coffee,Retail E-Commerce,Off-trade Volume,2015,1.0,78.1,million litres,0.7809999999999999
United Kingdom,Coffee,Retail Channels,Retail Volume,2015,100.0,77903.9,Tonnes,77903.9
United Kingdom,Coffee,Retail Offline,Retail Volume,2015,93.2,77903.9,Tonnes,72606.4348
United Kingdom,Coffee,Grocery Retailers,Retail Volume,2015,90.3,77903.9,Tonnes,70347.2217
United Kingdom,Coffee,Convenience Retailers,Retail Volume,2015,5.0,77903.9,Tonnes,3895.1949999999997
United Kingdom,Coffee,Convenience Stores,Retail Volume,2015,4.7,77903.9,Tonnes,3661.4833
United Kingdom,Coffee,Forecourt Retailers,Retail Volume,2015,0.2,77903.9,Tonnes,155.8078
United Kingdom,Coffee,Supermarkets,Retail Volume,2015,40.9,77903.9,Tonnes,31862.695099999997
United Kingdom,Coffee,Hypermarkets,Retail Volume,2015,37.2,77903.9,Tonnes,28980.2508
United Kingdom,Coffee,Discounters,Retail Volume,2015,5.0,77903.9,Tonnes,3895.1949999999997
United Kingdom,Coffee,Warehouse Clubs,Retail Volume,2015,0.1,77903.9,Tonnes,77.9039
United Kingdom,Coffee,Food/drink/tobacco specialists,Retail Volume,2015,0.8,77903.9,Tonnes,623.2312
United Kingdom,Coffee,Small Local Grocers,Retail Volume,2015,1.3,77903.9,Tonnes,1012.7507
United Kingdom,Coffee,Non-Grocery Retailers,Retail Volume,2015,2.3,77903.9,Tonnes,1791.7896999999998
United Kingdom,Coffee,General Merchandise Stores,Retail Volume,2015,2.3,77903.9,Tonnes,1791.7896999999998
United Kingdom,Coffee,Apparel and Footwear Specialists,Retail Volume,2015,0.0,77903.9,Tonnes,0.0
United Kingdom,Coffee,Appliances and Electronics Specialists,Retail Volume,2015,0.0,77903.9,Tonnes,0.0
United Kingdom,Coffee,Home Products Specialists,Retail Volume,2015,0.0,77903.9,Tonnes,0.0
United Kingdom,Coffee,Health and Beauty Specialists,Retail Volume,2015,0.0,77903.9,Tonnes,0.0
United Kingdom,Coffee,Leisure and Personal Goods Specialists,Retail Volume,2015,0.0,77903.9,Tonnes,0.0
United Kingdom,Coffee,Other Non-Grocery Retailers,Retail Volume,2015,0.0,77903.9,Tonnes,0.0
United Kingdom,Coffee,Vending,Retail Volume,2015,0.5,77903.9,Tonnes,389.5195
United Kingdom,Coffee,Direct Selling,Retail Volume,2015,0.0,77903.9,Tonnes,0.0
United Kingdom,Coffee,Retail E-Commerce,Retail Volume,2015,6.8,77903.9,Tonnes,5297.4652
United Kingdom,RTD Coffee,Retail Channels,Off-trade Volume,2015,100.0,8.7,million litres,8.7
United Kingdom,RTD Coffee,Retail Offline,Off-trade Volume,2015,99.0,8.7,million litres,8.613
United Kingdom,RTD Coffee,Grocery Retailers,Off-trade Volume,2015,98.8,8.7,million litres,8.5956
United Kingdom,RTD Coffee,Convenience Retailers,Off-trade Volume,2015,11.5,8.7,million litres,1.0005
United Kingdom,RTD Coffee,Convenience Stores,Off-trade Volume,2015,8.0,8.7,million litres,0.696
United Kingdom,RTD Coffee,Forecourt Retailers,Off-trade Volume,2015,3.6,8.7,million litres,0.31320000000000003
United Kingdom,RTD Coffee,Supermarkets,Off-trade Volume,2015,33.2,8.7,million litres,2.8884
United Kingdom,RTD Coffee,Hypermarkets,Off-trade Volume,2015,38.7,8.7,million litres,3.3669
United Kingdom,RTD Coffee,Discounters,Off-trade Volume,2015,0.0,8.7,million litres,0.0
United Kingdom,RTD Coffee,Warehouse Clubs,Off-trade Volume,2015,0.0,8.7,million litres,0.0
United Kingdom,RTD Coffee,Food/drink/tobacco specialists,Off-trade Volume,2015,0.0,8.7,million litres,0.0
United Kingdom,RTD Coffee,Small Local Grocers,Off-trade Volume,2015,15.4,8.7,million litres,1.3397999999999999
United Kingdom,RTD Coffee,Non-Grocery Retailers,Off-trade Volume,2015,0.2,8.7,million litres,0.0174
United Kingdom,RTD Coffee,General Merchandise Stores,Off-trade Volume,2015,0.0,8.7,million litres,0.0
United Kingdom,RTD Coffee,Apparel and Footwear Specialists,Off-trade Volume,2015,0.0,8.7,million litres,0.0
United Kingdom,RTD Coffee,Appliances and Electronics Specialists,Off-trade Volume,2015,0.0,8.7,million litres,0.0
United Kingdom,RTD Coffee,Home Products Specialists,Off-trade Volume,2015,0.0,8.7,million litres,0.0
United Kingdom,RTD Coffee,Health and Beauty Specialists,Off-trade Volume,2015,0.2,8.7,million litres,0.0174
United Kingdom,RTD Coffee,Leisure and Personal Goods Specialists,Off-trade Volume,2015,0.0,8.7,million litres,0.0
United Kingdom,RTD Coffee,Other Non-Grocery Retailers,Off-trade Volume,2015,0.0,8.7,million litres,0.0
United Kingdom,RTD Coffee,Vending,Off-trade Volume,2015,0.0,8.7,million litres,0.0
United Kingdom,RTD Coffee,Direct Selling,Off-trade Volume,2015,0.0,8.7,million litres,0.0
United Kingdom,RTD Coffee,Retail E-Commerce,Off-trade Volume,2015,1.0,8.7,million litres,0.087
World,Coffee,Retail Channels,Retail Volume,2016,100.0,5601169.2,Tonnes,5601169.2
World,Coffee,Retail Offline,Retail Volume,2016,97.6,5601169.2,Tonnes,5466741.1392
World,Coffee,Grocery Retailers,Retail Volume,2016,95.0,5601169.2,Tonnes,5321110.74
World,Coffee,Convenience Retailers,Retail Volume,2016,5.4,5601169.2,Tonnes,302463.13680000004
World,Coffee,Convenience Stores,Retail Volume,2016,4.3,5601169.2,Tonnes,240850.2756
World,Coffee,Forecourt Retailers,Retail Volume,2016,1.1,5601169.2,Tonnes,61612.86120000001
World,Coffee,Supermarkets,Retail Volume,2016,29.9,5601169.2,Tonnes,1674749.5908
World,Coffee,Hypermarkets,Retail Volume,2016,21.3,5601169.2,Tonnes,1193049.0396
World,Coffee,Discounters,Retail Volume,2016,7.1,5601169.2,Tonnes,397683.0132
World,Coffee,Warehouse Clubs,Retail Volume,2016,1.2,5601169.2,Tonnes,67214.0304
World,Coffee,Food/drink/tobacco specialists,Retail Volume,2016,2.6,5601169.2,Tonnes,145630.3992
World,Coffee,Small Local Grocers,Retail Volume,2016,27.5,5601169.2,Tonnes,1540321.5300000003
World,Coffee,Non-Grocery Retailers,Retail Volume,2016,1.9,5601169.2,Tonnes,106422.2148
World,Coffee,General Merchandise Stores,Retail Volume,2016,1.1,5601169.2,Tonnes,61612.86120000001
World,Coffee,Apparel and Footwear Specialists,Retail Volume,2016,0.0,5601169.2,Tonnes,0.0
World,Coffee,Appliances and Electronics Specialists,Retail Volume,2016,0.0,5601169.2,Tonnes,0.0
World,Coffee,Home Products Specialists,Retail Volume,2016,0.0,5601169.2,Tonnes,0.0
World,Coffee,Health and Beauty Specialists,Retail Volume,2016,0.7,5601169.2,Tonnes,39208.1844
World,Coffee,Leisure and Personal Goods Specialists,Retail Volume,2016,0.0,5601169.2,Tonnes,0.0
World,Coffee,Other Non-Grocery Retailers,Retail Volume,2016,0.1,5601169.2,Tonnes,5601.1692
World,Coffee,Vending,Retail Volume,2016,0.5,5601169.2,Tonnes,28005.846
World,Coffee,Direct Selling,Retail Volume,2016,0.2,5601169.2,Tonnes,11202.3384
World,Coffee,Retail E-Commerce,Retail Volume,2016,2.4,5601169.2,Tonnes,134428.0608
World,RTD Coffee,Retail Channels,Off-trade Volume,2016,100.0,5056.9,million litres,5056.9
World,RTD Coffee,Retail Offline,Off-trade Volume,2016,98.7,5056.9,million litres,4991.1603
World,RTD Coffee,Grocery Retailers,Off-trade Volume,2016,67.9,5056.9,million litres,3433.6351
World,RTD Coffee,Convenience Retailers,Off-trade Volume,2016,23.0,5056.9,million litres,1163.087
World,RTD Coffee,Convenience Stores,Off-trade Volume,2016,19.2,5056.9,million litres,970.9248
World,RTD Coffee,Forecourt Retailers,Off-trade Volume,2016,3.8,5056.9,million litres,192.16219999999998
World,RTD Coffee,Supermarkets,Off-trade Volume,2016,22.8,5056.9,million litres,1152.9732
World,RTD Coffee,Hypermarkets,Off-trade Volume,2016,9.9,5056.9,million litres,500.6331
World,RTD Coffee,Discounters,Off-trade Volume,2016,0.8,5056.9,million litres,40.4552
World,RTD Coffee,Warehouse Clubs,Off-trade Volume,2016,2.1,5056.9,million litres,106.1949
World,RTD Coffee,Food/drink/tobacco specialists,Off-trade Volume,2016,0.0,5056.9,million litres,0.0
World,RTD Coffee,Small Local Grocers,Off-trade Volume,2016,9.3,5056.9,million litres,470.29170000000005
World,RTD Coffee,Non-Grocery Retailers,Off-trade Volume,2016,12.6,5056.9,million litres,637.1694
World,RTD Coffee,General Merchandise Stores,Off-trade Volume,2016,5.7,5056.9,million litres,288.2433
World,RTD Coffee,Apparel and Footwear Specialists,Off-trade Volume,2016,0.0,5056.9,million litres,0.0
World,RTD Coffee,Appliances and Electronics Specialists,Off-trade Volume,2016,0.0,5056.9,million litres,0.0
World,RTD Coffee,Home Products Specialists,Off-trade Volume,2016,0.0,5056.9,million litres,0.0
World,RTD Coffee,Health and Beauty Specialists,Off-trade Volume,2016,6.9,5056.9,million litres,348.9261
World,RTD Coffee,Leisure and Personal Goods Specialists,Off-trade Volume,2016,0.0,5056.9,million litres,0.0
World,RTD Coffee,Other Non-Grocery Retailers,Off-trade Volume,2016,0.0,5056.9,million litres,0.0
World,RTD Coffee,Vending,Off-trade Volume,2016,18.2,5056.9,million litres,920.3557999999999
World,RTD Coffee,Direct Selling,Off-trade Volume,2016,0.0,5056.9,million litres,0.0
World,RTD Coffee,Retail E-Commerce,Off-trade Volume,2016,1.3,5056.9,million litres,65.7397
Asia Pacific,Coffee,Retail Channels,Retail Volume,2016,100.0,1401710.6,Tonnes,1401710.6
Asia Pacific,Coffee,Retail Offline,Retail Volume,2016,97.7,1401710.6,Tonnes,1369471.2562000002
Asia Pacific,Coffee,Grocery Retailers,Retail Volume,2016,94.7,1401710.6,Tonnes,1327419.9382000002
Asia Pacific,Coffee,Convenience Retailers,Retail Volume,2016,9.0,1401710.6,Tonnes,126153.954
Asia Pacific,Coffee,Convenience Stores,Retail Volume,2016,7.8,1401710.6,Tonnes,109333.4268
Asia Pacific,Coffee,Forecourt Retailers,Retail Volume,2016,1.2,1401710.6,Tonnes,16820.5272
Asia Pacific,Coffee,Supermarkets,Retail Volume,2016,17.2,1401710.6,Tonnes,241094.2232
Asia Pacific,Coffee,Hypermarkets,Retail Volume,2016,17.9,1401710.6,Tonnes,250906.1974
Asia Pacific,Coffee,Discounters,Retail Volume,2016,0.0,1401710.6,Tonnes,0.0
Asia Pacific,Coffee,Warehouse Clubs,Retail Volume,2016,0.4,1401710.6,Tonnes,5606.8424
Asia Pacific,Coffee,Food/drink/tobacco specialists,Retail Volume,2016,0.7,1401710.6,Tonnes,9811.974199999999
Asia Pacific,Coffee,Small Local Grocers,Retail Volume,2016,49.5,1401710.6,Tonnes,693846.7470000001
Asia Pacific,Coffee,Non-Grocery Retailers,Retail Volume,2016,2.6,1401710.6,Tonnes,36444.475600000005
Asia Pacific,Coffee,General Merchandise Stores,Retail Volume,2016,1.7,1401710.6,Tonnes,23829.080200000004
Asia Pacific,Coffee,Apparel and Footwear Specialists,Retail Volume,2016,0.0,1401710.6,Tonnes,0.0
Asia Pacific,Coffee,Appliances and Electronics Specialists,Retail Volume,2016,0.0,1401710.6,Tonnes,0.0
Asia Pacific,Coffee,Home Products Specialists,Retail Volume,2016,0.0,1401710.6,Tonnes,0.0
Asia Pacific,Coffee,Health and Beauty Specialists,Retail Volume,2016,0.8,1401710.6,Tonnes,11213.6848
Asia Pacific,Coffee,Leisure and Personal Goods Specialists,Retail Volume,2016,0.0,1401710.6,Tonnes,0.0
Asia Pacific,Coffee,Other Non-Grocery Retailers,Retail Volume,2016,0.0,1401710.6,Tonnes,0.0
Asia Pacific,Coffee,Vending,Retail Volume,2016,0.1,1401710.6,Tonnes,1401.7106
Asia Pacific,Coffee,Direct Selling,Retail Volume,2016,0.3,1401710.6,Tonnes,4205.1318
Asia Pacific,Coffee,Retail E-Commerce,Retail Volume,2016,2.3,1401710.6,Tonnes,32239.343800000002
Asia Pacific,RTD Coffee,Retail Channels,Off-trade Volume,2016,100.0,4288.6,million litres,4288.6
Asia Pacific,RTD Coffee,Retail Offline,Off-trade Volume,2016,98.8,4288.6,million litres,4237.1368
Asia Pacific,RTD Coffee,Grocery Retailers,Off-trade Volume,2016,63.8,4288.6,million litres,2736.1268000000005
Asia Pacific,RTD Coffee,Convenience Retailers,Off-trade Volume,2016,22.2,4288.6,million litres,952.0692000000001
Asia Pacific,RTD Coffee,Convenience Stores,Off-trade Volume,2016,21.5,4288.6,million litres,922.0490000000001
Asia Pacific,RTD Coffee,Forecourt Retailers,Off-trade Volume,2016,0.8,4288.6,million litres,34.308800000000005
Asia Pacific,RTD Coffee,Supermarkets,Off-trade Volume,2016,22.3,4288.6,million litres,956.3578000000001
Asia Pacific,RTD Coffee,Hypermarkets,Off-trade Volume,2016,8.1,4288.6,million litres,347.37660000000005
Asia Pacific,RTD Coffee,Discounters,Off-trade Volume,2016,0.0,4288.6,million litres,0.0
Asia Pacific,RTD Coffee,Warehouse Clubs,Off-trade Volume,2016,1.3,4288.6,million litres,55.75180000000001
Asia Pacific,RTD Coffee,Food/drink/tobacco specialists,Off-trade Volume,2016,0.0,4288.6,million litres,0.0
Asia Pacific,RTD Coffee,Small Local Grocers,Off-trade Volume,2016,9.8,4288.6,million litres,420.28280000000007
Asia Pacific,RTD Coffee,Non-Grocery Retailers,Off-trade Volume,2016,14.1,4288.6,million litres,604.6926
Asia Pacific,RTD Coffee,General Merchandise Stores,Off-trade Volume,2016,6.3,4288.6,million litres,270.1818
Asia Pacific,RTD Coffee,Apparel and Footwear Specialists,Off-trade Volume,2016,0.0,4288.6,million litres,0.0
Asia Pacific,RTD Coffee,Appliances and Electronics Specialists,Off-trade Volume,2016,0.0,4288.6,million litres,0.0
Asia Pacific,RTD Coffee,Home Products Specialists,Off-trade Volume,2016,0.0,4288.6,million litres,0.0
Asia Pacific,RTD Coffee,Health and Beauty Specialists,Off-trade Volume,2016,7.8,4288.6,million litres,334.5108
Asia Pacific,RTD Coffee,Leisure and Personal Goods Specialists,Off-trade Volume,2016,0.0,4288.6,million litres,0.0
Asia Pacific,RTD Coffee,Other Non-Grocery Retailers,Off-trade Volume,2016,0.0,4288.6,million litres,0.0
Asia Pacific,RTD Coffee,Vending,Off-trade Volume,2016,20.9,4288.6,million litres,896.3174
Asia Pacific,RTD Coffee,Direct Selling,Off-trade Volume,2016,0.0,4288.6,million litres,0.0
Asia Pacific,RTD Coffee,Retail E-Commerce,Off-trade Volume,2016,1.2,4288.6,million litres,51.46320000000001
China,Coffee,Retail Channels,Retail Volume,2016,100.0,63448.1,Tonnes,63448.1
China,Coffee,Retail Offline,Retail Volume,2016,85.9,63448.1,Tonnes,54501.91790000001
China,Coffee,Grocery Retailers,Retail Volume,2016,85.9,63448.1,Tonnes,54501.91790000001
China,Coffee,Convenience Retailers,Retail Volume,2016,5.5,63448.1,Tonnes,3489.6455
China,Coffee,Convenience Stores,Retail Volume,2016,5.5,63448.1,Tonnes,3489.6455
China,Coffee,Forecourt Retailers,Retail Volume,2016,0.0,63448.1,Tonnes,0.0
China,Coffee,Supermarkets,Retail Volume,2016,30.8,63448.1,Tonnes,19542.0148
China,Coffee,Hypermarkets,Retail Volume,2016,40.9,63448.1,Tonnes,25950.272899999996
China,Coffee,Discounters,Retail Volume,2016,0.0,63448.1,Tonnes,0.0
China,Coffee,Warehouse Clubs,Retail Volume,2016,0.0,63448.1,Tonnes,0.0
China,Coffee,Food/drink/tobacco specialists,Retail Volume,2016,0.0,63448.1,Tonnes,0.0
China,Coffee,Small Local Grocers,Retail Volume,2016,8.7,63448.1,Tonnes,5519.984699999999
China,Coffee,Non-Grocery Retailers,Retail Volume,2016,0.0,63448.1,Tonnes,0.0
China,Coffee,General Merchandise Stores,Retail Volume,2016,0.0,63448.1,Tonnes,0.0
China,Coffee,Apparel and Footwear Specialists,Retail Volume,2016,0.0,63448.1,Tonnes,0.0
China,Coffee,Appliances and Electronics Specialists,Retail Volume,2016,0.0,63448.1,Tonnes,0.0
China,Coffee,Home Products Specialists,Retail Volume,2016,0.0,63448.1,Tonnes,0.0
China,Coffee,Health and Beauty Specialists,Retail Volume,2016,0.0,63448.1,Tonnes,0.0
China,Coffee,Leisure and Personal Goods Specialists,Retail Volume,2016,0.0,63448.1,Tonnes,0.0
China,Coffee,Other Non-Grocery Retailers,Retail Volume,2016,0.0,63448.1,Tonnes,0.0
China,Coffee,Vending,Retail Volume,2016,0.0,63448.1,Tonnes,0.0
China,Coffee,Direct Selling,Retail Volume,2016,0.0,63448.1,Tonnes,0.0
China,Coffee,Retail E-Commerce,Retail Volume,2016,14.1,63448.1,Tonnes,8946.182099999998
China,RTD Coffee,Retail Channels,Off-trade Volume,2016,100.0,314.3,million litres,314.3
China,RTD Coffee,Retail Offline,Off-trade Volume,2016,98.0,314.3,million litres,308.014
China,RTD Coffee,Grocery Retailers,Off-trade Volume,2016,96.2,314.3,million litres,302.3566
China,RTD Coffee,Convenience Retailers,Off-trade Volume,2016,9.7,314.3,million litres,30.487099999999998
China,RTD Coffee,Convenience Stores,Off-trade Volume,2016,7.2,314.3,million litres,22.629600000000003
China,RTD Coffee,Forecourt Retailers,Off-trade Volume,2016,2.6,314.3,million litres,8.171800000000001
China,RTD Coffee,Supermarkets,Off-trade Volume,2016,36.5,314.3,million litres,114.7195
China,RTD Coffee,Hypermarkets,Off-trade Volume,2016,13.8,314.3,million litres,43.373400000000004
China,RTD Coffee,Discounters,Off-trade Volume,2016,0.6,314.3,million litres,1.8858000000000001
China,RTD Coffee,Warehouse Clubs,Off-trade Volume,2016,0.0,314.3,million litres,0.0
China,RTD Coffee,Food/drink/tobacco specialists,Off-trade Volume,2016,0.0,314.3,million litres,0.0
China,RTD Coffee,Small Local Grocers,Off-trade Volume,2016,35.7,314.3,million litres,112.20510000000002
China,RTD Coffee,Non-Grocery Retailers,Off-trade Volume,2016,0.0,314.3,million litres,0.0
China,RTD Coffee,General Merchandise Stores,Off-trade Volume,2016,0.0,314.3,million litres,0.0
China,RTD Coffee,Apparel and Footwear Specialists,Off-trade Volume,2016,0.0,314.3,million litres,0.0
China,RTD Coffee,Appliances and Electronics Specialists,Off-trade Volume,2016,0.0,314.3,million litres,0.0
China,RTD Coffee,Home Products Specialists,Off-trade Volume,2016,0.0,314.3,million litres,0.0
China,RTD Coffee,Health and Beauty Specialists,Off-trade Volume,2016,0.0,314.3,million litres,0.0
China,RTD Coffee,Leisure and Personal Goods Specialists,Off-trade Volume,2016,0.0,314.3,million litres,0.0
China,RTD Coffee,Other Non-Grocery Retailers,Off-trade Volume,2016,0.0,314.3,million litres,0.0
China,RTD Coffee,Vending,Off-trade Volume,2016,1.7,314.3,million litres,5.343100000000001
China,RTD Coffee,Direct Selling,Off-trade Volume,2016,0.0,314.3,million litres,0.0
China,RTD Coffee,Retail E-Commerce,Off-trade Volume,2016,2.0,314.3,million litres,6.2860000000000005
India,Coffee,Retail Channels,Retail Volume,2016,100.0,59068.3,Tonnes,59068.3
India,Coffee,Retail Offline,Retail Volume,2016,100.0,59068.3,Tonnes,59068.3
India,Coffee,Grocery Retailers,Retail Volume,2016,100.0,59068.3,Tonnes,59068.3
India,Coffee,Convenience Retailers,Retail Volume,2016,2.0,59068.3,Tonnes,1181.366
India,Coffee,Convenience Stores,Retail Volume,2016,1.8,59068.3,Tonnes,1063.2294000000002
India,Coffee,Forecourt Retailers,Retail Volume,2016,0.2,59068.3,Tonnes,118.1366
India,Coffee,Supermarkets,Retail Volume,2016,9.2,59068.3,Tonnes,5434.2836
India,Coffee,Hypermarkets,Retail Volume,2016,7.0,59068.3,Tonnes,4134.781000000001
India,Coffee,Discounters,Retail Volume,2016,0.0,59068.3,Tonnes,0.0
India,Coffee,Warehouse Clubs,Retail Volume,2016,0.0,59068.3,Tonnes,0.0
India,Coffee,Food/drink/tobacco specialists,Retail Volume,2016,0.0,59068.3,Tonnes,0.0
India,Coffee,Small Local Grocers,Retail Volume,2016,81.9,59068.3,Tonnes,48376.93770000001
India,Coffee,Non-Grocery Retailers,Retail Volume,2016,0.0,59068.3,Tonnes,0.0
India,Coffee,General Merchandise Stores,Retail Volume,2016,0.0,59068.3,Tonnes,0.0
India,Coffee,Apparel and Footwear Specialists,Retail Volume,2016,0.0,59068.3,Tonnes,0.0
India,Coffee,Appliances and Electronics Specialists,Retail Volume,2016,0.0,59068.3,Tonnes,0.0
India,Coffee,Home Products Specialists,Retail Volume,2016,0.0,59068.3,Tonnes,0.0
India,Coffee,Health and Beauty Specialists,Retail Volume,2016,0.0,59068.3,Tonnes,0.0
India,Coffee,Leisure and Personal Goods Specialists,Retail Volume,2016,0.0,59068.3,Tonnes,0.0
India,Coffee,Other Non-Grocery Retailers,Retail Volume,2016,0.0,59068.3,Tonnes,0.0
India,Coffee,Vending,Retail Volume,2016,0.0,59068.3,Tonnes,0.0
India,Coffee,Direct Selling,Retail Volume,2016,0.0,59068.3,Tonnes,0.0
India,Coffee,Retail E-Commerce,Retail Volume,2016,0.0,59068.3,Tonnes,0.0
India,RTD Coffee,Retail Channels,Off-trade Volume,2016,0.0,,million litres,
India,RTD Coffee,Retail Offline,Off-trade Volume,2016,0.0,,million litres,
India,RTD Coffee,Grocery Retailers,Off-trade Volume,2016,0.0,,million litres,
India,RTD Coffee,Convenience Retailers,Off-trade Volume,2016,0.0,,million litres,
India,RTD Coffee,Convenience Stores,Off-trade Volume,2016,0.0,,million litres,
India,RTD Coffee,Forecourt Retailers,Off-trade Volume,2016,0.0,,million litres,
India,RTD Coffee,Supermarkets,Off-trade Volume,2016,0.0,,million litres,
India,RTD Coffee,Hypermarkets,Off-trade Volume,2016,0.0,,million litres,
India,RTD Coffee,Discounters,Off-trade Volume,2016,0.0,,million litres,
India,RTD Coffee,Warehouse Clubs,Off-trade Volume,2016,0.0,,million litres,
India,RTD Coffee,Food/drink/tobacco specialists,Off-trade Volume,2016,0.0,,million litres,
India,RTD Coffee,Small Local Grocers,Off-trade Volume,2016,0.0,,million litres,
India,RTD Coffee,Non-Grocery Retailers,Off-trade Volume,2016,0.0,,million litres,
India,RTD Coffee,General Merchandise Stores,Off-trade Volume,2016,0.0,,million litres,
India,RTD Coffee,Apparel and Footwear Specialists,Off-trade Volume,2016,0.0,,million litres,
India,RTD Coffee,Appliances and Electronics Specialists,Off-trade Volume,2016,0.0,,million litres,
India,RTD Coffee,Home Products Specialists,Off-trade Volume,2016,0.0,,million litres,
India,RTD Coffee,Health and Beauty Specialists,Off-trade Volume,2016,0.0,,million litres,
India,RTD Coffee,Leisure and Personal Goods Specialists,Off-trade Volume,2016,0.0,,million litres,
India,RTD Coffee,Other Non-Grocery Retailers,Off-trade Volume,2016,0.0,,million litres,
India,RTD Coffee,Vending,Off-trade Volume,2016,0.0,,million litres,
India,RTD Coffee,Direct Selling,Off-trade Volume,2016,0.0,,million litres,
India,RTD Coffee,Retail E-Commerce,Off-trade Volume,2016,0.0,,million litres,
Japan,Coffee,Retail Channels,Retail Volume,2016,100.0,112114.4,Tonnes,112114.4
Japan,Coffee,Retail Offline,Retail Volume,2016,91.0,112114.4,Tonnes,102024.10399999999
Japan,Coffee,Grocery Retailers,Retail Volume,2016,69.4,112114.4,Tonnes,77807.3936
Japan,Coffee,Convenience Retailers,Retail Volume,2016,3.1,112114.4,Tonnes,3475.5463999999997
Japan,Coffee,Convenience Stores,Retail Volume,2016,3.1,112114.4,Tonnes,3475.5463999999997
Japan,Coffee,Forecourt Retailers,Retail Volume,2016,0.0,112114.4,Tonnes,0.0
Japan,Coffee,Supermarkets,Retail Volume,2016,45.6,112114.4,Tonnes,51124.1664
Japan,Coffee,Hypermarkets,Retail Volume,2016,11.7,112114.4,Tonnes,13117.384799999998
Japan,Coffee,Discounters,Retail Volume,2016,0.0,112114.4,Tonnes,0.0
Japan,Coffee,Warehouse Clubs,Retail Volume,2016,2.9,112114.4,Tonnes,3251.3175999999994
Japan,Coffee,Food/drink/tobacco specialists,Retail Volume,2016,0.0,112114.4,Tonnes,0.0
Japan,Coffee,Small Local Grocers,Retail Volume,2016,6.1,112114.4,Tonnes,6838.978399999999
Japan,Coffee,Non-Grocery Retailers,Retail Volume,2016,20.8,112114.4,Tonnes,23319.7952
Japan,Coffee,General Merchandise Stores,Retail Volume,2016,14.7,112114.4,Tonnes,16480.816799999997
Japan,Coffee,Apparel and Footwear Specialists,Retail Volume,2016,0.0,112114.4,Tonnes,0.0
Japan,Coffee,Appliances and Electronics Specialists,Retail Volume,2016,0.0,112114.4,Tonnes,0.0
Japan,Coffee,Home Products Specialists,Retail Volume,2016,0.0,112114.4,Tonnes,0.0
Japan,Coffee,Health and Beauty Specialists,Retail Volume,2016,6.2,112114.4,Tonnes,6951.092799999999
Japan,Coffee,Leisure and Personal Goods Specialists,Retail Volume,2016,0.0,112114.4,Tonnes,0.0
Japan,Coffee,Other Non-Grocery Retailers,Retail Volume,2016,0.0,112114.4,Tonnes,0.0
Japan,Coffee,Vending,Retail Volume,2016,0.8,112114.4,Tonnes,896.9152
Japan,Coffee,Direct Selling,Retail Volume,2016,0.0,112114.4,Tonnes,0.0
Japan,Coffee,Retail E-Commerce,Retail Volume,2016,9.0,112114.4,Tonnes,10090.295999999998
Japan,RTD Coffee,Retail Channels,Off-trade Volume,2016,100.0,3238.4,million litres,3238.4
Japan,RTD Coffee,Retail Offline,Off-trade Volume,2016,99.4,3238.4,million litres,3218.9696000000004
Japan,RTD Coffee,Grocery Retailers,Off-trade Volume,2016,55.1,3238.4,million litres,1784.3584000000003
Japan,RTD Coffee,Convenience Retailers,Off-trade Volume,2016,19.0,3238.4,million litres,615.296
Japan,RTD Coffee,Convenience Stores,Off-trade Volume,2016,19.0,3238.4,million litres,615.296
Japan,RTD Coffee,Forecourt Retailers,Off-trade Volume,2016,0.0,3238.4,million litres,0.0
Japan,RTD Coffee,Supermarkets,Off-trade Volume,2016,23.6,3238.4,million litres,764.2624000000001
Japan,RTD Coffee,Hypermarkets,Off-trade Volume,2016,6.1,3238.4,million litres,197.54240000000001
Japan,RTD Coffee,Discounters,Off-trade Volume,2016,0.0,3238.4,million litres,0.0
Japan,RTD Coffee,Warehouse Clubs,Off-trade Volume,2016,1.5,3238.4,million litres,48.576
Japan,RTD Coffee,Food/drink/tobacco specialists,Off-trade Volume,2016,0.0,3238.4,million litres,0.0
Japan,RTD Coffee,Small Local Grocers,Off-trade Volume,2016,4.9,3238.4,million litres,158.6816
Japan,RTD Coffee,Non-Grocery Retailers,Off-trade Volume,2016,17.4,3238.4,million litres,563.4816
Japan,RTD Coffee,General Merchandise Stores,Off-trade Volume,2016,7.6,3238.4,million litres,246.1184
Japan,RTD Coffee,Apparel and Footwear Specialists,Off-trade Volume,2016,0.0,3238.4,million litres,0.0
Japan,RTD Coffee,Appliances and Electronics Specialists,Off-trade Volume,2016,0.0,3238.4,million litres,0.0
Japan,RTD Coffee,Home Products Specialists,Off-trade Volume,2016,0.0,3238.4,million litres,0.0
Japan,RTD Coffee,Health and Beauty Specialists,Off-trade Volume,2016,9.8,3238.4,million litres,317.3632
Japan,RTD Coffee,Leisure and Personal Goods Specialists,Off-trade Volume,2016,0.0,3238.4,million litres,0.0
Japan,RTD Coffee,Other Non-Grocery Retailers,Off-trade Volume,2016,0.0,3238.4,million litres,0.0
Japan,RTD Coffee,Vending,Off-trade Volume,2016,26.9,3238.4,million litres,871.1295999999999
Japan,RTD Coffee,Direct Selling,Off-trade Volume,2016,0.0,3238.4,million litres,0.0
Japan,RTD Coffee,Retail E-Commerce,Off-trade Volume,2016,0.6,3238.4,million litres,19.430400000000002
Thailand,Coffee,Retail Channels,Retail Volume,2016,100.0,69814.1,Tonnes,69814.1
Thailand,Coffee,Retail Offline,Retail Volume,2016,98.5,69814.1,Tonnes,68766.8885
Thailand,Coffee,Grocery Retailers,Retail Volume,2016,98.5,69814.1,Tonnes,68766.8885
Thailand,Coffee,Convenience Retailers,Retail Volume,2016,29.0,69814.1,Tonnes,20246.089
Thailand,Coffee,Convenience Stores,Retail Volume,2016,16.5,69814.1,Tonnes,11519.326500000001
Thailand,Coffee,Forecourt Retailers,Retail Volume,2016,12.6,69814.1,Tonnes,8796.5766
Thailand,Coffee,Supermarkets,Retail Volume,2016,5.7,69814.1,Tonnes,3979.4037000000003
Thailand,Coffee,Hypermarkets,Retail Volume,2016,23.3,69814.1,Tonnes,16266.685300000003
Thailand,Coffee,Discounters,Retail Volume,2016,0.0,69814.1,Tonnes,0.0
Thailand,Coffee,Warehouse Clubs,Retail Volume,2016,0.0,69814.1,Tonnes,0.0
Thailand,Coffee,Food/drink/tobacco specialists,Retail Volume,2016,0.0,69814.1,Tonnes,0.0
Thailand,Coffee,Small Local Grocers,Retail Volume,2016,40.4,69814.1,Tonnes,28204.8964
Thailand,Coffee,Non-Grocery Retailers,Retail Volume,2016,0.0,69814.1,Tonnes,0.0
Thailand,Coffee,General Merchandise Stores,Retail Volume,2016,0.0,69814.1,Tonnes,0.0
Thailand,Coffee,Apparel and Footwear Specialists,Retail Volume,2016,0.0,69814.1,Tonnes,0.0
Thailand,Coffee,Appliances and Electronics Specialists,Retail Volume,2016,0.0,69814.1,Tonnes,0.0
Thailand,Coffee,Home Products Specialists,Retail Volume,2016,0.0,69814.1,Tonnes,0.0
Thailand,Coffee,Health and Beauty Specialists,Retail Volume,2016,0.0,69814.1,Tonnes,0.0
Thailand,Coffee,Leisure and Personal Goods Specialists,Retail Volume,2016,0.0,69814.1,Tonnes,0.0
Thailand,Coffee,Other Non-Grocery Retailers,Retail Volume,2016,0.0,69814.1,Tonnes,0.0
Thailand,Coffee,Vending,Retail Volume,2016,0.0,69814.1,Tonnes,0.0
Thailand,Coffee,Direct Selling,Retail Volume,2016,0.0,69814.1,Tonnes,0.0
Thailand,Coffee,Retail E-Commerce,Retail Volume,2016,1.5,69814.1,Tonnes,1047.2115000000001
Thailand,RTD Coffee,Retail Channels,Off-trade Volume,2016,100.0,159.5,million litres,159.5
Thailand,RTD Coffee,Retail Offline,Off-trade Volume,2016,98.6,159.5,million litres,157.267
Thailand,RTD Coffee,Grocery Retailers,Off-trade Volume,2016,91.2,159.5,million litres,145.464
Thailand,RTD Coffee,Convenience Retailers,Off-trade Volume,2016,29.1,159.5,million litres,46.414500000000004
Thailand,RTD Coffee,Convenience Stores,Off-trade Volume,2016,16.6,159.5,million litres,26.477
Thailand,RTD Coffee,Forecourt Retailers,Off-trade Volume,2016,12.5,159.5,million litres,19.9375
Thailand,RTD Coffee,Supermarkets,Off-trade Volume,2016,5.6,159.5,million litres,8.931999999999999
Thailand,RTD Coffee,Hypermarkets,Off-trade Volume,2016,23.1,159.5,million litres,36.844500000000004
Thailand,RTD Coffee,Discounters,Off-trade Volume,2016,0.0,159.5,million litres,0.0
Thailand,RTD Coffee,Warehouse Clubs,Off-trade Volume,2016,0.0,159.5,million litres,0.0
Thailand,RTD Coffee,Food/drink/tobacco specialists,Off-trade Volume,2016,0.0,159.5,million litres,0.0
Thailand,RTD Coffee,Small Local Grocers,Off-trade Volume,2016,33.4,159.5,million litres,53.272999999999996
Thailand,RTD Coffee,Non-Grocery Retailers,Off-trade Volume,2016,0.0,159.5,million litres,0.0
Thailand,RTD Coffee,General Merchandise Stores,Off-trade Volume,2016,0.0,159.5,million litres,0.0
Thailand,RTD Coffee,Apparel and Footwear Specialists,Off-trade Volume,2016,0.0,159.5,million litres,0.0
Thailand,RTD Coffee,Appliances and Electronics Specialists,Off-trade Volume,2016,0.0,159.5,million litres,0.0
Thailand,RTD Coffee,Home Products Specialists,Off-trade Volume,2016,0.0,159.5,million litres,0.0
Thailand,RTD Coffee,Health and Beauty Specialists,Off-trade Volume,2016,0.0,159.5,million litres,0.0
Thailand,RTD Coffee,Leisure and Personal Goods Specialists,Off-trade Volume,2016,0.0,159.5,million litres,0.0
Thailand,RTD Coffee,Other Non-Grocery Retailers,Off-trade Volume,2016,0.0,159.5,million litres,0.0
Thailand,RTD Coffee,Vending,Off-trade Volume,2016,7.4,159.5,million litres,11.803
Thailand,RTD Coffee,Direct Selling,Off-trade Volume,2016,0.0,159.5,million litres,0.0
Thailand,RTD Coffee,Retail E-Commerce,Off-trade Volume,2016,1.4,159.5,million litres,2.2329999999999997
Australasia,Coffee,Retail Channels,Retail Volume,2016,100.0,39311.5,Tonnes,39311.5
Australasia,Coffee,Retail Offline,Retail Volume,2016,94.9,39311.5,Tonnes,37306.6135
Australasia,Coffee,Grocery Retailers,Retail Volume,2016,94.7,39311.5,Tonnes,37227.9905
Australasia,Coffee,Convenience Retailers,Retail Volume,2016,5.4,39311.5,Tonnes,2122.8210000000004
Australasia,Coffee,Convenience Stores,Retail Volume,2016,2.6,39311.5,Tonnes,1022.099
Australasia,Coffee,Forecourt Retailers,Retail Volume,2016,2.8,39311.5,Tonnes,1100.722
Australasia,Coffee,Supermarkets,Retail Volume,2016,74.6,39311.5,Tonnes,29326.379
Australasia,Coffee,Hypermarkets,Retail Volume,2016,0.0,39311.5,Tonnes,0.0
Australasia,Coffee,Discounters,Retail Volume,2016,12.3,39311.5,Tonnes,4835.3145
Australasia,Coffee,Warehouse Clubs,Retail Volume,2016,0.0,39311.5,Tonnes,0.0
Australasia,Coffee,Food/drink/tobacco specialists,Retail Volume,2016,0.0,39311.5,Tonnes,0.0
Australasia,Coffee,Small Local Grocers,Retail Volume,2016,2.5,39311.5,Tonnes,982.7875
Australasia,Coffee,Non-Grocery Retailers,Retail Volume,2016,0.1,39311.5,Tonnes,39.3115
Australasia,Coffee,General Merchandise Stores,Retail Volume,2016,0.0,39311.5,Tonnes,0.0
Australasia,Coffee,Apparel and Footwear Specialists,Retail Volume,2016,0.0,39311.5,Tonnes,0.0
Australasia,Coffee,Appliances and Electronics Specialists,Retail Volume,2016,0.0,39311.5,Tonnes,0.0
Australasia,Coffee,Home Products Specialists,Retail Volume,2016,0.0,39311.5,Tonnes,0.0
Australasia,Coffee,Health and Beauty Specialists,Retail Volume,2016,0.1,39311.5,Tonnes,39.3115
Australasia,Coffee,Leisure and Personal Goods Specialists,Retail Volume,2016,0.0,39311.5,Tonnes,0.0
Australasia,Coffee,Other Non-Grocery Retailers,Retail Volume,2016,0.0,39311.5,Tonnes,0.0
Australasia,Coffee,Vending,Retail Volume,2016,0.1,39311.5,Tonnes,39.3115
Australasia,Coffee,Direct Selling,Retail Volume,2016,0.0,39311.5,Tonnes,0.0
Australasia,Coffee,Retail E-Commerce,Retail Volume,2016,5.1,39311.5,Tonnes,2004.8864999999998
Australasia,RTD Coffee,Retail Channels,Off-trade Volume,2016,100.0,3.2,million litres,3.2
Australasia,RTD Coffee,Retail Offline,Off-trade Volume,2016,95.6,3.2,million litres,3.0592
Australasia,RTD Coffee,Grocery Retailers,Off-trade Volume,2016,94.7,3.2,million litres,3.0304
Australasia,RTD Coffee,Convenience Retailers,Off-trade Volume,2016,34.1,3.2,million litres,1.0912000000000002
Australasia,RTD Coffee,Convenience Stores,Off-trade Volume,2016,8.0,3.2,million litres,0.256
Australasia,RTD Coffee,Forecourt Retailers,Off-trade Volume,2016,26.1,3.2,million litres,0.8352
Australasia,RTD Coffee,Supermarkets,Off-trade Volume,2016,55.1,3.2,million litres,1.7632000000000003
Australasia,RTD Coffee,Hypermarkets,Off-trade Volume,2016,0.0,3.2,million litres,0.0
Australasia,RTD Coffee,Discounters,Off-trade Volume,2016,1.2,3.2,million litres,0.038400000000000004
Australasia,RTD Coffee,Warehouse Clubs,Off-trade Volume,2016,0.0,3.2,million litres,0.0
Australasia,RTD Coffee,Food/drink/tobacco specialists,Off-trade Volume,2016,0.0,3.2,million litres,0.0
Australasia,RTD Coffee,Small Local Grocers,Off-trade Volume,2016,4.3,3.2,million litres,0.1376
Australasia,RTD Coffee,Non-Grocery Retailers,Off-trade Volume,2016,0.0,3.2,million litres,0.0
Australasia,RTD Coffee,General Merchandise Stores,Off-trade Volume,2016,0.0,3.2,million litres,0.0
Australasia,RTD Coffee,Apparel and Footwear Specialists,Off-trade Volume,2016,0.0,3.2,million litres,0.0
Australasia,RTD Coffee,Appliances and Electronics Specialists,Off-trade Volume,2016,0.0,3.2,million litres,0.0
Australasia,RTD Coffee,Home Products Specialists,Off-trade Volume,2016,0.0,3.2,million litres,0.0
Australasia,RTD Coffee,Health and Beauty Specialists,Off-trade Volume,2016,0.0,3.2,million litres,0.0
Australasia,RTD Coffee,Leisure and Personal Goods Specialists,Off-trade Volume,2016,0.0,3.2,million litres,0.0
Australasia,RTD Coffee,Other Non-Grocery Retailers,Off-trade Volume,2016,0.0,3.2,million litres,0.0
Australasia,RTD Coffee,Vending,Off-trade Volume,2016,0.9,3.2,million litres,0.028800000000000006
Australasia,RTD Coffee,Direct Selling,Off-trade Volume,2016,0.0,3.2,million litres,0.0
Australasia,RTD Coffee,Retail E-Commerce,Off-trade Volume,2016,4.4,3.2,million litres,0.1408
Australia,Coffee,Retail Channels,Retail Volume,2016,100.0,34399.5,Tonnes,34399.5
Australia,Coffee,Retail Offline,Retail Volume,2016,94.7,34399.5,Tonnes,32576.326500000003
Australia,Coffee,Grocery Retailers,Retail Volume,2016,94.7,34399.5,Tonnes,32576.326500000003
Australia,Coffee,Convenience Retailers,Retail Volume,2016,5.7,34399.5,Tonnes,1960.7715
Australia,Coffee,Convenience Stores,Retail Volume,2016,2.7,34399.5,Tonnes,928.7865000000002
Australia,Coffee,Forecourt Retailers,Retail Volume,2016,3.0,34399.5,Tonnes,1031.985
Australia,Coffee,Supermarkets,Retail Volume,2016,72.7,34399.5,Tonnes,25008.4365
Australia,Coffee,Hypermarkets,Retail Volume,2016,0.0,34399.5,Tonnes,0.0
Australia,Coffee,Discounters,Retail Volume,2016,14.0,34399.5,Tonnes,4815.93
Australia,Coffee,Warehouse Clubs,Retail Volume,2016,0.0,34399.5,Tonnes,0.0
Australia,Coffee,Food/drink/tobacco specialists,Retail Volume,2016,0.0,34399.5,Tonnes,0.0
Australia,Coffee,Small Local Grocers,Retail Volume,2016,2.3,34399.5,Tonnes,791.1885
Australia,Coffee,Non-Grocery Retailers,Retail Volume,2016,0.0,34399.5,Tonnes,0.0
Australia,Coffee,General Merchandise Stores,Retail Volume,2016,0.0,34399.5,Tonnes,0.0
Australia,Coffee,Apparel and Footwear Specialists,Retail Volume,2016,0.0,34399.5,Tonnes,0.0
Australia,Coffee,Appliances and Electronics Specialists,Retail Volume,2016,0.0,34399.5,Tonnes,0.0
Australia,Coffee,Home Products Specialists,Retail Volume,2016,0.0,34399.5,Tonnes,0.0
Australia,Coffee,Health and Beauty Specialists,Retail Volume,2016,0.0,34399.5,Tonnes,0.0
Australia,Coffee,Leisure and Personal Goods Specialists,Retail Volume,2016,0.0,34399.5,Tonnes,0.0
Australia,Coffee,Other Non-Grocery Retailers,Retail Volume,2016,0.0,34399.5,Tonnes,0.0
Australia,Coffee,Vending,Retail Volume,2016,0.0,34399.5,Tonnes,0.0
Australia,Coffee,Direct Selling,Retail Volume,2016,0.0,34399.5,Tonnes,0.0
Australia,Coffee,Retail E-Commerce,Retail Volume,2016,5.3,34399.5,Tonnes,1823.1734999999999
Australia,RTD Coffee,Retail Channels,Off-trade Volume,2016,100.0,3.1,million litres,3.1
Australia,RTD Coffee,Retail Offline,Off-trade Volume,2016,95.5,3.1,million litres,2.9605
Australia,RTD Coffee,Grocery Retailers,Off-trade Volume,2016,94.6,3.1,million litres,2.9326
Australia,RTD Coffee,Convenience Retailers,Off-trade Volume,2016,35.0,3.1,million litres,1.085
Australia,RTD Coffee,Convenience Stores,Off-trade Volume,2016,8.1,3.1,million litres,0.2511
Australia,RTD Coffee,Forecourt Retailers,Off-trade Volume,2016,26.8,3.1,million litres,0.8308000000000001
Australia,RTD Coffee,Supermarkets,Off-trade Volume,2016,54.0,3.1,million litres,1.6740000000000002
Australia,RTD Coffee,Hypermarkets,Off-trade Volume,2016,0.0,3.1,million litres,0.0
Australia,RTD Coffee,Discounters,Off-trade Volume,2016,1.2,3.1,million litres,0.037200000000000004
Australia,RTD Coffee,Warehouse Clubs,Off-trade Volume,2016,0.0,3.1,million litres,0.0
Australia,RTD Coffee,Food/drink/tobacco specialists,Off-trade Volume,2016,0.0,3.1,million litres,0.0
Australia,RTD Coffee,Small Local Grocers,Off-trade Volume,2016,4.4,3.1,million litres,0.13640000000000002
Australia,RTD Coffee,Non-Grocery Retailers,Off-trade Volume,2016,0.0,3.1,million litres,0.0
Australia,RTD Coffee,General Merchandise Stores,Off-trade Volume,2016,0.0,3.1,million litres,0.0
Australia,RTD Coffee,Apparel and Footwear Specialists,Off-trade Volume,2016,0.0,3.1,million litres,0.0
Australia,RTD Coffee,Appliances and Electronics Specialists,Off-trade Volume,2016,0.0,3.1,million litres,0.0
Australia,RTD Coffee,Home Products Specialists,Off-trade Volume,2016,0.0,3.1,million litres,0.0
Australia,RTD Coffee,Health and Beauty Specialists,Off-trade Volume,2016,0.0,3.1,million litres,0.0
Australia,RTD Coffee,Leisure and Personal Goods Specialists,Off-trade Volume,2016,0.0,3.1,million litres,0.0
Australia,RTD Coffee,Other Non-Grocery Retailers,Off-trade Volume,2016,0.0,3.1,million litres,0.0
Australia,RTD Coffee,Vending,Off-trade Volume,2016,1.0,3.1,million litres,0.031000000000000003
Australia,RTD Coffee,Direct Selling,Off-trade Volume,2016,0.0,3.1,million litres,0.0
Australia,RTD Coffee,Retail E-Commerce,Off-trade Volume,2016,4.5,3.1,million litres,0.13949999999999999
Eastern Europe,Coffee,Retail Channels,Retail Volume,2016,100.0,482147.3,Tonnes,482147.3
Eastern Europe,Coffee,Retail Offline,Retail Volume,2016,99.4,482147.3,Tonnes,479254.41620000004
Eastern Europe,Coffee,Grocery Retailers,Retail Volume,2016,96.4,482147.3,Tonnes,464789.99720000004
Eastern Europe,Coffee,Convenience Retailers,Retail Volume,2016,13.1,482147.3,Tonnes,63161.2963
Eastern Europe,Coffee,Convenience Stores,Retail Volume,2016,12.1,482147.3,Tonnes,58339.8233
Eastern Europe,Coffee,Forecourt Retailers,Retail Volume,2016,0.9,482147.3,Tonnes,4339.3257
Eastern Europe,Coffee,Supermarkets,Retail Volume,2016,28.4,482147.3,Tonnes,136929.8332
Eastern Europe,Coffee,Hypermarkets,Retail Volume,2016,18.0,482147.3,Tonnes,86786.514
Eastern Europe,Coffee,Discounters,Retail Volume,2016,10.1,482147.3,Tonnes,48696.87729999999
Eastern Europe,Coffee,Warehouse Clubs,Retail Volume,2016,0.0,482147.3,Tonnes,0.0
Eastern Europe,Coffee,Food/drink/tobacco specialists,Retail Volume,2016,1.6,482147.3,Tonnes,7714.3568
Eastern Europe,Coffee,Small Local Grocers,Retail Volume,2016,25.3,482147.3,Tonnes,121983.2669
Eastern Europe,Coffee,Non-Grocery Retailers,Retail Volume,2016,0.5,482147.3,Tonnes,2410.7365
Eastern Europe,Coffee,General Merchandise Stores,Retail Volume,2016,0.2,482147.3,Tonnes,964.2946
Eastern Europe,Coffee,Apparel and Footwear Specialists,Retail Volume,2016,0.0,482147.3,Tonnes,0.0
Eastern Europe,Coffee,Appliances and Electronics Specialists,Retail Volume,2016,0.0,482147.3,Tonnes,0.0
Eastern Europe,Coffee,Home Products Specialists,Retail Volume,2016,0.0,482147.3,Tonnes,0.0
Eastern Europe,Coffee,Health and Beauty Specialists,Retail Volume,2016,0.3,482147.3,Tonnes,1446.4419
Eastern Europe,Coffee,Leisure and Personal Goods Specialists,Retail Volume,2016,0.0,482147.3,Tonnes,0.0
Eastern Europe,Coffee,Other Non-Grocery Retailers,Retail Volume,2016,0.0,482147.3,Tonnes,0.0
Eastern Europe,Coffee,Vending,Retail Volume,2016,2.4,482147.3,Tonnes,11571.5352
Eastern Europe,Coffee,Direct Selling,Retail Volume,2016,0.0,482147.3,Tonnes,0.0
Eastern Europe,Coffee,Retail E-Commerce,Retail Volume,2016,0.6,482147.3,Tonnes,2892.8838
Eastern Europe,RTD Coffee,Retail Channels,Off-trade Volume,2016,100.0,25.3,million litres,25.3
Eastern Europe,RTD Coffee,Retail Offline,Off-trade Volume,2016,99.7,25.3,million litres,25.2241
Eastern Europe,RTD Coffee,Grocery Retailers,Off-trade Volume,2016,98.1,25.3,million litres,24.819300000000002
Eastern Europe,RTD Coffee,Convenience Retailers,Off-trade Volume,2016,47.1,25.3,million litres,11.916300000000001
Eastern Europe,RTD Coffee,Convenience Stores,Off-trade Volume,2016,12.5,25.3,million litres,3.1625
Eastern Europe,RTD Coffee,Forecourt Retailers,Off-trade Volume,2016,34.6,25.3,million litres,8.753800000000002
Eastern Europe,RTD Coffee,Supermarkets,Off-trade Volume,2016,12.3,25.3,million litres,3.1119000000000003
Eastern Europe,RTD Coffee,Hypermarkets,Off-trade Volume,2016,20.8,25.3,million litres,5.2624
Eastern Europe,RTD Coffee,Discounters,Off-trade Volume,2016,9.6,25.3,million litres,2.4288000000000003
Eastern Europe,RTD Coffee,Warehouse Clubs,Off-trade Volume,2016,0.0,25.3,million litres,0.0
Eastern Europe,RTD Coffee,Food/drink/tobacco specialists,Off-trade Volume,2016,1.0,25.3,million litres,0.253
Eastern Europe,RTD Coffee,Small Local Grocers,Off-trade Volume,2016,7.2,25.3,million litres,1.8216000000000003
Eastern Europe,RTD Coffee,Non-Grocery Retailers,Off-trade Volume,2016,0.6,25.3,million litres,0.15180000000000002
Eastern Europe,RTD Coffee,General Merchandise Stores,Off-trade Volume,2016,0.2,25.3,million litres,0.0506
Eastern Europe,RTD Coffee,Apparel and Footwear Specialists,Off-trade Volume,2016,0.0,25.3,million litres,0.0
Eastern Europe,RTD Coffee,Appliances and Electronics Specialists,Off-trade Volume,2016,0.0,25.3,million litres,0.0
Eastern Europe,RTD Coffee,Home Products Specialists,Off-trade Volume,2016,0.0,25.3,million litres,0.0
Eastern Europe,RTD Coffee,Health and Beauty Specialists,Off-trade Volume,2016,0.3,25.3,million litres,0.07590000000000001
Eastern Europe,RTD Coffee,Leisure and Personal Goods Specialists,Off-trade Volume,2016,0.0,25.3,million litres,0.0
Eastern Europe,RTD Coffee,Other Non-Grocery Retailers,Off-trade Volume,2016,0.0,25.3,million litres,0.0
Eastern Europe,RTD Coffee,Vending,Off-trade Volume,2016,1.1,25.3,million litres,0.27830000000000005
Eastern Europe,RTD Coffee,Direct Selling,Off-trade Volume,2016,0.0,25.3,million litres,0.0
Eastern Europe,RTD Coffee,Retail E-Commerce,Off-trade Volume,2016,0.3,25.3,million litres,0.07590000000000001
Latin America,Coffee,Retail Channels,Retail Volume,2016,100.0,1038129.5,Tonnes,1038129.5
Latin America,Coffee,Retail Offline,Retail Volume,2016,99.7,1038129.5,Tonnes,1035015.1115
Latin America,Coffee,Grocery Retailers,Retail Volume,2016,97.7,1038129.5,Tonnes,1014252.5215
Latin America,Coffee,Convenience Retailers,Retail Volume,2016,1.1,1038129.5,Tonnes,11419.424500000001
Latin America,Coffee,Convenience Stores,Retail Volume,2016,0.6,1038129.5,Tonnes,6228.777
Latin America,Coffee,Forecourt Retailers,Retail Volume,2016,0.5,1038129.5,Tonnes,5190.6475
Latin America,Coffee,Supermarkets,Retail Volume,2016,32.7,1038129.5,Tonnes,339468.3465
Latin America,Coffee,Hypermarkets,Retail Volume,2016,30.2,1038129.5,Tonnes,313515.109
Latin America,Coffee,Discounters,Retail Volume,2016,2.5,1038129.5,Tonnes,25953.237500000003
Latin America,Coffee,Warehouse Clubs,Retail Volume,2016,2.8,1038129.5,Tonnes,29067.625999999997
Latin America,Coffee,Food/drink/tobacco specialists,Retail Volume,2016,0.1,1038129.5,Tonnes,1038.1295
Latin America,Coffee,Small Local Grocers,Retail Volume,2016,28.2,1038129.5,Tonnes,292752.519
Latin America,Coffee,Non-Grocery Retailers,Retail Volume,2016,1.5,1038129.5,Tonnes,15571.9425
Latin America,Coffee,General Merchandise Stores,Retail Volume,2016,1.4,1038129.5,Tonnes,14533.812999999998
Latin America,Coffee,Apparel and Footwear Specialists,Retail Volume,2016,0.0,1038129.5,Tonnes,0.0
Latin America,Coffee,Appliances and Electronics Specialists,Retail Volume,2016,0.0,1038129.5,Tonnes,0.0
Latin America,Coffee,Home Products Specialists,Retail Volume,2016,0.0,1038129.5,Tonnes,0.0
Latin America,Coffee,Health and Beauty Specialists,Retail Volume,2016,0.1,1038129.5,Tonnes,1038.1295
Latin America,Coffee,Leisure and Personal Goods Specialists,Retail Volume,2016,0.0,1038129.5,Tonnes,0.0
Latin America,Coffee,Other Non-Grocery Retailers,Retail Volume,2016,0.0,1038129.5,Tonnes,0.0
Latin America,Coffee,Vending,Retail Volume,2016,0.2,1038129.5,Tonnes,2076.259
Latin America,Coffee,Direct Selling,Retail Volume,2016,0.3,1038129.5,Tonnes,3114.3885
Latin America,Coffee,Retail E-Commerce,Retail Volume,2016,0.3,1038129.5,Tonnes,3114.3885
Latin America,RTD Coffee,Retail Channels,Off-trade Volume,2016,100.0,19.4,million litres,19.4
Latin America,RTD Coffee,Retail Offline,Off-trade Volume,2016,100.0,19.4,million litres,19.4
Latin America,RTD Coffee,Grocery Retailers,Off-trade Volume,2016,98.9,19.4,million litres,19.186600000000002
Latin America,RTD Coffee,Convenience Retailers,Off-trade Volume,2016,18.9,19.4,million litres,3.6665999999999994
Latin America,RTD Coffee,Convenience Stores,Off-trade Volume,2016,8.5,19.4,million litres,1.649
Latin America,RTD Coffee,Forecourt Retailers,Off-trade Volume,2016,10.4,19.4,million litres,2.0176
Latin America,RTD Coffee,Supermarkets,Off-trade Volume,2016,27.4,19.4,million litres,5.315599999999999
Latin America,RTD Coffee,Hypermarkets,Off-trade Volume,2016,10.3,19.4,million litres,1.9982
Latin America,RTD Coffee,Discounters,Off-trade Volume,2016,2.2,19.4,million litres,0.4268
Latin America,RTD Coffee,Warehouse Clubs,Off-trade Volume,2016,0.7,19.4,million litres,0.13579999999999998
Latin America,RTD Coffee,Food/drink/tobacco specialists,Off-trade Volume,2016,0.4,19.4,million litres,0.0776
Latin America,RTD Coffee,Small Local Grocers,Off-trade Volume,2016,39.0,19.4,million litres,7.566
Latin America,RTD Coffee,Non-Grocery Retailers,Off-trade Volume,2016,1.1,19.4,million litres,0.2134
Latin America,RTD Coffee,General Merchandise Stores,Off-trade Volume,2016,0.2,19.4,million litres,0.0388
Latin America,RTD Coffee,Apparel and Footwear Specialists,Off-trade Volume,2016,0.0,19.4,million litres,0.0
Latin America,RTD Coffee,Appliances and Electronics Specialists,Off-trade Volume,2016,0.0,19.4,million litres,0.0
Latin America,RTD Coffee,Home Products Specialists,Off-trade Volume,2016,0.0,19.4,million litres,0.0
Latin America,RTD Coffee,Health and Beauty Specialists,Off-trade Volume,2016,0.9,19.4,million litres,0.1746
Latin America,RTD Coffee,Leisure and Personal Goods Specialists,Off-trade Volume,2016,0.0,19.4,million litres,0.0
Latin America,RTD Coffee,Other Non-Grocery Retailers,Off-trade Volume,2016,0.0,19.4,million litres,0.0
Latin America,RTD Coffee,Vending,Off-trade Volume,2016,0.0,19.4,million litres,0.0
Latin America,RTD Coffee,Direct Selling,Off-trade Volume,2016,0.0,19.4,million litres,0.0
Latin America,RTD Coffee,Retail E-Commerce,Off-trade Volume,2016,0.0,19.4,million litres,0.0
Brazil,Coffee,Retail Channels,Retail Volume,2016,100.0,723156.6,Tonnes,723156.6
Brazil,Coffee,Retail Offline,Retail Volume,2016,99.7,723156.6,Tonnes,720987.1302
Brazil,Coffee,Grocery Retailers,Retail Volume,2016,97.4,723156.6,Tonnes,704354.5284000001
Brazil,Coffee,Convenience Retailers,Retail Volume,2016,0.6,723156.6,Tonnes,4338.9396
Brazil,Coffee,Convenience Stores,Retail Volume,2016,0.0,723156.6,Tonnes,0.0
Brazil,Coffee,Forecourt Retailers,Retail Volume,2016,0.6,723156.6,Tonnes,4338.9396
Brazil,Coffee,Supermarkets,Retail Volume,2016,37.8,723156.6,Tonnes,273353.19479999994
Brazil,Coffee,Hypermarkets,Retail Volume,2016,36.3,723156.6,Tonnes,262505.8458
Brazil,Coffee,Discounters,Retail Volume,2016,0.3,723156.6,Tonnes,2169.4698
Brazil,Coffee,Warehouse Clubs,Retail Volume,2016,3.7,723156.6,Tonnes,26756.794200000004
Brazil,Coffee,Food/drink/tobacco specialists,Retail Volume,2016,0.0,723156.6,Tonnes,0.0
Brazil,Coffee,Small Local Grocers,Retail Volume,2016,18.7,723156.6,Tonnes,135230.2842
Brazil,Coffee,Non-Grocery Retailers,Retail Volume,2016,1.9,723156.6,Tonnes,13739.9754
Brazil,Coffee,General Merchandise Stores,Retail Volume,2016,1.9,723156.6,Tonnes,13739.9754
Brazil,Coffee,Apparel and Footwear Specialists,Retail Volume,2016,0.0,723156.6,Tonnes,0.0
Brazil,Coffee,Appliances and Electronics Specialists,Retail Volume,2016,0.0,723156.6,Tonnes,0.0
Brazil,Coffee,Home Products Specialists,Retail Volume,2016,0.0,723156.6,Tonnes,0.0
Brazil,Coffee,Health and Beauty Specialists,Retail Volume,2016,0.0,723156.6,Tonnes,0.0
Brazil,Coffee,Leisure and Personal Goods Specialists,Retail Volume,2016,0.0,723156.6,Tonnes,0.0
Brazil,Coffee,Other Non-Grocery Retailers,Retail Volume,2016,0.0,723156.6,Tonnes,0.0
Brazil,Coffee,Vending,Retail Volume,2016,0.0,723156.6,Tonnes,0.0
Brazil,Coffee,Direct Selling,Retail Volume,2016,0.4,723156.6,Tonnes,2892.6264
Brazil,Coffee,Retail E-Commerce,Retail Volume,2016,0.3,723156.6,Tonnes,2169.4698
Brazil,RTD Coffee,Retail Channels,Off-trade Volume,2016,100.0,1.6,million litres,1.6
Brazil,RTD Coffee,Retail Offline,Off-trade Volume,2016,100.0,1.6,million litres,1.6
Brazil,RTD Coffee,Grocery Retailers,Off-trade Volume,2016,99.1,1.6,million litres,1.5856000000000001
Brazil,RTD Coffee,Convenience Retailers,Off-trade Volume,2016,64.8,1.6,million litres,1.0368000000000002
Brazil,RTD Coffee,Convenience Stores,Off-trade Volume,2016,1.5,1.6,million litres,0.024
Brazil,RTD Coffee,Forecourt Retailers,Off-trade Volume,2016,63.4,1.6,million litres,1.0144
Brazil,RTD Coffee,Supermarkets,Off-trade Volume,2016,10.6,1.6,million litres,0.1696
Brazil,RTD Coffee,Hypermarkets,Off-trade Volume,2016,10.9,1.6,million litres,0.1744
Brazil,RTD Coffee,Discounters,Off-trade Volume,2016,0.0,1.6,million litres,0.0
Brazil,RTD Coffee,Warehouse Clubs,Off-trade Volume,2016,1.9,1.6,million litres,0.0304
Brazil,RTD Coffee,Food/drink/tobacco specialists,Off-trade Volume,2016,0.0,1.6,million litres,0.0
Brazil,RTD Coffee,Small Local Grocers,Off-trade Volume,2016,10.9,1.6,million litres,0.1744
Brazil,RTD Coffee,Non-Grocery Retailers,Off-trade Volume,2016,0.9,1.6,million litres,0.014400000000000003
Brazil,RTD Coffee,General Merchandise Stores,Off-trade Volume,2016,0.9,1.6,million litres,0.014400000000000003
Brazil,RTD Coffee,Apparel and Footwear Specialists,Off-trade Volume,2016,0.0,1.6,million litres,0.0
Brazil,RTD Coffee,Appliances and Electronics Specialists,Off-trade Volume,2016,0.0,1.6,million litres,0.0
Brazil,RTD Coffee,Home Products Specialists,Off-trade Volume,2016,0.0,1.6,million litres,0.0
Brazil,RTD Coffee,Health and Beauty Specialists,Off-trade Volume,2016,0.0,1.6,million litres,0.0
Brazil,RTD Coffee,Leisure and Personal Goods Specialists,Off-trade Volume,2016,0.0,1.6,million litres,0.0
Brazil,RTD Coffee,Other Non-Grocery Retailers,Off-trade Volume,2016,0.0,1.6,million litres,0.0
Brazil,RTD Coffee,Vending,Off-trade Volume,2016,0.0,1.6,million litres,0.0
Brazil,RTD Coffee,Direct Selling,Off-trade Volume,2016,0.0,1.6,million litres,0.0
Brazil,RTD Coffee,Retail E-Commerce,Off-trade Volume,2016,0.0,1.6,million litres,0.0
Middle East and Africa,Coffee,Retail Channels,Retail Volume,2016,100.0,496512.9,Tonnes,496512.9
Middle East and Africa,Coffee,Retail Offline,Retail Volume,2016,99.6,496512.9,Tonnes,494526.8484
Middle East and Africa,Coffee,Grocery Retailers,Retail Volume,2016,98.0,496512.9,Tonnes,486582.642
Middle East and Africa,Coffee,Convenience Retailers,Retail Volume,2016,5.4,496512.9,Tonnes,26811.696600000003
Middle East and Africa,Coffee,Convenience Stores,Retail Volume,2016,3.4,496512.9,Tonnes,16881.4386
Middle East and Africa,Coffee,Forecourt Retailers,Retail Volume,2016,1.9,496512.9,Tonnes,9433.7451
Middle East and Africa,Coffee,Supermarkets,Retail Volume,2016,30.5,496512.9,Tonnes,151436.4345
Middle East and Africa,Coffee,Hypermarkets,Retail Volume,2016,9.4,496512.9,Tonnes,46672.2126
Middle East and Africa,Coffee,Discounters,Retail Volume,2016,1.7,496512.9,Tonnes,8440.7193
Middle East and Africa,Coffee,Warehouse Clubs,Retail Volume,2016,0.0,496512.9,Tonnes,0.0
Middle East and Africa,Coffee,Food/drink/tobacco specialists,Retail Volume,2016,6.1,496512.9,Tonnes,30287.2869
Middle East and Africa,Coffee,Small Local Grocers,Retail Volume,2016,44.9,496512.9,Tonnes,222934.29210000002
Middle East and Africa,Coffee,Non-Grocery Retailers,Retail Volume,2016,1.4,496512.9,Tonnes,6951.1806
Middle East and Africa,Coffee,General Merchandise Stores,Retail Volume,2016,0.0,496512.9,Tonnes,0.0
Middle East and Africa,Coffee,Apparel and Footwear Specialists,Retail Volume,2016,0.0,496512.9,Tonnes,0.0
Middle East and Africa,Coffee,Appliances and Electronics Specialists,Retail Volume,2016,0.0,496512.9,Tonnes,0.0
Middle East and Africa,Coffee,Home Products Specialists,Retail Volume,2016,0.0,496512.9,Tonnes,0.0
Middle East and Africa,Coffee,Health and Beauty Specialists,Retail Volume,2016,0.0,496512.9,Tonnes,0.0
Middle East and Africa,Coffee,Leisure and Personal Goods Specialists,Retail Volume,2016,0.0,496512.9,Tonnes,0.0
Middle East and Africa,Coffee,Other Non-Grocery Retailers,Retail Volume,2016,1.4,496512.9,Tonnes,6951.1806
Middle East and Africa,Coffee,Vending,Retail Volume,2016,0.1,496512.9,Tonnes,496.51290000000006
Middle East and Africa,Coffee,Direct Selling,Retail Volume,2016,0.1,496512.9,Tonnes,496.51290000000006
Middle East and Africa,Coffee,Retail E-Commerce,Retail Volume,2016,0.4,496512.9,Tonnes,1986.0516000000002
Middle East and Africa,RTD Coffee,Retail Channels,Off-trade Volume,2016,100.0,23.1,million litres,23.1
Middle East and Africa,RTD Coffee,Retail Offline,Off-trade Volume,2016,100.0,23.1,million litres,23.1
Middle East and Africa,RTD Coffee,Grocery Retailers,Off-trade Volume,2016,99.8,23.1,million litres,23.053800000000003
Middle East and Africa,RTD Coffee,Convenience Retailers,Off-trade Volume,2016,54.0,23.1,million litres,12.474000000000002
Middle East and Africa,RTD Coffee,Convenience Stores,Off-trade Volume,2016,3.2,23.1,million litres,0.7392000000000001
Middle East and Africa,RTD Coffee,Forecourt Retailers,Off-trade Volume,2016,50.8,23.1,million litres,11.734800000000002
Middle East and Africa,RTD Coffee,Supermarkets,Off-trade Volume,2016,23.1,23.1,million litres,5.336100000000001
Middle East and Africa,RTD Coffee,Hypermarkets,Off-trade Volume,2016,14.9,23.1,million litres,3.4419
Middle East and Africa,RTD Coffee,Discounters,Off-trade Volume,2016,0.5,23.1,million litres,0.1155
Middle East and Africa,RTD Coffee,Warehouse Clubs,Off-trade Volume,2016,0.0,23.1,million litres,0.0
Middle East and Africa,RTD Coffee,Food/drink/tobacco specialists,Off-trade Volume,2016,0.4,23.1,million litres,0.09240000000000001
Middle East and Africa,RTD Coffee,Small Local Grocers,Off-trade Volume,2016,6.8,23.1,million litres,1.5708000000000002
Middle East and Africa,RTD Coffee,Non-Grocery Retailers,Off-trade Volume,2016,0.0,23.1,million litres,0.0
Middle East and Africa,RTD Coffee,General Merchandise Stores,Off-trade Volume,2016,0.0,23.1,million litres,0.0
Middle East and Africa,RTD Coffee,Apparel and Footwear Specialists,Off-trade Volume,2016,0.0,23.1,million litres,0.0
Middle East and Africa,RTD Coffee,Appliances and Electronics Specialists,Off-trade Volume,2016,0.0,23.1,million litres,0.0
Middle East and Africa,RTD Coffee,Home Products Specialists,Off-trade Volume,2016,0.0,23.1,million litres,0.0
Middle East and Africa,RTD Coffee,Health and Beauty Specialists,Off-trade Volume,2016,0.0,23.1,million litres,0.0
Middle East and Africa,RTD Coffee,Leisure and Personal Goods Specialists,Off-trade Volume,2016,0.0,23.1,million litres,0.0
Middle East and Africa,RTD Coffee,Other Non-Grocery Retailers,Off-trade Volume,2016,0.0,23.1,million litres,0.0
Middle East and Africa,RTD Coffee,Vending,Off-trade Volume,2016,0.2,23.1,million litres,0.046200000000000005
Middle East and Africa,RTD Coffee,Direct Selling,Off-trade Volume,2016,0.0,23.1,million litres,0.0
Middle East and Africa,RTD Coffee,Retail E-Commerce,Off-trade Volume,2016,0.0,23.1,million litres,0.0
North America,Coffee,Retail Channels,Retail Volume,2016,100.0,844709.7,Tonnes,844709.7
North America,Coffee,Retail Offline,Retail Volume,2016,93.9,844709.7,Tonnes,793182.4083
North America,Coffee,Grocery Retailers,Retail Volume,2016,91.2,844709.7,Tonnes,770375.2464
North America,Coffee,Convenience Retailers,Retail Volume,2016,2.4,844709.7,Tonnes,20273.0328
North America,Coffee,Convenience Stores,Retail Volume,2016,0.4,844709.7,Tonnes,3378.8388
North America,Coffee,Forecourt Retailers,Retail Volume,2016,2.0,844709.7,Tonnes,16894.194
North America,Coffee,Supermarkets,Retail Volume,2016,32.6,844709.7,Tonnes,275375.3622
North America,Coffee,Hypermarkets,Retail Volume,2016,24.8,844709.7,Tonnes,209488.00559999997
North America,Coffee,Discounters,Retail Volume,2016,3.0,844709.7,Tonnes,25341.290999999997
North America,Coffee,Warehouse Clubs,Retail Volume,2016,4.0,844709.7,Tonnes,33788.388
North America,Coffee,Food/drink/tobacco specialists,Retail Volume,2016,5.1,844709.7,Tonnes,43080.19469999999
North America,Coffee,Small Local Grocers,Retail Volume,2016,19.4,844709.7,Tonnes,163873.68179999996
North America,Coffee,Non-Grocery Retailers,Retail Volume,2016,2.4,844709.7,Tonnes,20273.0328
North America,Coffee,General Merchandise Stores,Retail Volume,2016,1.3,844709.7,Tonnes,10981.2261
North America,Coffee,Apparel and Footwear Specialists,Retail Volume,2016,0.0,844709.7,Tonnes,0.0
North America,Coffee,Appliances and Electronics Specialists,Retail Volume,2016,0.0,844709.7,Tonnes,0.0
North America,Coffee,Home Products Specialists,Retail Volume,2016,0.0,844709.7,Tonnes,0.0
North America,Coffee,Health and Beauty Specialists,Retail Volume,2016,1.1,844709.7,Tonnes,9291.806700000001
North America,Coffee,Leisure and Personal Goods Specialists,Retail Volume,2016,0.0,844709.7,Tonnes,0.0
North America,Coffee,Other Non-Grocery Retailers,Retail Volume,2016,0.0,844709.7,Tonnes,0.0
North America,Coffee,Vending,Retail Volume,2016,0.1,844709.7,Tonnes,844.7097
North America,Coffee,Direct Selling,Retail Volume,2016,0.2,844709.7,Tonnes,1689.4194
North America,Coffee,Retail E-Commerce,Retail Volume,2016,6.1,844709.7,Tonnes,51527.291699999994
North America,RTD Coffee,Retail Channels,Off-trade Volume,2016,100.0,516.7,million litres,516.7
North America,RTD Coffee,Retail Offline,Off-trade Volume,2016,96.9,516.7,million litres,500.6823000000001
North America,RTD Coffee,Grocery Retailers,Off-trade Volume,2016,87.8,516.7,million litres,453.66260000000005
North America,RTD Coffee,Convenience Retailers,Off-trade Volume,2016,29.8,516.7,million litres,153.97660000000002
North America,RTD Coffee,Convenience Stores,Off-trade Volume,2016,6.6,516.7,million litres,34.1022
North America,RTD Coffee,Forecourt Retailers,Off-trade Volume,2016,23.2,516.7,million litres,119.87440000000001
North America,RTD Coffee,Supermarkets,Off-trade Volume,2016,20.7,516.7,million litres,106.9569
North America,RTD Coffee,Hypermarkets,Off-trade Volume,2016,21.2,516.7,million litres,109.5404
North America,RTD Coffee,Discounters,Off-trade Volume,2016,1.0,516.7,million litres,5.167000000000001
North America,RTD Coffee,Warehouse Clubs,Off-trade Volume,2016,9.8,516.7,million litres,50.63660000000001
North America,RTD Coffee,Food/drink/tobacco specialists,Off-trade Volume,2016,0.0,516.7,million litres,0.0
North America,RTD Coffee,Small Local Grocers,Off-trade Volume,2016,5.2,516.7,million litres,26.868400000000005
North America,RTD Coffee,Non-Grocery Retailers,Off-trade Volume,2016,5.5,516.7,million litres,28.4185
North America,RTD Coffee,General Merchandise Stores,Off-trade Volume,2016,3.3,516.7,million litres,17.0511
North America,RTD Coffee,Apparel and Footwear Specialists,Off-trade Volume,2016,0.0,516.7,million litres,0.0
North America,RTD Coffee,Appliances and Electronics Specialists,Off-trade Volume,2016,0.0,516.7,million litres,0.0
North America,RTD Coffee,Home Products Specialists,Off-trade Volume,2016,0.0,516.7,million litres,0.0
North America,RTD Coffee,Health and Beauty Specialists,Off-trade Volume,2016,2.2,516.7,million litres,11.367400000000002
North America,RTD Coffee,Leisure and Personal Goods Specialists,Off-trade Volume,2016,0.0,516.7,million litres,0.0
North America,RTD Coffee,Other Non-Grocery Retailers,Off-trade Volume,2016,0.0,516.7,million litres,0.0
North America,RTD Coffee,Vending,Off-trade Volume,2016,3.6,516.7,million litres,18.601200000000002
North America,RTD Coffee,Direct Selling,Off-trade Volume,2016,0.0,516.7,million litres,0.0
North America,RTD Coffee,Retail E-Commerce,Off-trade Volume,2016,3.1,516.7,million litres,16.0177
USA,Coffee,Retail Channels,Retail Volume,2016,100.0,779549.1,Tonnes,779549.1
USA,Coffee,Retail Offline,Retail Volume,2016,93.5,779549.1,Tonnes,728878.4085
USA,Coffee,Grocery Retailers,Retail Volume,2016,91.2,779549.1,Tonnes,710948.7792
USA,Coffee,Convenience Retailers,Retail Volume,2016,2.4,779549.1,Tonnes,18709.1784
USA,Coffee,Convenience Stores,Retail Volume,2016,0.3,779549.1,Tonnes,2338.6473
USA,Coffee,Forecourt Retailers,Retail Volume,2016,2.1,779549.1,Tonnes,16370.5311
USA,Coffee,Supermarkets,Retail Volume,2016,32.1,779549.1,Tonnes,250235.2611
USA,Coffee,Hypermarkets,Retail Volume,2016,25.3,779549.1,Tonnes,197225.9223
USA,Coffee,Discounters,Retail Volume,2016,2.0,779549.1,Tonnes,15590.982
USA,Coffee,Warehouse Clubs,Retail Volume,2016,3.7,779549.1,Tonnes,28843.316700000003
USA,Coffee,Food/drink/tobacco specialists,Retail Volume,2016,5.5,779549.1,Tonnes,42875.2005
USA,Coffee,Small Local Grocers,Retail Volume,2016,20.1,779549.1,Tonnes,156689.3691
USA,Coffee,Non-Grocery Retailers,Retail Volume,2016,2.1,779549.1,Tonnes,16370.5311
USA,Coffee,General Merchandise Stores,Retail Volume,2016,1.3,779549.1,Tonnes,10134.1383
USA,Coffee,Apparel and Footwear Specialists,Retail Volume,2016,0.0,779549.1,Tonnes,0.0
USA,Coffee,Appliances and Electronics Specialists,Retail Volume,2016,0.0,779549.1,Tonnes,0.0
USA,Coffee,Home Products Specialists,Retail Volume,2016,0.0,779549.1,Tonnes,0.0
USA,Coffee,Health and Beauty Specialists,Retail Volume,2016,0.8,779549.1,Tonnes,6236.3928
USA,Coffee,Leisure and Personal Goods Specialists,Retail Volume,2016,0.0,779549.1,Tonnes,0.0
USA,Coffee,Other Non-Grocery Retailers,Retail Volume,2016,0.0,779549.1,Tonnes,0.0
USA,Coffee,Vending,Retail Volume,2016,0.0,779549.1,Tonnes,0.0
USA,Coffee,Direct Selling,Retail Volume,2016,0.2,779549.1,Tonnes,1559.0982
USA,Coffee,Retail E-Commerce,Retail Volume,2016,6.5,779549.1,Tonnes,50670.6915
USA,RTD Coffee,Retail Channels,Off-trade Volume,2016,100.0,510.1,million litres,510.1
USA,RTD Coffee,Retail Offline,Off-trade Volume,2016,96.9,510.1,million litres,494.28690000000006
USA,RTD Coffee,Grocery Retailers,Off-trade Volume,2016,87.9,510.1,million litres,448.3779
USA,RTD Coffee,Convenience Retailers,Off-trade Volume,2016,30.0,510.1,million litres,153.03
USA,RTD Coffee,Convenience Stores,Off-trade Volume,2016,6.6,510.1,million litres,33.6666
USA,RTD Coffee,Forecourt Retailers,Off-trade Volume,2016,23.4,510.1,million litres,119.3634
USA,RTD Coffee,Supermarkets,Off-trade Volume,2016,20.5,510.1,million litres,104.5705
USA,RTD Coffee,Hypermarkets,Off-trade Volume,2016,21.3,510.1,million litres,108.6513
USA,RTD Coffee,Discounters,Off-trade Volume,2016,1.0,510.1,million litres,5.101
USA,RTD Coffee,Warehouse Clubs,Off-trade Volume,2016,9.9,510.1,million litres,50.499900000000004
USA,RTD Coffee,Food/drink/tobacco specialists,Off-trade Volume,2016,0.0,510.1,million litres,0.0
USA,RTD Coffee,Small Local Grocers,Off-trade Volume,2016,5.2,510.1,million litres,26.525200000000005
USA,RTD Coffee,Non-Grocery Retailers,Off-trade Volume,2016,5.4,510.1,million litres,27.545400000000004
USA,RTD Coffee,General Merchandise Stores,Off-trade Volume,2016,3.3,510.1,million litres,16.8333
USA,RTD Coffee,Apparel and Footwear Specialists,Off-trade Volume,2016,0.0,510.1,million litres,0.0
USA,RTD Coffee,Appliances and Electronics Specialists,Off-trade Volume,2016,0.0,510.1,million litres,0.0
USA,RTD Coffee,Home Products Specialists,Off-trade Volume,2016,0.0,510.1,million litres,0.0
USA,RTD Coffee,Health and Beauty Specialists,Off-trade Volume,2016,2.0,510.1,million litres,10.202
USA,RTD Coffee,Leisure and Personal Goods Specialists,Off-trade Volume,2016,0.0,510.1,million litres,0.0
USA,RTD Coffee,Other Non-Grocery Retailers,Off-trade Volume,2016,0.0,510.1,million litres,0.0
USA,RTD Coffee,Vending,Off-trade Volume,2016,3.6,510.1,million litres,18.3636
USA,RTD Coffee,Direct Selling,Off-trade Volume,2016,0.0,510.1,million litres,0.0
USA,RTD Coffee,Retail E-Commerce,Off-trade Volume,2016,3.1,510.1,million litres,15.8131
Western Europe,Coffee,Retail Channels,Retail Volume,2016,100.0,1298647.6,Tonnes,1298647.6
Western Europe,Coffee,Retail Offline,Retail Volume,2016,97.1,1298647.6,Tonnes,1260986.8196
Western Europe,Coffee,Grocery Retailers,Retail Volume,2016,94.0,1298647.6,Tonnes,1220728.744
Western Europe,Coffee,Convenience Retailers,Retail Volume,2016,3.9,1298647.6,Tonnes,50647.256400000006
Western Europe,Coffee,Convenience Stores,Retail Volume,2016,3.4,1298647.6,Tonnes,44154.01840000001
Western Europe,Coffee,Forecourt Retailers,Retail Volume,2016,0.5,1298647.6,Tonnes,6493.238
Western Europe,Coffee,Supermarkets,Retail Volume,2016,38.7,1298647.6,Tonnes,502576.62120000005
Western Europe,Coffee,Hypermarkets,Retail Volume,2016,22.1,1298647.6,Tonnes,287001.11960000003
Western Europe,Coffee,Discounters,Retail Volume,2016,21.9,1298647.6,Tonnes,284403.8244
Western Europe,Coffee,Warehouse Clubs,Retail Volume,2016,0.0,1298647.6,Tonnes,0.0
Western Europe,Coffee,Food/drink/tobacco specialists,Retail Volume,2016,4.1,1298647.6,Tonnes,53244.5516
Western Europe,Coffee,Small Local Grocers,Retail Volume,2016,3.3,1298647.6,Tonnes,42855.370800000004
Western Europe,Coffee,Non-Grocery Retailers,Retail Volume,2016,2.0,1298647.6,Tonnes,25972.952
Western Europe,Coffee,General Merchandise Stores,Retail Volume,2016,0.9,1298647.6,Tonnes,11687.828400000002
Western Europe,Coffee,Apparel and Footwear Specialists,Retail Volume,2016,0.0,1298647.6,Tonnes,0.0
Western Europe,Coffee,Appliances and Electronics Specialists,Retail Volume,2016,0.0,1298647.6,Tonnes,0.0
Western Europe,Coffee,Home Products Specialists,Retail Volume,2016,0.0,1298647.6,Tonnes,0.0
Western Europe,Coffee,Health and Beauty Specialists,Retail Volume,2016,1.1,1298647.6,Tonnes,14285.123600000003
Western Europe,Coffee,Leisure and Personal Goods Specialists,Retail Volume,2016,0.0,1298647.6,Tonnes,0.0
Western Europe,Coffee,Other Non-Grocery Retailers,Retail Volume,2016,0.0,1298647.6,Tonnes,0.0
Western Europe,Coffee,Vending,Retail Volume,2016,1.0,1298647.6,Tonnes,12986.476
Western Europe,Coffee,Direct Selling,Retail Volume,2016,0.0,1298647.6,Tonnes,0.0
Western Europe,Coffee,Retail E-Commerce,Retail Volume,2016,2.9,1298647.6,Tonnes,37660.7804
Western Europe,RTD Coffee,Retail Channels,Off-trade Volume,2016,100.0,180.6,million litres,180.6
Western Europe,RTD Coffee,Retail Offline,Off-trade Volume,2016,99.2,180.6,million litres,179.15519999999998
Western Europe,RTD Coffee,Grocery Retailers,Off-trade Volume,2016,96.2,180.6,million litres,173.7372
Western Europe,RTD Coffee,Convenience Retailers,Off-trade Volume,2016,14.6,180.6,million litres,26.367599999999996
Western Europe,RTD Coffee,Convenience Stores,Off-trade Volume,2016,5.6,180.6,million litres,10.113599999999998
Western Europe,RTD Coffee,Forecourt Retailers,Off-trade Volume,2016,9.1,180.6,million litres,16.4346
Western Europe,RTD Coffee,Supermarkets,Off-trade Volume,2016,41.4,180.6,million litres,74.7684
Western Europe,RTD Coffee,Hypermarkets,Off-trade Volume,2016,16.8,180.6,million litres,30.3408
Western Europe,RTD Coffee,Discounters,Off-trade Volume,2016,16.1,180.6,million litres,29.0766
Western Europe,RTD Coffee,Warehouse Clubs,Off-trade Volume,2016,0.0,180.6,million litres,0.0
Western Europe,RTD Coffee,Food/drink/tobacco specialists,Off-trade Volume,2016,0.2,180.6,million litres,0.3612
Western Europe,RTD Coffee,Small Local Grocers,Off-trade Volume,2016,7.1,180.6,million litres,12.822599999999998
Western Europe,RTD Coffee,Non-Grocery Retailers,Off-trade Volume,2016,2.2,180.6,million litres,3.9732000000000003
Western Europe,RTD Coffee,General Merchandise Stores,Off-trade Volume,2016,0.0,180.6,million litres,0.0
Western Europe,RTD Coffee,Apparel and Footwear Specialists,Off-trade Volume,2016,0.0,180.6,million litres,0.0
Western Europe,RTD Coffee,Appliances and Electronics Specialists,Off-trade Volume,2016,0.0,180.6,million litres,0.0
Western Europe,RTD Coffee,Home Products Specialists,Off-trade Volume,2016,0.0,180.6,million litres,0.0
Western Europe,RTD Coffee,Health and Beauty Specialists,Off-trade Volume,2016,2.2,180.6,million litres,3.9732000000000003
Western Europe,RTD Coffee,Leisure and Personal Goods Specialists,Off-trade Volume,2016,0.0,180.6,million litres,0.0
Western Europe,RTD Coffee,Other Non-Grocery Retailers,Off-trade Volume,2016,0.0,180.6,million litres,0.0
Western Europe,RTD Coffee,Vending,Off-trade Volume,2016,0.7,180.6,million litres,1.2641999999999998
Western Europe,RTD Coffee,Direct Selling,Off-trade Volume,2016,0.0,180.6,million litres,0.0
Western Europe,RTD Coffee,Retail E-Commerce,Off-trade Volume,2016,0.8,180.6,million litres,1.4448
France,Coffee,Retail Channels,Retail Volume,2016,100.0,179444.9,Tonnes,179444.9
France,Coffee,Retail Offline,Retail Volume,2016,94.4,179444.9,Tonnes,169395.9856
France,Coffee,Grocery Retailers,Retail Volume,2016,93.4,179444.9,Tonnes,167601.5366
France,Coffee,Convenience Retailers,Retail Volume,2016,1.1,179444.9,Tonnes,1973.8939
France,Coffee,Convenience Stores,Retail Volume,2016,1.1,179444.9,Tonnes,1973.8939
France,Coffee,Forecourt Retailers,Retail Volume,2016,0.0,179444.9,Tonnes,0.0
France,Coffee,Supermarkets,Retail Volume,2016,25.7,179444.9,Tonnes,46117.3393
France,Coffee,Hypermarkets,Retail Volume,2016,37.1,179444.9,Tonnes,66574.0579
France,Coffee,Discounters,Retail Volume,2016,12.5,179444.9,Tonnes,22430.6125
France,Coffee,Warehouse Clubs,Retail Volume,2016,0.0,179444.9,Tonnes,0.0
France,Coffee,Food/drink/tobacco specialists,Retail Volume,2016,16.4,179444.9,Tonnes,29428.963599999995
France,Coffee,Small Local Grocers,Retail Volume,2016,0.6,179444.9,Tonnes,1076.6694
France,Coffee,Non-Grocery Retailers,Retail Volume,2016,0.7,179444.9,Tonnes,1256.1142999999997
France,Coffee,General Merchandise Stores,Retail Volume,2016,0.0,179444.9,Tonnes,0.0
France,Coffee,Apparel and Footwear Specialists,Retail Volume,2016,0.0,179444.9,Tonnes,0.0
France,Coffee,Appliances and Electronics Specialists,Retail Volume,2016,0.0,179444.9,Tonnes,0.0
France,Coffee,Home Products Specialists,Retail Volume,2016,0.0,179444.9,Tonnes,0.0
France,Coffee,Health and Beauty Specialists,Retail Volume,2016,0.7,179444.9,Tonnes,1256.1142999999997
France,Coffee,Leisure and Personal Goods Specialists,Retail Volume,2016,0.0,179444.9,Tonnes,0.0
France,Coffee,Other Non-Grocery Retailers,Retail Volume,2016,0.0,179444.9,Tonnes,0.0
France,Coffee,Vending,Retail Volume,2016,0.3,179444.9,Tonnes,538.3347
France,Coffee,Direct Selling,Retail Volume,2016,0.0,179444.9,Tonnes,0.0
France,Coffee,Retail E-Commerce,Retail Volume,2016,5.6,179444.9,Tonnes,10048.914399999998
France,RTD Coffee,Retail Channels,Off-trade Volume,2016,100.0,3.8,million litres,3.8
France,RTD Coffee,Retail Offline,Off-trade Volume,2016,99.2,3.8,million litres,3.7695999999999996
France,RTD Coffee,Grocery Retailers,Off-trade Volume,2016,98.9,3.8,million litres,3.7582000000000004
France,RTD Coffee,Convenience Retailers,Off-trade Volume,2016,37.9,3.8,million litres,1.4402
France,RTD Coffee,Convenience Stores,Off-trade Volume,2016,16.7,3.8,million litres,0.6345999999999999
France,RTD Coffee,Forecourt Retailers,Off-trade Volume,2016,21.2,3.8,million litres,0.8056
France,RTD Coffee,Supermarkets,Off-trade Volume,2016,25.5,3.8,million litres,0.969
France,RTD Coffee,Hypermarkets,Off-trade Volume,2016,31.9,3.8,million litres,1.2122
France,RTD Coffee,Discounters,Off-trade Volume,2016,0.0,3.8,million litres,0.0
France,RTD Coffee,Warehouse Clubs,Off-trade Volume,2016,0.0,3.8,million litres,0.0
France,RTD Coffee,Food/drink/tobacco specialists,Off-trade Volume,2016,0.0,3.8,million litres,0.0
France,RTD Coffee,Small Local Grocers,Off-trade Volume,2016,3.6,3.8,million litres,0.1368
France,RTD Coffee,Non-Grocery Retailers,Off-trade Volume,2016,0.0,3.8,million litres,0.0
France,RTD Coffee,General Merchandise Stores,Off-trade Volume,2016,0.0,3.8,million litres,0.0
France,RTD Coffee,Apparel and Footwear Specialists,Off-trade Volume,2016,0.0,3.8,million litres,0.0
France,RTD Coffee,Appliances and Electronics Specialists,Off-trade Volume,2016,0.0,3.8,million litres,0.0
France,RTD Coffee,Home Products Specialists,Off-trade Volume,2016,0.0,3.8,million litres,0.0
France,RTD Coffee,Health and Beauty Specialists,Off-trade Volume,2016,0.0,3.8,million litres,0.0
France,RTD Coffee,Leisure and Personal Goods Specialists,Off-trade Volume,2016,0.0,3.8,million litres,0.0
France,RTD Coffee,Other Non-Grocery Retailers,Off-trade Volume,2016,0.0,3.8,million litres,0.0
France,RTD Coffee,Vending,Off-trade Volume,2016,0.3,3.8,million litres,0.0114
France,RTD Coffee,Direct Selling,Off-trade Volume,2016,0.0,3.8,million litres,0.0
France,RTD Coffee,Retail E-Commerce,Off-trade Volume,2016,0.8,3.8,million litres,0.0304
Germany,Coffee,Retail Channels,Retail Volume,2016,100.0,384437.2,Tonnes,384437.2
Germany,Coffee,Retail Offline,Retail Volume,2016,97.8,384437.2,Tonnes,375979.5816
Germany,Coffee,Grocery Retailers,Retail Volume,2016,94.2,384437.2,Tonnes,362139.8424
Germany,Coffee,Convenience Retailers,Retail Volume,2016,0.9,384437.2,Tonnes,3459.9348000000005
Germany,Coffee,Convenience Stores,Retail Volume,2016,0.4,384437.2,Tonnes,1537.7488
Germany,Coffee,Forecourt Retailers,Retail Volume,2016,0.4,384437.2,Tonnes,1537.7488
Germany,Coffee,Supermarkets,Retail Volume,2016,24.5,384437.2,Tonnes,94187.114
Germany,Coffee,Hypermarkets,Retail Volume,2016,19.5,384437.2,Tonnes,74965.254
Germany,Coffee,Discounters,Retail Volume,2016,45.5,384437.2,Tonnes,174918.926
Germany,Coffee,Warehouse Clubs,Retail Volume,2016,0.0,384437.2,Tonnes,0.0
Germany,Coffee,Food/drink/tobacco specialists,Retail Volume,2016,2.8,384437.2,Tonnes,10764.2416
Germany,Coffee,Small Local Grocers,Retail Volume,2016,1.0,384437.2,Tonnes,3844.3720000000003
Germany,Coffee,Non-Grocery Retailers,Retail Volume,2016,3.1,384437.2,Tonnes,11917.5532
Germany,Coffee,General Merchandise Stores,Retail Volume,2016,1.9,384437.2,Tonnes,7304.3068
Germany,Coffee,Apparel and Footwear Specialists,Retail Volume,2016,0.0,384437.2,Tonnes,0.0
Germany,Coffee,Appliances and Electronics Specialists,Retail Volume,2016,0.0,384437.2,Tonnes,0.0
Germany,Coffee,Home Products Specialists,Retail Volume,2016,0.0,384437.2,Tonnes,0.0
Germany,Coffee,Health and Beauty Specialists,Retail Volume,2016,1.2,384437.2,Tonnes,4613.2464
Germany,Coffee,Leisure and Personal Goods Specialists,Retail Volume,2016,0.0,384437.2,Tonnes,0.0
Germany,Coffee,Other Non-Grocery Retailers,Retail Volume,2016,0.0,384437.2,Tonnes,0.0
Germany,Coffee,Vending,Retail Volume,2016,0.5,384437.2,Tonnes,1922.1860000000001
Germany,Coffee,Direct Selling,Retail Volume,2016,0.0,384437.2,Tonnes,0.0
Germany,Coffee,Retail E-Commerce,Retail Volume,2016,2.2,384437.2,Tonnes,8457.618400000001
Germany,RTD Coffee,Retail Channels,Off-trade Volume,2016,100.0,80.7,million litres,80.7
Germany,RTD Coffee,Retail Offline,Off-trade Volume,2016,99.0,80.7,million litres,79.893
Germany,RTD Coffee,Grocery Retailers,Off-trade Volume,2016,93.7,80.7,million litres,75.61590000000001
Germany,RTD Coffee,Convenience Retailers,Off-trade Volume,2016,14.0,80.7,million litres,11.298000000000002
Germany,RTD Coffee,Convenience Stores,Off-trade Volume,2016,0.1,80.7,million litres,0.08070000000000001
Germany,RTD Coffee,Forecourt Retailers,Off-trade Volume,2016,13.9,80.7,million litres,11.217300000000002
Germany,RTD Coffee,Supermarkets,Off-trade Volume,2016,28.3,80.7,million litres,22.838100000000004
Germany,RTD Coffee,Hypermarkets,Off-trade Volume,2016,17.6,80.7,million litres,14.203200000000002
Germany,RTD Coffee,Discounters,Off-trade Volume,2016,23.5,80.7,million litres,18.9645
Germany,RTD Coffee,Warehouse Clubs,Off-trade Volume,2016,0.0,80.7,million litres,0.0
Germany,RTD Coffee,Food/drink/tobacco specialists,Off-trade Volume,2016,0.2,80.7,million litres,0.16140000000000002
Germany,RTD Coffee,Small Local Grocers,Off-trade Volume,2016,10.1,80.7,million litres,8.1507
Germany,RTD Coffee,Non-Grocery Retailers,Off-trade Volume,2016,4.8,80.7,million litres,3.8736
Germany,RTD Coffee,General Merchandise Stores,Off-trade Volume,2016,0.0,80.7,million litres,0.0
Germany,RTD Coffee,Apparel and Footwear Specialists,Off-trade Volume,2016,0.0,80.7,million litres,0.0
Germany,RTD Coffee,Appliances and Electronics Specialists,Off-trade Volume,2016,0.0,80.7,million litres,0.0
Germany,RTD Coffee,Home Products Specialists,Off-trade Volume,2016,0.0,80.7,million litres,0.0
Germany,RTD Coffee,Health and Beauty Specialists,Off-trade Volume,2016,4.8,80.7,million litres,3.8736
Germany,RTD Coffee,Leisure and Personal Goods Specialists,Off-trade Volume,2016,0.0,80.7,million litres,0.0
Germany,RTD Coffee,Other Non-Grocery Retailers,Off-trade Volume,2016,0.0,80.7,million litres,0.0
Germany,RTD Coffee,Vending,Off-trade Volume,2016,0.5,80.7,million litres,0.4035
Germany,RTD Coffee,Direct Selling,Off-trade Volume,2016,0.0,80.7,million litres,0.0
Germany,RTD Coffee,Retail E-Commerce,Off-trade Volume,2016,1.0,80.7,million litres,0.807
United Kingdom,Coffee,Retail Channels,Retail Volume,2016,100.0,77904.7,Tonnes,77904.7
United Kingdom,Coffee,Retail Offline,Retail Volume,2016,92.0,77904.7,Tonnes,71672.324
United Kingdom,Coffee,Grocery Retailers,Retail Volume,2016,89.0,77904.7,Tonnes,69335.183
United Kingdom,Coffee,Convenience Retailers,Retail Volume,2016,5.0,77904.7,Tonnes,3895.235
United Kingdom,Coffee,Convenience Stores,Retail Volume,2016,4.8,77904.7,Tonnes,3739.4256
United Kingdom,Coffee,Forecourt Retailers,Retail Volume,2016,0.2,77904.7,Tonnes,155.8094
United Kingdom,Coffee,Supermarkets,Retail Volume,2016,38.9,77904.7,Tonnes,30304.9283
United Kingdom,Coffee,Hypermarkets,Retail Volume,2016,36.5,77904.7,Tonnes,28435.2155
United Kingdom,Coffee,Discounters,Retail Volume,2016,6.3,77904.7,Tonnes,4907.9961
United Kingdom,Coffee,Warehouse Clubs,Retail Volume,2016,0.1,77904.7,Tonnes,77.9047
United Kingdom,Coffee,Food/drink/tobacco specialists,Retail Volume,2016,1.1,77904.7,Tonnes,856.9517000000001
United Kingdom,Coffee,Small Local Grocers,Retail Volume,2016,1.2,77904.7,Tonnes,934.8564
United Kingdom,Coffee,Non-Grocery Retailers,Retail Volume,2016,2.5,77904.7,Tonnes,1947.6175
United Kingdom,Coffee,General Merchandise Stores,Retail Volume,2016,2.5,77904.7,Tonnes,1947.6175
United Kingdom,Coffee,Apparel and Footwear Specialists,Retail Volume,2016,0.0,77904.7,Tonnes,0.0
United Kingdom,Coffee,Appliances and Electronics Specialists,Retail Volume,2016,0.0,77904.7,Tonnes,0.0
United Kingdom,Coffee,Home Products Specialists,Retail Volume,2016,0.0,77904.7,Tonnes,0.0
United Kingdom,Coffee,Health and Beauty Specialists,Retail Volume,2016,0.0,77904.7,Tonnes,0.0
United Kingdom,Coffee,Leisure and Personal Goods Specialists,Retail Volume,2016,0.0,77904.7,Tonnes,0.0
United Kingdom,Coffee,Other Non-Grocery Retailers,Retail Volume,2016,0.0,77904.7,Tonnes,0.0
United Kingdom,Coffee,Vending,Retail Volume,2016,0.5,77904.7,Tonnes,389.5235
United Kingdom,Coffee,Direct Selling,Retail Volume,2016,0.0,77904.7,Tonnes,0.0
United Kingdom,Coffee,Retail E-Commerce,Retail Volume,2016,8.0,77904.7,Tonnes,6232.376
United Kingdom,RTD Coffee,Retail Channels,Off-trade Volume,2016,100.0,10.7,million litres,10.7
United Kingdom,RTD Coffee,Retail Offline,Off-trade Volume,2016,98.4,10.7,million litres,10.5288
United Kingdom,RTD Coffee,Grocery Retailers,Off-trade Volume,2016,98.2,10.7,million litres,10.507399999999999
United Kingdom,RTD Coffee,Convenience Retailers,Off-trade Volume,2016,11.5,10.7,million litres,1.2305
United Kingdom,RTD Coffee,Convenience Stores,Off-trade Volume,2016,8.0,10.7,million litres,0.856
United Kingdom,RTD Coffee,Forecourt Retailers,Off-trade Volume,2016,3.5,10.7,million litres,0.3745
United Kingdom,RTD Coffee,Supermarkets,Off-trade Volume,2016,33.1,10.7,million litres,3.5417
United Kingdom,RTD Coffee,Hypermarkets,Off-trade Volume,2016,38.2,10.7,million litres,4.0874
United Kingdom,RTD Coffee,Discounters,Off-trade Volume,2016,0.0,10.7,million litres,0.0
United Kingdom,RTD Coffee,Warehouse Clubs,Off-trade Volume,2016,0.0,10.7,million litres,0.0
United Kingdom,RTD Coffee,Food/drink/tobacco specialists,Off-trade Volume,2016,0.0,10.7,million litres,0.0
United Kingdom,RTD Coffee,Small Local Grocers,Off-trade Volume,2016,15.4,10.7,million litres,1.6478
United Kingdom,RTD Coffee,Non-Grocery Retailers,Off-trade Volume,2016,0.2,10.7,million litres,0.0214
United Kingdom,RTD Coffee,General Merchandise Stores,Off-trade Volume,2016,0.0,10.7,million litres,0.0
United Kingdom,RTD Coffee,Apparel and Footwear Specialists,Off-trade Volume,2016,0.0,10.7,million litres,0.0
United Kingdom,RTD Coffee,Appliances and Electronics Specialists,Off-trade Volume,2016,0.0,10.7,million litres,0.0
United Kingdom,RTD Coffee,Home Products Specialists,Off-trade Volume,2016,0.0,10.7,million litres,0.0
United Kingdom,RTD Coffee,Health and Beauty Specialists,Off-trade Volume,2016,0.2,10.7,million litres,0.0214
United Kingdom,RTD Coffee,Leisure and Personal Goods Specialists,Off-trade Volume,2016,0.0,10.7,million litres,0.0
United Kingdom,RTD Coffee,Other Non-Grocery Retailers,Off-trade Volume,2016,0.0,10.7,million litres,0.0
United Kingdom,RTD Coffee,Vending,Off-trade Volume,2016,0.0,10.7,million litres,0.0
United Kingdom,RTD Coffee,Direct Selling,Off-trade Volume,2016,0.0,10.7,million litres,0.0
United Kingdom,RTD Coffee,Retail E-Commerce,Off-trade Volume,2016,1.6,10.7,million litres,0.1712
World,Coffee,Retail Channels,Retail Volume,2017,100.0,5694325.5,Tonnes,5694325.5
World,Coffee,Retail Offline,Retail Volume,2017,97.5,5694325.5,Tonnes,5551967.3625
World,Coffee,Grocery Retailers,Retail Volume,2017,94.9,5694325.5,Tonnes,5403914.8995
World,Coffee,Convenience Retailers,Retail Volume,2017,5.4,5694325.5,Tonnes,307493.57700000005
World,Coffee,Convenience Stores,Retail Volume,2017,4.3,5694325.5,Tonnes,244855.99649999998
World,Coffee,Forecourt Retailers,Retail Volume,2017,1.0,5694325.5,Tonnes,56943.255000000005
World,Coffee,Supermarkets,Retail Volume,2017,29.5,5694325.5,Tonnes,1679826.0225
World,Coffee,Hypermarkets,Retail Volume,2017,21.0,5694325.5,Tonnes,1195808.355
World,Coffee,Discounters,Retail Volume,2017,7.2,5694325.5,Tonnes,409991.43600000005
World,Coffee,Warehouse Clubs,Retail Volume,2017,1.2,5694325.5,Tonnes,68331.906
World,Coffee,Food/drink/tobacco specialists,Retail Volume,2017,2.6,5694325.5,Tonnes,148052.46300000002
World,Coffee,Small Local Grocers,Retail Volume,2017,28.0,5694325.5,Tonnes,1594411.1400000001
World,Coffee,Non-Grocery Retailers,Retail Volume,2017,1.9,5694325.5,Tonnes,108192.1845
World,Coffee,General Merchandise Stores,Retail Volume,2017,1.1,5694325.5,Tonnes,62637.580500000004
World,Coffee,Apparel and Footwear Specialists,Retail Volume,2017,0.0,5694325.5,Tonnes,0.0
World,Coffee,Appliances and Electronics Specialists,Retail Volume,2017,0.0,5694325.5,Tonnes,0.0
World,Coffee,Home Products Specialists,Retail Volume,2017,0.0,5694325.5,Tonnes,0.0
World,Coffee,Health and Beauty Specialists,Retail Volume,2017,0.7,5694325.5,Tonnes,39860.27849999999
World,Coffee,Leisure and Personal Goods Specialists,Retail Volume,2017,0.0,5694325.5,Tonnes,0.0
World,Coffee,Other Non-Grocery Retailers,Retail Volume,2017,0.1,5694325.5,Tonnes,5694.3255
World,Coffee,Vending,Retail Volume,2017,0.5,5694325.5,Tonnes,28471.627500000002
World,Coffee,Direct Selling,Retail Volume,2017,0.1,5694325.5,Tonnes,5694.3255
World,Coffee,Retail E-Commerce,Retail Volume,2017,2.5,5694325.5,Tonnes,142358.1375
World,RTD Coffee,Retail Channels,Off-trade Volume,2017,100.0,5197.5,million litres,5197.5
World,RTD Coffee,Retail Offline,Off-trade Volume,2017,98.5,5197.5,million litres,5119.5375
World,RTD Coffee,Grocery Retailers,Off-trade Volume,2017,68.9,5197.5,million litres,3581.0775000000003
World,RTD Coffee,Convenience Retailers,Off-trade Volume,2017,23.6,5197.5,million litres,1226.6100000000001
World,RTD Coffee,Convenience Stores,Off-trade Volume,2017,19.6,5197.5,million litres,1018.71
World,RTD Coffee,Forecourt Retailers,Off-trade Volume,2017,4.0,5197.5,million litres,207.9
World,RTD Coffee,Supermarkets,Off-trade Volume,2017,22.8,5197.5,million litres,1185.03
World,RTD Coffee,Hypermarkets,Off-trade Volume,2017,10.0,5197.5,million litres,519.75
World,RTD Coffee,Discounters,Off-trade Volume,2017,0.8,5197.5,million litres,41.58
World,RTD Coffee,Warehouse Clubs,Off-trade Volume,2017,2.2,5197.5,million litres,114.34500000000001
World,RTD Coffee,Food/drink/tobacco specialists,Off-trade Volume,2017,0.0,5197.5,million litres,0.0
World,RTD Coffee,Small Local Grocers,Off-trade Volume,2017,9.4,5197.5,million litres,488.565
World,RTD Coffee,Non-Grocery Retailers,Off-trade Volume,2017,12.4,5197.5,million litres,644.49
World,RTD Coffee,General Merchandise Stores,Off-trade Volume,2017,5.6,5197.5,million litres,291.05999999999995
World,RTD Coffee,Apparel and Footwear Specialists,Off-trade Volume,2017,0.0,5197.5,million litres,0.0
World,RTD Coffee,Appliances and Electronics Specialists,Off-trade Volume,2017,0.0,5197.5,million litres,0.0
World,RTD Coffee,Home Products Specialists,Off-trade Volume,2017,0.0,5197.5,million litres,0.0
World,RTD Coffee,Health and Beauty Specialists,Off-trade Volume,2017,6.8,5197.5,million litres,353.43
World,RTD Coffee,Leisure and Personal Goods Specialists,Off-trade Volume,2017,0.0,5197.5,million litres,0.0
World,RTD Coffee,Other Non-Grocery Retailers,Off-trade Volume,2017,0.0,5197.5,million litres,0.0
World,RTD Coffee,Vending,Off-trade Volume,2017,17.2,5197.5,million litres,893.9699999999999
World,RTD Coffee,Direct Selling,Off-trade Volume,2017,0.0,5197.5,million litres,0.0
World,RTD Coffee,Retail E-Commerce,Off-trade Volume,2017,1.5,5197.5,million litres,77.96249999999999
Asia Pacific,Coffee,Retail Channels,Retail Volume,2017,100.0,1449430.7,Tonnes,1449430.7
Asia Pacific,Coffee,Retail Offline,Retail Volume,2017,97.4,1449430.7,Tonnes,1411745.5018
Asia Pacific,Coffee,Grocery Retailers,Retail Volume,2017,94.8,1449430.7,Tonnes,1374060.3036
Asia Pacific,Coffee,Convenience Retailers,Retail Volume,2017,9.0,1449430.7,Tonnes,130448.76299999999
Asia Pacific,Coffee,Convenience Stores,Retail Volume,2017,7.9,1449430.7,Tonnes,114505.0253
Asia Pacific,Coffee,Forecourt Retailers,Retail Volume,2017,1.1,1449430.7,Tonnes,15943.737700000001
Asia Pacific,Coffee,Supermarkets,Retail Volume,2017,17.0,1449430.7,Tonnes,246403.219
Asia Pacific,Coffee,Hypermarkets,Retail Volume,2017,17.6,1449430.7,Tonnes,255099.80320000002
Asia Pacific,Coffee,Discounters,Retail Volume,2017,0.0,1449430.7,Tonnes,0.0
Asia Pacific,Coffee,Warehouse Clubs,Retail Volume,2017,0.4,1449430.7,Tonnes,5797.7228
Asia Pacific,Coffee,Food/drink/tobacco specialists,Retail Volume,2017,0.7,1449430.7,Tonnes,10146.014899999998
Asia Pacific,Coffee,Small Local Grocers,Retail Volume,2017,50.1,1449430.7,Tonnes,726164.7807
Asia Pacific,Coffee,Non-Grocery Retailers,Retail Volume,2017,2.4,1449430.7,Tonnes,34786.3368
Asia Pacific,Coffee,General Merchandise Stores,Retail Volume,2017,1.6,1449430.7,Tonnes,23190.8912
Asia Pacific,Coffee,Apparel and Footwear Specialists,Retail Volume,2017,0.0,1449430.7,Tonnes,0.0
Asia Pacific,Coffee,Appliances and Electronics Specialists,Retail Volume,2017,0.0,1449430.7,Tonnes,0.0
Asia Pacific,Coffee,Home Products Specialists,Retail Volume,2017,0.0,1449430.7,Tonnes,0.0
Asia Pacific,Coffee,Health and Beauty Specialists,Retail Volume,2017,0.8,1449430.7,Tonnes,11595.4456
Asia Pacific,Coffee,Leisure and Personal Goods Specialists,Retail Volume,2017,0.0,1449430.7,Tonnes,0.0
Asia Pacific,Coffee,Other Non-Grocery Retailers,Retail Volume,2017,0.0,1449430.7,Tonnes,0.0
Asia Pacific,Coffee,Vending,Retail Volume,2017,0.1,1449430.7,Tonnes,1449.4307
Asia Pacific,Coffee,Direct Selling,Retail Volume,2017,0.2,1449430.7,Tonnes,2898.8614
Asia Pacific,Coffee,Retail E-Commerce,Retail Volume,2017,2.6,1449430.7,Tonnes,37685.1982
Asia Pacific,RTD Coffee,Retail Channels,Off-trade Volume,2017,100.0,4365.3,million litres,4365.3
Asia Pacific,RTD Coffee,Retail Offline,Off-trade Volume,2017,98.8,4365.3,million litres,4312.9164
Asia Pacific,RTD Coffee,Grocery Retailers,Off-trade Volume,2017,64.7,4365.3,million litres,2824.3491000000004
Asia Pacific,RTD Coffee,Convenience Retailers,Off-trade Volume,2017,22.9,4365.3,million litres,999.6537
Asia Pacific,RTD Coffee,Convenience Stores,Off-trade Volume,2017,22.1,4365.3,million litres,964.7313
Asia Pacific,RTD Coffee,Forecourt Retailers,Off-trade Volume,2017,0.8,4365.3,million litres,34.9224
Asia Pacific,RTD Coffee,Supermarkets,Off-trade Volume,2017,22.2,4365.3,million litres,969.0966000000001
Asia Pacific,RTD Coffee,Hypermarkets,Off-trade Volume,2017,8.2,4365.3,million litres,357.95459999999997
Asia Pacific,RTD Coffee,Discounters,Off-trade Volume,2017,0.0,4365.3,million litres,0.0
Asia Pacific,RTD Coffee,Warehouse Clubs,Off-trade Volume,2017,1.3,4365.3,million litres,56.748900000000006
Asia Pacific,RTD Coffee,Food/drink/tobacco specialists,Off-trade Volume,2017,0.0,4365.3,million litres,0.0
Asia Pacific,RTD Coffee,Small Local Grocers,Off-trade Volume,2017,10.1,4365.3,million litres,440.89529999999996
Asia Pacific,RTD Coffee,Non-Grocery Retailers,Off-trade Volume,2017,14.0,4365.3,million litres,611.142
Asia Pacific,RTD Coffee,General Merchandise Stores,Off-trade Volume,2017,6.2,4365.3,million litres,270.6486
Asia Pacific,RTD Coffee,Apparel and Footwear Specialists,Off-trade Volume,2017,0.0,4365.3,million litres,0.0
Asia Pacific,RTD Coffee,Appliances and Electronics Specialists,Off-trade Volume,2017,0.0,4365.3,million litres,0.0
Asia Pacific,RTD Coffee,Home Products Specialists,Off-trade Volume,2017,0.0,4365.3,million litres,0.0
Asia Pacific,RTD Coffee,Health and Beauty Specialists,Off-trade Volume,2017,7.8,4365.3,million litres,340.4934
Asia Pacific,RTD Coffee,Leisure and Personal Goods Specialists,Off-trade Volume,2017,0.0,4365.3,million litres,0.0
Asia Pacific,RTD Coffee,Other Non-Grocery Retailers,Off-trade Volume,2017,0.0,4365.3,million litres,0.0
Asia Pacific,RTD Coffee,Vending,Off-trade Volume,2017,20.0,4365.3,million litres,873.0600000000001
Asia Pacific,RTD Coffee,Direct Selling,Off-trade Volume,2017,0.0,4365.3,million litres,0.0
Asia Pacific,RTD Coffee,Retail E-Commerce,Off-trade Volume,2017,1.2,4365.3,million litres,52.3836
China,Coffee,Retail Channels,Retail Volume,2017,100.0,64333.5,Tonnes,64333.5
China,Coffee,Retail Offline,Retail Volume,2017,82.2,64333.5,Tonnes,52882.137
China,Coffee,Grocery Retailers,Retail Volume,2017,82.1,64333.5,Tonnes,52817.803499999995
China,Coffee,Convenience Retailers,Retail Volume,2017,5.5,64333.5,Tonnes,3538.3425
China,Coffee,Convenience Stores,Retail Volume,2017,5.5,64333.5,Tonnes,3538.3425
China,Coffee,Forecourt Retailers,Retail Volume,2017,0.0,64333.5,Tonnes,0.0
China,Coffee,Supermarkets,Retail Volume,2017,30.1,64333.5,Tonnes,19364.3835
China,Coffee,Hypermarkets,Retail Volume,2017,39.3,64333.5,Tonnes,25283.065499999997
China,Coffee,Discounters,Retail Volume,2017,0.0,64333.5,Tonnes,0.0
China,Coffee,Warehouse Clubs,Retail Volume,2017,0.0,64333.5,Tonnes,0.0
China,Coffee,Food/drink/tobacco specialists,Retail Volume,2017,0.0,64333.5,Tonnes,0.0
China,Coffee,Small Local Grocers,Retail Volume,2017,7.3,64333.5,Tonnes,4696.345499999999
China,Coffee,Non-Grocery Retailers,Retail Volume,2017,0.0,64333.5,Tonnes,0.0
China,Coffee,General Merchandise Stores,Retail Volume,2017,0.0,64333.5,Tonnes,0.0
China,Coffee,Apparel and Footwear Specialists,Retail Volume,2017,0.0,64333.5,Tonnes,0.0
China,Coffee,Appliances and Electronics Specialists,Retail Volume,2017,0.0,64333.5,Tonnes,0.0
China,Coffee,Home Products Specialists,Retail Volume,2017,0.0,64333.5,Tonnes,0.0
China,Coffee,Health and Beauty Specialists,Retail Volume,2017,0.0,64333.5,Tonnes,0.0
China,Coffee,Leisure and Personal Goods Specialists,Retail Volume,2017,0.0,64333.5,Tonnes,0.0
China,Coffee,Other Non-Grocery Retailers,Retail Volume,2017,0.0,64333.5,Tonnes,0.0
China,Coffee,Vending,Retail Volume,2017,0.0,64333.5,Tonnes,0.0
China,Coffee,Direct Selling,Retail Volume,2017,0.0,64333.5,Tonnes,0.0
China,Coffee,Retail E-Commerce,Retail Volume,2017,17.8,64333.5,Tonnes,11451.363000000001
China,RTD Coffee,Retail Channels,Off-trade Volume,2017,100.0,328.8,million litres,328.8
China,RTD Coffee,Retail Offline,Off-trade Volume,2017,97.8,328.8,million litres,321.5664
China,RTD Coffee,Grocery Retailers,Off-trade Volume,2017,96.0,328.8,million litres,315.648
China,RTD Coffee,Convenience Retailers,Off-trade Volume,2017,10.1,328.8,million litres,33.2088
China,RTD Coffee,Convenience Stores,Off-trade Volume,2017,7.5,328.8,million litres,24.66
China,RTD Coffee,Forecourt Retailers,Off-trade Volume,2017,2.5,328.8,million litres,8.22
China,RTD Coffee,Supermarkets,Off-trade Volume,2017,36.4,328.8,million litres,119.6832
China,RTD Coffee,Hypermarkets,Off-trade Volume,2017,13.7,328.8,million litres,45.04559999999999
China,RTD Coffee,Discounters,Off-trade Volume,2017,0.5,328.8,million litres,1.6440000000000001
China,RTD Coffee,Warehouse Clubs,Off-trade Volume,2017,0.0,328.8,million litres,0.0
China,RTD Coffee,Food/drink/tobacco specialists,Off-trade Volume,2017,0.0,328.8,million litres,0.0
China,RTD Coffee,Small Local Grocers,Off-trade Volume,2017,35.3,328.8,million litres,116.0664
China,RTD Coffee,Non-Grocery Retailers,Off-trade Volume,2017,0.0,328.8,million litres,0.0
China,RTD Coffee,General Merchandise Stores,Off-trade Volume,2017,0.0,328.8,million litres,0.0
China,RTD Coffee,Apparel and Footwear Specialists,Off-trade Volume,2017,0.0,328.8,million litres,0.0
China,RTD Coffee,Appliances and Electronics Specialists,Off-trade Volume,2017,0.0,328.8,million litres,0.0
China,RTD Coffee,Home Products Specialists,Off-trade Volume,2017,0.0,328.8,million litres,0.0
China,RTD Coffee,Health and Beauty Specialists,Off-trade Volume,2017,0.0,328.8,million litres,0.0
China,RTD Coffee,Leisure and Personal Goods Specialists,Off-trade Volume,2017,0.0,328.8,million litres,0.0
China,RTD Coffee,Other Non-Grocery Retailers,Off-trade Volume,2017,0.0,328.8,million litres,0.0
China,RTD Coffee,Vending,Off-trade Volume,2017,1.9,328.8,million litres,6.2472
China,RTD Coffee,Direct Selling,Off-trade Volume,2017,0.0,328.8,million litres,0.0
China,RTD Coffee,Retail E-Commerce,Off-trade Volume,2017,2.2,328.8,million litres,7.233600000000001
India,Coffee,Retail Channels,Retail Volume,2017,100.0,62633.3,Tonnes,62633.3
India,Coffee,Retail Offline,Retail Volume,2017,99.8,62633.3,Tonnes,62508.0334
India,Coffee,Grocery Retailers,Retail Volume,2017,99.8,62633.3,Tonnes,62508.0334
India,Coffee,Convenience Retailers,Retail Volume,2017,2.0,62633.3,Tonnes,1252.6660000000002
India,Coffee,Convenience Stores,Retail Volume,2017,1.8,62633.3,Tonnes,1127.3994000000002
India,Coffee,Forecourt Retailers,Retail Volume,2017,0.2,62633.3,Tonnes,125.26660000000001
India,Coffee,Supermarkets,Retail Volume,2017,9.2,62633.3,Tonnes,5762.2636
India,Coffee,Hypermarkets,Retail Volume,2017,7.1,62633.3,Tonnes,4446.9643
India,Coffee,Discounters,Retail Volume,2017,0.0,62633.3,Tonnes,0.0
India,Coffee,Warehouse Clubs,Retail Volume,2017,0.0,62633.3,Tonnes,0.0
India,Coffee,Food/drink/tobacco specialists,Retail Volume,2017,0.0,62633.3,Tonnes,0.0
India,Coffee,Small Local Grocers,Retail Volume,2017,81.6,62633.3,Tonnes,51108.7728
India,Coffee,Non-Grocery Retailers,Retail Volume,2017,0.0,62633.3,Tonnes,0.0
India,Coffee,General Merchandise Stores,Retail Volume,2017,0.0,62633.3,Tonnes,0.0
India,Coffee,Apparel and Footwear Specialists,Retail Volume,2017,0.0,62633.3,Tonnes,0.0
India,Coffee,Appliances and Electronics Specialists,Retail Volume,2017,0.0,62633.3,Tonnes,0.0
India,Coffee,Home Products Specialists,Retail Volume,2017,0.0,62633.3,Tonnes,0.0
India,Coffee,Health and Beauty Specialists,Retail Volume,2017,0.0,62633.3,Tonnes,0.0
India,Coffee,Leisure and Personal Goods Specialists,Retail Volume,2017,0.0,62633.3,Tonnes,0.0
India,Coffee,Other Non-Grocery Retailers,Retail Volume,2017,0.0,62633.3,Tonnes,0.0
India,Coffee,Vending,Retail Volume,2017,0.0,62633.3,Tonnes,0.0
India,Coffee,Direct Selling,Retail Volume,2017,0.0,62633.3,Tonnes,0.0
India,Coffee,Retail E-Commerce,Retail Volume,2017,0.2,62633.3,Tonnes,125.26660000000001
India,RTD Coffee,Retail Channels,Off-trade Volume,2017,0.0,,million litres,
India,RTD Coffee,Retail Offline,Off-trade Volume,2017,0.0,,million litres,
India,RTD Coffee,Grocery Retailers,Off-trade Volume,2017,0.0,,million litres,
India,RTD Coffee,Convenience Retailers,Off-trade Volume,2017,0.0,,million litres,
India,RTD Coffee,Convenience Stores,Off-trade Volume,2017,0.0,,million litres,
India,RTD Coffee,Forecourt Retailers,Off-trade Volume,2017,0.0,,million litres,
India,RTD Coffee,Supermarkets,Off-trade Volume,2017,0.0,,million litres,
India,RTD Coffee,Hypermarkets,Off-trade Volume,2017,0.0,,million litres,
India,RTD Coffee,Discounters,Off-trade Volume,2017,0.0,,million litres,
India,RTD Coffee,Warehouse Clubs,Off-trade Volume,2017,0.0,,million litres,
India,RTD Coffee,Food/drink/tobacco specialists,Off-trade Volume,2017,0.0,,million litres,
India,RTD Coffee,Small Local Grocers,Off-trade Volume,2017,0.0,,million litres,
India,RTD Coffee,Non-Grocery Retailers,Off-trade Volume,2017,0.0,,million litres,
India,RTD Coffee,General Merchandise Stores,Off-trade Volume,2017,0.0,,million litres,
India,RTD Coffee,Apparel and Footwear Specialists,Off-trade Volume,2017,0.0,,million litres,
India,RTD Coffee,Appliances and Electronics Specialists,Off-trade Volume,2017,0.0,,million litres,
India,RTD Coffee,Home Products Specialists,Off-trade Volume,2017,0.0,,million litres,
India,RTD Coffee,Health and Beauty Specialists,Off-trade Volume,2017,0.0,,million litres,
India,RTD Coffee,Leisure and Personal Goods Specialists,Off-trade Volume,2017,0.0,,million litres,
India,RTD Coffee,Other Non-Grocery Retailers,Off-trade Volume,2017,0.0,,million litres,
India,RTD Coffee,Vending,Off-trade Volume,2017,0.0,,million litres,
India,RTD Coffee,Direct Selling,Off-trade Volume,2017,0.0,,million litres,
India,RTD Coffee,Retail E-Commerce,Off-trade Volume,2017,0.0,,million litres,
Japan,Coffee,Retail Channels,Retail Volume,2017,100.0,110789.0,Tonnes,110789.0
Japan,Coffee,Retail Offline,Retail Volume,2017,90.7,110789.0,Tonnes,100485.623
Japan,Coffee,Grocery Retailers,Retail Volume,2017,69.3,110789.0,Tonnes,76776.77699999999
Japan,Coffee,Convenience Retailers,Retail Volume,2017,3.1,110789.0,Tonnes,3434.459
Japan,Coffee,Convenience Stores,Retail Volume,2017,3.1,110789.0,Tonnes,3434.459
Japan,Coffee,Forecourt Retailers,Retail Volume,2017,0.0,110789.0,Tonnes,0.0
Japan,Coffee,Supermarkets,Retail Volume,2017,46.0,110789.0,Tonnes,50962.94
Japan,Coffee,Hypermarkets,Retail Volume,2017,11.4,110789.0,Tonnes,12629.946
Japan,Coffee,Discounters,Retail Volume,2017,0.0,110789.0,Tonnes,0.0
Japan,Coffee,Warehouse Clubs,Retail Volume,2017,2.9,110789.0,Tonnes,3212.881
Japan,Coffee,Food/drink/tobacco specialists,Retail Volume,2017,0.0,110789.0,Tonnes,0.0
Japan,Coffee,Small Local Grocers,Retail Volume,2017,5.9,110789.0,Tonnes,6536.551
Japan,Coffee,Non-Grocery Retailers,Retail Volume,2017,20.5,110789.0,Tonnes,22711.745
Japan,Coffee,General Merchandise Stores,Retail Volume,2017,14.3,110789.0,Tonnes,15842.827000000001
Japan,Coffee,Apparel and Footwear Specialists,Retail Volume,2017,0.0,110789.0,Tonnes,0.0
Japan,Coffee,Appliances and Electronics Specialists,Retail Volume,2017,0.0,110789.0,Tonnes,0.0
Japan,Coffee,Home Products Specialists,Retail Volume,2017,0.0,110789.0,Tonnes,0.0
Japan,Coffee,Health and Beauty Specialists,Retail Volume,2017,6.2,110789.0,Tonnes,6868.918
Japan,Coffee,Leisure and Personal Goods Specialists,Retail Volume,2017,0.0,110789.0,Tonnes,0.0
Japan,Coffee,Other Non-Grocery Retailers,Retail Volume,2017,0.0,110789.0,Tonnes,0.0
Japan,Coffee,Vending,Retail Volume,2017,0.8,110789.0,Tonnes,886.312
Japan,Coffee,Direct Selling,Retail Volume,2017,0.0,110789.0,Tonnes,0.0
Japan,Coffee,Retail E-Commerce,Retail Volume,2017,9.3,110789.0,Tonnes,10303.377000000002
Japan,RTD Coffee,Retail Channels,Off-trade Volume,2017,100.0,3208.3,million litres,3208.3
Japan,RTD Coffee,Retail Offline,Off-trade Volume,2017,99.4,3208.3,million litres,3189.0502000000006
Japan,RTD Coffee,Grocery Retailers,Off-trade Volume,2017,55.3,3208.3,million litres,1774.1898999999999
Japan,RTD Coffee,Convenience Retailers,Off-trade Volume,2017,19.2,3208.3,million litres,615.9936
Japan,RTD Coffee,Convenience Stores,Off-trade Volume,2017,19.2,3208.3,million litres,615.9936
Japan,RTD Coffee,Forecourt Retailers,Off-trade Volume,2017,0.0,3208.3,million litres,0.0
Japan,RTD Coffee,Supermarkets,Off-trade Volume,2017,23.6,3208.3,million litres,757.1588
Japan,RTD Coffee,Hypermarkets,Off-trade Volume,2017,6.1,3208.3,million litres,195.7063
Japan,RTD Coffee,Discounters,Off-trade Volume,2017,0.0,3208.3,million litres,0.0
Japan,RTD Coffee,Warehouse Clubs,Off-trade Volume,2017,1.5,3208.3,million litres,48.1245
Japan,RTD Coffee,Food/drink/tobacco specialists,Off-trade Volume,2017,0.0,3208.3,million litres,0.0
Japan,RTD Coffee,Small Local Grocers,Off-trade Volume,2017,4.9,3208.3,million litres,157.2067
Japan,RTD Coffee,Non-Grocery Retailers,Off-trade Volume,2017,17.7,3208.3,million litres,567.8691
Japan,RTD Coffee,General Merchandise Stores,Off-trade Volume,2017,7.6,3208.3,million litres,243.8308
Japan,RTD Coffee,Apparel and Footwear Specialists,Off-trade Volume,2017,0.0,3208.3,million litres,0.0
Japan,RTD Coffee,Appliances and Electronics Specialists,Off-trade Volume,2017,0.0,3208.3,million litres,0.0
Japan,RTD Coffee,Home Products Specialists,Off-trade Volume,2017,0.0,3208.3,million litres,0.0
Japan,RTD Coffee,Health and Beauty Specialists,Off-trade Volume,2017,10.1,3208.3,million litres,324.0383
Japan,RTD Coffee,Leisure and Personal Goods Specialists,Off-trade Volume,2017,0.0,3208.3,million litres,0.0
Japan,RTD Coffee,Other Non-Grocery Retailers,Off-trade Volume,2017,0.0,3208.3,million litres,0.0
Japan,RTD Coffee,Vending,Off-trade Volume,2017,26.3,3208.3,million litres,843.7829
Japan,RTD Coffee,Direct Selling,Off-trade Volume,2017,0.0,3208.3,million litres,0.0
Japan,RTD Coffee,Retail E-Commerce,Off-trade Volume,2017,0.6,3208.3,million litres,19.2498
Thailand,Coffee,Retail Channels,Retail Volume,2017,100.0,73414.0,Tonnes,73414.0
Thailand,Coffee,Retail Offline,Retail Volume,2017,98.5,73414.0,Tonnes,72312.79
Thailand,Coffee,Grocery Retailers,Retail Volume,2017,98.5,73414.0,Tonnes,72312.79
Thailand,Coffee,Convenience Retailers,Retail Volume,2017,29.0,73414.0,Tonnes,21290.059999999998
Thailand,Coffee,Convenience Stores,Retail Volume,2017,16.5,73414.0,Tonnes,12113.310000000001
Thailand,Coffee,Forecourt Retailers,Retail Volume,2017,12.5,73414.0,Tonnes,9176.75
Thailand,Coffee,Supermarkets,Retail Volume,2017,5.8,73414.0,Tonnes,4258.012
Thailand,Coffee,Hypermarkets,Retail Volume,2017,23.3,73414.0,Tonnes,17105.462
Thailand,Coffee,Discounters,Retail Volume,2017,0.0,73414.0,Tonnes,0.0
Thailand,Coffee,Warehouse Clubs,Retail Volume,2017,0.0,73414.0,Tonnes,0.0
Thailand,Coffee,Food/drink/tobacco specialists,Retail Volume,2017,0.0,73414.0,Tonnes,0.0
Thailand,Coffee,Small Local Grocers,Retail Volume,2017,40.4,73414.0,Tonnes,29659.255999999998
Thailand,Coffee,Non-Grocery Retailers,Retail Volume,2017,0.0,73414.0,Tonnes,0.0
Thailand,Coffee,General Merchandise Stores,Retail Volume,2017,0.0,73414.0,Tonnes,0.0
Thailand,Coffee,Apparel and Footwear Specialists,Retail Volume,2017,0.0,73414.0,Tonnes,0.0
Thailand,Coffee,Appliances and Electronics Specialists,Retail Volume,2017,0.0,73414.0,Tonnes,0.0
Thailand,Coffee,Home Products Specialists,Retail Volume,2017,0.0,73414.0,Tonnes,0.0
Thailand,Coffee,Health and Beauty Specialists,Retail Volume,2017,0.0,73414.0,Tonnes,0.0
Thailand,Coffee,Leisure and Personal Goods Specialists,Retail Volume,2017,0.0,73414.0,Tonnes,0.0
Thailand,Coffee,Other Non-Grocery Retailers,Retail Volume,2017,0.0,73414.0,Tonnes,0.0
Thailand,Coffee,Vending,Retail Volume,2017,0.0,73414.0,Tonnes,0.0
Thailand,Coffee,Direct Selling,Retail Volume,2017,0.0,73414.0,Tonnes,0.0
Thailand,Coffee,Retail E-Commerce,Retail Volume,2017,1.5,73414.0,Tonnes,1101.21
Thailand,RTD Coffee,Retail Channels,Off-trade Volume,2017,100.0,179.5,million litres,179.5
Thailand,RTD Coffee,Retail Offline,Off-trade Volume,2017,98.6,179.5,million litres,176.987
Thailand,RTD Coffee,Grocery Retailers,Off-trade Volume,2017,91.3,179.5,million litres,163.8835
Thailand,RTD Coffee,Convenience Retailers,Off-trade Volume,2017,28.8,179.5,million litres,51.696000000000005
Thailand,RTD Coffee,Convenience Stores,Off-trade Volume,2017,16.6,179.5,million litres,29.797
Thailand,RTD Coffee,Forecourt Retailers,Off-trade Volume,2017,12.2,179.5,million litres,21.899
Thailand,RTD Coffee,Supermarkets,Off-trade Volume,2017,5.5,179.5,million litres,9.8725
Thailand,RTD Coffee,Hypermarkets,Off-trade Volume,2017,23.6,179.5,million litres,42.362
Thailand,RTD Coffee,Discounters,Off-trade Volume,2017,0.0,179.5,million litres,0.0
Thailand,RTD Coffee,Warehouse Clubs,Off-trade Volume,2017,0.0,179.5,million litres,0.0
Thailand,RTD Coffee,Food/drink/tobacco specialists,Off-trade Volume,2017,0.0,179.5,million litres,0.0
Thailand,RTD Coffee,Small Local Grocers,Off-trade Volume,2017,33.4,179.5,million litres,59.952999999999996
Thailand,RTD Coffee,Non-Grocery Retailers,Off-trade Volume,2017,0.0,179.5,million litres,0.0
Thailand,RTD Coffee,General Merchandise Stores,Off-trade Volume,2017,0.0,179.5,million litres,0.0
Thailand,RTD Coffee,Apparel and Footwear Specialists,Off-trade Volume,2017,0.0,179.5,million litres,0.0
Thailand,RTD Coffee,Appliances and Electronics Specialists,Off-trade Volume,2017,0.0,179.5,million litres,0.0
Thailand,RTD Coffee,Home Products Specialists,Off-trade Volume,2017,0.0,179.5,million litres,0.0
Thailand,RTD Coffee,Health and Beauty Specialists,Off-trade Volume,2017,0.0,179.5,million litres,0.0
Thailand,RTD Coffee,Leisure and Personal Goods Specialists,Off-trade Volume,2017,0.0,179.5,million litres,0.0
Thailand,RTD Coffee,Other Non-Grocery Retailers,Off-trade Volume,2017,0.0,179.5,million litres,0.0
Thailand,RTD Coffee,Vending,Off-trade Volume,2017,7.3,179.5,million litres,13.103499999999999
Thailand,RTD Coffee,Direct Selling,Off-trade Volume,2017,0.0,179.5,million litres,0.0
Thailand,RTD Coffee,Retail E-Commerce,Off-trade Volume,2017,1.4,179.5,million litres,2.513
Australasia,Coffee,Retail Channels,Retail Volume,2017,100.0,38945.9,Tonnes,38945.9
Australasia,Coffee,Retail Offline,Retail Volume,2017,94.4,38945.9,Tonnes,36764.9296
Australasia,Coffee,Grocery Retailers,Retail Volume,2017,94.2,38945.9,Tonnes,36687.037800000006
Australasia,Coffee,Convenience Retailers,Retail Volume,2017,5.7,38945.9,Tonnes,2219.9163000000003
Australasia,Coffee,Convenience Stores,Retail Volume,2017,2.8,38945.9,Tonnes,1090.4851999999998
Australasia,Coffee,Forecourt Retailers,Retail Volume,2017,2.8,38945.9,Tonnes,1090.4851999999998
Australasia,Coffee,Supermarkets,Retail Volume,2017,73.3,38945.9,Tonnes,28547.3447
Australasia,Coffee,Hypermarkets,Retail Volume,2017,0.0,38945.9,Tonnes,0.0
Australasia,Coffee,Discounters,Retail Volume,2017,12.6,38945.9,Tonnes,4907.1834
Australasia,Coffee,Warehouse Clubs,Retail Volume,2017,0.0,38945.9,Tonnes,0.0
Australasia,Coffee,Food/drink/tobacco specialists,Retail Volume,2017,0.0,38945.9,Tonnes,0.0
Australasia,Coffee,Small Local Grocers,Retail Volume,2017,2.6,38945.9,Tonnes,1012.5934000000001
Australasia,Coffee,Non-Grocery Retailers,Retail Volume,2017,0.1,38945.9,Tonnes,38.9459
Australasia,Coffee,General Merchandise Stores,Retail Volume,2017,0.0,38945.9,Tonnes,0.0
Australasia,Coffee,Apparel and Footwear Specialists,Retail Volume,2017,0.0,38945.9,Tonnes,0.0
Australasia,Coffee,Appliances and Electronics Specialists,Retail Volume,2017,0.0,38945.9,Tonnes,0.0
Australasia,Coffee,Home Products Specialists,Retail Volume,2017,0.0,38945.9,Tonnes,0.0
Australasia,Coffee,Health and Beauty Specialists,Retail Volume,2017,0.1,38945.9,Tonnes,38.9459
Australasia,Coffee,Leisure and Personal Goods Specialists,Retail Volume,2017,0.0,38945.9,Tonnes,0.0
Australasia,Coffee,Other Non-Grocery Retailers,Retail Volume,2017,0.0,38945.9,Tonnes,0.0
Australasia,Coffee,Vending,Retail Volume,2017,0.1,38945.9,Tonnes,38.9459
Australasia,Coffee,Direct Selling,Retail Volume,2017,0.0,38945.9,Tonnes,0.0
Australasia,Coffee,Retail E-Commerce,Retail Volume,2017,5.6,38945.9,Tonnes,2180.9703999999997
Australasia,RTD Coffee,Retail Channels,Off-trade Volume,2017,100.0,3.4,million litres,3.4
Australasia,RTD Coffee,Retail Offline,Off-trade Volume,2017,94.7,3.4,million litres,3.2198
Australasia,RTD Coffee,Grocery Retailers,Off-trade Volume,2017,93.7,3.4,million litres,3.1858
Australasia,RTD Coffee,Convenience Retailers,Off-trade Volume,2017,33.5,3.4,million litres,1.139
Australasia,RTD Coffee,Convenience Stores,Off-trade Volume,2017,8.1,3.4,million litres,0.2754
Australasia,RTD Coffee,Forecourt Retailers,Off-trade Volume,2017,25.4,3.4,million litres,0.8636
Australasia,RTD Coffee,Supermarkets,Off-trade Volume,2017,54.9,3.4,million litres,1.8665999999999998
Australasia,RTD Coffee,Hypermarkets,Off-trade Volume,2017,0.0,3.4,million litres,0.0
Australasia,RTD Coffee,Discounters,Off-trade Volume,2017,1.2,3.4,million litres,0.0408
Australasia,RTD Coffee,Warehouse Clubs,Off-trade Volume,2017,0.0,3.4,million litres,0.0
Australasia,RTD Coffee,Food/drink/tobacco specialists,Off-trade Volume,2017,0.0,3.4,million litres,0.0
Australasia,RTD Coffee,Small Local Grocers,Off-trade Volume,2017,4.2,3.4,million litres,0.1428
Australasia,RTD Coffee,Non-Grocery Retailers,Off-trade Volume,2017,0.0,3.4,million litres,0.0
Australasia,RTD Coffee,General Merchandise Stores,Off-trade Volume,2017,0.0,3.4,million litres,0.0
Australasia,RTD Coffee,Apparel and Footwear Specialists,Off-trade Volume,2017,0.0,3.4,million litres,0.0
Australasia,RTD Coffee,Appliances and Electronics Specialists,Off-trade Volume,2017,0.0,3.4,million litres,0.0
Australasia,RTD Coffee,Home Products Specialists,Off-trade Volume,2017,0.0,3.4,million litres,0.0
Australasia,RTD Coffee,Health and Beauty Specialists,Off-trade Volume,2017,0.0,3.4,million litres,0.0
Australasia,RTD Coffee,Leisure and Personal Goods Specialists,Off-trade Volume,2017,0.0,3.4,million litres,0.0
Australasia,RTD Coffee,Other Non-Grocery Retailers,Off-trade Volume,2017,0.0,3.4,million litres,0.0
Australasia,RTD Coffee,Vending,Off-trade Volume,2017,0.9,3.4,million litres,0.030600000000000002
Australasia,RTD Coffee,Direct Selling,Off-trade Volume,2017,0.0,3.4,million litres,0.0
Australasia,RTD Coffee,Retail E-Commerce,Off-trade Volume,2017,5.3,3.4,million litres,0.1802
Australia,Coffee,Retail Channels,Retail Volume,2017,100.0,33772.9,Tonnes,33772.9
Australia,Coffee,Retail Offline,Retail Volume,2017,94.1,33772.9,Tonnes,31780.298899999998
Australia,Coffee,Grocery Retailers,Retail Volume,2017,94.1,33772.9,Tonnes,31780.298899999998
Australia,Coffee,Convenience Retailers,Retail Volume,2017,6.1,33772.9,Tonnes,2060.1469
Australia,Coffee,Convenience Stores,Retail Volume,2017,2.9,33772.9,Tonnes,979.4141
Australia,Coffee,Forecourt Retailers,Retail Volume,2017,3.2,33772.9,Tonnes,1080.7328
Australia,Coffee,Supermarkets,Retail Volume,2017,71.2,33772.9,Tonnes,24046.304800000005
Australia,Coffee,Hypermarkets,Retail Volume,2017,0.0,33772.9,Tonnes,0.0
Australia,Coffee,Discounters,Retail Volume,2017,14.5,33772.9,Tonnes,4897.0705
Australia,Coffee,Warehouse Clubs,Retail Volume,2017,0.0,33772.9,Tonnes,0.0
Australia,Coffee,Food/drink/tobacco specialists,Retail Volume,2017,0.0,33772.9,Tonnes,0.0
Australia,Coffee,Small Local Grocers,Retail Volume,2017,2.3,33772.9,Tonnes,776.7767
Australia,Coffee,Non-Grocery Retailers,Retail Volume,2017,0.0,33772.9,Tonnes,0.0
Australia,Coffee,General Merchandise Stores,Retail Volume,2017,0.0,33772.9,Tonnes,0.0
Australia,Coffee,Apparel and Footwear Specialists,Retail Volume,2017,0.0,33772.9,Tonnes,0.0
Australia,Coffee,Appliances and Electronics Specialists,Retail Volume,2017,0.0,33772.9,Tonnes,0.0
Australia,Coffee,Home Products Specialists,Retail Volume,2017,0.0,33772.9,Tonnes,0.0
Australia,Coffee,Health and Beauty Specialists,Retail Volume,2017,0.0,33772.9,Tonnes,0.0
Australia,Coffee,Leisure and Personal Goods Specialists,Retail Volume,2017,0.0,33772.9,Tonnes,0.0
Australia,Coffee,Other Non-Grocery Retailers,Retail Volume,2017,0.0,33772.9,Tonnes,0.0
Australia,Coffee,Vending,Retail Volume,2017,0.0,33772.9,Tonnes,0.0
Australia,Coffee,Direct Selling,Retail Volume,2017,0.0,33772.9,Tonnes,0.0
Australia,Coffee,Retail E-Commerce,Retail Volume,2017,5.9,33772.9,Tonnes,1992.6011000000003
Australia,RTD Coffee,Retail Channels,Off-trade Volume,2017,100.0,3.3,million litres,3.3
Australia,RTD Coffee,Retail Offline,Off-trade Volume,2017,94.5,3.3,million litres,3.1184999999999996
Australia,RTD Coffee,Grocery Retailers,Off-trade Volume,2017,93.6,3.3,million litres,3.0887999999999995
Australia,RTD Coffee,Convenience Retailers,Off-trade Volume,2017,34.1,3.3,million litres,1.1253
Australia,RTD Coffee,Convenience Stores,Off-trade Volume,2017,8.2,3.3,million litres,0.27059999999999995
Australia,RTD Coffee,Forecourt Retailers,Off-trade Volume,2017,25.8,3.3,million litres,0.8513999999999999
Australia,RTD Coffee,Supermarkets,Off-trade Volume,2017,54.0,3.3,million litres,1.782
Australia,RTD Coffee,Hypermarkets,Off-trade Volume,2017,0.0,3.3,million litres,0.0
Australia,RTD Coffee,Discounters,Off-trade Volume,2017,1.2,3.3,million litres,0.039599999999999996
Australia,RTD Coffee,Warehouse Clubs,Off-trade Volume,2017,0.0,3.3,million litres,0.0
Australia,RTD Coffee,Food/drink/tobacco specialists,Off-trade Volume,2017,0.0,3.3,million litres,0.0
Australia,RTD Coffee,Small Local Grocers,Off-trade Volume,2017,4.3,3.3,million litres,0.14189999999999997
Australia,RTD Coffee,Non-Grocery Retailers,Off-trade Volume,2017,0.0,3.3,million litres,0.0
Australia,RTD Coffee,General Merchandise Stores,Off-trade Volume,2017,0.0,3.3,million litres,0.0
Australia,RTD Coffee,Apparel and Footwear Specialists,Off-trade Volume,2017,0.0,3.3,million litres,0.0
Australia,RTD Coffee,Appliances and Electronics Specialists,Off-trade Volume,2017,0.0,3.3,million litres,0.0
Australia,RTD Coffee,Home Products Specialists,Off-trade Volume,2017,0.0,3.3,million litres,0.0
Australia,RTD Coffee,Health and Beauty Specialists,Off-trade Volume,2017,0.0,3.3,million litres,0.0
Australia,RTD Coffee,Leisure and Personal Goods Specialists,Off-trade Volume,2017,0.0,3.3,million litres,0.0
Australia,RTD Coffee,Other Non-Grocery Retailers,Off-trade Volume,2017,0.0,3.3,million litres,0.0
Australia,RTD Coffee,Vending,Off-trade Volume,2017,0.9,3.3,million litres,0.0297
Australia,RTD Coffee,Direct Selling,Off-trade Volume,2017,0.0,3.3,million litres,0.0
Australia,RTD Coffee,Retail E-Commerce,Off-trade Volume,2017,5.5,3.3,million litres,0.1815
Eastern Europe,Coffee,Retail Channels,Retail Volume,2017,100.0,489544.3,Tonnes,489544.3
Eastern Europe,Coffee,Retail Offline,Retail Volume,2017,99.4,489544.3,Tonnes,486607.03420000005
Eastern Europe,Coffee,Grocery Retailers,Retail Volume,2017,96.3,489544.3,Tonnes,471431.16089999996
Eastern Europe,Coffee,Convenience Retailers,Retail Volume,2017,13.3,489544.3,Tonnes,65109.3919
Eastern Europe,Coffee,Convenience Stores,Retail Volume,2017,12.3,489544.3,Tonnes,60213.9489
Eastern Europe,Coffee,Forecourt Retailers,Retail Volume,2017,1.0,489544.3,Tonnes,4895.443
Eastern Europe,Coffee,Supermarkets,Retail Volume,2017,28.7,489544.3,Tonnes,140499.21409999998
Eastern Europe,Coffee,Hypermarkets,Retail Volume,2017,18.0,489544.3,Tonnes,88117.97399999999
Eastern Europe,Coffee,Discounters,Retail Volume,2017,10.9,489544.3,Tonnes,53360.3287
Eastern Europe,Coffee,Warehouse Clubs,Retail Volume,2017,0.0,489544.3,Tonnes,0.0
Eastern Europe,Coffee,Food/drink/tobacco specialists,Retail Volume,2017,1.7,489544.3,Tonnes,8322.2531
Eastern Europe,Coffee,Small Local Grocers,Retail Volume,2017,23.7,489544.3,Tonnes,116021.99909999999
Eastern Europe,Coffee,Non-Grocery Retailers,Retail Volume,2017,0.5,489544.3,Tonnes,2447.7215
Eastern Europe,Coffee,General Merchandise Stores,Retail Volume,2017,0.2,489544.3,Tonnes,979.0886
Eastern Europe,Coffee,Apparel and Footwear Specialists,Retail Volume,2017,0.0,489544.3,Tonnes,0.0
Eastern Europe,Coffee,Appliances and Electronics Specialists,Retail Volume,2017,0.0,489544.3,Tonnes,0.0
Eastern Europe,Coffee,Home Products Specialists,Retail Volume,2017,0.0,489544.3,Tonnes,0.0
Eastern Europe,Coffee,Health and Beauty Specialists,Retail Volume,2017,0.3,489544.3,Tonnes,1468.6329
Eastern Europe,Coffee,Leisure and Personal Goods Specialists,Retail Volume,2017,0.0,489544.3,Tonnes,0.0
Eastern Europe,Coffee,Other Non-Grocery Retailers,Retail Volume,2017,0.0,489544.3,Tonnes,0.0
Eastern Europe,Coffee,Vending,Retail Volume,2017,2.5,489544.3,Tonnes,12238.6075
Eastern Europe,Coffee,Direct Selling,Retail Volume,2017,0.0,489544.3,Tonnes,0.0
Eastern Europe,Coffee,Retail E-Commerce,Retail Volume,2017,0.6,489544.3,Tonnes,2937.2658
Eastern Europe,RTD Coffee,Retail Channels,Off-trade Volume,2017,100.0,26.4,million litres,26.4
Eastern Europe,RTD Coffee,Retail Offline,Off-trade Volume,2017,99.6,26.4,million litres,26.2944
Eastern Europe,RTD Coffee,Grocery Retailers,Off-trade Volume,2017,98.0,26.4,million litres,25.872
Eastern Europe,RTD Coffee,Convenience Retailers,Off-trade Volume,2017,46.6,26.4,million litres,12.3024
Eastern Europe,RTD Coffee,Convenience Stores,Off-trade Volume,2017,12.8,26.4,million litres,3.3792
Eastern Europe,RTD Coffee,Forecourt Retailers,Off-trade Volume,2017,33.8,26.4,million litres,8.923199999999998
Eastern Europe,RTD Coffee,Supermarkets,Off-trade Volume,2017,12.8,26.4,million litres,3.3792
Eastern Europe,RTD Coffee,Hypermarkets,Off-trade Volume,2017,20.9,26.4,million litres,5.5176
Eastern Europe,RTD Coffee,Discounters,Off-trade Volume,2017,10.0,26.4,million litres,2.64
Eastern Europe,RTD Coffee,Warehouse Clubs,Off-trade Volume,2017,0.0,26.4,million litres,0.0
Eastern Europe,RTD Coffee,Food/drink/tobacco specialists,Off-trade Volume,2017,1.0,26.4,million litres,0.264
Eastern Europe,RTD Coffee,Small Local Grocers,Off-trade Volume,2017,6.7,26.4,million litres,1.7688
Eastern Europe,RTD Coffee,Non-Grocery Retailers,Off-trade Volume,2017,0.6,26.4,million litres,0.15839999999999999
Eastern Europe,RTD Coffee,General Merchandise Stores,Off-trade Volume,2017,0.2,26.4,million litres,0.0528
Eastern Europe,RTD Coffee,Apparel and Footwear Specialists,Off-trade Volume,2017,0.0,26.4,million litres,0.0
Eastern Europe,RTD Coffee,Appliances and Electronics Specialists,Off-trade Volume,2017,0.0,26.4,million litres,0.0
Eastern Europe,RTD Coffee,Home Products Specialists,Off-trade Volume,2017,0.0,26.4,million litres,0.0
Eastern Europe,RTD Coffee,Health and Beauty Specialists,Off-trade Volume,2017,0.4,26.4,million litres,0.1056
Eastern Europe,RTD Coffee,Leisure and Personal Goods Specialists,Off-trade Volume,2017,0.0,26.4,million litres,0.0
Eastern Europe,RTD Coffee,Other Non-Grocery Retailers,Off-trade Volume,2017,0.0,26.4,million litres,0.0
Eastern Europe,RTD Coffee,Vending,Off-trade Volume,2017,1.1,26.4,million litres,0.2904
Eastern Europe,RTD Coffee,Direct Selling,Off-trade Volume,2017,0.0,26.4,million litres,0.0
Eastern Europe,RTD Coffee,Retail E-Commerce,Off-trade Volume,2017,0.4,26.4,million litres,0.1056
Latin America,Coffee,Retail Channels,Retail Volume,2017,100.0,1066370.6,Tonnes,1066370.6
Latin America,Coffee,Retail Offline,Retail Volume,2017,99.7,1066370.6,Tonnes,1063171.4882
Latin America,Coffee,Grocery Retailers,Retail Volume,2017,97.6,1066370.6,Tonnes,1040777.7056000001
Latin America,Coffee,Convenience Retailers,Retail Volume,2017,1.1,1066370.6,Tonnes,11730.076600000002
Latin America,Coffee,Convenience Stores,Retail Volume,2017,0.6,1066370.6,Tonnes,6398.2236
Latin America,Coffee,Forecourt Retailers,Retail Volume,2017,0.5,1066370.6,Tonnes,5331.853000000001
Latin America,Coffee,Supermarkets,Retail Volume,2017,32.7,1066370.6,Tonnes,348703.18620000005
Latin America,Coffee,Hypermarkets,Retail Volume,2017,30.2,1066370.6,Tonnes,322043.92120000004
Latin America,Coffee,Discounters,Retail Volume,2017,2.5,1066370.6,Tonnes,26659.265000000003
Latin America,Coffee,Warehouse Clubs,Retail Volume,2017,2.9,1066370.6,Tonnes,30924.7474
Latin America,Coffee,Food/drink/tobacco specialists,Retail Volume,2017,0.1,1066370.6,Tonnes,1066.3706000000002
Latin America,Coffee,Small Local Grocers,Retail Volume,2017,28.2,1066370.6,Tonnes,300716.5092
Latin America,Coffee,Non-Grocery Retailers,Retail Volume,2017,1.6,1066370.6,Tonnes,17061.929600000003
Latin America,Coffee,General Merchandise Stores,Retail Volume,2017,1.4,1066370.6,Tonnes,14929.1884
Latin America,Coffee,Apparel and Footwear Specialists,Retail Volume,2017,0.0,1066370.6,Tonnes,0.0
Latin America,Coffee,Appliances and Electronics Specialists,Retail Volume,2017,0.0,1066370.6,Tonnes,0.0
Latin America,Coffee,Home Products Specialists,Retail Volume,2017,0.0,1066370.6,Tonnes,0.0
Latin America,Coffee,Health and Beauty Specialists,Retail Volume,2017,0.1,1066370.6,Tonnes,1066.3706000000002
Latin America,Coffee,Leisure and Personal Goods Specialists,Retail Volume,2017,0.0,1066370.6,Tonnes,0.0
Latin America,Coffee,Other Non-Grocery Retailers,Retail Volume,2017,0.0,1066370.6,Tonnes,0.0
Latin America,Coffee,Vending,Retail Volume,2017,0.1,1066370.6,Tonnes,1066.3706000000002
Latin America,Coffee,Direct Selling,Retail Volume,2017,0.3,1066370.6,Tonnes,3199.1118
Latin America,Coffee,Retail E-Commerce,Retail Volume,2017,0.3,1066370.6,Tonnes,3199.1118
Latin America,RTD Coffee,Retail Channels,Off-trade Volume,2017,100.0,20.5,million litres,20.5
Latin America,RTD Coffee,Retail Offline,Off-trade Volume,2017,100.0,20.5,million litres,20.5
Latin America,RTD Coffee,Grocery Retailers,Off-trade Volume,2017,98.9,20.5,million litres,20.274500000000003
Latin America,RTD Coffee,Convenience Retailers,Off-trade Volume,2017,17.9,20.5,million litres,3.6694999999999998
Latin America,RTD Coffee,Convenience Stores,Off-trade Volume,2017,8.4,20.5,million litres,1.7220000000000002
Latin America,RTD Coffee,Forecourt Retailers,Off-trade Volume,2017,9.5,20.5,million litres,1.9475
Latin America,RTD Coffee,Supermarkets,Off-trade Volume,2017,29.4,20.5,million litres,6.026999999999999
Latin America,RTD Coffee,Hypermarkets,Off-trade Volume,2017,10.2,20.5,million litres,2.0909999999999997
Latin America,RTD Coffee,Discounters,Off-trade Volume,2017,2.1,20.5,million litres,0.43050000000000005
Latin America,RTD Coffee,Warehouse Clubs,Off-trade Volume,2017,0.8,20.5,million litres,0.164
Latin America,RTD Coffee,Food/drink/tobacco specialists,Off-trade Volume,2017,0.4,20.5,million litres,0.082
Latin America,RTD Coffee,Small Local Grocers,Off-trade Volume,2017,38.0,20.5,million litres,7.79
Latin America,RTD Coffee,Non-Grocery Retailers,Off-trade Volume,2017,1.1,20.5,million litres,0.22550000000000003
Latin America,RTD Coffee,General Merchandise Stores,Off-trade Volume,2017,0.2,20.5,million litres,0.041
Latin America,RTD Coffee,Apparel and Footwear Specialists,Off-trade Volume,2017,0.0,20.5,million litres,0.0
Latin America,RTD Coffee,Appliances and Electronics Specialists,Off-trade Volume,2017,0.0,20.5,million litres,0.0
Latin America,RTD Coffee,Home Products Specialists,Off-trade Volume,2017,0.0,20.5,million litres,0.0
Latin America,RTD Coffee,Health and Beauty Specialists,Off-trade Volume,2017,0.9,20.5,million litres,0.18450000000000003
Latin America,RTD Coffee,Leisure and Personal Goods Specialists,Off-trade Volume,2017,0.0,20.5,million litres,0.0
Latin America,RTD Coffee,Other Non-Grocery Retailers,Off-trade Volume,2017,0.0,20.5,million litres,0.0
Latin America,RTD Coffee,Vending,Off-trade Volume,2017,0.0,20.5,million litres,0.0
Latin America,RTD Coffee,Direct Selling,Off-trade Volume,2017,0.0,20.5,million litres,0.0
Latin America,RTD Coffee,Retail E-Commerce,Off-trade Volume,2017,0.0,20.5,million litres,0.0
Brazil,Coffee,Retail Channels,Retail Volume,2017,100.0,745302.8,Tonnes,745302.8
Brazil,Coffee,Retail Offline,Retail Volume,2017,99.7,745302.8,Tonnes,743066.8916000001
Brazil,Coffee,Grocery Retailers,Retail Volume,2017,97.3,745302.8,Tonnes,725179.6244
Brazil,Coffee,Convenience Retailers,Retail Volume,2017,0.6,745302.8,Tonnes,4471.8168000000005
Brazil,Coffee,Convenience Stores,Retail Volume,2017,0.0,745302.8,Tonnes,0.0
Brazil,Coffee,Forecourt Retailers,Retail Volume,2017,0.6,745302.8,Tonnes,4471.8168000000005
Brazil,Coffee,Supermarkets,Retail Volume,2017,37.8,745302.8,Tonnes,281724.4584
Brazil,Coffee,Hypermarkets,Retail Volume,2017,36.2,745302.8,Tonnes,269799.61360000004
Brazil,Coffee,Discounters,Retail Volume,2017,0.3,745302.8,Tonnes,2235.9084000000003
Brazil,Coffee,Warehouse Clubs,Retail Volume,2017,3.9,745302.8,Tonnes,29066.809200000003
Brazil,Coffee,Food/drink/tobacco specialists,Retail Volume,2017,0.0,745302.8,Tonnes,0.0
Brazil,Coffee,Small Local Grocers,Retail Volume,2017,18.6,745302.8,Tonnes,138626.32080000002
Brazil,Coffee,Non-Grocery Retailers,Retail Volume,2017,1.9,745302.8,Tonnes,14160.753200000001
Brazil,Coffee,General Merchandise Stores,Retail Volume,2017,1.9,745302.8,Tonnes,14160.753200000001
Brazil,Coffee,Apparel and Footwear Specialists,Retail Volume,2017,0.0,745302.8,Tonnes,0.0
Brazil,Coffee,Appliances and Electronics Specialists,Retail Volume,2017,0.0,745302.8,Tonnes,0.0
Brazil,Coffee,Home Products Specialists,Retail Volume,2017,0.0,745302.8,Tonnes,0.0
Brazil,Coffee,Health and Beauty Specialists,Retail Volume,2017,0.0,745302.8,Tonnes,0.0
Brazil,Coffee,Leisure and Personal Goods Specialists,Retail Volume,2017,0.0,745302.8,Tonnes,0.0
Brazil,Coffee,Other Non-Grocery Retailers,Retail Volume,2017,0.0,745302.8,Tonnes,0.0
Brazil,Coffee,Vending,Retail Volume,2017,0.0,745302.8,Tonnes,0.0
Brazil,Coffee,Direct Selling,Retail Volume,2017,0.4,745302.8,Tonnes,2981.2112
Brazil,Coffee,Retail E-Commerce,Retail Volume,2017,0.3,745302.8,Tonnes,2235.9084000000003
Brazil,RTD Coffee,Retail Channels,Off-trade Volume,2017,100.0,1.5,million litres,1.5
Brazil,RTD Coffee,Retail Offline,Off-trade Volume,2017,100.0,1.5,million litres,1.5
Brazil,RTD Coffee,Grocery Retailers,Off-trade Volume,2017,98.9,1.5,million litres,1.4835000000000003
Brazil,RTD Coffee,Convenience Retailers,Off-trade Volume,2017,63.9,1.5,million litres,0.9585
Brazil,RTD Coffee,Convenience Stores,Off-trade Volume,2017,1.8,1.5,million litres,0.027000000000000003
Brazil,RTD Coffee,Forecourt Retailers,Off-trade Volume,2017,62.1,1.5,million litres,0.9315
Brazil,RTD Coffee,Supermarkets,Off-trade Volume,2017,10.8,1.5,million litres,0.16200000000000003
Brazil,RTD Coffee,Hypermarkets,Off-trade Volume,2017,10.9,1.5,million litres,0.1635
Brazil,RTD Coffee,Discounters,Off-trade Volume,2017,0.0,1.5,million litres,0.0
Brazil,RTD Coffee,Warehouse Clubs,Off-trade Volume,2017,2.1,1.5,million litres,0.0315
Brazil,RTD Coffee,Food/drink/tobacco specialists,Off-trade Volume,2017,0.0,1.5,million litres,0.0
Brazil,RTD Coffee,Small Local Grocers,Off-trade Volume,2017,11.2,1.5,million litres,0.16799999999999998
Brazil,RTD Coffee,Non-Grocery Retailers,Off-trade Volume,2017,1.1,1.5,million litres,0.0165
Brazil,RTD Coffee,General Merchandise Stores,Off-trade Volume,2017,1.1,1.5,million litres,0.0165
Brazil,RTD Coffee,Apparel and Footwear Specialists,Off-trade Volume,2017,0.0,1.5,million litres,0.0
Brazil,RTD Coffee,Appliances and Electronics Specialists,Off-trade Volume,2017,0.0,1.5,million litres,0.0
Brazil,RTD Coffee,Home Products Specialists,Off-trade Volume,2017,0.0,1.5,million litres,0.0
Brazil,RTD Coffee,Health and Beauty Specialists,Off-trade Volume,2017,0.0,1.5,million litres,0.0
Brazil,RTD Coffee,Leisure and Personal Goods Specialists,Off-trade Volume,2017,0.0,1.5,million litres,0.0
Brazil,RTD Coffee,Other Non-Grocery Retailers,Off-trade Volume,2017,0.0,1.5,million litres,0.0
Brazil,RTD Coffee,Vending,Off-trade Volume,2017,0.0,1.5,million litres,0.0
Brazil,RTD Coffee,Direct Selling,Off-trade Volume,2017,0.0,1.5,million litres,0.0
Brazil,RTD Coffee,Retail E-Commerce,Off-trade Volume,2017,0.0,1.5,million litres,0.0
Middle East and Africa,Coffee,Retail Channels,Retail Volume,2017,100.0,518196.2,Tonnes,518196.2
Middle East and Africa,Coffee,Retail Offline,Retail Volume,2017,99.6,518196.2,Tonnes,516123.4152
Middle East and Africa,Coffee,Grocery Retailers,Retail Volume,2017,98.1,518196.2,Tonnes,508350.4722
Middle East and Africa,Coffee,Convenience Retailers,Retail Volume,2017,5.3,518196.2,Tonnes,27464.3986
Middle East and Africa,Coffee,Convenience Stores,Retail Volume,2017,3.5,518196.2,Tonnes,18136.867000000002
Middle East and Africa,Coffee,Forecourt Retailers,Retail Volume,2017,1.8,518196.2,Tonnes,9327.531600000002
Middle East and Africa,Coffee,Supermarkets,Retail Volume,2017,30.5,518196.2,Tonnes,158049.841
Middle East and Africa,Coffee,Hypermarkets,Retail Volume,2017,9.4,518196.2,Tonnes,48710.442800000004
Middle East and Africa,Coffee,Discounters,Retail Volume,2017,1.8,518196.2,Tonnes,9327.531600000002
Middle East and Africa,Coffee,Warehouse Clubs,Retail Volume,2017,0.0,518196.2,Tonnes,0.0
Middle East and Africa,Coffee,Food/drink/tobacco specialists,Retail Volume,2017,6.0,518196.2,Tonnes,31091.772
Middle East and Africa,Coffee,Small Local Grocers,Retail Volume,2017,45.1,518196.2,Tonnes,233706.4862
Middle East and Africa,Coffee,Non-Grocery Retailers,Retail Volume,2017,1.4,518196.2,Tonnes,7254.746799999999
Middle East and Africa,Coffee,General Merchandise Stores,Retail Volume,2017,0.0,518196.2,Tonnes,0.0
Middle East and Africa,Coffee,Apparel and Footwear Specialists,Retail Volume,2017,0.0,518196.2,Tonnes,0.0
Middle East and Africa,Coffee,Appliances and Electronics Specialists,Retail Volume,2017,0.0,518196.2,Tonnes,0.0
Middle East and Africa,Coffee,Home Products Specialists,Retail Volume,2017,0.0,518196.2,Tonnes,0.0
Middle East and Africa,Coffee,Health and Beauty Specialists,Retail Volume,2017,0.0,518196.2,Tonnes,0.0
Middle East and Africa,Coffee,Leisure and Personal Goods Specialists,Retail Volume,2017,0.0,518196.2,Tonnes,0.0
Middle East and Africa,Coffee,Other Non-Grocery Retailers,Retail Volume,2017,1.3,518196.2,Tonnes,6736.5506000000005
Middle East and Africa,Coffee,Vending,Retail Volume,2017,0.1,518196.2,Tonnes,518.1962
Middle East and Africa,Coffee,Direct Selling,Retail Volume,2017,0.1,518196.2,Tonnes,518.1962
Middle East and Africa,Coffee,Retail E-Commerce,Retail Volume,2017,0.4,518196.2,Tonnes,2072.7848
Middle East and Africa,RTD Coffee,Retail Channels,Off-trade Volume,2017,100.0,24.6,million litres,24.6
Middle East and Africa,RTD Coffee,Retail Offline,Off-trade Volume,2017,99.9,24.6,million litres,24.575400000000005
Middle East and Africa,RTD Coffee,Grocery Retailers,Off-trade Volume,2017,99.7,24.6,million litres,24.526200000000003
Middle East and Africa,RTD Coffee,Convenience Retailers,Off-trade Volume,2017,52.5,24.6,million litres,12.915000000000001
Middle East and Africa,RTD Coffee,Convenience Stores,Off-trade Volume,2017,3.7,24.6,million litres,0.9102000000000002
Middle East and Africa,RTD Coffee,Forecourt Retailers,Off-trade Volume,2017,48.8,24.6,million litres,12.004800000000001
Middle East and Africa,RTD Coffee,Supermarkets,Off-trade Volume,2017,23.6,24.6,million litres,5.805600000000001
Middle East and Africa,RTD Coffee,Hypermarkets,Off-trade Volume,2017,15.0,24.6,million litres,3.69
Middle East and Africa,RTD Coffee,Discounters,Off-trade Volume,2017,0.6,24.6,million litres,0.1476
Middle East and Africa,RTD Coffee,Warehouse Clubs,Off-trade Volume,2017,0.0,24.6,million litres,0.0
Middle East and Africa,RTD Coffee,Food/drink/tobacco specialists,Off-trade Volume,2017,0.4,24.6,million litres,0.0984
Middle East and Africa,RTD Coffee,Small Local Grocers,Off-trade Volume,2017,7.6,24.6,million litres,1.8696000000000002
Middle East and Africa,RTD Coffee,Non-Grocery Retailers,Off-trade Volume,2017,0.0,24.6,million litres,0.0
Middle East and Africa,RTD Coffee,General Merchandise Stores,Off-trade Volume,2017,0.0,24.6,million litres,0.0
Middle East and Africa,RTD Coffee,Apparel and Footwear Specialists,Off-trade Volume,2017,0.0,24.6,million litres,0.0
Middle East and Africa,RTD Coffee,Appliances and Electronics Specialists,Off-trade Volume,2017,0.0,24.6,million litres,0.0
Middle East and Africa,RTD Coffee,Home Products Specialists,Off-trade Volume,2017,0.0,24.6,million litres,0.0
Middle East and Africa,RTD Coffee,Health and Beauty Specialists,Off-trade Volume,2017,0.0,24.6,million litres,0.0
Middle East and Africa,RTD Coffee,Leisure and Personal Goods Specialists,Off-trade Volume,2017,0.0,24.6,million litres,0.0
Middle East and Africa,RTD Coffee,Other Non-Grocery Retailers,Off-trade Volume,2017,0.0,24.6,million litres,0.0
Middle East and Africa,RTD Coffee,Vending,Off-trade Volume,2017,0.2,24.6,million litres,0.0492
Middle East and Africa,RTD Coffee,Direct Selling,Off-trade Volume,2017,0.0,24.6,million litres,0.0
Middle East and Africa,RTD Coffee,Retail E-Commerce,Off-trade Volume,2017,0.1,24.6,million litres,0.0246
North America,Coffee,Retail Channels,Retail Volume,2017,100.0,832060.5,Tonnes,832060.5
North America,Coffee,Retail Offline,Retail Volume,2017,93.4,832060.5,Tonnes,777144.5070000001
North America,Coffee,Grocery Retailers,Retail Volume,2017,90.8,832060.5,Tonnes,755510.9339999999
North America,Coffee,Convenience Retailers,Retail Volume,2017,2.4,832060.5,Tonnes,19969.452
North America,Coffee,Convenience Stores,Retail Volume,2017,0.4,832060.5,Tonnes,3328.242
North America,Coffee,Forecourt Retailers,Retail Volume,2017,2.0,832060.5,Tonnes,16641.21
North America,Coffee,Supermarkets,Retail Volume,2017,31.1,832060.5,Tonnes,258770.8155
North America,Coffee,Hypermarkets,Retail Volume,2017,24.1,832060.5,Tonnes,200526.5805
North America,Coffee,Discounters,Retail Volume,2017,3.1,832060.5,Tonnes,25793.8755
North America,Coffee,Warehouse Clubs,Retail Volume,2017,4.0,832060.5,Tonnes,33282.42
North America,Coffee,Food/drink/tobacco specialists,Retail Volume,2017,5.6,832060.5,Tonnes,46595.38799999999
North America,Coffee,Small Local Grocers,Retail Volume,2017,20.7,832060.5,Tonnes,172236.52349999998
North America,Coffee,Non-Grocery Retailers,Retail Volume,2017,2.4,832060.5,Tonnes,19969.452
North America,Coffee,General Merchandise Stores,Retail Volume,2017,1.3,832060.5,Tonnes,10816.7865
North America,Coffee,Apparel and Footwear Specialists,Retail Volume,2017,0.0,832060.5,Tonnes,0.0
North America,Coffee,Appliances and Electronics Specialists,Retail Volume,2017,0.0,832060.5,Tonnes,0.0
North America,Coffee,Home Products Specialists,Retail Volume,2017,0.0,832060.5,Tonnes,0.0
North America,Coffee,Health and Beauty Specialists,Retail Volume,2017,1.1,832060.5,Tonnes,9152.665500000001
North America,Coffee,Leisure and Personal Goods Specialists,Retail Volume,2017,0.0,832060.5,Tonnes,0.0
North America,Coffee,Other Non-Grocery Retailers,Retail Volume,2017,0.0,832060.5,Tonnes,0.0
North America,Coffee,Vending,Retail Volume,2017,0.1,832060.5,Tonnes,832.0605
North America,Coffee,Direct Selling,Retail Volume,2017,0.2,832060.5,Tonnes,1664.121
North America,Coffee,Retail E-Commerce,Retail Volume,2017,6.6,832060.5,Tonnes,54915.993
North America,RTD Coffee,Retail Channels,Off-trade Volume,2017,100.0,559.7,million litres,559.7
North America,RTD Coffee,Retail Offline,Off-trade Volume,2017,96.4,559.7,million litres,539.5508000000001
North America,RTD Coffee,Grocery Retailers,Off-trade Volume,2017,87.6,559.7,million litres,490.2972
North America,RTD Coffee,Convenience Retailers,Off-trade Volume,2017,29.8,559.7,million litres,166.7906
North America,RTD Coffee,Convenience Stores,Off-trade Volume,2017,6.5,559.7,million litres,36.380500000000005
North America,RTD Coffee,Forecourt Retailers,Off-trade Volume,2017,23.3,559.7,million litres,130.41010000000003
North America,RTD Coffee,Supermarkets,Off-trade Volume,2017,20.9,559.7,million litres,116.9773
North America,RTD Coffee,Hypermarkets,Off-trade Volume,2017,21.1,559.7,million litres,118.09670000000003
North America,RTD Coffee,Discounters,Off-trade Volume,2017,1.2,559.7,million litres,6.716400000000001
North America,RTD Coffee,Warehouse Clubs,Off-trade Volume,2017,9.9,559.7,million litres,55.41030000000001
North America,RTD Coffee,Food/drink/tobacco specialists,Off-trade Volume,2017,0.0,559.7,million litres,0.0
North America,RTD Coffee,Small Local Grocers,Off-trade Volume,2017,4.6,559.7,million litres,25.7462
North America,RTD Coffee,Non-Grocery Retailers,Off-trade Volume,2017,5.3,559.7,million litres,29.6641
North America,RTD Coffee,General Merchandise Stores,Off-trade Volume,2017,3.3,559.7,million litres,18.470100000000002
North America,RTD Coffee,Apparel and Footwear Specialists,Off-trade Volume,2017,0.0,559.7,million litres,0.0
North America,RTD Coffee,Appliances and Electronics Specialists,Off-trade Volume,2017,0.0,559.7,million litres,0.0
North America,RTD Coffee,Home Products Specialists,Off-trade Volume,2017,0.0,559.7,million litres,0.0
North America,RTD Coffee,Health and Beauty Specialists,Off-trade Volume,2017,1.9,559.7,million litres,10.634300000000001
North America,RTD Coffee,Leisure and Personal Goods Specialists,Off-trade Volume,2017,0.0,559.7,million litres,0.0
North America,RTD Coffee,Other Non-Grocery Retailers,Off-trade Volume,2017,0.0,559.7,million litres,0.0
North America,RTD Coffee,Vending,Off-trade Volume,2017,3.6,559.7,million litres,20.149200000000004
North America,RTD Coffee,Direct Selling,Off-trade Volume,2017,0.0,559.7,million litres,0.0
North America,RTD Coffee,Retail E-Commerce,Off-trade Volume,2017,3.6,559.7,million litres,20.149200000000004
USA,Coffee,Retail Channels,Retail Volume,2017,100.0,765586.2,Tonnes,765586.2
USA,Coffee,Retail Offline,Retail Volume,2017,93.1,765586.2,Tonnes,712760.7521999999
USA,Coffee,Grocery Retailers,Retail Volume,2017,90.7,765586.2,Tonnes,694386.6834
USA,Coffee,Convenience Retailers,Retail Volume,2017,2.4,765586.2,Tonnes,18374.0688
USA,Coffee,Convenience Stores,Retail Volume,2017,0.3,765586.2,Tonnes,2296.7586
USA,Coffee,Forecourt Retailers,Retail Volume,2017,2.1,765586.2,Tonnes,16077.3102
USA,Coffee,Supermarkets,Retail Volume,2017,30.5,765586.2,Tonnes,233503.79099999997
USA,Coffee,Hypermarkets,Retail Volume,2017,24.5,765586.2,Tonnes,187568.61899999998
USA,Coffee,Discounters,Retail Volume,2017,2.0,765586.2,Tonnes,15311.724
USA,Coffee,Warehouse Clubs,Retail Volume,2017,3.7,765586.2,Tonnes,28326.689400000003
USA,Coffee,Food/drink/tobacco specialists,Retail Volume,2017,6.0,765586.2,Tonnes,45935.172
USA,Coffee,Small Local Grocers,Retail Volume,2017,21.6,765586.2,Tonnes,165366.61920000002
USA,Coffee,Non-Grocery Retailers,Retail Volume,2017,2.1,765586.2,Tonnes,16077.3102
USA,Coffee,General Merchandise Stores,Retail Volume,2017,1.2,765586.2,Tonnes,9187.0344
USA,Coffee,Apparel and Footwear Specialists,Retail Volume,2017,0.0,765586.2,Tonnes,0.0
USA,Coffee,Appliances and Electronics Specialists,Retail Volume,2017,0.0,765586.2,Tonnes,0.0
USA,Coffee,Home Products Specialists,Retail Volume,2017,0.0,765586.2,Tonnes,0.0
USA,Coffee,Health and Beauty Specialists,Retail Volume,2017,0.8,765586.2,Tonnes,6124.6896
USA,Coffee,Leisure and Personal Goods Specialists,Retail Volume,2017,0.0,765586.2,Tonnes,0.0
USA,Coffee,Other Non-Grocery Retailers,Retail Volume,2017,0.0,765586.2,Tonnes,0.0
USA,Coffee,Vending,Retail Volume,2017,0.0,765586.2,Tonnes,0.0
USA,Coffee,Direct Selling,Retail Volume,2017,0.2,765586.2,Tonnes,1531.1724
USA,Coffee,Retail E-Commerce,Retail Volume,2017,6.9,765586.2,Tonnes,52825.4478
USA,RTD Coffee,Retail Channels,Off-trade Volume,2017,100.0,551.9,million litres,551.9
USA,RTD Coffee,Retail Offline,Off-trade Volume,2017,96.3,551.9,million litres,531.4797
USA,RTD Coffee,Grocery Retailers,Off-trade Volume,2017,87.6,551.9,million litres,483.4643999999999
USA,RTD Coffee,Convenience Retailers,Off-trade Volume,2017,30.0,551.9,million litres,165.57
USA,RTD Coffee,Convenience Stores,Off-trade Volume,2017,6.6,551.9,million litres,36.4254
USA,RTD Coffee,Forecourt Retailers,Off-trade Volume,2017,23.4,551.9,million litres,129.1446
USA,RTD Coffee,Supermarkets,Off-trade Volume,2017,20.6,551.9,million litres,113.6914
USA,RTD Coffee,Hypermarkets,Off-trade Volume,2017,21.2,551.9,million litres,117.0028
USA,RTD Coffee,Discounters,Off-trade Volume,2017,1.2,551.9,million litres,6.6228
USA,RTD Coffee,Warehouse Clubs,Off-trade Volume,2017,9.9,551.9,million litres,54.6381
USA,RTD Coffee,Food/drink/tobacco specialists,Off-trade Volume,2017,0.0,551.9,million litres,0.0
USA,RTD Coffee,Small Local Grocers,Off-trade Volume,2017,4.6,551.9,million litres,25.3874
USA,RTD Coffee,Non-Grocery Retailers,Off-trade Volume,2017,5.1,551.9,million litres,28.1469
USA,RTD Coffee,General Merchandise Stores,Off-trade Volume,2017,3.4,551.9,million litres,18.7646
USA,RTD Coffee,Apparel and Footwear Specialists,Off-trade Volume,2017,0.0,551.9,million litres,0.0
USA,RTD Coffee,Appliances and Electronics Specialists,Off-trade Volume,2017,0.0,551.9,million litres,0.0
USA,RTD Coffee,Home Products Specialists,Off-trade Volume,2017,0.0,551.9,million litres,0.0
USA,RTD Coffee,Health and Beauty Specialists,Off-trade Volume,2017,1.8,551.9,million litres,9.9342
USA,RTD Coffee,Leisure and Personal Goods Specialists,Off-trade Volume,2017,0.0,551.9,million litres,0.0
USA,RTD Coffee,Other Non-Grocery Retailers,Off-trade Volume,2017,0.0,551.9,million litres,0.0
USA,RTD Coffee,Vending,Off-trade Volume,2017,3.6,551.9,million litres,19.8684
USA,RTD Coffee,Direct Selling,Off-trade Volume,2017,0.0,551.9,million litres,0.0
USA,RTD Coffee,Retail E-Commerce,Off-trade Volume,2017,3.7,551.9,million litres,20.4203
Western Europe,Coffee,Retail Channels,Retail Volume,2017,100.0,1299777.4,Tonnes,1299777.4
Western Europe,Coffee,Retail Offline,Retail Volume,2017,96.8,1299777.4,Tonnes,1258184.5232
Western Europe,Coffee,Grocery Retailers,Retail Volume,2017,93.8,1299777.4,Tonnes,1219191.2011999998
Western Europe,Coffee,Convenience Retailers,Retail Volume,2017,3.8,1299777.4,Tonnes,49391.54119999999
Western Europe,Coffee,Convenience Stores,Retail Volume,2017,3.3,1299777.4,Tonnes,42892.6542
Western Europe,Coffee,Forecourt Retailers,Retail Volume,2017,0.5,1299777.4,Tonnes,6498.887
Western Europe,Coffee,Supermarkets,Retail Volume,2017,38.4,1299777.4,Tonnes,499114.5216
Western Europe,Coffee,Hypermarkets,Retail Volume,2017,21.8,1299777.4,Tonnes,283351.4732
Western Europe,Coffee,Discounters,Retail Volume,2017,22.2,1299777.4,Tonnes,288550.5828
Western Europe,Coffee,Warehouse Clubs,Retail Volume,2017,0.0,1299777.4,Tonnes,0.0
Western Europe,Coffee,Food/drink/tobacco specialists,Retail Volume,2017,4.2,1299777.4,Tonnes,54590.6508
Western Europe,Coffee,Small Local Grocers,Retail Volume,2017,3.4,1299777.4,Tonnes,44192.4316
Western Europe,Coffee,Non-Grocery Retailers,Retail Volume,2017,2.0,1299777.4,Tonnes,25995.548
Western Europe,Coffee,General Merchandise Stores,Retail Volume,2017,0.9,1299777.4,Tonnes,11697.9966
Western Europe,Coffee,Apparel and Footwear Specialists,Retail Volume,2017,0.0,1299777.4,Tonnes,0.0
Western Europe,Coffee,Appliances and Electronics Specialists,Retail Volume,2017,0.0,1299777.4,Tonnes,0.0
Western Europe,Coffee,Home Products Specialists,Retail Volume,2017,0.0,1299777.4,Tonnes,0.0
Western Europe,Coffee,Health and Beauty Specialists,Retail Volume,2017,1.1,1299777.4,Tonnes,14297.5514
Western Europe,Coffee,Leisure and Personal Goods Specialists,Retail Volume,2017,0.0,1299777.4,Tonnes,0.0
Western Europe,Coffee,Other Non-Grocery Retailers,Retail Volume,2017,0.0,1299777.4,Tonnes,0.0
Western Europe,Coffee,Vending,Retail Volume,2017,1.0,1299777.4,Tonnes,12997.774
Western Europe,Coffee,Direct Selling,Retail Volume,2017,0.0,1299777.4,Tonnes,0.0
Western Europe,Coffee,Retail E-Commerce,Retail Volume,2017,3.2,1299777.4,Tonnes,41592.8768
Western Europe,RTD Coffee,Retail Channels,Off-trade Volume,2017,100.0,197.6,million litres,197.6
Western Europe,RTD Coffee,Retail Offline,Off-trade Volume,2017,99.1,197.6,million litres,195.8216
Western Europe,RTD Coffee,Grocery Retailers,Off-trade Volume,2017,96.5,197.6,million litres,190.684
Western Europe,RTD Coffee,Convenience Retailers,Off-trade Volume,2017,14.5,197.6,million litres,28.651999999999997
Western Europe,RTD Coffee,Convenience Stores,Off-trade Volume,2017,5.7,197.6,million litres,11.2632
Western Europe,RTD Coffee,Forecourt Retailers,Off-trade Volume,2017,8.8,197.6,million litres,17.3888
Western Europe,RTD Coffee,Supermarkets,Off-trade Volume,2017,42.4,197.6,million litres,83.7824
Western Europe,RTD Coffee,Hypermarkets,Off-trade Volume,2017,17.0,197.6,million litres,33.592
Western Europe,RTD Coffee,Discounters,Off-trade Volume,2017,15.8,197.6,million litres,31.2208
Western Europe,RTD Coffee,Warehouse Clubs,Off-trade Volume,2017,0.0,197.6,million litres,0.0
Western Europe,RTD Coffee,Food/drink/tobacco specialists,Off-trade Volume,2017,0.2,197.6,million litres,0.3952
Western Europe,RTD Coffee,Small Local Grocers,Off-trade Volume,2017,6.7,197.6,million litres,13.2392
Western Europe,RTD Coffee,Non-Grocery Retailers,Off-trade Volume,2017,2.0,197.6,million litres,3.952
Western Europe,RTD Coffee,General Merchandise Stores,Off-trade Volume,2017,0.0,197.6,million litres,0.0
Western Europe,RTD Coffee,Apparel and Footwear Specialists,Off-trade Volume,2017,0.0,197.6,million litres,0.0
Western Europe,RTD Coffee,Appliances and Electronics Specialists,Off-trade Volume,2017,0.0,197.6,million litres,0.0
Western Europe,RTD Coffee,Home Products Specialists,Off-trade Volume,2017,0.0,197.6,million litres,0.0
Western Europe,RTD Coffee,Health and Beauty Specialists,Off-trade Volume,2017,2.0,197.6,million litres,3.952
Western Europe,RTD Coffee,Leisure and Personal Goods Specialists,Off-trade Volume,2017,0.0,197.6,million litres,0.0
Western Europe,RTD Coffee,Other Non-Grocery Retailers,Off-trade Volume,2017,0.0,197.6,million litres,0.0
Western Europe,RTD Coffee,Vending,Off-trade Volume,2017,0.7,197.6,million litres,1.3831999999999998
Western Europe,RTD Coffee,Direct Selling,Off-trade Volume,2017,0.0,197.6,million litres,0.0
Western Europe,RTD Coffee,Retail E-Commerce,Off-trade Volume,2017,0.9,197.6,million litres,1.7784000000000002
France,Coffee,Retail Channels,Retail Volume,2017,100.0,180358.5,Tonnes,180358.5
France,Coffee,Retail Offline,Retail Volume,2017,93.4,180358.5,Tonnes,168454.839
France,Coffee,Grocery Retailers,Retail Volume,2017,92.4,180358.5,Tonnes,166651.25400000002
France,Coffee,Convenience Retailers,Retail Volume,2017,1.1,180358.5,Tonnes,1983.9435
France,Coffee,Convenience Stores,Retail Volume,2017,1.0,180358.5,Tonnes,1803.585
France,Coffee,Forecourt Retailers,Retail Volume,2017,0.0,180358.5,Tonnes,0.0
France,Coffee,Supermarkets,Retail Volume,2017,25.6,180358.5,Tonnes,46171.776
France,Coffee,Hypermarkets,Retail Volume,2017,36.2,180358.5,Tonnes,65289.77700000001
France,Coffee,Discounters,Retail Volume,2017,12.4,180358.5,Tonnes,22364.454
France,Coffee,Warehouse Clubs,Retail Volume,2017,0.0,180358.5,Tonnes,0.0
France,Coffee,Food/drink/tobacco specialists,Retail Volume,2017,16.5,180358.5,Tonnes,29759.1525
France,Coffee,Small Local Grocers,Retail Volume,2017,0.6,180358.5,Tonnes,1082.151
France,Coffee,Non-Grocery Retailers,Retail Volume,2017,0.7,180358.5,Tonnes,1262.5095
France,Coffee,General Merchandise Stores,Retail Volume,2017,0.0,180358.5,Tonnes,0.0
France,Coffee,Apparel and Footwear Specialists,Retail Volume,2017,0.0,180358.5,Tonnes,0.0
France,Coffee,Appliances and Electronics Specialists,Retail Volume,2017,0.0,180358.5,Tonnes,0.0
France,Coffee,Home Products Specialists,Retail Volume,2017,0.0,180358.5,Tonnes,0.0
France,Coffee,Health and Beauty Specialists,Retail Volume,2017,0.7,180358.5,Tonnes,1262.5095
France,Coffee,Leisure and Personal Goods Specialists,Retail Volume,2017,0.0,180358.5,Tonnes,0.0
France,Coffee,Other Non-Grocery Retailers,Retail Volume,2017,0.0,180358.5,Tonnes,0.0
France,Coffee,Vending,Retail Volume,2017,0.3,180358.5,Tonnes,541.0755
France,Coffee,Direct Selling,Retail Volume,2017,0.0,180358.5,Tonnes,0.0
France,Coffee,Retail E-Commerce,Retail Volume,2017,6.6,180358.5,Tonnes,11903.661
France,RTD Coffee,Retail Channels,Off-trade Volume,2017,100.0,4.5,million litres,4.5
France,RTD Coffee,Retail Offline,Off-trade Volume,2017,99.2,4.5,million litres,4.464
France,RTD Coffee,Grocery Retailers,Off-trade Volume,2017,98.9,4.5,million litres,4.450500000000001
France,RTD Coffee,Convenience Retailers,Off-trade Volume,2017,38.4,4.5,million litres,1.728
France,RTD Coffee,Convenience Stores,Off-trade Volume,2017,17.2,4.5,million litres,0.7739999999999999
France,RTD Coffee,Forecourt Retailers,Off-trade Volume,2017,21.2,4.5,million litres,0.954
France,RTD Coffee,Supermarkets,Off-trade Volume,2017,25.6,4.5,million litres,1.1520000000000001
France,RTD Coffee,Hypermarkets,Off-trade Volume,2017,31.9,4.5,million litres,1.4355
France,RTD Coffee,Discounters,Off-trade Volume,2017,0.3,4.5,million litres,0.0135
France,RTD Coffee,Warehouse Clubs,Off-trade Volume,2017,0.0,4.5,million litres,0.0
France,RTD Coffee,Food/drink/tobacco specialists,Off-trade Volume,2017,0.0,4.5,million litres,0.0
France,RTD Coffee,Small Local Grocers,Off-trade Volume,2017,2.6,4.5,million litres,0.117
France,RTD Coffee,Non-Grocery Retailers,Off-trade Volume,2017,0.0,4.5,million litres,0.0
France,RTD Coffee,General Merchandise Stores,Off-trade Volume,2017,0.0,4.5,million litres,0.0
France,RTD Coffee,Apparel and Footwear Specialists,Off-trade Volume,2017,0.0,4.5,million litres,0.0
France,RTD Coffee,Appliances and Electronics Specialists,Off-trade Volume,2017,0.0,4.5,million litres,0.0
France,RTD Coffee,Home Products Specialists,Off-trade Volume,2017,0.0,4.5,million litres,0.0
France,RTD Coffee,Health and Beauty Specialists,Off-trade Volume,2017,0.0,4.5,million litres,0.0
France,RTD Coffee,Leisure and Personal Goods Specialists,Off-trade Volume,2017,0.0,4.5,million litres,0.0
France,RTD Coffee,Other Non-Grocery Retailers,Off-trade Volume,2017,0.0,4.5,million litres,0.0
France,RTD Coffee,Vending,Off-trade Volume,2017,0.4,4.5,million litres,0.018000000000000002
France,RTD Coffee,Direct Selling,Off-trade Volume,2017,0.0,4.5,million litres,0.0
France,RTD Coffee,Retail E-Commerce,Off-trade Volume,2017,0.8,4.5,million litres,0.036000000000000004
Germany,Coffee,Retail Channels,Retail Volume,2017,100.0,387371.9,Tonnes,387371.9
Germany,Coffee,Retail Offline,Retail Volume,2017,97.8,387371.9,Tonnes,378849.7182
Germany,Coffee,Grocery Retailers,Retail Volume,2017,94.2,387371.9,Tonnes,364904.32980000007
Germany,Coffee,Convenience Retailers,Retail Volume,2017,0.9,387371.9,Tonnes,3486.3471000000004
Germany,Coffee,Convenience Stores,Retail Volume,2017,0.5,387371.9,Tonnes,1936.8595000000003
Germany,Coffee,Forecourt Retailers,Retail Volume,2017,0.4,387371.9,Tonnes,1549.4876000000002
Germany,Coffee,Supermarkets,Retail Volume,2017,24.6,387371.9,Tonnes,95293.48740000001
Germany,Coffee,Hypermarkets,Retail Volume,2017,19.4,387371.9,Tonnes,75150.1486
Germany,Coffee,Discounters,Retail Volume,2017,45.6,387371.9,Tonnes,176641.58640000003
Germany,Coffee,Warehouse Clubs,Retail Volume,2017,0.0,387371.9,Tonnes,0.0
Germany,Coffee,Food/drink/tobacco specialists,Retail Volume,2017,2.7,387371.9,Tonnes,10459.041300000003
Germany,Coffee,Small Local Grocers,Retail Volume,2017,1.0,387371.9,Tonnes,3873.7190000000005
Germany,Coffee,Non-Grocery Retailers,Retail Volume,2017,3.1,387371.9,Tonnes,12008.528900000001
Germany,Coffee,General Merchandise Stores,Retail Volume,2017,1.9,387371.9,Tonnes,7360.0661
Germany,Coffee,Apparel and Footwear Specialists,Retail Volume,2017,0.0,387371.9,Tonnes,0.0
Germany,Coffee,Appliances and Electronics Specialists,Retail Volume,2017,0.0,387371.9,Tonnes,0.0
Germany,Coffee,Home Products Specialists,Retail Volume,2017,0.0,387371.9,Tonnes,0.0
Germany,Coffee,Health and Beauty Specialists,Retail Volume,2017,1.2,387371.9,Tonnes,4648.4628
Germany,Coffee,Leisure and Personal Goods Specialists,Retail Volume,2017,0.0,387371.9,Tonnes,0.0
Germany,Coffee,Other Non-Grocery Retailers,Retail Volume,2017,0.0,387371.9,Tonnes,0.0
Germany,Coffee,Vending,Retail Volume,2017,0.5,387371.9,Tonnes,1936.8595000000003
Germany,Coffee,Direct Selling,Retail Volume,2017,0.0,387371.9,Tonnes,0.0
Germany,Coffee,Retail E-Commerce,Retail Volume,2017,2.2,387371.9,Tonnes,8522.181800000002
Germany,RTD Coffee,Retail Channels,Off-trade Volume,2017,100.0,83.1,million litres,83.1
Germany,RTD Coffee,Retail Offline,Off-trade Volume,2017,99.0,83.1,million litres,82.26899999999999
Germany,RTD Coffee,Grocery Retailers,Off-trade Volume,2017,94.0,83.1,million litres,78.11399999999999
Germany,RTD Coffee,Convenience Retailers,Off-trade Volume,2017,14.0,83.1,million litres,11.634
Germany,RTD Coffee,Convenience Stores,Off-trade Volume,2017,0.1,83.1,million litres,0.0831
Germany,RTD Coffee,Forecourt Retailers,Off-trade Volume,2017,14.0,83.1,million litres,11.634
Germany,RTD Coffee,Supermarkets,Off-trade Volume,2017,28.5,83.1,million litres,23.683499999999995
Germany,RTD Coffee,Hypermarkets,Off-trade Volume,2017,17.8,83.1,million litres,14.7918
Germany,RTD Coffee,Discounters,Off-trade Volume,2017,24.1,83.1,million litres,20.0271
Germany,RTD Coffee,Warehouse Clubs,Off-trade Volume,2017,0.0,83.1,million litres,0.0
Germany,RTD Coffee,Food/drink/tobacco specialists,Off-trade Volume,2017,0.2,83.1,million litres,0.1662
Germany,RTD Coffee,Small Local Grocers,Off-trade Volume,2017,9.4,83.1,million litres,7.8114
Germany,RTD Coffee,Non-Grocery Retailers,Off-trade Volume,2017,4.6,83.1,million litres,3.8225999999999996
Germany,RTD Coffee,General Merchandise Stores,Off-trade Volume,2017,0.0,83.1,million litres,0.0
Germany,RTD Coffee,Apparel and Footwear Specialists,Off-trade Volume,2017,0.0,83.1,million litres,0.0
Germany,RTD Coffee,Appliances and Electronics Specialists,Off-trade Volume,2017,0.0,83.1,million litres,0.0
Germany,RTD Coffee,Home Products Specialists,Off-trade Volume,2017,0.0,83.1,million litres,0.0
Germany,RTD Coffee,Health and Beauty Specialists,Off-trade Volume,2017,4.6,83.1,million litres,3.8225999999999996
Germany,RTD Coffee,Leisure and Personal Goods Specialists,Off-trade Volume,2017,0.0,83.1,million litres,0.0
Germany,RTD Coffee,Other Non-Grocery Retailers,Off-trade Volume,2017,0.0,83.1,million litres,0.0
Germany,RTD Coffee,Vending,Off-trade Volume,2017,0.5,83.1,million litres,0.4155
Germany,RTD Coffee,Direct Selling,Off-trade Volume,2017,0.0,83.1,million litres,0.0
Germany,RTD Coffee,Retail E-Commerce,Off-trade Volume,2017,1.0,83.1,million litres,0.831
United Kingdom,Coffee,Retail Channels,Retail Volume,2017,100.0,76630.5,Tonnes,76630.5
United Kingdom,Coffee,Retail Offline,Retail Volume,2017,91.6,76630.5,Tonnes,70193.538
United Kingdom,Coffee,Grocery Retailers,Retail Volume,2017,88.5,76630.5,Tonnes,67817.99250000001
United Kingdom,Coffee,Convenience Retailers,Retail Volume,2017,4.9,76630.5,Tonnes,3754.8945000000003
United Kingdom,Coffee,Convenience Stores,Retail Volume,2017,4.7,76630.5,Tonnes,3601.6335
United Kingdom,Coffee,Forecourt Retailers,Retail Volume,2017,0.2,76630.5,Tonnes,153.261
United Kingdom,Coffee,Supermarkets,Retail Volume,2017,38.2,76630.5,Tonnes,29272.851
United Kingdom,Coffee,Hypermarkets,Retail Volume,2017,36.0,76630.5,Tonnes,27586.98
United Kingdom,Coffee,Discounters,Retail Volume,2017,7.0,76630.5,Tonnes,5364.135
United Kingdom,Coffee,Warehouse Clubs,Retail Volume,2017,0.1,76630.5,Tonnes,76.6305
United Kingdom,Coffee,Food/drink/tobacco specialists,Retail Volume,2017,1.2,76630.5,Tonnes,919.566
United Kingdom,Coffee,Small Local Grocers,Retail Volume,2017,1.1,76630.5,Tonnes,842.9355
United Kingdom,Coffee,Non-Grocery Retailers,Retail Volume,2017,2.5,76630.5,Tonnes,1915.7625
United Kingdom,Coffee,General Merchandise Stores,Retail Volume,2017,2.5,76630.5,Tonnes,1915.7625
United Kingdom,Coffee,Apparel and Footwear Specialists,Retail Volume,2017,0.0,76630.5,Tonnes,0.0
United Kingdom,Coffee,Appliances and Electronics Specialists,Retail Volume,2017,0.0,76630.5,Tonnes,0.0
United Kingdom,Coffee,Home Products Specialists,Retail Volume,2017,0.0,76630.5,Tonnes,0.0
United Kingdom,Coffee,Health and Beauty Specialists,Retail Volume,2017,0.0,76630.5,Tonnes,0.0
United Kingdom,Coffee,Leisure and Personal Goods Specialists,Retail Volume,2017,0.0,76630.5,Tonnes,0.0
United Kingdom,Coffee,Other Non-Grocery Retailers,Retail Volume,2017,0.0,76630.5,Tonnes,0.0
United Kingdom,Coffee,Vending,Retail Volume,2017,0.5,76630.5,Tonnes,383.15250000000003
United Kingdom,Coffee,Direct Selling,Retail Volume,2017,0.0,76630.5,Tonnes,0.0
United Kingdom,Coffee,Retail E-Commerce,Retail Volume,2017,8.4,76630.5,Tonnes,6436.962
United Kingdom,RTD Coffee,Retail Channels,Off-trade Volume,2017,100.0,13.2,million litres,13.2
United Kingdom,RTD Coffee,Retail Offline,Off-trade Volume,2017,98.3,13.2,million litres,12.975599999999998
United Kingdom,RTD Coffee,Grocery Retailers,Off-trade Volume,2017,98.1,13.2,million litres,12.9492
United Kingdom,RTD Coffee,Convenience Retailers,Off-trade Volume,2017,11.6,13.2,million litres,1.5312
United Kingdom,RTD Coffee,Convenience Stores,Off-trade Volume,2017,8.2,13.2,million litres,1.0823999999999998
United Kingdom,RTD Coffee,Forecourt Retailers,Off-trade Volume,2017,3.5,13.2,million litres,0.462
United Kingdom,RTD Coffee,Supermarkets,Off-trade Volume,2017,33.0,13.2,million litres,4.356
United Kingdom,RTD Coffee,Hypermarkets,Off-trade Volume,2017,38.0,13.2,million litres,5.016
United Kingdom,RTD Coffee,Discounters,Off-trade Volume,2017,0.0,13.2,million litres,0.0
United Kingdom,RTD Coffee,Warehouse Clubs,Off-trade Volume,2017,0.0,13.2,million litres,0.0
United Kingdom,RTD Coffee,Food/drink/tobacco specialists,Off-trade Volume,2017,0.0,13.2,million litres,0.0
United Kingdom,RTD Coffee,Small Local Grocers,Off-trade Volume,2017,15.5,13.2,million litres,2.046
United Kingdom,RTD Coffee,Non-Grocery Retailers,Off-trade Volume,2017,0.2,13.2,million litres,0.0264
United Kingdom,RTD Coffee,General Merchandise Stores,Off-trade Volume,2017,0.0,13.2,million litres,0.0
United Kingdom,RTD Coffee,Apparel and Footwear Specialists,Off-trade Volume,2017,0.0,13.2,million litres,0.0
United Kingdom,RTD Coffee,Appliances and Electronics Specialists,Off-trade Volume,2017,0.0,13.2,million litres,0.0
United Kingdom,RTD Coffee,Home Products Specialists,Off-trade Volume,2017,0.0,13.2,million litres,0.0
United Kingdom,RTD Coffee,Health and Beauty Specialists,Off-trade Volume,2017,0.2,13.2,million litres,0.0264
United Kingdom,RTD Coffee,Leisure and Personal Goods Specialists,Off-trade Volume,2017,0.0,13.2,million litres,0.0
United Kingdom,RTD Coffee,Other Non-Grocery Retailers,Off-trade Volume,2017,0.0,13.2,million litres,0.0
United Kingdom,RTD Coffee,Vending,Off-trade Volume,2017,0.0,13.2,million litres,0.0
United Kingdom,RTD Coffee,Direct Selling,Off-trade Volume,2017,0.0,13.2,million litres,0.0
United Kingdom,RTD Coffee,Retail E-Commerce,Off-trade Volume,2017,1.7,13.2,million litres,0.22440000000000002
World,Coffee,Retail Channels,Retail Volume,2018,100.0,5807390.1,Tonnes,5807390.1
World,Coffee,Retail Offline,Retail Volume,2018,97.2,5807390.1,Tonnes,5644783.1772
World,Coffee,Grocery Retailers,Retail Volume,2018,94.7,5807390.1,Tonnes,5499598.4247
World,Coffee,Convenience Retailers,Retail Volume,2018,5.4,5807390.1,Tonnes,313599.0654
World,Coffee,Convenience Stores,Retail Volume,2018,4.4,5807390.1,Tonnes,255525.1644
World,Coffee,Forecourt Retailers,Retail Volume,2018,1.0,5807390.1,Tonnes,58073.901
World,Coffee,Supermarkets,Retail Volume,2018,29.3,5807390.1,Tonnes,1701565.2992999998
World,Coffee,Hypermarkets,Retail Volume,2018,21.0,5807390.1,Tonnes,1219551.9209999999
World,Coffee,Discounters,Retail Volume,2018,7.2,5807390.1,Tonnes,418132.0872
World,Coffee,Warehouse Clubs,Retail Volume,2018,1.3,5807390.1,Tonnes,75496.0713
World,Coffee,Food/drink/tobacco specialists,Retail Volume,2018,2.6,5807390.1,Tonnes,150992.1426
World,Coffee,Small Local Grocers,Retail Volume,2018,27.9,5807390.1,Tonnes,1620261.8378999997
World,Coffee,Non-Grocery Retailers,Retail Volume,2018,1.8,5807390.1,Tonnes,104533.0218
World,Coffee,General Merchandise Stores,Retail Volume,2018,1.1,5807390.1,Tonnes,63881.2911
World,Coffee,Apparel and Footwear Specialists,Retail Volume,2018,0.0,5807390.1,Tonnes,0.0
World,Coffee,Appliances and Electronics Specialists,Retail Volume,2018,0.0,5807390.1,Tonnes,0.0
World,Coffee,Home Products Specialists,Retail Volume,2018,0.0,5807390.1,Tonnes,0.0
World,Coffee,Health and Beauty Specialists,Retail Volume,2018,0.6,5807390.1,Tonnes,34844.340599999996
World,Coffee,Leisure and Personal Goods Specialists,Retail Volume,2018,0.0,5807390.1,Tonnes,0.0
World,Coffee,Other Non-Grocery Retailers,Retail Volume,2018,0.1,5807390.1,Tonnes,5807.3901
World,Coffee,Vending,Retail Volume,2018,0.5,5807390.1,Tonnes,29036.9505
World,Coffee,Direct Selling,Retail Volume,2018,0.1,5807390.1,Tonnes,5807.3901
World,Coffee,Retail E-Commerce,Retail Volume,2018,2.8,5807390.1,Tonnes,162606.92279999997
World,RTD Coffee,Retail Channels,Off-trade Volume,2018,100.0,5499.4,million litres,5499.4
World,RTD Coffee,Retail Offline,Off-trade Volume,2018,98.4,5499.4,million litres,5411.4096
World,RTD Coffee,Grocery Retailers,Off-trade Volume,2018,70.6,5499.4,million litres,3882.5763999999995
World,RTD Coffee,Convenience Retailers,Off-trade Volume,2018,24.7,5499.4,million litres,1358.3518
World,RTD Coffee,Convenience Stores,Off-trade Volume,2018,20.8,5499.4,million litres,1143.8752
World,RTD Coffee,Forecourt Retailers,Off-trade Volume,2018,4.0,5499.4,million litres,219.976
World,RTD Coffee,Supermarkets,Off-trade Volume,2018,22.4,5499.4,million litres,1231.8655999999999
World,RTD Coffee,Hypermarkets,Off-trade Volume,2018,10.1,5499.4,million litres,555.4394
World,RTD Coffee,Discounters,Off-trade Volume,2018,0.9,5499.4,million litres,49.494600000000005
World,RTD Coffee,Warehouse Clubs,Off-trade Volume,2018,2.2,5499.4,million litres,120.9868
World,RTD Coffee,Food/drink/tobacco specialists,Off-trade Volume,2018,0.0,5499.4,million litres,0.0
World,RTD Coffee,Small Local Grocers,Off-trade Volume,2018,10.2,5499.4,million litres,560.9387999999999
World,RTD Coffee,Non-Grocery Retailers,Off-trade Volume,2018,11.5,5499.4,million litres,632.431
World,RTD Coffee,General Merchandise Stores,Off-trade Volume,2018,5.3,5499.4,million litres,291.46819999999997
World,RTD Coffee,Apparel and Footwear Specialists,Off-trade Volume,2018,0.0,5499.4,million litres,0.0
World,RTD Coffee,Appliances and Electronics Specialists,Off-trade Volume,2018,0.0,5499.4,million litres,0.0
World,RTD Coffee,Home Products Specialists,Off-trade Volume,2018,0.0,5499.4,million litres,0.0
World,RTD Coffee,Health and Beauty Specialists,Off-trade Volume,2018,6.3,5499.4,million litres,346.4622
World,RTD Coffee,Leisure and Personal Goods Specialists,Off-trade Volume,2018,0.0,5499.4,million litres,0.0
World,RTD Coffee,Other Non-Grocery Retailers,Off-trade Volume,2018,0.0,5499.4,million litres,0.0
World,RTD Coffee,Vending,Off-trade Volume,2018,16.3,5499.4,million litres,896.4022
World,RTD Coffee,Direct Selling,Off-trade Volume,2018,0.0,5499.4,million litres,0.0
World,RTD Coffee,Retail E-Commerce,Off-trade Volume,2018,1.6,5499.4,million litres,87.9904
Asia Pacific,Coffee,Retail Channels,Retail Volume,2018,100.0,1487609.8,Tonnes,1487609.8
Asia Pacific,Coffee,Retail Offline,Retail Volume,2018,97.2,1487609.8,Tonnes,1445956.7256
Asia Pacific,Coffee,Grocery Retailers,Retail Volume,2018,94.8,1487609.8,Tonnes,1410254.0903999999
Asia Pacific,Coffee,Convenience Retailers,Retail Volume,2018,9.0,1487609.8,Tonnes,133884.882
Asia Pacific,Coffee,Convenience Stores,Retail Volume,2018,8.0,1487609.8,Tonnes,119008.784
Asia Pacific,Coffee,Forecourt Retailers,Retail Volume,2018,1.0,1487609.8,Tonnes,14876.098
Asia Pacific,Coffee,Supermarkets,Retail Volume,2018,17.0,1487609.8,Tonnes,252893.66600000003
Asia Pacific,Coffee,Hypermarkets,Retail Volume,2018,17.8,1487609.8,Tonnes,264794.5444
Asia Pacific,Coffee,Discounters,Retail Volume,2018,0.0,1487609.8,Tonnes,0.0
Asia Pacific,Coffee,Warehouse Clubs,Retail Volume,2018,0.4,1487609.8,Tonnes,5950.439200000001
Asia Pacific,Coffee,Food/drink/tobacco specialists,Retail Volume,2018,0.7,1487609.8,Tonnes,10413.2686
Asia Pacific,Coffee,Small Local Grocers,Retail Volume,2018,49.9,1487609.8,Tonnes,742317.2902
Asia Pacific,Coffee,Non-Grocery Retailers,Retail Volume,2018,2.3,1487609.8,Tonnes,34215.0254
Asia Pacific,Coffee,General Merchandise Stores,Retail Volume,2018,1.5,1487609.8,Tonnes,22314.147
Asia Pacific,Coffee,Apparel and Footwear Specialists,Retail Volume,2018,0.0,1487609.8,Tonnes,0.0
Asia Pacific,Coffee,Appliances and Electronics Specialists,Retail Volume,2018,0.0,1487609.8,Tonnes,0.0
Asia Pacific,Coffee,Home Products Specialists,Retail Volume,2018,0.0,1487609.8,Tonnes,0.0
Asia Pacific,Coffee,Health and Beauty Specialists,Retail Volume,2018,0.8,1487609.8,Tonnes,11900.878400000001
Asia Pacific,Coffee,Leisure and Personal Goods Specialists,Retail Volume,2018,0.0,1487609.8,Tonnes,0.0
Asia Pacific,Coffee,Other Non-Grocery Retailers,Retail Volume,2018,0.0,1487609.8,Tonnes,0.0
Asia Pacific,Coffee,Vending,Retail Volume,2018,0.1,1487609.8,Tonnes,1487.6098000000002
Asia Pacific,Coffee,Direct Selling,Retail Volume,2018,0.1,1487609.8,Tonnes,1487.6098000000002
Asia Pacific,Coffee,Retail E-Commerce,Retail Volume,2018,2.8,1487609.8,Tonnes,41653.0744
Asia Pacific,RTD Coffee,Retail Channels,Off-trade Volume,2018,100.0,4583.0,million litres,4583.0
Asia Pacific,RTD Coffee,Retail Offline,Off-trade Volume,2018,98.8,4583.0,million litres,4528.004
Asia Pacific,RTD Coffee,Grocery Retailers,Off-trade Volume,2018,66.7,4583.0,million litres,3056.8610000000003
Asia Pacific,RTD Coffee,Convenience Retailers,Off-trade Volume,2018,24.4,4583.0,million litres,1118.252
Asia Pacific,RTD Coffee,Convenience Stores,Off-trade Volume,2018,23.6,4583.0,million litres,1081.588
Asia Pacific,RTD Coffee,Forecourt Retailers,Off-trade Volume,2018,0.8,4583.0,million litres,36.664
Asia Pacific,RTD Coffee,Supermarkets,Off-trade Volume,2018,21.6,4583.0,million litres,989.9280000000001
Asia Pacific,RTD Coffee,Hypermarkets,Off-trade Volume,2018,8.3,4583.0,million litres,380.389
Asia Pacific,RTD Coffee,Discounters,Off-trade Volume,2018,0.0,4583.0,million litres,0.0
Asia Pacific,RTD Coffee,Warehouse Clubs,Off-trade Volume,2018,1.2,4583.0,million litres,54.996
Asia Pacific,RTD Coffee,Food/drink/tobacco specialists,Off-trade Volume,2018,0.0,4583.0,million litres,0.0
Asia Pacific,RTD Coffee,Small Local Grocers,Off-trade Volume,2018,11.1,4583.0,million litres,508.713
Asia Pacific,RTD Coffee,Non-Grocery Retailers,Off-trade Volume,2018,13.1,4583.0,million litres,600.373
Asia Pacific,RTD Coffee,General Merchandise Stores,Off-trade Volume,2018,5.8,4583.0,million litres,265.81399999999996
Asia Pacific,RTD Coffee,Apparel and Footwear Specialists,Off-trade Volume,2018,0.0,4583.0,million litres,0.0
Asia Pacific,RTD Coffee,Appliances and Electronics Specialists,Off-trade Volume,2018,0.0,4583.0,million litres,0.0
Asia Pacific,RTD Coffee,Home Products Specialists,Off-trade Volume,2018,0.0,4583.0,million litres,0.0
Asia Pacific,RTD Coffee,Health and Beauty Specialists,Off-trade Volume,2018,7.2,4583.0,million litres,329.97600000000006
Asia Pacific,RTD Coffee,Leisure and Personal Goods Specialists,Off-trade Volume,2018,0.0,4583.0,million litres,0.0
Asia Pacific,RTD Coffee,Other Non-Grocery Retailers,Off-trade Volume,2018,0.0,4583.0,million litres,0.0
Asia Pacific,RTD Coffee,Vending,Off-trade Volume,2018,19.0,4583.0,million litres,870.77
Asia Pacific,RTD Coffee,Direct Selling,Off-trade Volume,2018,0.0,4583.0,million litres,0.0
Asia Pacific,RTD Coffee,Retail E-Commerce,Off-trade Volume,2018,1.2,4583.0,million litres,54.996
China,Coffee,Retail Channels,Retail Volume,2018,100.0,65537.8,Tonnes,65537.8
China,Coffee,Retail Offline,Retail Volume,2018,78.5,65537.8,Tonnes,51447.173
China,Coffee,Grocery Retailers,Retail Volume,2018,78.5,65537.8,Tonnes,51447.173
China,Coffee,Convenience Retailers,Retail Volume,2018,5.5,65537.8,Tonnes,3604.579
China,Coffee,Convenience Stores,Retail Volume,2018,5.5,65537.8,Tonnes,3604.579
China,Coffee,Forecourt Retailers,Retail Volume,2018,0.0,65537.8,Tonnes,0.0
China,Coffee,Supermarkets,Retail Volume,2018,29.4,65537.8,Tonnes,19268.1132
China,Coffee,Hypermarkets,Retail Volume,2018,37.6,65537.8,Tonnes,24642.2128
China,Coffee,Discounters,Retail Volume,2018,0.0,65537.8,Tonnes,0.0
China,Coffee,Warehouse Clubs,Retail Volume,2018,0.0,65537.8,Tonnes,0.0
China,Coffee,Food/drink/tobacco specialists,Retail Volume,2018,0.0,65537.8,Tonnes,0.0
China,Coffee,Small Local Grocers,Retail Volume,2018,5.9,65537.8,Tonnes,3866.7302000000004
China,Coffee,Non-Grocery Retailers,Retail Volume,2018,0.0,65537.8,Tonnes,0.0
China,Coffee,General Merchandise Stores,Retail Volume,2018,0.0,65537.8,Tonnes,0.0
China,Coffee,Apparel and Footwear Specialists,Retail Volume,2018,0.0,65537.8,Tonnes,0.0
China,Coffee,Appliances and Electronics Specialists,Retail Volume,2018,0.0,65537.8,Tonnes,0.0
China,Coffee,Home Products Specialists,Retail Volume,2018,0.0,65537.8,Tonnes,0.0
China,Coffee,Health and Beauty Specialists,Retail Volume,2018,0.0,65537.8,Tonnes,0.0
China,Coffee,Leisure and Personal Goods Specialists,Retail Volume,2018,0.0,65537.8,Tonnes,0.0
China,Coffee,Other Non-Grocery Retailers,Retail Volume,2018,0.0,65537.8,Tonnes,0.0
China,Coffee,Vending,Retail Volume,2018,0.0,65537.8,Tonnes,0.0
China,Coffee,Direct Selling,Retail Volume,2018,0.0,65537.8,Tonnes,0.0
China,Coffee,Retail E-Commerce,Retail Volume,2018,21.5,65537.8,Tonnes,14090.627
China,RTD Coffee,Retail Channels,Off-trade Volume,2018,100.0,355.4,million litres,355.4
China,RTD Coffee,Retail Offline,Off-trade Volume,2018,97.7,355.4,million litres,347.2258
China,RTD Coffee,Grocery Retailers,Off-trade Volume,2018,95.7,355.4,million litres,340.1178
China,RTD Coffee,Convenience Retailers,Off-trade Volume,2018,10.6,355.4,million litres,37.672399999999996
China,RTD Coffee,Convenience Stores,Off-trade Volume,2018,8.0,355.4,million litres,28.432
China,RTD Coffee,Forecourt Retailers,Off-trade Volume,2018,2.6,355.4,million litres,9.240400000000001
China,RTD Coffee,Supermarkets,Off-trade Volume,2018,36.4,355.4,million litres,129.3656
China,RTD Coffee,Hypermarkets,Off-trade Volume,2018,13.6,355.4,million litres,48.3344
China,RTD Coffee,Discounters,Off-trade Volume,2018,0.4,355.4,million litres,1.4216
China,RTD Coffee,Warehouse Clubs,Off-trade Volume,2018,0.0,355.4,million litres,0.0
China,RTD Coffee,Food/drink/tobacco specialists,Off-trade Volume,2018,0.0,355.4,million litres,0.0
China,RTD Coffee,Small Local Grocers,Off-trade Volume,2018,34.6,355.4,million litres,122.9684
China,RTD Coffee,Non-Grocery Retailers,Off-trade Volume,2018,0.0,355.4,million litres,0.0
China,RTD Coffee,General Merchandise Stores,Off-trade Volume,2018,0.0,355.4,million litres,0.0
China,RTD Coffee,Apparel and Footwear Specialists,Off-trade Volume,2018,0.0,355.4,million litres,0.0
China,RTD Coffee,Appliances and Electronics Specialists,Off-trade Volume,2018,0.0,355.4,million litres,0.0
China,RTD Coffee,Home Products Specialists,Off-trade Volume,2018,0.0,355.4,million litres,0.0
China,RTD Coffee,Health and Beauty Specialists,Off-trade Volume,2018,0.0,355.4,million litres,0.0
China,RTD Coffee,Leisure and Personal Goods Specialists,Off-trade Volume,2018,0.0,355.4,million litres,0.0
China,RTD Coffee,Other Non-Grocery Retailers,Off-trade Volume,2018,0.0,355.4,million litres,0.0
China,RTD Coffee,Vending,Off-trade Volume,2018,2.0,355.4,million litres,7.108
China,RTD Coffee,Direct Selling,Off-trade Volume,2018,0.0,355.4,million litres,0.0
China,RTD Coffee,Retail E-Commerce,Off-trade Volume,2018,2.3,355.4,million litres,8.174199999999999
India,Coffee,Retail Channels,Retail Volume,2018,100.0,66526.5,Tonnes,66526.5
India,Coffee,Retail Offline,Retail Volume,2018,99.6,66526.5,Tonnes,66260.394
India,Coffee,Grocery Retailers,Retail Volume,2018,99.6,66526.5,Tonnes,66260.394
India,Coffee,Convenience Retailers,Retail Volume,2018,1.9,66526.5,Tonnes,1264.0035
India,Coffee,Convenience Stores,Retail Volume,2018,1.7,66526.5,Tonnes,1130.9505000000001
India,Coffee,Forecourt Retailers,Retail Volume,2018,0.2,66526.5,Tonnes,133.053
India,Coffee,Supermarkets,Retail Volume,2018,9.2,66526.5,Tonnes,6120.438
India,Coffee,Hypermarkets,Retail Volume,2018,7.1,66526.5,Tonnes,4723.3814999999995
India,Coffee,Discounters,Retail Volume,2018,0.0,66526.5,Tonnes,0.0
India,Coffee,Warehouse Clubs,Retail Volume,2018,0.0,66526.5,Tonnes,0.0
India,Coffee,Food/drink/tobacco specialists,Retail Volume,2018,0.0,66526.5,Tonnes,0.0
India,Coffee,Small Local Grocers,Retail Volume,2018,81.4,66526.5,Tonnes,54152.571
India,Coffee,Non-Grocery Retailers,Retail Volume,2018,0.0,66526.5,Tonnes,0.0
India,Coffee,General Merchandise Stores,Retail Volume,2018,0.0,66526.5,Tonnes,0.0
India,Coffee,Apparel and Footwear Specialists,Retail Volume,2018,0.0,66526.5,Tonnes,0.0
India,Coffee,Appliances and Electronics Specialists,Retail Volume,2018,0.0,66526.5,Tonnes,0.0
India,Coffee,Home Products Specialists,Retail Volume,2018,0.0,66526.5,Tonnes,0.0
India,Coffee,Health and Beauty Specialists,Retail Volume,2018,0.0,66526.5,Tonnes,0.0
India,Coffee,Leisure and Personal Goods Specialists,Retail Volume,2018,0.0,66526.5,Tonnes,0.0
India,Coffee,Other Non-Grocery Retailers,Retail Volume,2018,0.0,66526.5,Tonnes,0.0
India,Coffee,Vending,Retail Volume,2018,0.0,66526.5,Tonnes,0.0
India,Coffee,Direct Selling,Retail Volume,2018,0.0,66526.5,Tonnes,0.0
India,Coffee,Retail E-Commerce,Retail Volume,2018,0.4,66526.5,Tonnes,266.106
India,RTD Coffee,Retail Channels,Off-trade Volume,2018,0.0,,million litres,
India,RTD Coffee,Retail Offline,Off-trade Volume,2018,0.0,,million litres,
India,RTD Coffee,Grocery Retailers,Off-trade Volume,2018,0.0,,million litres,
India,RTD Coffee,Convenience Retailers,Off-trade Volume,2018,0.0,,million litres,
India,RTD Coffee,Convenience Stores,Off-trade Volume,2018,0.0,,million litres,
India,RTD Coffee,Forecourt Retailers,Off-trade Volume,2018,0.0,,million litres,
India,RTD Coffee,Supermarkets,Off-trade Volume,2018,0.0,,million litres,
India,RTD Coffee,Hypermarkets,Off-trade Volume,2018,0.0,,million litres,
India,RTD Coffee,Discounters,Off-trade Volume,2018,0.0,,million litres,
India,RTD Coffee,Warehouse Clubs,Off-trade Volume,2018,0.0,,million litres,
India,RTD Coffee,Food/drink/tobacco specialists,Off-trade Volume,2018,0.0,,million litres,
India,RTD Coffee,Small Local Grocers,Off-trade Volume,2018,0.0,,million litres,
India,RTD Coffee,Non-Grocery Retailers,Off-trade Volume,2018,0.0,,million litres,
India,RTD Coffee,General Merchandise Stores,Off-trade Volume,2018,0.0,,million litres,
India,RTD Coffee,Apparel and Footwear Specialists,Off-trade Volume,2018,0.0,,million litres,
India,RTD Coffee,Appliances and Electronics Specialists,Off-trade Volume,2018,0.0,,million litres,
India,RTD Coffee,Home Products Specialists,Off-trade Volume,2018,0.0,,million litres,
India,RTD Coffee,Health and Beauty Specialists,Off-trade Volume,2018,0.0,,million litres,
India,RTD Coffee,Leisure and Personal Goods Specialists,Off-trade Volume,2018,0.0,,million litres,
India,RTD Coffee,Other Non-Grocery Retailers,Off-trade Volume,2018,0.0,,million litres,
India,RTD Coffee,Vending,Off-trade Volume,2018,0.0,,million litres,
India,RTD Coffee,Direct Selling,Off-trade Volume,2018,0.0,,million litres,
India,RTD Coffee,Retail E-Commerce,Off-trade Volume,2018,0.0,,million litres,
Japan,Coffee,Retail Channels,Retail Volume,2018,100.0,108641.3,Tonnes,108641.3
Japan,Coffee,Retail Offline,Retail Volume,2018,90.6,108641.3,Tonnes,98429.01779999999
Japan,Coffee,Grocery Retailers,Retail Volume,2018,69.8,108641.3,Tonnes,75831.6274
Japan,Coffee,Convenience Retailers,Retail Volume,2018,3.3,108641.3,Tonnes,3585.1629000000003
Japan,Coffee,Convenience Stores,Retail Volume,2018,3.3,108641.3,Tonnes,3585.1629000000003
Japan,Coffee,Forecourt Retailers,Retail Volume,2018,0.0,108641.3,Tonnes,0.0
Japan,Coffee,Supermarkets,Retail Volume,2018,46.9,108641.3,Tonnes,50952.7697
Japan,Coffee,Hypermarkets,Retail Volume,2018,11.0,108641.3,Tonnes,11950.543
Japan,Coffee,Discounters,Retail Volume,2018,0.0,108641.3,Tonnes,0.0
Japan,Coffee,Warehouse Clubs,Retail Volume,2018,2.8,108641.3,Tonnes,3041.9563999999996
Japan,Coffee,Food/drink/tobacco specialists,Retail Volume,2018,0.0,108641.3,Tonnes,0.0
Japan,Coffee,Small Local Grocers,Retail Volume,2018,5.9,108641.3,Tonnes,6409.836700000001
Japan,Coffee,Non-Grocery Retailers,Retail Volume,2018,20.1,108641.3,Tonnes,21836.9013
Japan,Coffee,General Merchandise Stores,Retail Volume,2018,13.8,108641.3,Tonnes,14992.499400000002
Japan,Coffee,Apparel and Footwear Specialists,Retail Volume,2018,0.0,108641.3,Tonnes,0.0
Japan,Coffee,Appliances and Electronics Specialists,Retail Volume,2018,0.0,108641.3,Tonnes,0.0
Japan,Coffee,Home Products Specialists,Retail Volume,2018,0.0,108641.3,Tonnes,0.0
Japan,Coffee,Health and Beauty Specialists,Retail Volume,2018,6.3,108641.3,Tonnes,6844.4019
Japan,Coffee,Leisure and Personal Goods Specialists,Retail Volume,2018,0.0,108641.3,Tonnes,0.0
Japan,Coffee,Other Non-Grocery Retailers,Retail Volume,2018,0.0,108641.3,Tonnes,0.0
Japan,Coffee,Vending,Retail Volume,2018,0.8,108641.3,Tonnes,869.1304
Japan,Coffee,Direct Selling,Retail Volume,2018,0.0,108641.3,Tonnes,0.0
Japan,Coffee,Retail E-Commerce,Retail Volume,2018,9.4,108641.3,Tonnes,10212.2822
Japan,RTD Coffee,Retail Channels,Off-trade Volume,2018,100.0,3266.3,million litres,3266.3
Japan,RTD Coffee,Retail Offline,Off-trade Volume,2018,99.4,3266.3,million litres,3246.7022000000006
Japan,RTD Coffee,Grocery Retailers,Off-trade Volume,2018,56.6,3266.3,million litres,1848.7258000000004
Japan,RTD Coffee,Convenience Retailers,Off-trade Volume,2018,20.4,3266.3,million litres,666.3252
Japan,RTD Coffee,Convenience Stores,Off-trade Volume,2018,20.4,3266.3,million litres,666.3252
Japan,RTD Coffee,Forecourt Retailers,Off-trade Volume,2018,0.0,3266.3,million litres,0.0
Japan,RTD Coffee,Supermarkets,Off-trade Volume,2018,22.9,3266.3,million litres,747.9827
Japan,RTD Coffee,Hypermarkets,Off-trade Volume,2018,5.9,3266.3,million litres,192.71170000000004
Japan,RTD Coffee,Discounters,Off-trade Volume,2018,0.0,3266.3,million litres,0.0
Japan,RTD Coffee,Warehouse Clubs,Off-trade Volume,2018,1.5,3266.3,million litres,48.9945
Japan,RTD Coffee,Food/drink/tobacco specialists,Off-trade Volume,2018,0.0,3266.3,million litres,0.0
Japan,RTD Coffee,Small Local Grocers,Off-trade Volume,2018,5.8,3266.3,million litres,189.4454
Japan,RTD Coffee,Non-Grocery Retailers,Off-trade Volume,2018,17.1,3266.3,million litres,558.5373000000001
Japan,RTD Coffee,General Merchandise Stores,Off-trade Volume,2018,7.4,3266.3,million litres,241.70620000000005
Japan,RTD Coffee,Apparel and Footwear Specialists,Off-trade Volume,2018,0.0,3266.3,million litres,0.0
Japan,RTD Coffee,Appliances and Electronics Specialists,Off-trade Volume,2018,0.0,3266.3,million litres,0.0
Japan,RTD Coffee,Home Products Specialists,Off-trade Volume,2018,0.0,3266.3,million litres,0.0
Japan,RTD Coffee,Health and Beauty Specialists,Off-trade Volume,2018,9.6,3266.3,million litres,313.56480000000005
Japan,RTD Coffee,Leisure and Personal Goods Specialists,Off-trade Volume,2018,0.0,3266.3,million litres,0.0
Japan,RTD Coffee,Other Non-Grocery Retailers,Off-trade Volume,2018,0.0,3266.3,million litres,0.0
Japan,RTD Coffee,Vending,Off-trade Volume,2018,25.8,3266.3,million litres,842.7054
Japan,RTD Coffee,Direct Selling,Off-trade Volume,2018,0.0,3266.3,million litres,0.0
Japan,RTD Coffee,Retail E-Commerce,Off-trade Volume,2018,0.6,3266.3,million litres,19.597800000000003
Thailand,Coffee,Retail Channels,Retail Volume,2018,100.0,76235.0,Tonnes,76235.0
Thailand,Coffee,Retail Offline,Retail Volume,2018,98.4,76235.0,Tonnes,75015.24
Thailand,Coffee,Grocery Retailers,Retail Volume,2018,98.4,76235.0,Tonnes,75015.24
Thailand,Coffee,Convenience Retailers,Retail Volume,2018,29.0,76235.0,Tonnes,22108.149999999998
Thailand,Coffee,Convenience Stores,Retail Volume,2018,16.4,76235.0,Tonnes,12502.539999999999
Thailand,Coffee,Forecourt Retailers,Retail Volume,2018,12.5,76235.0,Tonnes,9529.375
Thailand,Coffee,Supermarkets,Retail Volume,2018,5.8,76235.0,Tonnes,4421.63
Thailand,Coffee,Hypermarkets,Retail Volume,2018,23.3,76235.0,Tonnes,17762.755
Thailand,Coffee,Discounters,Retail Volume,2018,0.0,76235.0,Tonnes,0.0
Thailand,Coffee,Warehouse Clubs,Retail Volume,2018,0.0,76235.0,Tonnes,0.0
Thailand,Coffee,Food/drink/tobacco specialists,Retail Volume,2018,0.0,76235.0,Tonnes,0.0
Thailand,Coffee,Small Local Grocers,Retail Volume,2018,40.3,76235.0,Tonnes,30722.704999999998
Thailand,Coffee,Non-Grocery Retailers,Retail Volume,2018,0.0,76235.0,Tonnes,0.0
Thailand,Coffee,General Merchandise Stores,Retail Volume,2018,0.0,76235.0,Tonnes,0.0
Thailand,Coffee,Apparel and Footwear Specialists,Retail Volume,2018,0.0,76235.0,Tonnes,0.0
Thailand,Coffee,Appliances and Electronics Specialists,Retail Volume,2018,0.0,76235.0,Tonnes,0.0
Thailand,Coffee,Home Products Specialists,Retail Volume,2018,0.0,76235.0,Tonnes,0.0
Thailand,Coffee,Health and Beauty Specialists,Retail Volume,2018,0.0,76235.0,Tonnes,0.0
Thailand,Coffee,Leisure and Personal Goods Specialists,Retail Volume,2018,0.0,76235.0,Tonnes,0.0
Thailand,Coffee,Other Non-Grocery Retailers,Retail Volume,2018,0.0,76235.0,Tonnes,0.0
Thailand,Coffee,Vending,Retail Volume,2018,0.0,76235.0,Tonnes,0.0
Thailand,Coffee,Direct Selling,Retail Volume,2018,0.0,76235.0,Tonnes,0.0
Thailand,Coffee,Retail E-Commerce,Retail Volume,2018,1.6,76235.0,Tonnes,1219.76
Thailand,RTD Coffee,Retail Channels,Off-trade Volume,2018,100.0,178.9,million litres,178.9
Thailand,RTD Coffee,Retail Offline,Off-trade Volume,2018,98.6,178.9,million litres,176.3954
Thailand,RTD Coffee,Grocery Retailers,Off-trade Volume,2018,91.4,178.9,million litres,163.5146
Thailand,RTD Coffee,Convenience Retailers,Off-trade Volume,2018,28.2,178.9,million litres,50.449799999999996
Thailand,RTD Coffee,Convenience Stores,Off-trade Volume,2018,16.1,178.9,million litres,28.8029
Thailand,RTD Coffee,Forecourt Retailers,Off-trade Volume,2018,12.1,178.9,million litres,21.6469
Thailand,RTD Coffee,Supermarkets,Off-trade Volume,2018,5.4,178.9,million litres,9.660600000000002
Thailand,RTD Coffee,Hypermarkets,Off-trade Volume,2018,23.7,178.9,million litres,42.3993
Thailand,RTD Coffee,Discounters,Off-trade Volume,2018,0.0,178.9,million litres,0.0
Thailand,RTD Coffee,Warehouse Clubs,Off-trade Volume,2018,0.0,178.9,million litres,0.0
Thailand,RTD Coffee,Food/drink/tobacco specialists,Off-trade Volume,2018,0.0,178.9,million litres,0.0
Thailand,RTD Coffee,Small Local Grocers,Off-trade Volume,2018,34.1,178.9,million litres,61.004900000000006
Thailand,RTD Coffee,Non-Grocery Retailers,Off-trade Volume,2018,0.0,178.9,million litres,0.0
Thailand,RTD Coffee,General Merchandise Stores,Off-trade Volume,2018,0.0,178.9,million litres,0.0
Thailand,RTD Coffee,Apparel and Footwear Specialists,Off-trade Volume,2018,0.0,178.9,million litres,0.0
Thailand,RTD Coffee,Appliances and Electronics Specialists,Off-trade Volume,2018,0.0,178.9,million litres,0.0
Thailand,RTD Coffee,Home Products Specialists,Off-trade Volume,2018,0.0,178.9,million litres,0.0
Thailand,RTD Coffee,Health and Beauty Specialists,Off-trade Volume,2018,0.0,178.9,million litres,0.0
Thailand,RTD Coffee,Leisure and Personal Goods Specialists,Off-trade Volume,2018,0.0,178.9,million litres,0.0
Thailand,RTD Coffee,Other Non-Grocery Retailers,Off-trade Volume,2018,0.0,178.9,million litres,0.0
Thailand,RTD Coffee,Vending,Off-trade Volume,2018,7.1,178.9,million litres,12.701899999999998
Thailand,RTD Coffee,Direct Selling,Off-trade Volume,2018,0.0,178.9,million litres,0.0
Thailand,RTD Coffee,Retail E-Commerce,Off-trade Volume,2018,1.4,178.9,million litres,2.5046
Australasia,Coffee,Retail Channels,Retail Volume,2018,100.0,38781.4,Tonnes,38781.4
Australasia,Coffee,Retail Offline,Retail Volume,2018,94.3,38781.4,Tonnes,36570.8602
Australasia,Coffee,Grocery Retailers,Retail Volume,2018,94.1,38781.4,Tonnes,36493.297399999996
Australasia,Coffee,Convenience Retailers,Retail Volume,2018,5.9,38781.4,Tonnes,2288.1026
Australasia,Coffee,Convenience Stores,Retail Volume,2018,3.0,38781.4,Tonnes,1163.442
Australasia,Coffee,Forecourt Retailers,Retail Volume,2018,2.9,38781.4,Tonnes,1124.6606
Australasia,Coffee,Supermarkets,Retail Volume,2018,71.4,38781.4,Tonnes,27689.919600000005
Australasia,Coffee,Hypermarkets,Retail Volume,2018,0.0,38781.4,Tonnes,0.0
Australasia,Coffee,Discounters,Retail Volume,2018,13.3,38781.4,Tonnes,5157.926200000001
Australasia,Coffee,Warehouse Clubs,Retail Volume,2018,0.0,38781.4,Tonnes,0.0
Australasia,Coffee,Food/drink/tobacco specialists,Retail Volume,2018,0.0,38781.4,Tonnes,0.0
Australasia,Coffee,Small Local Grocers,Retail Volume,2018,3.5,38781.4,Tonnes,1357.3490000000002
Australasia,Coffee,Non-Grocery Retailers,Retail Volume,2018,0.1,38781.4,Tonnes,38.781400000000005
Australasia,Coffee,General Merchandise Stores,Retail Volume,2018,0.0,38781.4,Tonnes,0.0
Australasia,Coffee,Apparel and Footwear Specialists,Retail Volume,2018,0.0,38781.4,Tonnes,0.0
Australasia,Coffee,Appliances and Electronics Specialists,Retail Volume,2018,0.0,38781.4,Tonnes,0.0
Australasia,Coffee,Home Products Specialists,Retail Volume,2018,0.0,38781.4,Tonnes,0.0
Australasia,Coffee,Health and Beauty Specialists,Retail Volume,2018,0.1,38781.4,Tonnes,38.781400000000005
Australasia,Coffee,Leisure and Personal Goods Specialists,Retail Volume,2018,0.0,38781.4,Tonnes,0.0
Australasia,Coffee,Other Non-Grocery Retailers,Retail Volume,2018,0.0,38781.4,Tonnes,0.0
Australasia,Coffee,Vending,Retail Volume,2018,0.1,38781.4,Tonnes,38.781400000000005
Australasia,Coffee,Direct Selling,Retail Volume,2018,0.0,38781.4,Tonnes,0.0
Australasia,Coffee,Retail E-Commerce,Retail Volume,2018,5.7,38781.4,Tonnes,2210.5398
Australasia,RTD Coffee,Retail Channels,Off-trade Volume,2018,100.0,3.5,million litres,3.5
Australasia,RTD Coffee,Retail Offline,Off-trade Volume,2018,94.1,3.5,million litres,3.2935
Australasia,RTD Coffee,Grocery Retailers,Off-trade Volume,2018,93.1,3.5,million litres,3.2584999999999997
Australasia,RTD Coffee,Convenience Retailers,Off-trade Volume,2018,32.5,3.5,million litres,1.1375
Australasia,RTD Coffee,Convenience Stores,Off-trade Volume,2018,8.2,3.5,million litres,0.287
Australasia,RTD Coffee,Forecourt Retailers,Off-trade Volume,2018,24.3,3.5,million litres,0.8505
Australasia,RTD Coffee,Supermarkets,Off-trade Volume,2018,55.5,3.5,million litres,1.9425000000000001
Australasia,RTD Coffee,Hypermarkets,Off-trade Volume,2018,0.0,3.5,million litres,0.0
Australasia,RTD Coffee,Discounters,Off-trade Volume,2018,1.2,3.5,million litres,0.042
Australasia,RTD Coffee,Warehouse Clubs,Off-trade Volume,2018,0.0,3.5,million litres,0.0
Australasia,RTD Coffee,Food/drink/tobacco specialists,Off-trade Volume,2018,0.0,3.5,million litres,0.0
Australasia,RTD Coffee,Small Local Grocers,Off-trade Volume,2018,3.9,3.5,million litres,0.1365
Australasia,RTD Coffee,Non-Grocery Retailers,Off-trade Volume,2018,0.0,3.5,million litres,0.0
Australasia,RTD Coffee,General Merchandise Stores,Off-trade Volume,2018,0.0,3.5,million litres,0.0
Australasia,RTD Coffee,Apparel and Footwear Specialists,Off-trade Volume,2018,0.0,3.5,million litres,0.0
Australasia,RTD Coffee,Appliances and Electronics Specialists,Off-trade Volume,2018,0.0,3.5,million litres,0.0
Australasia,RTD Coffee,Home Products Specialists,Off-trade Volume,2018,0.0,3.5,million litres,0.0
Australasia,RTD Coffee,Health and Beauty Specialists,Off-trade Volume,2018,0.0,3.5,million litres,0.0
Australasia,RTD Coffee,Leisure and Personal Goods Specialists,Off-trade Volume,2018,0.0,3.5,million litres,0.0
Australasia,RTD Coffee,Other Non-Grocery Retailers,Off-trade Volume,2018,0.0,3.5,million litres,0.0
Australasia,RTD Coffee,Vending,Off-trade Volume,2018,0.9,3.5,million litres,0.0315
Australasia,RTD Coffee,Direct Selling,Off-trade Volume,2018,0.0,3.5,million litres,0.0
Australasia,RTD Coffee,Retail E-Commerce,Off-trade Volume,2018,5.9,3.5,million litres,0.20650000000000002
Australia,Coffee,Retail Channels,Retail Volume,2018,100.0,33411.2,Tonnes,33411.2
Australia,Coffee,Retail Offline,Retail Volume,2018,94.0,33411.2,Tonnes,31406.527999999995
Australia,Coffee,Grocery Retailers,Retail Volume,2018,94.0,33411.2,Tonnes,31406.527999999995
Australia,Coffee,Convenience Retailers,Retail Volume,2018,6.4,33411.2,Tonnes,2138.3168
Australia,Coffee,Convenience Stores,Retail Volume,2018,3.2,33411.2,Tonnes,1069.1584
Australia,Coffee,Forecourt Retailers,Retail Volume,2018,3.2,33411.2,Tonnes,1069.1584
Australia,Coffee,Supermarkets,Retail Volume,2018,68.9,33411.2,Tonnes,23020.3168
Australia,Coffee,Hypermarkets,Retail Volume,2018,0.0,33411.2,Tonnes,0.0
Australia,Coffee,Discounters,Retail Volume,2018,15.5,33411.2,Tonnes,5178.736
Australia,Coffee,Warehouse Clubs,Retail Volume,2018,0.0,33411.2,Tonnes,0.0
Australia,Coffee,Food/drink/tobacco specialists,Retail Volume,2018,0.0,33411.2,Tonnes,0.0
Australia,Coffee,Small Local Grocers,Retail Volume,2018,3.4,33411.2,Tonnes,1135.9808
Australia,Coffee,Non-Grocery Retailers,Retail Volume,2018,0.0,33411.2,Tonnes,0.0
Australia,Coffee,General Merchandise Stores,Retail Volume,2018,0.0,33411.2,Tonnes,0.0
Australia,Coffee,Apparel and Footwear Specialists,Retail Volume,2018,0.0,33411.2,Tonnes,0.0
Australia,Coffee,Appliances and Electronics Specialists,Retail Volume,2018,0.0,33411.2,Tonnes,0.0
Australia,Coffee,Home Products Specialists,Retail Volume,2018,0.0,33411.2,Tonnes,0.0
Australia,Coffee,Health and Beauty Specialists,Retail Volume,2018,0.0,33411.2,Tonnes,0.0
Australia,Coffee,Leisure and Personal Goods Specialists,Retail Volume,2018,0.0,33411.2,Tonnes,0.0
Australia,Coffee,Other Non-Grocery Retailers,Retail Volume,2018,0.0,33411.2,Tonnes,0.0
Australia,Coffee,Vending,Retail Volume,2018,0.0,33411.2,Tonnes,0.0
Australia,Coffee,Direct Selling,Retail Volume,2018,0.0,33411.2,Tonnes,0.0
Australia,Coffee,Retail E-Commerce,Retail Volume,2018,6.0,33411.2,Tonnes,2004.6719999999998
Australia,RTD Coffee,Retail Channels,Off-trade Volume,2018,100.0,3.4,million litres,3.4
Australia,RTD Coffee,Retail Offline,Off-trade Volume,2018,93.9,3.4,million litres,3.1926
Australia,RTD Coffee,Grocery Retailers,Off-trade Volume,2018,92.9,3.4,million litres,3.1586000000000003
Australia,RTD Coffee,Convenience Retailers,Off-trade Volume,2018,33.3,3.4,million litres,1.1321999999999999
Australia,RTD Coffee,Convenience Stores,Off-trade Volume,2018,8.3,3.4,million litres,0.2822
Australia,RTD Coffee,Forecourt Retailers,Off-trade Volume,2018,25.0,3.4,million litres,0.85
Australia,RTD Coffee,Supermarkets,Off-trade Volume,2018,54.4,3.4,million litres,1.8496000000000001
Australia,RTD Coffee,Hypermarkets,Off-trade Volume,2018,0.0,3.4,million litres,0.0
Australia,RTD Coffee,Discounters,Off-trade Volume,2018,1.2,3.4,million litres,0.0408
Australia,RTD Coffee,Warehouse Clubs,Off-trade Volume,2018,0.0,3.4,million litres,0.0
Australia,RTD Coffee,Food/drink/tobacco specialists,Off-trade Volume,2018,0.0,3.4,million litres,0.0
Australia,RTD Coffee,Small Local Grocers,Off-trade Volume,2018,4.0,3.4,million litres,0.136
Australia,RTD Coffee,Non-Grocery Retailers,Off-trade Volume,2018,0.0,3.4,million litres,0.0
Australia,RTD Coffee,General Merchandise Stores,Off-trade Volume,2018,0.0,3.4,million litres,0.0
Australia,RTD Coffee,Apparel and Footwear Specialists,Off-trade Volume,2018,0.0,3.4,million litres,0.0
Australia,RTD Coffee,Appliances and Electronics Specialists,Off-trade Volume,2018,0.0,3.4,million litres,0.0
Australia,RTD Coffee,Home Products Specialists,Off-trade Volume,2018,0.0,3.4,million litres,0.0
Australia,RTD Coffee,Health and Beauty Specialists,Off-trade Volume,2018,0.0,3.4,million litres,0.0
Australia,RTD Coffee,Leisure and Personal Goods Specialists,Off-trade Volume,2018,0.0,3.4,million litres,0.0
Australia,RTD Coffee,Other Non-Grocery Retailers,Off-trade Volume,2018,0.0,3.4,million litres,0.0
Australia,RTD Coffee,Vending,Off-trade Volume,2018,1.0,3.4,million litres,0.034
Australia,RTD Coffee,Direct Selling,Off-trade Volume,2018,0.0,3.4,million litres,0.0
Australia,RTD Coffee,Retail E-Commerce,Off-trade Volume,2018,6.1,3.4,million litres,0.2074
Eastern Europe,Coffee,Retail Channels,Retail Volume,2018,100.0,500139.2,Tonnes,500139.2
Eastern Europe,Coffee,Retail Offline,Retail Volume,2018,99.1,500139.2,Tonnes,495637.9472
Eastern Europe,Coffee,Grocery Retailers,Retail Volume,2018,95.8,500139.2,Tonnes,479133.3536
Eastern Europe,Coffee,Convenience Retailers,Retail Volume,2018,13.5,500139.2,Tonnes,67518.792
Eastern Europe,Coffee,Convenience Stores,Retail Volume,2018,12.5,500139.2,Tonnes,62517.4
Eastern Europe,Coffee,Forecourt Retailers,Retail Volume,2018,1.0,500139.2,Tonnes,5001.392
Eastern Europe,Coffee,Supermarkets,Retail Volume,2018,29.5,500139.2,Tonnes,147541.06399999998
Eastern Europe,Coffee,Hypermarkets,Retail Volume,2018,17.9,500139.2,Tonnes,89524.91679999999
Eastern Europe,Coffee,Discounters,Retail Volume,2018,11.2,500139.2,Tonnes,56015.590399999994
Eastern Europe,Coffee,Warehouse Clubs,Retail Volume,2018,0.0,500139.2,Tonnes,0.0
Eastern Europe,Coffee,Food/drink/tobacco specialists,Retail Volume,2018,1.7,500139.2,Tonnes,8502.3664
Eastern Europe,Coffee,Small Local Grocers,Retail Volume,2018,22.1,500139.2,Tonnes,110530.7632
Eastern Europe,Coffee,Non-Grocery Retailers,Retail Volume,2018,0.5,500139.2,Tonnes,2500.696
Eastern Europe,Coffee,General Merchandise Stores,Retail Volume,2018,0.2,500139.2,Tonnes,1000.2784
Eastern Europe,Coffee,Apparel and Footwear Specialists,Retail Volume,2018,0.0,500139.2,Tonnes,0.0
Eastern Europe,Coffee,Appliances and Electronics Specialists,Retail Volume,2018,0.0,500139.2,Tonnes,0.0
Eastern Europe,Coffee,Home Products Specialists,Retail Volume,2018,0.0,500139.2,Tonnes,0.0
Eastern Europe,Coffee,Health and Beauty Specialists,Retail Volume,2018,0.3,500139.2,Tonnes,1500.4176
Eastern Europe,Coffee,Leisure and Personal Goods Specialists,Retail Volume,2018,0.0,500139.2,Tonnes,0.0
Eastern Europe,Coffee,Other Non-Grocery Retailers,Retail Volume,2018,0.0,500139.2,Tonnes,0.0
Eastern Europe,Coffee,Vending,Retail Volume,2018,2.8,500139.2,Tonnes,14003.897599999998
Eastern Europe,Coffee,Direct Selling,Retail Volume,2018,0.0,500139.2,Tonnes,0.0
Eastern Europe,Coffee,Retail E-Commerce,Retail Volume,2018,0.9,500139.2,Tonnes,4501.2528
Eastern Europe,RTD Coffee,Retail Channels,Off-trade Volume,2018,100.0,28.4,million litres,28.4
Eastern Europe,RTD Coffee,Retail Offline,Off-trade Volume,2018,99.6,28.4,million litres,28.286399999999997
Eastern Europe,RTD Coffee,Grocery Retailers,Off-trade Volume,2018,97.9,28.4,million litres,27.803600000000003
Eastern Europe,RTD Coffee,Convenience Retailers,Off-trade Volume,2018,42.7,28.4,million litres,12.126800000000001
Eastern Europe,RTD Coffee,Convenience Stores,Off-trade Volume,2018,15.3,28.4,million litres,4.345199999999999
Eastern Europe,RTD Coffee,Forecourt Retailers,Off-trade Volume,2018,27.4,28.4,million litres,7.781599999999998
Eastern Europe,RTD Coffee,Supermarkets,Off-trade Volume,2018,14.8,28.4,million litres,4.203200000000001
Eastern Europe,RTD Coffee,Hypermarkets,Off-trade Volume,2018,22.3,28.4,million litres,6.3332
Eastern Europe,RTD Coffee,Discounters,Off-trade Volume,2018,10.5,28.4,million litres,2.9819999999999998
Eastern Europe,RTD Coffee,Warehouse Clubs,Off-trade Volume,2018,0.0,28.4,million litres,0.0
Eastern Europe,RTD Coffee,Food/drink/tobacco specialists,Off-trade Volume,2018,0.9,28.4,million litres,0.2556
Eastern Europe,RTD Coffee,Small Local Grocers,Off-trade Volume,2018,6.7,28.4,million litres,1.9028
Eastern Europe,RTD Coffee,Non-Grocery Retailers,Off-trade Volume,2018,0.5,28.4,million litres,0.142
Eastern Europe,RTD Coffee,General Merchandise Stores,Off-trade Volume,2018,0.1,28.4,million litres,0.028399999999999998
Eastern Europe,RTD Coffee,Apparel and Footwear Specialists,Off-trade Volume,2018,0.0,28.4,million litres,0.0
Eastern Europe,RTD Coffee,Appliances and Electronics Specialists,Off-trade Volume,2018,0.0,28.4,million litres,0.0
Eastern Europe,RTD Coffee,Home Products Specialists,Off-trade Volume,2018,0.0,28.4,million litres,0.0
Eastern Europe,RTD Coffee,Health and Beauty Specialists,Off-trade Volume,2018,0.4,28.4,million litres,0.11359999999999999
Eastern Europe,RTD Coffee,Leisure and Personal Goods Specialists,Off-trade Volume,2018,0.0,28.4,million litres,0.0
Eastern Europe,RTD Coffee,Other Non-Grocery Retailers,Off-trade Volume,2018,0.0,28.4,million litres,0.0
Eastern Europe,RTD Coffee,Vending,Off-trade Volume,2018,1.1,28.4,million litres,0.3124
Eastern Europe,RTD Coffee,Direct Selling,Off-trade Volume,2018,0.0,28.4,million litres,0.0
Eastern Europe,RTD Coffee,Retail E-Commerce,Off-trade Volume,2018,0.4,28.4,million litres,0.11359999999999999
Latin America,Coffee,Retail Channels,Retail Volume,2018,100.0,1095533.3,Tonnes,1095533.3
Latin America,Coffee,Retail Offline,Retail Volume,2018,99.6,1095533.3,Tonnes,1091151.1668
Latin America,Coffee,Grocery Retailers,Retail Volume,2018,97.6,1095533.3,Tonnes,1069240.5008
Latin America,Coffee,Convenience Retailers,Retail Volume,2018,1.1,1095533.3,Tonnes,12050.866300000002
Latin America,Coffee,Convenience Stores,Retail Volume,2018,0.6,1095533.3,Tonnes,6573.1998
Latin America,Coffee,Forecourt Retailers,Retail Volume,2018,0.5,1095533.3,Tonnes,5477.6665
Latin America,Coffee,Supermarkets,Retail Volume,2018,32.6,1095533.3,Tonnes,357143.8558
Latin America,Coffee,Hypermarkets,Retail Volume,2018,30.3,1095533.3,Tonnes,331946.5899
Latin America,Coffee,Discounters,Retail Volume,2018,2.5,1095533.3,Tonnes,27388.332500000004
Latin America,Coffee,Warehouse Clubs,Retail Volume,2018,3.1,1095533.3,Tonnes,33961.5323
Latin America,Coffee,Food/drink/tobacco specialists,Retail Volume,2018,0.1,1095533.3,Tonnes,1095.5333
Latin America,Coffee,Small Local Grocers,Retail Volume,2018,28.1,1095533.3,Tonnes,307844.85730000003
Latin America,Coffee,Non-Grocery Retailers,Retail Volume,2018,1.6,1095533.3,Tonnes,17528.5328
Latin America,Coffee,General Merchandise Stores,Retail Volume,2018,1.5,1095533.3,Tonnes,16432.9995
Latin America,Coffee,Apparel and Footwear Specialists,Retail Volume,2018,0.0,1095533.3,Tonnes,0.0
Latin America,Coffee,Appliances and Electronics Specialists,Retail Volume,2018,0.0,1095533.3,Tonnes,0.0
Latin America,Coffee,Home Products Specialists,Retail Volume,2018,0.0,1095533.3,Tonnes,0.0
Latin America,Coffee,Health and Beauty Specialists,Retail Volume,2018,0.1,1095533.3,Tonnes,1095.5333
Latin America,Coffee,Leisure and Personal Goods Specialists,Retail Volume,2018,0.0,1095533.3,Tonnes,0.0
Latin America,Coffee,Other Non-Grocery Retailers,Retail Volume,2018,0.0,1095533.3,Tonnes,0.0
Latin America,Coffee,Vending,Retail Volume,2018,0.2,1095533.3,Tonnes,2191.0666
Latin America,Coffee,Direct Selling,Retail Volume,2018,0.3,1095533.3,Tonnes,3286.5999
Latin America,Coffee,Retail E-Commerce,Retail Volume,2018,0.4,1095533.3,Tonnes,4382.1332
Latin America,RTD Coffee,Retail Channels,Off-trade Volume,2018,100.0,21.6,million litres,21.6
Latin America,RTD Coffee,Retail Offline,Off-trade Volume,2018,99.9,21.6,million litres,21.578400000000002
Latin America,RTD Coffee,Grocery Retailers,Off-trade Volume,2018,98.8,21.6,million litres,21.3408
Latin America,RTD Coffee,Convenience Retailers,Off-trade Volume,2018,17.2,21.6,million litres,3.7152
Latin America,RTD Coffee,Convenience Stores,Off-trade Volume,2018,8.4,21.6,million litres,1.8144000000000002
Latin America,RTD Coffee,Forecourt Retailers,Off-trade Volume,2018,8.9,21.6,million litres,1.9224000000000003
Latin America,RTD Coffee,Supermarkets,Off-trade Volume,2018,29.6,21.6,million litres,6.393600000000001
Latin America,RTD Coffee,Hypermarkets,Off-trade Volume,2018,10.9,21.6,million litres,2.3544
Latin America,RTD Coffee,Discounters,Off-trade Volume,2018,2.1,21.6,million litres,0.45360000000000006
Latin America,RTD Coffee,Warehouse Clubs,Off-trade Volume,2018,0.7,21.6,million litres,0.1512
Latin America,RTD Coffee,Food/drink/tobacco specialists,Off-trade Volume,2018,0.4,21.6,million litres,0.0864
Latin America,RTD Coffee,Small Local Grocers,Off-trade Volume,2018,37.9,21.6,million litres,8.1864
Latin America,RTD Coffee,Non-Grocery Retailers,Off-trade Volume,2018,1.1,21.6,million litres,0.23760000000000003
Latin America,RTD Coffee,General Merchandise Stores,Off-trade Volume,2018,0.2,21.6,million litres,0.0432
Latin America,RTD Coffee,Apparel and Footwear Specialists,Off-trade Volume,2018,0.0,21.6,million litres,0.0
Latin America,RTD Coffee,Appliances and Electronics Specialists,Off-trade Volume,2018,0.0,21.6,million litres,0.0
Latin America,RTD Coffee,Home Products Specialists,Off-trade Volume,2018,0.0,21.6,million litres,0.0
Latin America,RTD Coffee,Health and Beauty Specialists,Off-trade Volume,2018,0.9,21.6,million litres,0.19440000000000004
Latin America,RTD Coffee,Leisure and Personal Goods Specialists,Off-trade Volume,2018,0.0,21.6,million litres,0.0
Latin America,RTD Coffee,Other Non-Grocery Retailers,Off-trade Volume,2018,0.0,21.6,million litres,0.0
Latin America,RTD Coffee,Vending,Off-trade Volume,2018,0.0,21.6,million litres,0.0
Latin America,RTD Coffee,Direct Selling,Off-trade Volume,2018,0.0,21.6,million litres,0.0
Latin America,RTD Coffee,Retail E-Commerce,Off-trade Volume,2018,0.1,21.6,million litres,0.0216
Brazil,Coffee,Retail Channels,Retail Volume,2018,100.0,770459.3,Tonnes,770459.3
Brazil,Coffee,Retail Offline,Retail Volume,2018,99.7,770459.3,Tonnes,768147.9221000001
Brazil,Coffee,Grocery Retailers,Retail Volume,2018,97.2,770459.3,Tonnes,748886.4396
Brazil,Coffee,Convenience Retailers,Retail Volume,2018,0.6,770459.3,Tonnes,4622.755800000001
Brazil,Coffee,Convenience Stores,Retail Volume,2018,0.0,770459.3,Tonnes,0.0
Brazil,Coffee,Forecourt Retailers,Retail Volume,2018,0.6,770459.3,Tonnes,4622.755800000001
Brazil,Coffee,Supermarkets,Retail Volume,2018,37.6,770459.3,Tonnes,289692.69680000003
Brazil,Coffee,Hypermarkets,Retail Volume,2018,36.2,770459.3,Tonnes,278906.26660000003
Brazil,Coffee,Discounters,Retail Volume,2018,0.3,770459.3,Tonnes,2311.3779000000004
Brazil,Coffee,Warehouse Clubs,Retail Volume,2018,4.0,770459.3,Tonnes,30818.372000000003
Brazil,Coffee,Food/drink/tobacco specialists,Retail Volume,2018,0.0,770459.3,Tonnes,0.0
Brazil,Coffee,Small Local Grocers,Retail Volume,2018,18.5,770459.3,Tonnes,142534.9705
Brazil,Coffee,Non-Grocery Retailers,Retail Volume,2018,2.0,770459.3,Tonnes,15409.186000000002
Brazil,Coffee,General Merchandise Stores,Retail Volume,2018,2.0,770459.3,Tonnes,15409.186000000002
Brazil,Coffee,Apparel and Footwear Specialists,Retail Volume,2018,0.0,770459.3,Tonnes,0.0
Brazil,Coffee,Appliances and Electronics Specialists,Retail Volume,2018,0.0,770459.3,Tonnes,0.0
Brazil,Coffee,Home Products Specialists,Retail Volume,2018,0.0,770459.3,Tonnes,0.0
Brazil,Coffee,Health and Beauty Specialists,Retail Volume,2018,0.0,770459.3,Tonnes,0.0
Brazil,Coffee,Leisure and Personal Goods Specialists,Retail Volume,2018,0.0,770459.3,Tonnes,0.0
Brazil,Coffee,Other Non-Grocery Retailers,Retail Volume,2018,0.0,770459.3,Tonnes,0.0
Brazil,Coffee,Vending,Retail Volume,2018,0.0,770459.3,Tonnes,0.0
Brazil,Coffee,Direct Selling,Retail Volume,2018,0.4,770459.3,Tonnes,3081.8372000000004
Brazil,Coffee,Retail E-Commerce,Retail Volume,2018,0.3,770459.3,Tonnes,2311.3779000000004
Brazil,RTD Coffee,Retail Channels,Off-trade Volume,2018,100.0,1.4,million litres,1.4
Brazil,RTD Coffee,Retail Offline,Off-trade Volume,2018,100.0,1.4,million litres,1.4
Brazil,RTD Coffee,Grocery Retailers,Off-trade Volume,2018,98.8,1.4,million litres,1.3832
Brazil,RTD Coffee,Convenience Retailers,Off-trade Volume,2018,63.5,1.4,million litres,0.8889999999999999
Brazil,RTD Coffee,Convenience Stores,Off-trade Volume,2018,2.0,1.4,million litres,0.027999999999999997
Brazil,RTD Coffee,Forecourt Retailers,Off-trade Volume,2018,61.5,1.4,million litres,0.861
Brazil,RTD Coffee,Supermarkets,Off-trade Volume,2018,11.0,1.4,million litres,0.154
Brazil,RTD Coffee,Hypermarkets,Off-trade Volume,2018,10.9,1.4,million litres,0.15259999999999999
Brazil,RTD Coffee,Discounters,Off-trade Volume,2018,0.0,1.4,million litres,0.0
Brazil,RTD Coffee,Warehouse Clubs,Off-trade Volume,2018,2.3,1.4,million litres,0.0322
Brazil,RTD Coffee,Food/drink/tobacco specialists,Off-trade Volume,2018,0.0,1.4,million litres,0.0
Brazil,RTD Coffee,Small Local Grocers,Off-trade Volume,2018,11.1,1.4,million litres,0.15539999999999998
Brazil,RTD Coffee,Non-Grocery Retailers,Off-trade Volume,2018,1.2,1.4,million litres,0.0168
Brazil,RTD Coffee,General Merchandise Stores,Off-trade Volume,2018,1.2,1.4,million litres,0.0168
Brazil,RTD Coffee,Apparel and Footwear Specialists,Off-trade Volume,2018,0.0,1.4,million litres,0.0
Brazil,RTD Coffee,Appliances and Electronics Specialists,Off-trade Volume,2018,0.0,1.4,million litres,0.0
Brazil,RTD Coffee,Home Products Specialists,Off-trade Volume,2018,0.0,1.4,million litres,0.0
Brazil,RTD Coffee,Health and Beauty Specialists,Off-trade Volume,2018,0.0,1.4,million litres,0.0
Brazil,RTD Coffee,Leisure and Personal Goods Specialists,Off-trade Volume,2018,0.0,1.4,million litres,0.0
Brazil,RTD Coffee,Other Non-Grocery Retailers,Off-trade Volume,2018,0.0,1.4,million litres,0.0
Brazil,RTD Coffee,Vending,Off-trade Volume,2018,0.0,1.4,million litres,0.0
Brazil,RTD Coffee,Direct Selling,Off-trade Volume,2018,0.0,1.4,million litres,0.0
Brazil,RTD Coffee,Retail E-Commerce,Off-trade Volume,2018,0.0,1.4,million litres,0.0
Middle East and Africa,Coffee,Retail Channels,Retail Volume,2018,100.0,539559.2,Tonnes,539559.2
Middle East and Africa,Coffee,Retail Offline,Retail Volume,2018,99.6,539559.2,Tonnes,537400.9632
Middle East and Africa,Coffee,Grocery Retailers,Retail Volume,2018,98.1,539559.2,Tonnes,529307.5752
Middle East and Africa,Coffee,Convenience Retailers,Retail Volume,2018,5.2,539559.2,Tonnes,28057.0784
Middle East and Africa,Coffee,Convenience Stores,Retail Volume,2018,3.5,539559.2,Tonnes,18884.572
Middle East and Africa,Coffee,Forecourt Retailers,Retail Volume,2018,1.7,539559.2,Tonnes,9172.5064
Middle East and Africa,Coffee,Supermarkets,Retail Volume,2018,30.4,539559.2,Tonnes,164025.9968
Middle East and Africa,Coffee,Hypermarkets,Retail Volume,2018,9.5,539559.2,Tonnes,51258.123999999996
Middle East and Africa,Coffee,Discounters,Retail Volume,2018,1.8,539559.2,Tonnes,9712.0656
Middle East and Africa,Coffee,Warehouse Clubs,Retail Volume,2018,0.0,539559.2,Tonnes,0.0
Middle East and Africa,Coffee,Food/drink/tobacco specialists,Retail Volume,2018,5.8,539559.2,Tonnes,31294.433599999997
Middle East and Africa,Coffee,Small Local Grocers,Retail Volume,2018,45.4,539559.2,Tonnes,244959.87679999997
Middle East and Africa,Coffee,Non-Grocery Retailers,Retail Volume,2018,1.3,539559.2,Tonnes,7014.2696
Middle East and Africa,Coffee,General Merchandise Stores,Retail Volume,2018,0.0,539559.2,Tonnes,0.0
Middle East and Africa,Coffee,Apparel and Footwear Specialists,Retail Volume,2018,0.0,539559.2,Tonnes,0.0
Middle East and Africa,Coffee,Appliances and Electronics Specialists,Retail Volume,2018,0.0,539559.2,Tonnes,0.0
Middle East and Africa,Coffee,Home Products Specialists,Retail Volume,2018,0.0,539559.2,Tonnes,0.0
Middle East and Africa,Coffee,Health and Beauty Specialists,Retail Volume,2018,0.0,539559.2,Tonnes,0.0
Middle East and Africa,Coffee,Leisure and Personal Goods Specialists,Retail Volume,2018,0.0,539559.2,Tonnes,0.0
Middle East and Africa,Coffee,Other Non-Grocery Retailers,Retail Volume,2018,1.3,539559.2,Tonnes,7014.2696
Middle East and Africa,Coffee,Vending,Retail Volume,2018,0.1,539559.2,Tonnes,539.5591999999999
Middle East and Africa,Coffee,Direct Selling,Retail Volume,2018,0.1,539559.2,Tonnes,539.5591999999999
Middle East and Africa,Coffee,Retail E-Commerce,Retail Volume,2018,0.4,539559.2,Tonnes,2158.2367999999997
Middle East and Africa,RTD Coffee,Retail Channels,Off-trade Volume,2018,100.0,26.7,million litres,26.7
Middle East and Africa,RTD Coffee,Retail Offline,Off-trade Volume,2018,99.9,26.7,million litres,26.6733
Middle East and Africa,RTD Coffee,Grocery Retailers,Off-trade Volume,2018,99.7,26.7,million litres,26.619899999999998
Middle East and Africa,RTD Coffee,Convenience Retailers,Off-trade Volume,2018,48.3,26.7,million litres,12.896099999999999
Middle East and Africa,RTD Coffee,Convenience Stores,Off-trade Volume,2018,3.7,26.7,million litres,0.9879000000000001
Middle East and Africa,RTD Coffee,Forecourt Retailers,Off-trade Volume,2018,44.6,26.7,million litres,11.908199999999999
Middle East and Africa,RTD Coffee,Supermarkets,Off-trade Volume,2018,24.3,26.7,million litres,6.488099999999999
Middle East and Africa,RTD Coffee,Hypermarkets,Off-trade Volume,2018,18.8,26.7,million litres,5.0196
Middle East and Africa,RTD Coffee,Discounters,Off-trade Volume,2018,0.6,26.7,million litres,0.1602
Middle East and Africa,RTD Coffee,Warehouse Clubs,Off-trade Volume,2018,0.0,26.7,million litres,0.0
Middle East and Africa,RTD Coffee,Food/drink/tobacco specialists,Off-trade Volume,2018,0.5,26.7,million litres,0.1335
Middle East and Africa,RTD Coffee,Small Local Grocers,Off-trade Volume,2018,7.2,26.7,million litres,1.9224
Middle East and Africa,RTD Coffee,Non-Grocery Retailers,Off-trade Volume,2018,0.0,26.7,million litres,0.0
Middle East and Africa,RTD Coffee,General Merchandise Stores,Off-trade Volume,2018,0.0,26.7,million litres,0.0
Middle East and Africa,RTD Coffee,Apparel and Footwear Specialists,Off-trade Volume,2018,0.0,26.7,million litres,0.0
Middle East and Africa,RTD Coffee,Appliances and Electronics Specialists,Off-trade Volume,2018,0.0,26.7,million litres,0.0
Middle East and Africa,RTD Coffee,Home Products Specialists,Off-trade Volume,2018,0.0,26.7,million litres,0.0
Middle East and Africa,RTD Coffee,Health and Beauty Specialists,Off-trade Volume,2018,0.0,26.7,million litres,0.0
Middle East and Africa,RTD Coffee,Leisure and Personal Goods Specialists,Off-trade Volume,2018,0.0,26.7,million litres,0.0
Middle East and Africa,RTD Coffee,Other Non-Grocery Retailers,Off-trade Volume,2018,0.0,26.7,million litres,0.0
Middle East and Africa,RTD Coffee,Vending,Off-trade Volume,2018,0.2,26.7,million litres,0.0534
Middle East and Africa,RTD Coffee,Direct Selling,Off-trade Volume,2018,0.0,26.7,million litres,0.0
Middle East and Africa,RTD Coffee,Retail E-Commerce,Off-trade Volume,2018,0.1,26.7,million litres,0.0267
North America,Coffee,Retail Channels,Retail Volume,2018,100.0,843795.1,Tonnes,843795.1
North America,Coffee,Retail Offline,Retail Volume,2018,92.6,843795.1,Tonnes,781354.2625999999
North America,Coffee,Grocery Retailers,Retail Volume,2018,89.9,843795.1,Tonnes,758571.7949
North America,Coffee,Convenience Retailers,Retail Volume,2018,2.2,843795.1,Tonnes,18563.4922
North America,Coffee,Convenience Stores,Retail Volume,2018,0.3,843795.1,Tonnes,2531.3853
North America,Coffee,Forecourt Retailers,Retail Volume,2018,1.9,843795.1,Tonnes,16032.106899999999
North America,Coffee,Supermarkets,Retail Volume,2018,30.5,843795.1,Tonnes,257357.5055
North America,Coffee,Hypermarkets,Retail Volume,2018,23.8,843795.1,Tonnes,200823.23380000002
North America,Coffee,Discounters,Retail Volume,2018,3.2,843795.1,Tonnes,27001.4432
North America,Coffee,Warehouse Clubs,Retail Volume,2018,4.1,843795.1,Tonnes,34595.59909999999
North America,Coffee,Food/drink/tobacco specialists,Retail Volume,2018,5.6,843795.1,Tonnes,47252.52559999999
North America,Coffee,Small Local Grocers,Retail Volume,2018,20.5,843795.1,Tonnes,172977.9955
North America,Coffee,Non-Grocery Retailers,Retail Volume,2018,2.4,843795.1,Tonnes,20251.0824
North America,Coffee,General Merchandise Stores,Retail Volume,2018,1.4,843795.1,Tonnes,11813.131399999998
North America,Coffee,Apparel and Footwear Specialists,Retail Volume,2018,0.0,843795.1,Tonnes,0.0
North America,Coffee,Appliances and Electronics Specialists,Retail Volume,2018,0.0,843795.1,Tonnes,0.0
North America,Coffee,Home Products Specialists,Retail Volume,2018,0.0,843795.1,Tonnes,0.0
North America,Coffee,Health and Beauty Specialists,Retail Volume,2018,1.0,843795.1,Tonnes,8437.951
North America,Coffee,Leisure and Personal Goods Specialists,Retail Volume,2018,0.0,843795.1,Tonnes,0.0
North America,Coffee,Other Non-Grocery Retailers,Retail Volume,2018,0.0,843795.1,Tonnes,0.0
North America,Coffee,Vending,Retail Volume,2018,0.1,843795.1,Tonnes,843.7951
North America,Coffee,Direct Selling,Retail Volume,2018,0.2,843795.1,Tonnes,1687.5902
North America,Coffee,Retail E-Commerce,Retail Volume,2018,7.4,843795.1,Tonnes,62440.837400000004
North America,RTD Coffee,Retail Channels,Off-trade Volume,2018,100.0,603.0,million litres,603.0
North America,RTD Coffee,Retail Offline,Off-trade Volume,2018,95.4,603.0,million litres,575.2620000000001
North America,RTD Coffee,Grocery Retailers,Off-trade Volume,2018,86.9,603.0,million litres,524.0070000000001
North America,RTD Coffee,Convenience Retailers,Off-trade Volume,2018,29.6,603.0,million litres,178.48800000000003
North America,RTD Coffee,Convenience Stores,Off-trade Volume,2018,6.5,603.0,million litres,39.195
North America,RTD Coffee,Forecourt Retailers,Off-trade Volume,2018,23.0,603.0,million litres,138.69
North America,RTD Coffee,Supermarkets,Off-trade Volume,2018,20.8,603.0,million litres,125.424
North America,RTD Coffee,Hypermarkets,Off-trade Volume,2018,20.8,603.0,million litres,125.424
North America,RTD Coffee,Discounters,Off-trade Volume,2018,1.3,603.0,million litres,7.839
North America,RTD Coffee,Warehouse Clubs,Off-trade Volume,2018,10.2,603.0,million litres,61.50599999999999
North America,RTD Coffee,Food/drink/tobacco specialists,Off-trade Volume,2018,0.0,603.0,million litres,0.0
North America,RTD Coffee,Small Local Grocers,Off-trade Volume,2018,4.3,603.0,million litres,25.929
North America,RTD Coffee,Non-Grocery Retailers,Off-trade Volume,2018,5.1,603.0,million litres,30.752999999999997
North America,RTD Coffee,General Merchandise Stores,Off-trade Volume,2018,3.4,603.0,million litres,20.502000000000002
North America,RTD Coffee,Apparel and Footwear Specialists,Off-trade Volume,2018,0.0,603.0,million litres,0.0
North America,RTD Coffee,Appliances and Electronics Specialists,Off-trade Volume,2018,0.0,603.0,million litres,0.0
North America,RTD Coffee,Home Products Specialists,Off-trade Volume,2018,0.0,603.0,million litres,0.0
North America,RTD Coffee,Health and Beauty Specialists,Off-trade Volume,2018,1.7,603.0,million litres,10.251000000000001
North America,RTD Coffee,Leisure and Personal Goods Specialists,Off-trade Volume,2018,0.0,603.0,million litres,0.0
North America,RTD Coffee,Other Non-Grocery Retailers,Off-trade Volume,2018,0.0,603.0,million litres,0.0
North America,RTD Coffee,Vending,Off-trade Volume,2018,3.3,603.0,million litres,19.899
North America,RTD Coffee,Direct Selling,Off-trade Volume,2018,0.0,603.0,million litres,0.0
North America,RTD Coffee,Retail E-Commerce,Off-trade Volume,2018,4.6,603.0,million litres,27.738
USA,Coffee,Retail Channels,Retail Volume,2018,100.0,776206.6,Tonnes,776206.6
USA,Coffee,Retail Offline,Retail Volume,2018,92.1,776206.6,Tonnes,714886.2786
USA,Coffee,Grocery Retailers,Retail Volume,2018,89.8,776206.6,Tonnes,697033.5268
USA,Coffee,Convenience Retailers,Retail Volume,2018,2.3,776206.6,Tonnes,17852.7518
USA,Coffee,Convenience Stores,Retail Volume,2018,0.3,776206.6,Tonnes,2328.6198
USA,Coffee,Forecourt Retailers,Retail Volume,2018,2.0,776206.6,Tonnes,15524.132
USA,Coffee,Supermarkets,Retail Volume,2018,29.9,776206.6,Tonnes,232085.77339999998
USA,Coffee,Hypermarkets,Retail Volume,2018,24.3,776206.6,Tonnes,188618.2038
USA,Coffee,Discounters,Retail Volume,2018,2.1,776206.6,Tonnes,16300.338600000001
USA,Coffee,Warehouse Clubs,Retail Volume,2018,3.9,776206.6,Tonnes,30272.057399999998
USA,Coffee,Food/drink/tobacco specialists,Retail Volume,2018,6.0,776206.6,Tonnes,46572.39599999999
USA,Coffee,Small Local Grocers,Retail Volume,2018,21.4,776206.6,Tonnes,166108.2124
USA,Coffee,Non-Grocery Retailers,Retail Volume,2018,2.1,776206.6,Tonnes,16300.338600000001
USA,Coffee,General Merchandise Stores,Retail Volume,2018,1.3,776206.6,Tonnes,10090.685800000001
USA,Coffee,Apparel and Footwear Specialists,Retail Volume,2018,0.0,776206.6,Tonnes,0.0
USA,Coffee,Appliances and Electronics Specialists,Retail Volume,2018,0.0,776206.6,Tonnes,0.0
USA,Coffee,Home Products Specialists,Retail Volume,2018,0.0,776206.6,Tonnes,0.0
USA,Coffee,Health and Beauty Specialists,Retail Volume,2018,0.8,776206.6,Tonnes,6209.6528
USA,Coffee,Leisure and Personal Goods Specialists,Retail Volume,2018,0.0,776206.6,Tonnes,0.0
USA,Coffee,Other Non-Grocery Retailers,Retail Volume,2018,0.0,776206.6,Tonnes,0.0
USA,Coffee,Vending,Retail Volume,2018,0.0,776206.6,Tonnes,0.0
USA,Coffee,Direct Selling,Retail Volume,2018,0.2,776206.6,Tonnes,1552.4132
USA,Coffee,Retail E-Commerce,Retail Volume,2018,7.9,776206.6,Tonnes,61320.3214
USA,RTD Coffee,Retail Channels,Off-trade Volume,2018,100.0,594.3,million litres,594.3
USA,RTD Coffee,Retail Offline,Off-trade Volume,2018,95.3,594.3,million litres,566.3679
USA,RTD Coffee,Grocery Retailers,Off-trade Volume,2018,87.0,594.3,million litres,517.0409999999999
USA,RTD Coffee,Convenience Retailers,Off-trade Volume,2018,29.8,594.3,million litres,177.10139999999998
USA,RTD Coffee,Convenience Stores,Off-trade Volume,2018,6.6,594.3,million litres,39.2238
USA,RTD Coffee,Forecourt Retailers,Off-trade Volume,2018,23.2,594.3,million litres,137.87759999999997
USA,RTD Coffee,Supermarkets,Off-trade Volume,2018,20.5,594.3,million litres,121.83149999999998
USA,RTD Coffee,Hypermarkets,Off-trade Volume,2018,20.8,594.3,million litres,123.6144
USA,RTD Coffee,Discounters,Off-trade Volume,2018,1.3,594.3,million litres,7.7259
USA,RTD Coffee,Warehouse Clubs,Off-trade Volume,2018,10.2,594.3,million litres,60.618599999999994
USA,RTD Coffee,Food/drink/tobacco specialists,Off-trade Volume,2018,0.0,594.3,million litres,0.0
USA,RTD Coffee,Small Local Grocers,Off-trade Volume,2018,4.3,594.3,million litres,25.554899999999996
USA,RTD Coffee,Non-Grocery Retailers,Off-trade Volume,2018,5.0,594.3,million litres,29.715
USA,RTD Coffee,General Merchandise Stores,Off-trade Volume,2018,3.5,594.3,million litres,20.8005
USA,RTD Coffee,Apparel and Footwear Specialists,Off-trade Volume,2018,0.0,594.3,million litres,0.0
USA,RTD Coffee,Appliances and Electronics Specialists,Off-trade Volume,2018,0.0,594.3,million litres,0.0
USA,RTD Coffee,Home Products Specialists,Off-trade Volume,2018,0.0,594.3,million litres,0.0
USA,RTD Coffee,Health and Beauty Specialists,Off-trade Volume,2018,1.5,594.3,million litres,8.914499999999999
USA,RTD Coffee,Leisure and Personal Goods Specialists,Off-trade Volume,2018,0.0,594.3,million litres,0.0
USA,RTD Coffee,Other Non-Grocery Retailers,Off-trade Volume,2018,0.0,594.3,million litres,0.0
USA,RTD Coffee,Vending,Off-trade Volume,2018,3.3,594.3,million litres,19.6119
USA,RTD Coffee,Direct Selling,Off-trade Volume,2018,0.0,594.3,million litres,0.0
USA,RTD Coffee,Retail E-Commerce,Off-trade Volume,2018,4.7,594.3,million litres,27.9321
Western Europe,Coffee,Retail Channels,Retail Volume,2018,100.0,1301972.1,Tonnes,1301972.1
Western Europe,Coffee,Retail Offline,Retail Volume,2018,96.6,1301972.1,Tonnes,1257705.0486
Western Europe,Coffee,Grocery Retailers,Retail Volume,2018,93.6,1301972.1,Tonnes,1218645.8856
Western Europe,Coffee,Convenience Retailers,Retail Volume,2018,3.7,1301972.1,Tonnes,48172.96770000001
Western Europe,Coffee,Convenience Stores,Retail Volume,2018,3.3,1301972.1,Tonnes,42965.079300000005
Western Europe,Coffee,Forecourt Retailers,Retail Volume,2018,0.5,1301972.1,Tonnes,6509.860500000001
Western Europe,Coffee,Supermarkets,Retail Volume,2018,38.2,1301972.1,Tonnes,497353.3422000001
Western Europe,Coffee,Hypermarkets,Retail Volume,2018,21.8,1301972.1,Tonnes,283829.9178
Western Europe,Coffee,Discounters,Retail Volume,2018,22.3,1301972.1,Tonnes,290339.7783
Western Europe,Coffee,Warehouse Clubs,Retail Volume,2018,0.0,1301972.1,Tonnes,0.0
Western Europe,Coffee,Food/drink/tobacco specialists,Retail Volume,2018,4.2,1301972.1,Tonnes,54682.82820000001
Western Europe,Coffee,Small Local Grocers,Retail Volume,2018,3.3,1301972.1,Tonnes,42965.079300000005
Western Europe,Coffee,Non-Grocery Retailers,Retail Volume,2018,2.0,1301972.1,Tonnes,26039.442000000003
Western Europe,Coffee,General Merchandise Stores,Retail Volume,2018,0.9,1301972.1,Tonnes,11717.748900000002
Western Europe,Coffee,Apparel and Footwear Specialists,Retail Volume,2018,0.0,1301972.1,Tonnes,0.0
Western Europe,Coffee,Appliances and Electronics Specialists,Retail Volume,2018,0.0,1301972.1,Tonnes,0.0
Western Europe,Coffee,Home Products Specialists,Retail Volume,2018,0.0,1301972.1,Tonnes,0.0
Western Europe,Coffee,Health and Beauty Specialists,Retail Volume,2018,1.1,1301972.1,Tonnes,14321.693100000002
Western Europe,Coffee,Leisure and Personal Goods Specialists,Retail Volume,2018,0.0,1301972.1,Tonnes,0.0
Western Europe,Coffee,Other Non-Grocery Retailers,Retail Volume,2018,0.0,1301972.1,Tonnes,0.0
Western Europe,Coffee,Vending,Retail Volume,2018,1.0,1301972.1,Tonnes,13019.721000000001
Western Europe,Coffee,Direct Selling,Retail Volume,2018,0.0,1301972.1,Tonnes,0.0
Western Europe,Coffee,Retail E-Commerce,Retail Volume,2018,3.4,1301972.1,Tonnes,44267.051400000004
Western Europe,RTD Coffee,Retail Channels,Off-trade Volume,2018,100.0,233.2,million litres,233.2
Western Europe,RTD Coffee,Retail Offline,Off-trade Volume,2018,99.1,233.2,million litres,231.10119999999998
Western Europe,RTD Coffee,Grocery Retailers,Off-trade Volume,2018,96.5,233.2,million litres,225.03799999999998
Western Europe,RTD Coffee,Convenience Retailers,Off-trade Volume,2018,14.3,233.2,million litres,33.3476
Western Europe,RTD Coffee,Convenience Stores,Off-trade Volume,2018,5.6,233.2,million litres,13.059199999999999
Western Europe,RTD Coffee,Forecourt Retailers,Off-trade Volume,2018,8.6,233.2,million litres,20.055199999999996
Western Europe,RTD Coffee,Supermarkets,Off-trade Volume,2018,42.9,233.2,million litres,100.0428
Western Europe,RTD Coffee,Hypermarkets,Off-trade Volume,2018,16.8,233.2,million litres,39.1776
Western Europe,RTD Coffee,Discounters,Off-trade Volume,2018,15.8,233.2,million litres,36.8456
Western Europe,RTD Coffee,Warehouse Clubs,Off-trade Volume,2018,0.0,233.2,million litres,0.0
Western Europe,RTD Coffee,Food/drink/tobacco specialists,Off-trade Volume,2018,0.2,233.2,million litres,0.4664
Western Europe,RTD Coffee,Small Local Grocers,Off-trade Volume,2018,6.5,233.2,million litres,15.158
Western Europe,RTD Coffee,Non-Grocery Retailers,Off-trade Volume,2018,2.0,233.2,million litres,4.664
Western Europe,RTD Coffee,General Merchandise Stores,Off-trade Volume,2018,0.0,233.2,million litres,0.0
Western Europe,RTD Coffee,Apparel and Footwear Specialists,Off-trade Volume,2018,0.0,233.2,million litres,0.0
Western Europe,RTD Coffee,Appliances and Electronics Specialists,Off-trade Volume,2018,0.0,233.2,million litres,0.0
Western Europe,RTD Coffee,Home Products Specialists,Off-trade Volume,2018,0.0,233.2,million litres,0.0
Western Europe,RTD Coffee,Health and Beauty Specialists,Off-trade Volume,2018,2.0,233.2,million litres,4.664
Western Europe,RTD Coffee,Leisure and Personal Goods Specialists,Off-trade Volume,2018,0.0,233.2,million litres,0.0
Western Europe,RTD Coffee,Other Non-Grocery Retailers,Off-trade Volume,2018,0.0,233.2,million litres,0.0
Western Europe,RTD Coffee,Vending,Off-trade Volume,2018,0.6,233.2,million litres,1.3992
Western Europe,RTD Coffee,Direct Selling,Off-trade Volume,2018,0.0,233.2,million litres,0.0
Western Europe,RTD Coffee,Retail E-Commerce,Off-trade Volume,2018,0.9,233.2,million litres,2.0988
France,Coffee,Retail Channels,Retail Volume,2018,100.0,181684.3,Tonnes,181684.3
France,Coffee,Retail Offline,Retail Volume,2018,93.2,181684.3,Tonnes,169329.7676
France,Coffee,Grocery Retailers,Retail Volume,2018,92.2,181684.3,Tonnes,167512.9246
France,Coffee,Convenience Retailers,Retail Volume,2018,1.0,181684.3,Tonnes,1816.8429999999998
France,Coffee,Convenience Stores,Retail Volume,2018,1.0,181684.3,Tonnes,1816.8429999999998
France,Coffee,Forecourt Retailers,Retail Volume,2018,0.0,181684.3,Tonnes,0.0
France,Coffee,Supermarkets,Retail Volume,2018,25.4,181684.3,Tonnes,46147.8122
France,Coffee,Hypermarkets,Retail Volume,2018,36.1,181684.3,Tonnes,65588.03229999999
France,Coffee,Discounters,Retail Volume,2018,12.5,181684.3,Tonnes,22710.5375
France,Coffee,Warehouse Clubs,Retail Volume,2018,0.0,181684.3,Tonnes,0.0
France,Coffee,Food/drink/tobacco specialists,Retail Volume,2018,16.5,181684.3,Tonnes,29977.909499999998
France,Coffee,Small Local Grocers,Retail Volume,2018,0.6,181684.3,Tonnes,1090.1058
France,Coffee,Non-Grocery Retailers,Retail Volume,2018,0.7,181684.3,Tonnes,1271.7900999999997
France,Coffee,General Merchandise Stores,Retail Volume,2018,0.0,181684.3,Tonnes,0.0
France,Coffee,Apparel and Footwear Specialists,Retail Volume,2018,0.0,181684.3,Tonnes,0.0
France,Coffee,Appliances and Electronics Specialists,Retail Volume,2018,0.0,181684.3,Tonnes,0.0
France,Coffee,Home Products Specialists,Retail Volume,2018,0.0,181684.3,Tonnes,0.0
France,Coffee,Health and Beauty Specialists,Retail Volume,2018,0.7,181684.3,Tonnes,1271.7900999999997
France,Coffee,Leisure and Personal Goods Specialists,Retail Volume,2018,0.0,181684.3,Tonnes,0.0
France,Coffee,Other Non-Grocery Retailers,Retail Volume,2018,0.0,181684.3,Tonnes,0.0
France,Coffee,Vending,Retail Volume,2018,0.3,181684.3,Tonnes,545.0529
France,Coffee,Direct Selling,Retail Volume,2018,0.0,181684.3,Tonnes,0.0
France,Coffee,Retail E-Commerce,Retail Volume,2018,6.8,181684.3,Tonnes,12354.5324
France,RTD Coffee,Retail Channels,Off-trade Volume,2018,100.0,5.1,million litres,5.1
France,RTD Coffee,Retail Offline,Off-trade Volume,2018,99.2,5.1,million litres,5.0592
France,RTD Coffee,Grocery Retailers,Off-trade Volume,2018,98.7,5.1,million litres,5.0337
France,RTD Coffee,Convenience Retailers,Off-trade Volume,2018,38.5,5.1,million litres,1.9634999999999998
France,RTD Coffee,Convenience Stores,Off-trade Volume,2018,17.5,5.1,million litres,0.8924999999999998
France,RTD Coffee,Forecourt Retailers,Off-trade Volume,2018,21.0,5.1,million litres,1.071
France,RTD Coffee,Supermarkets,Off-trade Volume,2018,25.9,5.1,million litres,1.3209
France,RTD Coffee,Hypermarkets,Off-trade Volume,2018,31.6,5.1,million litres,1.6116
France,RTD Coffee,Discounters,Off-trade Volume,2018,0.6,5.1,million litres,0.0306
France,RTD Coffee,Warehouse Clubs,Off-trade Volume,2018,0.0,5.1,million litres,0.0
France,RTD Coffee,Food/drink/tobacco specialists,Off-trade Volume,2018,0.0,5.1,million litres,0.0
France,RTD Coffee,Small Local Grocers,Off-trade Volume,2018,2.0,5.1,million litres,0.102
France,RTD Coffee,Non-Grocery Retailers,Off-trade Volume,2018,0.0,5.1,million litres,0.0
France,RTD Coffee,General Merchandise Stores,Off-trade Volume,2018,0.0,5.1,million litres,0.0
France,RTD Coffee,Apparel and Footwear Specialists,Off-trade Volume,2018,0.0,5.1,million litres,0.0
France,RTD Coffee,Appliances and Electronics Specialists,Off-trade Volume,2018,0.0,5.1,million litres,0.0
France,RTD Coffee,Home Products Specialists,Off-trade Volume,2018,0.0,5.1,million litres,0.0
France,RTD Coffee,Health and Beauty Specialists,Off-trade Volume,2018,0.0,5.1,million litres,0.0
France,RTD Coffee,Leisure and Personal Goods Specialists,Off-trade Volume,2018,0.0,5.1,million litres,0.0
France,RTD Coffee,Other Non-Grocery Retailers,Off-trade Volume,2018,0.0,5.1,million litres,0.0
France,RTD Coffee,Vending,Off-trade Volume,2018,0.4,5.1,million litres,0.020399999999999998
France,RTD Coffee,Direct Selling,Off-trade Volume,2018,0.0,5.1,million litres,0.0
France,RTD Coffee,Retail E-Commerce,Off-trade Volume,2018,0.8,5.1,million litres,0.040799999999999996
Germany,Coffee,Retail Channels,Retail Volume,2018,100.0,387030.1,Tonnes,387030.1
Germany,Coffee,Retail Offline,Retail Volume,2018,97.5,387030.1,Tonnes,377354.3475
Germany,Coffee,Grocery Retailers,Retail Volume,2018,93.9,387030.1,Tonnes,363421.2639
Germany,Coffee,Convenience Retailers,Retail Volume,2018,0.8,387030.1,Tonnes,3096.2408
Germany,Coffee,Convenience Stores,Retail Volume,2018,0.4,387030.1,Tonnes,1548.1204
Germany,Coffee,Forecourt Retailers,Retail Volume,2018,0.4,387030.1,Tonnes,1548.1204
Germany,Coffee,Supermarkets,Retail Volume,2018,24.6,387030.1,Tonnes,95209.40460000001
Germany,Coffee,Hypermarkets,Retail Volume,2018,19.3,387030.1,Tonnes,74696.8093
Germany,Coffee,Discounters,Retail Volume,2018,45.5,387030.1,Tonnes,176098.6955
Germany,Coffee,Warehouse Clubs,Retail Volume,2018,0.0,387030.1,Tonnes,0.0
Germany,Coffee,Food/drink/tobacco specialists,Retail Volume,2018,2.7,387030.1,Tonnes,10449.8127
Germany,Coffee,Small Local Grocers,Retail Volume,2018,1.0,387030.1,Tonnes,3870.301
Germany,Coffee,Non-Grocery Retailers,Retail Volume,2018,3.1,387030.1,Tonnes,11997.933099999998
Germany,Coffee,General Merchandise Stores,Retail Volume,2018,1.9,387030.1,Tonnes,7353.571899999999
Germany,Coffee,Apparel and Footwear Specialists,Retail Volume,2018,0.0,387030.1,Tonnes,0.0
Germany,Coffee,Appliances and Electronics Specialists,Retail Volume,2018,0.0,387030.1,Tonnes,0.0
Germany,Coffee,Home Products Specialists,Retail Volume,2018,0.0,387030.1,Tonnes,0.0
Germany,Coffee,Health and Beauty Specialists,Retail Volume,2018,1.2,387030.1,Tonnes,4644.361199999999
Germany,Coffee,Leisure and Personal Goods Specialists,Retail Volume,2018,0.0,387030.1,Tonnes,0.0
Germany,Coffee,Other Non-Grocery Retailers,Retail Volume,2018,0.0,387030.1,Tonnes,0.0
Germany,Coffee,Vending,Retail Volume,2018,0.5,387030.1,Tonnes,1935.1505
Germany,Coffee,Direct Selling,Retail Volume,2018,0.0,387030.1,Tonnes,0.0
Germany,Coffee,Retail E-Commerce,Retail Volume,2018,2.5,387030.1,Tonnes,9675.7525
Germany,RTD Coffee,Retail Channels,Off-trade Volume,2018,100.0,98.9,million litres,98.9
Germany,RTD Coffee,Retail Offline,Off-trade Volume,2018,99.0,98.9,million litres,97.911
Germany,RTD Coffee,Grocery Retailers,Off-trade Volume,2018,94.2,98.9,million litres,93.16380000000001
Germany,RTD Coffee,Convenience Retailers,Off-trade Volume,2018,14.1,98.9,million litres,13.944899999999999
Germany,RTD Coffee,Convenience Stores,Off-trade Volume,2018,0.1,98.9,million litres,0.0989
Germany,RTD Coffee,Forecourt Retailers,Off-trade Volume,2018,14.0,98.9,million litres,13.846000000000002
Germany,RTD Coffee,Supermarkets,Off-trade Volume,2018,28.8,98.9,million litres,28.483200000000004
Germany,RTD Coffee,Hypermarkets,Off-trade Volume,2018,17.9,98.9,million litres,17.7031
Germany,RTD Coffee,Discounters,Off-trade Volume,2018,24.2,98.9,million litres,23.9338
Germany,RTD Coffee,Warehouse Clubs,Off-trade Volume,2018,0.0,98.9,million litres,0.0
Germany,RTD Coffee,Food/drink/tobacco specialists,Off-trade Volume,2018,0.2,98.9,million litres,0.1978
Germany,RTD Coffee,Small Local Grocers,Off-trade Volume,2018,9.1,98.9,million litres,8.9999
Germany,RTD Coffee,Non-Grocery Retailers,Off-trade Volume,2018,4.4,98.9,million litres,4.3516
Germany,RTD Coffee,General Merchandise Stores,Off-trade Volume,2018,0.0,98.9,million litres,0.0
Germany,RTD Coffee,Apparel and Footwear Specialists,Off-trade Volume,2018,0.0,98.9,million litres,0.0
Germany,RTD Coffee,Appliances and Electronics Specialists,Off-trade Volume,2018,0.0,98.9,million litres,0.0
Germany,RTD Coffee,Home Products Specialists,Off-trade Volume,2018,0.0,98.9,million litres,0.0
Germany,RTD Coffee,Health and Beauty Specialists,Off-trade Volume,2018,4.4,98.9,million litres,4.3516
Germany,RTD Coffee,Leisure and Personal Goods Specialists,Off-trade Volume,2018,0.0,98.9,million litres,0.0
Germany,RTD Coffee,Other Non-Grocery Retailers,Off-trade Volume,2018,0.0,98.9,million litres,0.0
Germany,RTD Coffee,Vending,Off-trade Volume,2018,0.4,98.9,million litres,0.3956
Germany,RTD Coffee,Direct Selling,Off-trade Volume,2018,0.0,98.9,million litres,0.0
Germany,RTD Coffee,Retail E-Commerce,Off-trade Volume,2018,1.0,98.9,million litres,0.9890000000000001
United Kingdom,Coffee,Retail Channels,Retail Volume,2018,100.0,76568.8,Tonnes,76568.8
United Kingdom,Coffee,Retail Offline,Retail Volume,2018,91.5,76568.8,Tonnes,70060.452
United Kingdom,Coffee,Grocery Retailers,Retail Volume,2018,88.4,76568.8,Tonnes,67686.8192
United Kingdom,Coffee,Convenience Retailers,Retail Volume,2018,4.8,76568.8,Tonnes,3675.3024
United Kingdom,Coffee,Convenience Stores,Retail Volume,2018,4.5,76568.8,Tonnes,3445.596
United Kingdom,Coffee,Forecourt Retailers,Retail Volume,2018,0.2,76568.8,Tonnes,153.13760000000002
United Kingdom,Coffee,Supermarkets,Retail Volume,2018,38.2,76568.8,Tonnes,29249.281600000002
United Kingdom,Coffee,Hypermarkets,Retail Volume,2018,35.8,76568.8,Tonnes,27411.6304
United Kingdom,Coffee,Discounters,Retail Volume,2018,7.3,76568.8,Tonnes,5589.5224
United Kingdom,Coffee,Warehouse Clubs,Retail Volume,2018,0.1,76568.8,Tonnes,76.56880000000001
United Kingdom,Coffee,Food/drink/tobacco specialists,Retail Volume,2018,1.3,76568.8,Tonnes,995.3944000000001
United Kingdom,Coffee,Small Local Grocers,Retail Volume,2018,1.0,76568.8,Tonnes,765.6880000000001
United Kingdom,Coffee,Non-Grocery Retailers,Retail Volume,2018,2.6,76568.8,Tonnes,1990.7888000000003
United Kingdom,Coffee,General Merchandise Stores,Retail Volume,2018,2.6,76568.8,Tonnes,1990.7888000000003
United Kingdom,Coffee,Apparel and Footwear Specialists,Retail Volume,2018,0.0,76568.8,Tonnes,0.0
United Kingdom,Coffee,Appliances and Electronics Specialists,Retail Volume,2018,0.0,76568.8,Tonnes,0.0
United Kingdom,Coffee,Home Products Specialists,Retail Volume,2018,0.0,76568.8,Tonnes,0.0
United Kingdom,Coffee,Health and Beauty Specialists,Retail Volume,2018,0.0,76568.8,Tonnes,0.0
United Kingdom,Coffee,Leisure and Personal Goods Specialists,Retail Volume,2018,0.0,76568.8,Tonnes,0.0
United Kingdom,Coffee,Other Non-Grocery Retailers,Retail Volume,2018,0.0,76568.8,Tonnes,0.0
United Kingdom,Coffee,Vending,Retail Volume,2018,0.6,76568.8,Tonnes,459.4128
United Kingdom,Coffee,Direct Selling,Retail Volume,2018,0.0,76568.8,Tonnes,0.0
United Kingdom,Coffee,Retail E-Commerce,Retail Volume,2018,8.5,76568.8,Tonnes,6508.348000000001
United Kingdom,RTD Coffee,Retail Channels,Off-trade Volume,2018,100.0,16.0,million litres,16.0
United Kingdom,RTD Coffee,Retail Offline,Off-trade Volume,2018,98.3,16.0,million litres,15.728
United Kingdom,RTD Coffee,Grocery Retailers,Off-trade Volume,2018,98.0,16.0,million litres,15.68
United Kingdom,RTD Coffee,Convenience Retailers,Off-trade Volume,2018,12.8,16.0,million litres,2.048
United Kingdom,RTD Coffee,Convenience Stores,Off-trade Volume,2018,9.3,16.0,million litres,1.4880000000000002
United Kingdom,RTD Coffee,Forecourt Retailers,Off-trade Volume,2018,3.5,16.0,million litres,0.56
United Kingdom,RTD Coffee,Supermarkets,Off-trade Volume,2018,33.4,16.0,million litres,5.343999999999999
United Kingdom,RTD Coffee,Hypermarkets,Off-trade Volume,2018,36.2,16.0,million litres,5.792000000000001
United Kingdom,RTD Coffee,Discounters,Off-trade Volume,2018,0.0,16.0,million litres,0.0
United Kingdom,RTD Coffee,Warehouse Clubs,Off-trade Volume,2018,0.0,16.0,million litres,0.0
United Kingdom,RTD Coffee,Food/drink/tobacco specialists,Off-trade Volume,2018,0.0,16.0,million litres,0.0
United Kingdom,RTD Coffee,Small Local Grocers,Off-trade Volume,2018,15.6,16.0,million litres,2.496
United Kingdom,RTD Coffee,Non-Grocery Retailers,Off-trade Volume,2018,0.2,16.0,million litres,0.032
United Kingdom,RTD Coffee,General Merchandise Stores,Off-trade Volume,2018,0.0,16.0,million litres,0.0
United Kingdom,RTD Coffee,Apparel and Footwear Specialists,Off-trade Volume,2018,0.0,16.0,million litres,0.0
United Kingdom,RTD Coffee,Appliances and Electronics Specialists,Off-trade Volume,2018,0.0,16.0,million litres,0.0
United Kingdom,RTD Coffee,Home Products Specialists,Off-trade Volume,2018,0.0,16.0,million litres,0.0
United Kingdom,RTD Coffee,Health and Beauty Specialists,Off-trade Volume,2018,0.2,16.0,million litres,0.032
United Kingdom,RTD Coffee,Leisure and Personal Goods Specialists,Off-trade Volume,2018,0.0,16.0,million litres,0.0
United Kingdom,RTD Coffee,Other Non-Grocery Retailers,Off-trade Volume,2018,0.0,16.0,million litres,0.0
United Kingdom,RTD Coffee,Vending,Off-trade Volume,2018,0.0,16.0,million litres,0.0
United Kingdom,RTD Coffee,Direct Selling,Off-trade Volume,2018,0.0,16.0,million litres,0.0
United Kingdom,RTD Coffee,Retail E-Commerce,Off-trade Volume,2018,1.7,16.0,million litres,0.272
World,Coffee,Retail Channels,Retail Volume,2019,100.0,5915938.4,Tonnes,5915938.4
World,Coffee,Retail Offline,Retail Volume,2019,96.7,5915938.4,Tonnes,5720712.4328000005
World,Coffee,Grocery Retailers,Retail Volume,2019,94.2,5915938.4,Tonnes,5572813.972800001
World,Coffee,Convenience Retailers,Retail Volume,2019,5.4,5915938.4,Tonnes,319460.67360000004
World,Coffee,Convenience Stores,Retail Volume,2019,4.4,5915938.4,Tonnes,260301.28960000005
World,Coffee,Forecourt Retailers,Retail Volume,2019,1.0,5915938.4,Tonnes,59159.384000000005
World,Coffee,Supermarkets,Retail Volume,2019,29.0,5915938.4,Tonnes,1715622.136
World,Coffee,Hypermarkets,Retail Volume,2019,20.7,5915938.4,Tonnes,1224599.2488
World,Coffee,Discounters,Retail Volume,2019,7.2,5915938.4,Tonnes,425947.56480000005
World,Coffee,Warehouse Clubs,Retail Volume,2019,1.3,5915938.4,Tonnes,76907.19920000002
World,Coffee,Food/drink/tobacco specialists,Retail Volume,2019,2.6,5915938.4,Tonnes,153814.39840000003
World,Coffee,Small Local Grocers,Retail Volume,2019,28.1,5915938.4,Tonnes,1662378.6904000002
World,Coffee,Non-Grocery Retailers,Retail Volume,2019,1.8,5915938.4,Tonnes,106486.89120000001
World,Coffee,General Merchandise Stores,Retail Volume,2019,1.1,5915938.4,Tonnes,65075.32240000001
World,Coffee,Apparel and Footwear Specialists,Retail Volume,2019,0.0,5915938.4,Tonnes,0.0
World,Coffee,Appliances and Electronics Specialists,Retail Volume,2019,0.0,5915938.4,Tonnes,0.0
World,Coffee,Home Products Specialists,Retail Volume,2019,0.0,5915938.4,Tonnes,0.0
World,Coffee,Health and Beauty Specialists,Retail Volume,2019,0.6,5915938.4,Tonnes,35495.6304
World,Coffee,Leisure and Personal Goods Specialists,Retail Volume,2019,0.0,5915938.4,Tonnes,0.0
World,Coffee,Other Non-Grocery Retailers,Retail Volume,2019,0.1,5915938.4,Tonnes,5915.938400000001
World,Coffee,Vending,Retail Volume,2019,0.6,5915938.4,Tonnes,35495.6304
World,Coffee,Direct Selling,Retail Volume,2019,0.1,5915938.4,Tonnes,5915.938400000001
World,Coffee,Retail E-Commerce,Retail Volume,2019,3.3,5915938.4,Tonnes,195225.9672
World,RTD Coffee,Retail Channels,Off-trade Volume,2019,100.0,5642.4,million litres,5642.4
World,RTD Coffee,Retail Offline,Off-trade Volume,2019,97.9,5642.4,million litres,5523.9096
World,RTD Coffee,Grocery Retailers,Off-trade Volume,2019,71.4,5642.4,million litres,4028.6736
World,RTD Coffee,Convenience Retailers,Off-trade Volume,2019,26.1,5642.4,million litres,1472.6664
World,RTD Coffee,Convenience Stores,Off-trade Volume,2019,22.1,5642.4,million litres,1246.9704
World,RTD Coffee,Forecourt Retailers,Off-trade Volume,2019,4.0,5642.4,million litres,225.696
World,RTD Coffee,Supermarkets,Off-trade Volume,2019,22.1,5642.4,million litres,1246.9704
World,RTD Coffee,Hypermarkets,Off-trade Volume,2019,10.1,5642.4,million litres,569.8824
World,RTD Coffee,Discounters,Off-trade Volume,2019,1.0,5642.4,million litres,56.424
World,RTD Coffee,Warehouse Clubs,Off-trade Volume,2019,2.2,5642.4,million litres,124.1328
World,RTD Coffee,Food/drink/tobacco specialists,Off-trade Volume,2019,0.0,5642.4,million litres,0.0
World,RTD Coffee,Small Local Grocers,Off-trade Volume,2019,9.9,5642.4,million litres,558.5975999999999
World,RTD Coffee,Non-Grocery Retailers,Off-trade Volume,2019,11.0,5642.4,million litres,620.664
World,RTD Coffee,General Merchandise Stores,Off-trade Volume,2019,5.0,5642.4,million litres,282.12
World,RTD Coffee,Apparel and Footwear Specialists,Off-trade Volume,2019,0.0,5642.4,million litres,0.0
World,RTD Coffee,Appliances and Electronics Specialists,Off-trade Volume,2019,0.0,5642.4,million litres,0.0
World,RTD Coffee,Home Products Specialists,Off-trade Volume,2019,0.0,5642.4,million litres,0.0
World,RTD Coffee,Health and Beauty Specialists,Off-trade Volume,2019,6.0,5642.4,million litres,338.544
World,RTD Coffee,Leisure and Personal Goods Specialists,Off-trade Volume,2019,0.0,5642.4,million litres,0.0
World,RTD Coffee,Other Non-Grocery Retailers,Off-trade Volume,2019,0.0,5642.4,million litres,0.0
World,RTD Coffee,Vending,Off-trade Volume,2019,15.4,5642.4,million litres,868.9295999999999
World,RTD Coffee,Direct Selling,Off-trade Volume,2019,0.0,5642.4,million litres,0.0
World,RTD Coffee,Retail E-Commerce,Off-trade Volume,2019,2.1,5642.4,million litres,118.4904
Asia Pacific,Coffee,Retail Channels,Retail Volume,2019,100.0,1522277.8,Tonnes,1522277.8
Asia Pacific,Coffee,Retail Offline,Retail Volume,2019,96.9,1522277.8,Tonnes,1475087.1882000002
Asia Pacific,Coffee,Grocery Retailers,Retail Volume,2019,94.5,1522277.8,Tonnes,1438552.521
Asia Pacific,Coffee,Convenience Retailers,Retail Volume,2019,9.0,1522277.8,Tonnes,137005.002
Asia Pacific,Coffee,Convenience Stores,Retail Volume,2019,8.0,1522277.8,Tonnes,121782.224
Asia Pacific,Coffee,Forecourt Retailers,Retail Volume,2019,1.0,1522277.8,Tonnes,15222.778
Asia Pacific,Coffee,Supermarkets,Retail Volume,2019,16.6,1522277.8,Tonnes,252698.1148
Asia Pacific,Coffee,Hypermarkets,Retail Volume,2019,17.3,1522277.8,Tonnes,263354.0594
Asia Pacific,Coffee,Discounters,Retail Volume,2019,0.0,1522277.8,Tonnes,0.0
Asia Pacific,Coffee,Warehouse Clubs,Retail Volume,2019,0.3,1522277.8,Tonnes,4566.8334
Asia Pacific,Coffee,Food/drink/tobacco specialists,Retail Volume,2019,0.7,1522277.8,Tonnes,10655.944599999999
Asia Pacific,Coffee,Small Local Grocers,Retail Volume,2019,50.5,1522277.8,Tonnes,768750.289
Asia Pacific,Coffee,Non-Grocery Retailers,Retail Volume,2019,2.2,1522277.8,Tonnes,33490.111600000004
Asia Pacific,Coffee,General Merchandise Stores,Retail Volume,2019,1.4,1522277.8,Tonnes,21311.889199999998
Asia Pacific,Coffee,Apparel and Footwear Specialists,Retail Volume,2019,0.0,1522277.8,Tonnes,0.0
Asia Pacific,Coffee,Appliances and Electronics Specialists,Retail Volume,2019,0.0,1522277.8,Tonnes,0.0
Asia Pacific,Coffee,Home Products Specialists,Retail Volume,2019,0.0,1522277.8,Tonnes,0.0
Asia Pacific,Coffee,Health and Beauty Specialists,Retail Volume,2019,0.7,1522277.8,Tonnes,10655.944599999999
Asia Pacific,Coffee,Leisure and Personal Goods Specialists,Retail Volume,2019,0.0,1522277.8,Tonnes,0.0
Asia Pacific,Coffee,Other Non-Grocery Retailers,Retail Volume,2019,0.0,1522277.8,Tonnes,0.0
Asia Pacific,Coffee,Vending,Retail Volume,2019,0.1,1522277.8,Tonnes,1522.2778
Asia Pacific,Coffee,Direct Selling,Retail Volume,2019,0.1,1522277.8,Tonnes,1522.2778
Asia Pacific,Coffee,Retail E-Commerce,Retail Volume,2019,3.1,1522277.8,Tonnes,47190.6118
Asia Pacific,RTD Coffee,Retail Channels,Off-trade Volume,2019,100.0,4661.1,million litres,4661.1
Asia Pacific,RTD Coffee,Retail Offline,Off-trade Volume,2019,98.3,4661.1,million litres,4581.8613000000005
Asia Pacific,RTD Coffee,Grocery Retailers,Off-trade Volume,2019,67.5,4661.1,million litres,3146.2425000000003
Asia Pacific,RTD Coffee,Convenience Retailers,Off-trade Volume,2019,26.2,4661.1,million litres,1221.2082
Asia Pacific,RTD Coffee,Convenience Stores,Off-trade Volume,2019,25.4,4661.1,million litres,1183.9194
Asia Pacific,RTD Coffee,Forecourt Retailers,Off-trade Volume,2019,0.8,4661.1,million litres,37.2888
Asia Pacific,RTD Coffee,Supermarkets,Off-trade Volume,2019,21.1,4661.1,million litres,983.4921000000002
Asia Pacific,RTD Coffee,Hypermarkets,Off-trade Volume,2019,8.2,4661.1,million litres,382.2102
Asia Pacific,RTD Coffee,Discounters,Off-trade Volume,2019,0.0,4661.1,million litres,0.0
Asia Pacific,RTD Coffee,Warehouse Clubs,Off-trade Volume,2019,1.2,4661.1,million litres,55.93320000000001
Asia Pacific,RTD Coffee,Food/drink/tobacco specialists,Off-trade Volume,2019,0.0,4661.1,million litres,0.0
Asia Pacific,RTD Coffee,Small Local Grocers,Off-trade Volume,2019,10.7,4661.1,million litres,498.7377
Asia Pacific,RTD Coffee,Non-Grocery Retailers,Off-trade Volume,2019,12.5,4661.1,million litres,582.6375
Asia Pacific,RTD Coffee,General Merchandise Stores,Off-trade Volume,2019,5.5,4661.1,million litres,256.3605
Asia Pacific,RTD Coffee,Apparel and Footwear Specialists,Off-trade Volume,2019,0.0,4661.1,million litres,0.0
Asia Pacific,RTD Coffee,Appliances and Electronics Specialists,Off-trade Volume,2019,0.0,4661.1,million litres,0.0
Asia Pacific,RTD Coffee,Home Products Specialists,Off-trade Volume,2019,0.0,4661.1,million litres,0.0
Asia Pacific,RTD Coffee,Health and Beauty Specialists,Off-trade Volume,2019,7.0,4661.1,million litres,326.27700000000004
Asia Pacific,RTD Coffee,Leisure and Personal Goods Specialists,Off-trade Volume,2019,0.0,4661.1,million litres,0.0
Asia Pacific,RTD Coffee,Other Non-Grocery Retailers,Off-trade Volume,2019,0.0,4661.1,million litres,0.0
Asia Pacific,RTD Coffee,Vending,Off-trade Volume,2019,18.2,4661.1,million litres,848.3202
Asia Pacific,RTD Coffee,Direct Selling,Off-trade Volume,2019,0.0,4661.1,million litres,0.0
Asia Pacific,RTD Coffee,Retail E-Commerce,Off-trade Volume,2019,1.7,4661.1,million litres,79.23870000000001
China,Coffee,Retail Channels,Retail Volume,2019,100.0,65946.6,Tonnes,65946.6
China,Coffee,Retail Offline,Retail Volume,2019,74.2,65946.6,Tonnes,48932.3772
China,Coffee,Grocery Retailers,Retail Volume,2019,74.2,65946.6,Tonnes,48932.3772
China,Coffee,Convenience Retailers,Retail Volume,2019,5.5,65946.6,Tonnes,3627.0630000000006
China,Coffee,Convenience Stores,Retail Volume,2019,5.5,65946.6,Tonnes,3627.0630000000006
China,Coffee,Forecourt Retailers,Retail Volume,2019,0.0,65946.6,Tonnes,0.0
China,Coffee,Supermarkets,Retail Volume,2019,28.2,65946.6,Tonnes,18596.9412
China,Coffee,Hypermarkets,Retail Volume,2019,35.7,65946.6,Tonnes,23542.936200000004
China,Coffee,Discounters,Retail Volume,2019,0.0,65946.6,Tonnes,0.0
China,Coffee,Warehouse Clubs,Retail Volume,2019,0.0,65946.6,Tonnes,0.0
China,Coffee,Food/drink/tobacco specialists,Retail Volume,2019,0.0,65946.6,Tonnes,0.0
China,Coffee,Small Local Grocers,Retail Volume,2019,4.8,65946.6,Tonnes,3165.4368000000004
China,Coffee,Non-Grocery Retailers,Retail Volume,2019,0.0,65946.6,Tonnes,0.0
China,Coffee,General Merchandise Stores,Retail Volume,2019,0.0,65946.6,Tonnes,0.0
China,Coffee,Apparel and Footwear Specialists,Retail Volume,2019,0.0,65946.6,Tonnes,0.0
China,Coffee,Appliances and Electronics Specialists,Retail Volume,2019,0.0,65946.6,Tonnes,0.0
China,Coffee,Home Products Specialists,Retail Volume,2019,0.0,65946.6,Tonnes,0.0
China,Coffee,Health and Beauty Specialists,Retail Volume,2019,0.0,65946.6,Tonnes,0.0
China,Coffee,Leisure and Personal Goods Specialists,Retail Volume,2019,0.0,65946.6,Tonnes,0.0
China,Coffee,Other Non-Grocery Retailers,Retail Volume,2019,0.0,65946.6,Tonnes,0.0
China,Coffee,Vending,Retail Volume,2019,0.0,65946.6,Tonnes,0.0
China,Coffee,Direct Selling,Retail Volume,2019,0.0,65946.6,Tonnes,0.0
China,Coffee,Retail E-Commerce,Retail Volume,2019,25.8,65946.6,Tonnes,17014.222800000003
China,RTD Coffee,Retail Channels,Off-trade Volume,2019,100.0,370.1,million litres,370.1
China,RTD Coffee,Retail Offline,Off-trade Volume,2019,97.7,370.1,million litres,361.58770000000004
China,RTD Coffee,Grocery Retailers,Off-trade Volume,2019,95.6,370.1,million litres,353.8156
China,RTD Coffee,Convenience Retailers,Off-trade Volume,2019,11.9,370.1,million litres,44.041900000000005
China,RTD Coffee,Convenience Stores,Off-trade Volume,2019,9.0,370.1,million litres,33.309
China,RTD Coffee,Forecourt Retailers,Off-trade Volume,2019,2.9,370.1,million litres,10.7329
China,RTD Coffee,Supermarkets,Off-trade Volume,2019,36.3,370.1,million litres,134.3463
China,RTD Coffee,Hypermarkets,Off-trade Volume,2019,13.4,370.1,million litres,49.5934
China,RTD Coffee,Discounters,Off-trade Volume,2019,0.4,370.1,million litres,1.4804000000000002
China,RTD Coffee,Warehouse Clubs,Off-trade Volume,2019,0.0,370.1,million litres,0.0
China,RTD Coffee,Food/drink/tobacco specialists,Off-trade Volume,2019,0.0,370.1,million litres,0.0
China,RTD Coffee,Small Local Grocers,Off-trade Volume,2019,33.6,370.1,million litres,124.35360000000001
China,RTD Coffee,Non-Grocery Retailers,Off-trade Volume,2019,0.0,370.1,million litres,0.0
China,RTD Coffee,General Merchandise Stores,Off-trade Volume,2019,0.0,370.1,million litres,0.0
China,RTD Coffee,Apparel and Footwear Specialists,Off-trade Volume,2019,0.0,370.1,million litres,0.0
China,RTD Coffee,Appliances and Electronics Specialists,Off-trade Volume,2019,0.0,370.1,million litres,0.0
China,RTD Coffee,Home Products Specialists,Off-trade Volume,2019,0.0,370.1,million litres,0.0
China,RTD Coffee,Health and Beauty Specialists,Off-trade Volume,2019,0.0,370.1,million litres,0.0
China,RTD Coffee,Leisure and Personal Goods Specialists,Off-trade Volume,2019,0.0,370.1,million litres,0.0
China,RTD Coffee,Other Non-Grocery Retailers,Off-trade Volume,2019,0.0,370.1,million litres,0.0
China,RTD Coffee,Vending,Off-trade Volume,2019,2.1,370.1,million litres,7.772100000000001
China,RTD Coffee,Direct Selling,Off-trade Volume,2019,0.0,370.1,million litres,0.0
China,RTD Coffee,Retail E-Commerce,Off-trade Volume,2019,2.3,370.1,million litres,8.5123
India,Coffee,Retail Channels,Retail Volume,2019,100.0,70662.7,Tonnes,70662.7
India,Coffee,Retail Offline,Retail Volume,2019,99.4,70662.7,Tonnes,70238.7238
India,Coffee,Grocery Retailers,Retail Volume,2019,99.4,70662.7,Tonnes,70238.7238
India,Coffee,Convenience Retailers,Retail Volume,2019,2.0,70662.7,Tonnes,1413.254
India,Coffee,Convenience Stores,Retail Volume,2019,1.7,70662.7,Tonnes,1201.2659
India,Coffee,Forecourt Retailers,Retail Volume,2019,0.2,70662.7,Tonnes,141.3254
India,Coffee,Supermarkets,Retail Volume,2019,9.2,70662.7,Tonnes,6500.9684
India,Coffee,Hypermarkets,Retail Volume,2019,7.1,70662.7,Tonnes,5017.051699999999
India,Coffee,Discounters,Retail Volume,2019,0.0,70662.7,Tonnes,0.0
India,Coffee,Warehouse Clubs,Retail Volume,2019,0.0,70662.7,Tonnes,0.0
India,Coffee,Food/drink/tobacco specialists,Retail Volume,2019,0.0,70662.7,Tonnes,0.0
India,Coffee,Small Local Grocers,Retail Volume,2019,81.2,70662.7,Tonnes,57378.1124
India,Coffee,Non-Grocery Retailers,Retail Volume,2019,0.0,70662.7,Tonnes,0.0
India,Coffee,General Merchandise Stores,Retail Volume,2019,0.0,70662.7,Tonnes,0.0
India,Coffee,Apparel and Footwear Specialists,Retail Volume,2019,0.0,70662.7,Tonnes,0.0
India,Coffee,Appliances and Electronics Specialists,Retail Volume,2019,0.0,70662.7,Tonnes,0.0
India,Coffee,Home Products Specialists,Retail Volume,2019,0.0,70662.7,Tonnes,0.0
India,Coffee,Health and Beauty Specialists,Retail Volume,2019,0.0,70662.7,Tonnes,0.0
India,Coffee,Leisure and Personal Goods Specialists,Retail Volume,2019,0.0,70662.7,Tonnes,0.0
India,Coffee,Other Non-Grocery Retailers,Retail Volume,2019,0.0,70662.7,Tonnes,0.0
India,Coffee,Vending,Retail Volume,2019,0.0,70662.7,Tonnes,0.0
India,Coffee,Direct Selling,Retail Volume,2019,0.0,70662.7,Tonnes,0.0
India,Coffee,Retail E-Commerce,Retail Volume,2019,0.6,70662.7,Tonnes,423.9762
India,RTD Coffee,Retail Channels,Off-trade Volume,2019,0.0,,million litres,
India,RTD Coffee,Retail Offline,Off-trade Volume,2019,0.0,,million litres,
India,RTD Coffee,Grocery Retailers,Off-trade Volume,2019,0.0,,million litres,
India,RTD Coffee,Convenience Retailers,Off-trade Volume,2019,0.0,,million litres,
India,RTD Coffee,Convenience Stores,Off-trade Volume,2019,0.0,,million litres,
India,RTD Coffee,Forecourt Retailers,Off-trade Volume,2019,0.0,,million litres,
India,RTD Coffee,Supermarkets,Off-trade Volume,2019,0.0,,million litres,
India,RTD Coffee,Hypermarkets,Off-trade Volume,2019,0.0,,million litres,
India,RTD Coffee,Discounters,Off-trade Volume,2019,0.0,,million litres,
India,RTD Coffee,Warehouse Clubs,Off-trade Volume,2019,0.0,,million litres,
India,RTD Coffee,Food/drink/tobacco specialists,Off-trade Volume,2019,0.0,,million litres,
India,RTD Coffee,Small Local Grocers,Off-trade Volume,2019,0.0,,million litres,
India,RTD Coffee,Non-Grocery Retailers,Off-trade Volume,2019,0.0,,million litres,
India,RTD Coffee,General Merchandise Stores,Off-trade Volume,2019,0.0,,million litres,
India,RTD Coffee,Apparel and Footwear Specialists,Off-trade Volume,2019,0.0,,million litres,
India,RTD Coffee,Appliances and Electronics Specialists,Off-trade Volume,2019,0.0,,million litres,
India,RTD Coffee,Home Products Specialists,Off-trade Volume,2019,0.0,,million litres,
India,RTD Coffee,Health and Beauty Specialists,Off-trade Volume,2019,0.0,,million litres,
India,RTD Coffee,Leisure and Personal Goods Specialists,Off-trade Volume,2019,0.0,,million litres,
India,RTD Coffee,Other Non-Grocery Retailers,Off-trade Volume,2019,0.0,,million litres,
India,RTD Coffee,Vending,Off-trade Volume,2019,0.0,,million litres,
India,RTD Coffee,Direct Selling,Off-trade Volume,2019,0.0,,million litres,
India,RTD Coffee,Retail E-Commerce,Off-trade Volume,2019,0.0,,million litres,
Japan,Coffee,Retail Channels,Retail Volume,2019,100.0,110318.2,Tonnes,110318.2
Japan,Coffee,Retail Offline,Retail Volume,2019,90.5,110318.2,Tonnes,99837.971
Japan,Coffee,Grocery Retailers,Retail Volume,2019,70.0,110318.2,Tonnes,77222.73999999999
Japan,Coffee,Convenience Retailers,Retail Volume,2019,3.4,110318.2,Tonnes,3750.8188
Japan,Coffee,Convenience Stores,Retail Volume,2019,3.4,110318.2,Tonnes,3750.8188
Japan,Coffee,Forecourt Retailers,Retail Volume,2019,0.0,110318.2,Tonnes,0.0
Japan,Coffee,Supermarkets,Retail Volume,2019,47.4,110318.2,Tonnes,52290.826799999995
Japan,Coffee,Hypermarkets,Retail Volume,2019,10.7,110318.2,Tonnes,11804.0474
Japan,Coffee,Discounters,Retail Volume,2019,0.0,110318.2,Tonnes,0.0
Japan,Coffee,Warehouse Clubs,Retail Volume,2019,2.7,110318.2,Tonnes,2978.5914000000002
Japan,Coffee,Food/drink/tobacco specialists,Retail Volume,2019,0.0,110318.2,Tonnes,0.0
Japan,Coffee,Small Local Grocers,Retail Volume,2019,5.8,110318.2,Tonnes,6398.455599999999
Japan,Coffee,Non-Grocery Retailers,Retail Volume,2019,19.7,110318.2,Tonnes,21732.6854
Japan,Coffee,General Merchandise Stores,Retail Volume,2019,13.4,110318.2,Tonnes,14782.6388
Japan,Coffee,Apparel and Footwear Specialists,Retail Volume,2019,0.0,110318.2,Tonnes,0.0
Japan,Coffee,Appliances and Electronics Specialists,Retail Volume,2019,0.0,110318.2,Tonnes,0.0
Japan,Coffee,Home Products Specialists,Retail Volume,2019,0.0,110318.2,Tonnes,0.0
Japan,Coffee,Health and Beauty Specialists,Retail Volume,2019,6.4,110318.2,Tonnes,7060.3648
Japan,Coffee,Leisure and Personal Goods Specialists,Retail Volume,2019,0.0,110318.2,Tonnes,0.0
Japan,Coffee,Other Non-Grocery Retailers,Retail Volume,2019,0.0,110318.2,Tonnes,0.0
Japan,Coffee,Vending,Retail Volume,2019,0.8,110318.2,Tonnes,882.5456
Japan,Coffee,Direct Selling,Retail Volume,2019,0.0,110318.2,Tonnes,0.0
Japan,Coffee,Retail E-Commerce,Retail Volume,2019,9.5,110318.2,Tonnes,10480.229
Japan,RTD Coffee,Retail Channels,Off-trade Volume,2019,100.0,3242.2,million litres,3242.2
Japan,RTD Coffee,Retail Offline,Off-trade Volume,2019,99.4,3242.2,million litres,3222.7468000000003
Japan,RTD Coffee,Grocery Retailers,Off-trade Volume,2019,57.4,3242.2,million litres,1861.0227999999997
Japan,RTD Coffee,Convenience Retailers,Off-trade Volume,2019,22.5,3242.2,million litres,729.495
Japan,RTD Coffee,Convenience Stores,Off-trade Volume,2019,22.5,3242.2,million litres,729.495
Japan,RTD Coffee,Forecourt Retailers,Off-trade Volume,2019,0.0,3242.2,million litres,0.0
Japan,RTD Coffee,Supermarkets,Off-trade Volume,2019,22.6,3242.2,million litres,732.7372
Japan,RTD Coffee,Hypermarkets,Off-trade Volume,2019,5.8,3242.2,million litres,188.0476
Japan,RTD Coffee,Discounters,Off-trade Volume,2019,0.0,3242.2,million litres,0.0
Japan,RTD Coffee,Warehouse Clubs,Off-trade Volume,2019,1.4,3242.2,million litres,45.39079999999999
Japan,RTD Coffee,Food/drink/tobacco specialists,Off-trade Volume,2019,0.0,3242.2,million litres,0.0
Japan,RTD Coffee,Small Local Grocers,Off-trade Volume,2019,5.0,3242.2,million litres,162.11
Japan,RTD Coffee,Non-Grocery Retailers,Off-trade Volume,2019,16.8,3242.2,million litres,544.6896
Japan,RTD Coffee,General Merchandise Stores,Off-trade Volume,2019,7.2,3242.2,million litres,233.4384
Japan,RTD Coffee,Apparel and Footwear Specialists,Off-trade Volume,2019,0.0,3242.2,million litres,0.0
Japan,RTD Coffee,Appliances and Electronics Specialists,Off-trade Volume,2019,0.0,3242.2,million litres,0.0
Japan,RTD Coffee,Home Products Specialists,Off-trade Volume,2019,0.0,3242.2,million litres,0.0
Japan,RTD Coffee,Health and Beauty Specialists,Off-trade Volume,2019,9.5,3242.2,million litres,308.009
Japan,RTD Coffee,Leisure and Personal Goods Specialists,Off-trade Volume,2019,0.0,3242.2,million litres,0.0
Japan,RTD Coffee,Other Non-Grocery Retailers,Off-trade Volume,2019,0.0,3242.2,million litres,0.0
Japan,RTD Coffee,Vending,Off-trade Volume,2019,25.3,3242.2,million litres,820.2765999999999
Japan,RTD Coffee,Direct Selling,Off-trade Volume,2019,0.0,3242.2,million litres,0.0
Japan,RTD Coffee,Retail E-Commerce,Off-trade Volume,2019,0.6,3242.2,million litres,19.4532
Thailand,Coffee,Retail Channels,Retail Volume,2019,100.0,78063.4,Tonnes,78063.4
Thailand,Coffee,Retail Offline,Retail Volume,2019,98.4,78063.4,Tonnes,76814.38560000001
Thailand,Coffee,Grocery Retailers,Retail Volume,2019,98.4,78063.4,Tonnes,76814.38560000001
Thailand,Coffee,Convenience Retailers,Retail Volume,2019,29.3,78063.4,Tonnes,22872.576199999996
Thailand,Coffee,Convenience Stores,Retail Volume,2019,16.7,78063.4,Tonnes,13036.587799999998
Thailand,Coffee,Forecourt Retailers,Retail Volume,2019,12.6,78063.4,Tonnes,9835.9884
Thailand,Coffee,Supermarkets,Retail Volume,2019,6.7,78063.4,Tonnes,5230.2478
Thailand,Coffee,Hypermarkets,Retail Volume,2019,24.7,78063.4,Tonnes,19281.659799999998
Thailand,Coffee,Discounters,Retail Volume,2019,0.0,78063.4,Tonnes,0.0
Thailand,Coffee,Warehouse Clubs,Retail Volume,2019,0.0,78063.4,Tonnes,0.0
Thailand,Coffee,Food/drink/tobacco specialists,Retail Volume,2019,0.0,78063.4,Tonnes,0.0
Thailand,Coffee,Small Local Grocers,Retail Volume,2019,37.7,78063.4,Tonnes,29429.9018
Thailand,Coffee,Non-Grocery Retailers,Retail Volume,2019,0.0,78063.4,Tonnes,0.0
Thailand,Coffee,General Merchandise Stores,Retail Volume,2019,0.0,78063.4,Tonnes,0.0
Thailand,Coffee,Apparel and Footwear Specialists,Retail Volume,2019,0.0,78063.4,Tonnes,0.0
Thailand,Coffee,Appliances and Electronics Specialists,Retail Volume,2019,0.0,78063.4,Tonnes,0.0
Thailand,Coffee,Home Products Specialists,Retail Volume,2019,0.0,78063.4,Tonnes,0.0
Thailand,Coffee,Health and Beauty Specialists,Retail Volume,2019,0.0,78063.4,Tonnes,0.0
Thailand,Coffee,Leisure and Personal Goods Specialists,Retail Volume,2019,0.0,78063.4,Tonnes,0.0
Thailand,Coffee,Other Non-Grocery Retailers,Retail Volume,2019,0.0,78063.4,Tonnes,0.0
Thailand,Coffee,Vending,Retail Volume,2019,0.0,78063.4,Tonnes,0.0
Thailand,Coffee,Direct Selling,Retail Volume,2019,0.0,78063.4,Tonnes,0.0
Thailand,Coffee,Retail E-Commerce,Retail Volume,2019,1.6,78063.4,Tonnes,1249.0144
Thailand,RTD Coffee,Retail Channels,Off-trade Volume,2019,100.0,185.4,million litres,185.4
Thailand,RTD Coffee,Retail Offline,Off-trade Volume,2019,98.6,185.4,million litres,182.80440000000002
Thailand,RTD Coffee,Grocery Retailers,Off-trade Volume,2019,91.7,185.4,million litres,170.01180000000002
Thailand,RTD Coffee,Convenience Retailers,Off-trade Volume,2019,27.4,185.4,million litres,50.7996
Thailand,RTD Coffee,Convenience Stores,Off-trade Volume,2019,15.6,185.4,million litres,28.9224
Thailand,RTD Coffee,Forecourt Retailers,Off-trade Volume,2019,11.8,185.4,million litres,21.877200000000002
Thailand,RTD Coffee,Supermarkets,Off-trade Volume,2019,5.1,185.4,million litres,9.4554
Thailand,RTD Coffee,Hypermarkets,Off-trade Volume,2019,23.3,185.4,million litres,43.19820000000001
Thailand,RTD Coffee,Discounters,Off-trade Volume,2019,0.0,185.4,million litres,0.0
Thailand,RTD Coffee,Warehouse Clubs,Off-trade Volume,2019,0.0,185.4,million litres,0.0
Thailand,RTD Coffee,Food/drink/tobacco specialists,Off-trade Volume,2019,0.0,185.4,million litres,0.0
Thailand,RTD Coffee,Small Local Grocers,Off-trade Volume,2019,35.9,185.4,million litres,66.5586
Thailand,RTD Coffee,Non-Grocery Retailers,Off-trade Volume,2019,0.0,185.4,million litres,0.0
Thailand,RTD Coffee,General Merchandise Stores,Off-trade Volume,2019,0.0,185.4,million litres,0.0
Thailand,RTD Coffee,Apparel and Footwear Specialists,Off-trade Volume,2019,0.0,185.4,million litres,0.0
Thailand,RTD Coffee,Appliances and Electronics Specialists,Off-trade Volume,2019,0.0,185.4,million litres,0.0
Thailand,RTD Coffee,Home Products Specialists,Off-trade Volume,2019,0.0,185.4,million litres,0.0
Thailand,RTD Coffee,Health and Beauty Specialists,Off-trade Volume,2019,0.0,185.4,million litres,0.0
Thailand,RTD Coffee,Leisure and Personal Goods Specialists,Off-trade Volume,2019,0.0,185.4,million litres,0.0
Thailand,RTD Coffee,Other Non-Grocery Retailers,Off-trade Volume,2019,0.0,185.4,million litres,0.0
Thailand,RTD Coffee,Vending,Off-trade Volume,2019,6.9,185.4,million litres,12.792600000000002
Thailand,RTD Coffee,Direct Selling,Off-trade Volume,2019,0.0,185.4,million litres,0.0
Thailand,RTD Coffee,Retail E-Commerce,Off-trade Volume,2019,1.4,185.4,million litres,2.5955999999999997
Australasia,Coffee,Retail Channels,Retail Volume,2019,100.0,39158.1,Tonnes,39158.1
Australasia,Coffee,Retail Offline,Retail Volume,2019,94.2,39158.1,Tonnes,36886.9302
Australasia,Coffee,Grocery Retailers,Retail Volume,2019,93.9,39158.1,Tonnes,36769.4559
Australasia,Coffee,Convenience Retailers,Retail Volume,2019,6.3,39158.1,Tonnes,2466.9602999999997
Australasia,Coffee,Convenience Stores,Retail Volume,2019,3.4,39158.1,Tonnes,1331.3754000000001
Australasia,Coffee,Forecourt Retailers,Retail Volume,2019,2.9,39158.1,Tonnes,1135.5848999999998
Australasia,Coffee,Supermarkets,Retail Volume,2019,70.8,39158.1,Tonnes,27723.9348
Australasia,Coffee,Hypermarkets,Retail Volume,2019,0.0,39158.1,Tonnes,0.0
Australasia,Coffee,Discounters,Retail Volume,2019,13.7,39158.1,Tonnes,5364.659699999999
Australasia,Coffee,Warehouse Clubs,Retail Volume,2019,0.0,39158.1,Tonnes,0.0
Australasia,Coffee,Food/drink/tobacco specialists,Retail Volume,2019,0.0,39158.1,Tonnes,0.0
Australasia,Coffee,Small Local Grocers,Retail Volume,2019,3.1,39158.1,Tonnes,1213.9011
Australasia,Coffee,Non-Grocery Retailers,Retail Volume,2019,0.1,39158.1,Tonnes,39.1581
Australasia,Coffee,General Merchandise Stores,Retail Volume,2019,0.0,39158.1,Tonnes,0.0
Australasia,Coffee,Apparel and Footwear Specialists,Retail Volume,2019,0.0,39158.1,Tonnes,0.0
Australasia,Coffee,Appliances and Electronics Specialists,Retail Volume,2019,0.0,39158.1,Tonnes,0.0
Australasia,Coffee,Home Products Specialists,Retail Volume,2019,0.0,39158.1,Tonnes,0.0
Australasia,Coffee,Health and Beauty Specialists,Retail Volume,2019,0.1,39158.1,Tonnes,39.1581
Australasia,Coffee,Leisure and Personal Goods Specialists,Retail Volume,2019,0.0,39158.1,Tonnes,0.0
Australasia,Coffee,Other Non-Grocery Retailers,Retail Volume,2019,0.0,39158.1,Tonnes,0.0
Australasia,Coffee,Vending,Retail Volume,2019,0.1,39158.1,Tonnes,39.1581
Australasia,Coffee,Direct Selling,Retail Volume,2019,0.0,39158.1,Tonnes,0.0
Australasia,Coffee,Retail E-Commerce,Retail Volume,2019,5.8,39158.1,Tonnes,2271.1697999999997
Australasia,RTD Coffee,Retail Channels,Off-trade Volume,2019,100.0,5.4,million litres,5.4
Australasia,RTD Coffee,Retail Offline,Off-trade Volume,2019,93.0,5.4,million litres,5.022
Australasia,RTD Coffee,Grocery Retailers,Off-trade Volume,2019,92.1,5.4,million litres,4.9734
Australasia,RTD Coffee,Convenience Retailers,Off-trade Volume,2019,31.6,5.4,million litres,1.7064000000000001
Australasia,RTD Coffee,Convenience Stores,Off-trade Volume,2019,8.2,5.4,million litres,0.44279999999999997
Australasia,RTD Coffee,Forecourt Retailers,Off-trade Volume,2019,23.4,5.4,million litres,1.2636
Australasia,RTD Coffee,Supermarkets,Off-trade Volume,2019,55.1,5.4,million litres,2.9754000000000005
Australasia,RTD Coffee,Hypermarkets,Off-trade Volume,2019,0.0,5.4,million litres,0.0
Australasia,RTD Coffee,Discounters,Off-trade Volume,2019,1.3,5.4,million litres,0.07020000000000001
Australasia,RTD Coffee,Warehouse Clubs,Off-trade Volume,2019,0.0,5.4,million litres,0.0
Australasia,RTD Coffee,Food/drink/tobacco specialists,Off-trade Volume,2019,0.0,5.4,million litres,0.0
Australasia,RTD Coffee,Small Local Grocers,Off-trade Volume,2019,4.0,5.4,million litres,0.21600000000000003
Australasia,RTD Coffee,Non-Grocery Retailers,Off-trade Volume,2019,0.0,5.4,million litres,0.0
Australasia,RTD Coffee,General Merchandise Stores,Off-trade Volume,2019,0.0,5.4,million litres,0.0
Australasia,RTD Coffee,Apparel and Footwear Specialists,Off-trade Volume,2019,0.0,5.4,million litres,0.0
Australasia,RTD Coffee,Appliances and Electronics Specialists,Off-trade Volume,2019,0.0,5.4,million litres,0.0
Australasia,RTD Coffee,Home Products Specialists,Off-trade Volume,2019,0.0,5.4,million litres,0.0
Australasia,RTD Coffee,Health and Beauty Specialists,Off-trade Volume,2019,0.0,5.4,million litres,0.0
Australasia,RTD Coffee,Leisure and Personal Goods Specialists,Off-trade Volume,2019,0.0,5.4,million litres,0.0
Australasia,RTD Coffee,Other Non-Grocery Retailers,Off-trade Volume,2019,0.0,5.4,million litres,0.0
Australasia,RTD Coffee,Vending,Off-trade Volume,2019,0.9,5.4,million litres,0.04860000000000001
Australasia,RTD Coffee,Direct Selling,Off-trade Volume,2019,0.0,5.4,million litres,0.0
Australasia,RTD Coffee,Retail E-Commerce,Off-trade Volume,2019,7.0,5.4,million litres,0.37800000000000006
Australia,Coffee,Retail Channels,Retail Volume,2019,100.0,33636.2,Tonnes,33636.2
Australia,Coffee,Retail Offline,Retail Volume,2019,93.9,33636.2,Tonnes,31584.391799999998
Australia,Coffee,Grocery Retailers,Retail Volume,2019,93.9,33636.2,Tonnes,31584.391799999998
Australia,Coffee,Convenience Retailers,Retail Volume,2019,6.9,33636.2,Tonnes,2320.8978
Australia,Coffee,Convenience Stores,Retail Volume,2019,3.6,33636.2,Tonnes,1210.9032
Australia,Coffee,Forecourt Retailers,Retail Volume,2019,3.2,33636.2,Tonnes,1076.3583999999998
Australia,Coffee,Supermarkets,Retail Volume,2019,67.9,33636.2,Tonnes,22838.9798
Australia,Coffee,Hypermarkets,Retail Volume,2019,0.0,33636.2,Tonnes,0.0
Australia,Coffee,Discounters,Retail Volume,2019,15.9,33636.2,Tonnes,5348.1557999999995
Australia,Coffee,Warehouse Clubs,Retail Volume,2019,0.0,33636.2,Tonnes,0.0
Australia,Coffee,Food/drink/tobacco specialists,Retail Volume,2019,0.0,33636.2,Tonnes,0.0
Australia,Coffee,Small Local Grocers,Retail Volume,2019,3.2,33636.2,Tonnes,1076.3583999999998
Australia,Coffee,Non-Grocery Retailers,Retail Volume,2019,0.0,33636.2,Tonnes,0.0
Australia,Coffee,General Merchandise Stores,Retail Volume,2019,0.0,33636.2,Tonnes,0.0
Australia,Coffee,Apparel and Footwear Specialists,Retail Volume,2019,0.0,33636.2,Tonnes,0.0
Australia,Coffee,Appliances and Electronics Specialists,Retail Volume,2019,0.0,33636.2,Tonnes,0.0
Australia,Coffee,Home Products Specialists,Retail Volume,2019,0.0,33636.2,Tonnes,0.0
Australia,Coffee,Health and Beauty Specialists,Retail Volume,2019,0.0,33636.2,Tonnes,0.0
Australia,Coffee,Leisure and Personal Goods Specialists,Retail Volume,2019,0.0,33636.2,Tonnes,0.0
Australia,Coffee,Other Non-Grocery Retailers,Retail Volume,2019,0.0,33636.2,Tonnes,0.0
Australia,Coffee,Vending,Retail Volume,2019,0.0,33636.2,Tonnes,0.0
Australia,Coffee,Direct Selling,Retail Volume,2019,0.0,33636.2,Tonnes,0.0
Australia,Coffee,Retail E-Commerce,Retail Volume,2019,6.1,33636.2,Tonnes,2051.8082
Australia,RTD Coffee,Retail Channels,Off-trade Volume,2019,100.0,5.2,million litres,5.2
Australia,RTD Coffee,Retail Offline,Off-trade Volume,2019,92.8,5.2,million litres,4.8256
Australia,RTD Coffee,Grocery Retailers,Off-trade Volume,2019,91.9,5.2,million litres,4.7788
Australia,RTD Coffee,Convenience Retailers,Off-trade Volume,2019,32.4,5.2,million litres,1.6848
Australia,RTD Coffee,Convenience Stores,Off-trade Volume,2019,8.4,5.2,million litres,0.4368
Australia,RTD Coffee,Forecourt Retailers,Off-trade Volume,2019,24.0,5.2,million litres,1.248
Australia,RTD Coffee,Supermarkets,Off-trade Volume,2019,54.0,5.2,million litres,2.8080000000000003
Australia,RTD Coffee,Hypermarkets,Off-trade Volume,2019,0.0,5.2,million litres,0.0
Australia,RTD Coffee,Discounters,Off-trade Volume,2019,1.4,5.2,million litres,0.07279999999999999
Australia,RTD Coffee,Warehouse Clubs,Off-trade Volume,2019,0.0,5.2,million litres,0.0
Australia,RTD Coffee,Food/drink/tobacco specialists,Off-trade Volume,2019,0.0,5.2,million litres,0.0
Australia,RTD Coffee,Small Local Grocers,Off-trade Volume,2019,4.1,5.2,million litres,0.21319999999999997
Australia,RTD Coffee,Non-Grocery Retailers,Off-trade Volume,2019,0.0,5.2,million litres,0.0
Australia,RTD Coffee,General Merchandise Stores,Off-trade Volume,2019,0.0,5.2,million litres,0.0
Australia,RTD Coffee,Apparel and Footwear Specialists,Off-trade Volume,2019,0.0,5.2,million litres,0.0
Australia,RTD Coffee,Appliances and Electronics Specialists,Off-trade Volume,2019,0.0,5.2,million litres,0.0
Australia,RTD Coffee,Home Products Specialists,Off-trade Volume,2019,0.0,5.2,million litres,0.0
Australia,RTD Coffee,Health and Beauty Specialists,Off-trade Volume,2019,0.0,5.2,million litres,0.0
Australia,RTD Coffee,Leisure and Personal Goods Specialists,Off-trade Volume,2019,0.0,5.2,million litres,0.0
Australia,RTD Coffee,Other Non-Grocery Retailers,Off-trade Volume,2019,0.0,5.2,million litres,0.0
Australia,RTD Coffee,Vending,Off-trade Volume,2019,1.0,5.2,million litres,0.052000000000000005
Australia,RTD Coffee,Direct Selling,Off-trade Volume,2019,0.0,5.2,million litres,0.0
Australia,RTD Coffee,Retail E-Commerce,Off-trade Volume,2019,7.2,5.2,million litres,0.37440000000000007
Eastern Europe,Coffee,Retail Channels,Retail Volume,2019,100.0,509309.0,Tonnes,509309.0
Eastern Europe,Coffee,Retail Offline,Retail Volume,2019,99.0,509309.0,Tonnes,504215.91
Eastern Europe,Coffee,Grocery Retailers,Retail Volume,2019,95.4,509309.0,Tonnes,485880.786
Eastern Europe,Coffee,Convenience Retailers,Retail Volume,2019,14.3,509309.0,Tonnes,72831.187
Eastern Europe,Coffee,Convenience Stores,Retail Volume,2019,13.3,509309.0,Tonnes,67738.09700000001
Eastern Europe,Coffee,Forecourt Retailers,Retail Volume,2019,1.0,509309.0,Tonnes,5093.09
Eastern Europe,Coffee,Supermarkets,Retail Volume,2019,29.4,509309.0,Tonnes,149736.846
Eastern Europe,Coffee,Hypermarkets,Retail Volume,2019,17.6,509309.0,Tonnes,89638.384
Eastern Europe,Coffee,Discounters,Retail Volume,2019,11.9,509309.0,Tonnes,60607.77100000001
Eastern Europe,Coffee,Warehouse Clubs,Retail Volume,2019,0.0,509309.0,Tonnes,0.0
Eastern Europe,Coffee,Food/drink/tobacco specialists,Retail Volume,2019,1.8,509309.0,Tonnes,9167.562000000002
Eastern Europe,Coffee,Small Local Grocers,Retail Volume,2019,20.4,509309.0,Tonnes,103899.036
Eastern Europe,Coffee,Non-Grocery Retailers,Retail Volume,2019,0.5,509309.0,Tonnes,2546.545
Eastern Europe,Coffee,General Merchandise Stores,Retail Volume,2019,0.2,509309.0,Tonnes,1018.618
Eastern Europe,Coffee,Apparel and Footwear Specialists,Retail Volume,2019,0.0,509309.0,Tonnes,0.0
Eastern Europe,Coffee,Appliances and Electronics Specialists,Retail Volume,2019,0.0,509309.0,Tonnes,0.0
Eastern Europe,Coffee,Home Products Specialists,Retail Volume,2019,0.0,509309.0,Tonnes,0.0
Eastern Europe,Coffee,Health and Beauty Specialists,Retail Volume,2019,0.3,509309.0,Tonnes,1527.9270000000001
Eastern Europe,Coffee,Leisure and Personal Goods Specialists,Retail Volume,2019,0.0,509309.0,Tonnes,0.0
Eastern Europe,Coffee,Other Non-Grocery Retailers,Retail Volume,2019,0.0,509309.0,Tonnes,0.0
Eastern Europe,Coffee,Vending,Retail Volume,2019,3.1,509309.0,Tonnes,15788.579
Eastern Europe,Coffee,Direct Selling,Retail Volume,2019,0.0,509309.0,Tonnes,0.0
Eastern Europe,Coffee,Retail E-Commerce,Retail Volume,2019,1.0,509309.0,Tonnes,5093.09
Eastern Europe,RTD Coffee,Retail Channels,Off-trade Volume,2019,100.0,30.9,million litres,30.9
Eastern Europe,RTD Coffee,Retail Offline,Off-trade Volume,2019,99.5,30.9,million litres,30.7455
Eastern Europe,RTD Coffee,Grocery Retailers,Off-trade Volume,2019,98.0,30.9,million litres,30.281999999999996
Eastern Europe,RTD Coffee,Convenience Retailers,Off-trade Volume,2019,40.3,30.9,million litres,12.452699999999998
Eastern Europe,RTD Coffee,Convenience Stores,Off-trade Volume,2019,15.8,30.9,million litres,4.8822
Eastern Europe,RTD Coffee,Forecourt Retailers,Off-trade Volume,2019,24.5,30.9,million litres,7.570499999999999
Eastern Europe,RTD Coffee,Supermarkets,Off-trade Volume,2019,15.9,30.9,million litres,4.9131
Eastern Europe,RTD Coffee,Hypermarkets,Off-trade Volume,2019,22.7,30.9,million litres,7.014299999999999
Eastern Europe,RTD Coffee,Discounters,Off-trade Volume,2019,11.6,30.9,million litres,3.5843999999999996
Eastern Europe,RTD Coffee,Warehouse Clubs,Off-trade Volume,2019,0.0,30.9,million litres,0.0
Eastern Europe,RTD Coffee,Food/drink/tobacco specialists,Off-trade Volume,2019,0.9,30.9,million litres,0.2781
Eastern Europe,RTD Coffee,Small Local Grocers,Off-trade Volume,2019,6.6,30.9,million litres,2.0394
Eastern Europe,RTD Coffee,Non-Grocery Retailers,Off-trade Volume,2019,0.4,30.9,million litres,0.1236
Eastern Europe,RTD Coffee,General Merchandise Stores,Off-trade Volume,2019,0.0,30.9,million litres,0.0
Eastern Europe,RTD Coffee,Apparel and Footwear Specialists,Off-trade Volume,2019,0.0,30.9,million litres,0.0
Eastern Europe,RTD Coffee,Appliances and Electronics Specialists,Off-trade Volume,2019,0.0,30.9,million litres,0.0
Eastern Europe,RTD Coffee,Home Products Specialists,Off-trade Volume,2019,0.0,30.9,million litres,0.0
Eastern Europe,RTD Coffee,Health and Beauty Specialists,Off-trade Volume,2019,0.4,30.9,million litres,0.1236
Eastern Europe,RTD Coffee,Leisure and Personal Goods Specialists,Off-trade Volume,2019,0.0,30.9,million litres,0.0
Eastern Europe,RTD Coffee,Other Non-Grocery Retailers,Off-trade Volume,2019,0.0,30.9,million litres,0.0
Eastern Europe,RTD Coffee,Vending,Off-trade Volume,2019,1.2,30.9,million litres,0.37079999999999996
Eastern Europe,RTD Coffee,Direct Selling,Off-trade Volume,2019,0.0,30.9,million litres,0.0
Eastern Europe,RTD Coffee,Retail E-Commerce,Off-trade Volume,2019,0.5,30.9,million litres,0.1545
Latin America,Coffee,Retail Channels,Retail Volume,2019,100.0,1129174.0,Tonnes,1129174.0
Latin America,Coffee,Retail Offline,Retail Volume,2019,99.6,1129174.0,Tonnes,1124657.304
Latin America,Coffee,Grocery Retailers,Retail Volume,2019,97.5,1129174.0,Tonnes,1100944.65
Latin America,Coffee,Convenience Retailers,Retail Volume,2019,1.1,1129174.0,Tonnes,12420.914
Latin America,Coffee,Convenience Stores,Retail Volume,2019,0.6,1129174.0,Tonnes,6775.044
Latin America,Coffee,Forecourt Retailers,Retail Volume,2019,0.5,1129174.0,Tonnes,5645.87
Latin America,Coffee,Supermarkets,Retail Volume,2019,32.5,1129174.0,Tonnes,366981.55
Latin America,Coffee,Hypermarkets,Retail Volume,2019,30.3,1129174.0,Tonnes,342139.722
Latin America,Coffee,Discounters,Retail Volume,2019,2.5,1129174.0,Tonnes,28229.350000000002
Latin America,Coffee,Warehouse Clubs,Retail Volume,2019,3.1,1129174.0,Tonnes,35004.394
Latin America,Coffee,Food/drink/tobacco specialists,Retail Volume,2019,0.1,1129174.0,Tonnes,1129.174
Latin America,Coffee,Small Local Grocers,Retail Volume,2019,28.0,1129174.0,Tonnes,316168.72000000003
Latin America,Coffee,Non-Grocery Retailers,Retail Volume,2019,1.6,1129174.0,Tonnes,18066.784
Latin America,Coffee,General Merchandise Stores,Retail Volume,2019,1.5,1129174.0,Tonnes,16937.61
Latin America,Coffee,Apparel and Footwear Specialists,Retail Volume,2019,0.0,1129174.0,Tonnes,0.0
Latin America,Coffee,Appliances and Electronics Specialists,Retail Volume,2019,0.0,1129174.0,Tonnes,0.0
Latin America,Coffee,Home Products Specialists,Retail Volume,2019,0.0,1129174.0,Tonnes,0.0
Latin America,Coffee,Health and Beauty Specialists,Retail Volume,2019,0.1,1129174.0,Tonnes,1129.174
Latin America,Coffee,Leisure and Personal Goods Specialists,Retail Volume,2019,0.0,1129174.0,Tonnes,0.0
Latin America,Coffee,Other Non-Grocery Retailers,Retail Volume,2019,0.0,1129174.0,Tonnes,0.0
Latin America,Coffee,Vending,Retail Volume,2019,0.2,1129174.0,Tonnes,2258.348
Latin America,Coffee,Direct Selling,Retail Volume,2019,0.3,1129174.0,Tonnes,3387.522
Latin America,Coffee,Retail E-Commerce,Retail Volume,2019,0.4,1129174.0,Tonnes,4516.696
Latin America,RTD Coffee,Retail Channels,Off-trade Volume,2019,100.0,22.0,million litres,22.0
Latin America,RTD Coffee,Retail Offline,Off-trade Volume,2019,99.9,22.0,million litres,21.978
Latin America,RTD Coffee,Grocery Retailers,Off-trade Volume,2019,98.8,22.0,million litres,21.736
Latin America,RTD Coffee,Convenience Retailers,Off-trade Volume,2019,17.1,22.0,million litres,3.7620000000000005
Latin America,RTD Coffee,Convenience Stores,Off-trade Volume,2019,8.4,22.0,million litres,1.848
Latin America,RTD Coffee,Forecourt Retailers,Off-trade Volume,2019,8.7,22.0,million litres,1.914
Latin America,RTD Coffee,Supermarkets,Off-trade Volume,2019,30.2,22.0,million litres,6.644
Latin America,RTD Coffee,Hypermarkets,Off-trade Volume,2019,9.7,22.0,million litres,2.134
Latin America,RTD Coffee,Discounters,Off-trade Volume,2019,2.2,22.0,million litres,0.48400000000000004
Latin America,RTD Coffee,Warehouse Clubs,Off-trade Volume,2019,0.6,22.0,million litres,0.132
Latin America,RTD Coffee,Food/drink/tobacco specialists,Off-trade Volume,2019,0.5,22.0,million litres,0.11
Latin America,RTD Coffee,Small Local Grocers,Off-trade Volume,2019,38.5,22.0,million litres,8.47
Latin America,RTD Coffee,Non-Grocery Retailers,Off-trade Volume,2019,1.1,22.0,million litres,0.24200000000000002
Latin America,RTD Coffee,General Merchandise Stores,Off-trade Volume,2019,0.2,22.0,million litres,0.044
Latin America,RTD Coffee,Apparel and Footwear Specialists,Off-trade Volume,2019,0.0,22.0,million litres,0.0
Latin America,RTD Coffee,Appliances and Electronics Specialists,Off-trade Volume,2019,0.0,22.0,million litres,0.0
Latin America,RTD Coffee,Home Products Specialists,Off-trade Volume,2019,0.0,22.0,million litres,0.0
Latin America,RTD Coffee,Health and Beauty Specialists,Off-trade Volume,2019,0.9,22.0,million litres,0.198
Latin America,RTD Coffee,Leisure and Personal Goods Specialists,Off-trade Volume,2019,0.0,22.0,million litres,0.0
Latin America,RTD Coffee,Other Non-Grocery Retailers,Off-trade Volume,2019,0.0,22.0,million litres,0.0
Latin America,RTD Coffee,Vending,Off-trade Volume,2019,0.0,22.0,million litres,0.0
Latin America,RTD Coffee,Direct Selling,Off-trade Volume,2019,0.0,22.0,million litres,0.0
Latin America,RTD Coffee,Retail E-Commerce,Off-trade Volume,2019,0.1,22.0,million litres,0.022
Brazil,Coffee,Retail Channels,Retail Volume,2019,100.0,797329.8,Tonnes,797329.8
Brazil,Coffee,Retail Offline,Retail Volume,2019,99.6,797329.8,Tonnes,794140.4808
Brazil,Coffee,Grocery Retailers,Retail Volume,2019,97.2,797329.8,Tonnes,775004.5656
Brazil,Coffee,Convenience Retailers,Retail Volume,2019,0.6,797329.8,Tonnes,4783.978800000001
Brazil,Coffee,Convenience Stores,Retail Volume,2019,0.0,797329.8,Tonnes,0.0
Brazil,Coffee,Forecourt Retailers,Retail Volume,2019,0.6,797329.8,Tonnes,4783.978800000001
Brazil,Coffee,Supermarkets,Retail Volume,2019,37.5,797329.8,Tonnes,298998.67500000005
Brazil,Coffee,Hypermarkets,Retail Volume,2019,36.2,797329.8,Tonnes,288633.3876000001
Brazil,Coffee,Discounters,Retail Volume,2019,0.3,797329.8,Tonnes,2391.9894000000004
Brazil,Coffee,Warehouse Clubs,Retail Volume,2019,4.1,797329.8,Tonnes,32690.5218
Brazil,Coffee,Food/drink/tobacco specialists,Retail Volume,2019,0.0,797329.8,Tonnes,0.0
Brazil,Coffee,Small Local Grocers,Retail Volume,2019,18.4,797329.8,Tonnes,146708.6832
Brazil,Coffee,Non-Grocery Retailers,Retail Volume,2019,2.1,797329.8,Tonnes,16743.9258
Brazil,Coffee,General Merchandise Stores,Retail Volume,2019,2.1,797329.8,Tonnes,16743.9258
Brazil,Coffee,Apparel and Footwear Specialists,Retail Volume,2019,0.0,797329.8,Tonnes,0.0
Brazil,Coffee,Appliances and Electronics Specialists,Retail Volume,2019,0.0,797329.8,Tonnes,0.0
Brazil,Coffee,Home Products Specialists,Retail Volume,2019,0.0,797329.8,Tonnes,0.0
Brazil,Coffee,Health and Beauty Specialists,Retail Volume,2019,0.0,797329.8,Tonnes,0.0
Brazil,Coffee,Leisure and Personal Goods Specialists,Retail Volume,2019,0.0,797329.8,Tonnes,0.0
Brazil,Coffee,Other Non-Grocery Retailers,Retail Volume,2019,0.0,797329.8,Tonnes,0.0
Brazil,Coffee,Vending,Retail Volume,2019,0.0,797329.8,Tonnes,0.0
Brazil,Coffee,Direct Selling,Retail Volume,2019,0.4,797329.8,Tonnes,3189.3192000000004
Brazil,Coffee,Retail E-Commerce,Retail Volume,2019,0.4,797329.8,Tonnes,3189.3192000000004
Brazil,RTD Coffee,Retail Channels,Off-trade Volume,2019,100.0,1.3,million litres,1.3
Brazil,RTD Coffee,Retail Offline,Off-trade Volume,2019,100.0,1.3,million litres,1.3
Brazil,RTD Coffee,Grocery Retailers,Off-trade Volume,2019,98.8,1.3,million litres,1.2844
Brazil,RTD Coffee,Convenience Retailers,Off-trade Volume,2019,63.4,1.3,million litres,0.8242
Brazil,RTD Coffee,Convenience Stores,Off-trade Volume,2019,2.0,1.3,million litres,0.026000000000000002
Brazil,RTD Coffee,Forecourt Retailers,Off-trade Volume,2019,61.4,1.3,million litres,0.7982
Brazil,RTD Coffee,Supermarkets,Off-trade Volume,2019,11.2,1.3,million litres,0.14559999999999998
Brazil,RTD Coffee,Hypermarkets,Off-trade Volume,2019,10.8,1.3,million litres,0.14040000000000002
Brazil,RTD Coffee,Discounters,Off-trade Volume,2019,0.0,1.3,million litres,0.0
Brazil,RTD Coffee,Warehouse Clubs,Off-trade Volume,2019,2.4,1.3,million litres,0.031200000000000002
Brazil,RTD Coffee,Food/drink/tobacco specialists,Off-trade Volume,2019,0.0,1.3,million litres,0.0
Brazil,RTD Coffee,Small Local Grocers,Off-trade Volume,2019,11.0,1.3,million litres,0.14300000000000002
Brazil,RTD Coffee,Non-Grocery Retailers,Off-trade Volume,2019,1.2,1.3,million litres,0.015600000000000001
Brazil,RTD Coffee,General Merchandise Stores,Off-trade Volume,2019,1.2,1.3,million litres,0.015600000000000001
Brazil,RTD Coffee,Apparel and Footwear Specialists,Off-trade Volume,2019,0.0,1.3,million litres,0.0
Brazil,RTD Coffee,Appliances and Electronics Specialists,Off-trade Volume,2019,0.0,1.3,million litres,0.0
Brazil,RTD Coffee,Home Products Specialists,Off-trade Volume,2019,0.0,1.3,million litres,0.0
Brazil,RTD Coffee,Health and Beauty Specialists,Off-trade Volume,2019,0.0,1.3,million litres,0.0
Brazil,RTD Coffee,Leisure and Personal Goods Specialists,Off-trade Volume,2019,0.0,1.3,million litres,0.0
Brazil,RTD Coffee,Other Non-Grocery Retailers,Off-trade Volume,2019,0.0,1.3,million litres,0.0
Brazil,RTD Coffee,Vending,Off-trade Volume,2019,0.0,1.3,million litres,0.0
Brazil,RTD Coffee,Direct Selling,Off-trade Volume,2019,0.0,1.3,million litres,0.0
Brazil,RTD Coffee,Retail E-Commerce,Off-trade Volume,2019,0.0,1.3,million litres,0.0
Middle East and Africa,Coffee,Retail Channels,Retail Volume,2019,100.0,562342.9,Tonnes,562342.9
Middle East and Africa,Coffee,Retail Offline,Retail Volume,2019,99.5,562342.9,Tonnes,559531.1855
Middle East and Africa,Coffee,Grocery Retailers,Retail Volume,2019,98.0,562342.9,Tonnes,551096.042
Middle East and Africa,Coffee,Convenience Retailers,Retail Volume,2019,5.2,562342.9,Tonnes,29241.830800000003
Middle East and Africa,Coffee,Convenience Stores,Retail Volume,2019,3.4,562342.9,Tonnes,19119.658600000002
Middle East and Africa,Coffee,Forecourt Retailers,Retail Volume,2019,1.7,562342.9,Tonnes,9559.829300000001
Middle East and Africa,Coffee,Supermarkets,Retail Volume,2019,30.0,562342.9,Tonnes,168702.87
Middle East and Africa,Coffee,Hypermarkets,Retail Volume,2019,9.4,562342.9,Tonnes,52860.2326
Middle East and Africa,Coffee,Discounters,Retail Volume,2019,1.9,562342.9,Tonnes,10684.5151
Middle East and Africa,Coffee,Warehouse Clubs,Retail Volume,2019,0.0,562342.9,Tonnes,0.0
Middle East and Africa,Coffee,Food/drink/tobacco specialists,Retail Volume,2019,5.6,562342.9,Tonnes,31491.2024
Middle East and Africa,Coffee,Small Local Grocers,Retail Volume,2019,45.8,562342.9,Tonnes,257553.0482
Middle East and Africa,Coffee,Non-Grocery Retailers,Retail Volume,2019,1.2,562342.9,Tonnes,6748.1148
Middle East and Africa,Coffee,General Merchandise Stores,Retail Volume,2019,0.0,562342.9,Tonnes,0.0
Middle East and Africa,Coffee,Apparel and Footwear Specialists,Retail Volume,2019,0.0,562342.9,Tonnes,0.0
Middle East and Africa,Coffee,Appliances and Electronics Specialists,Retail Volume,2019,0.0,562342.9,Tonnes,0.0
Middle East and Africa,Coffee,Home Products Specialists,Retail Volume,2019,0.0,562342.9,Tonnes,0.0
Middle East and Africa,Coffee,Health and Beauty Specialists,Retail Volume,2019,0.0,562342.9,Tonnes,0.0
Middle East and Africa,Coffee,Leisure and Personal Goods Specialists,Retail Volume,2019,0.0,562342.9,Tonnes,0.0
Middle East and Africa,Coffee,Other Non-Grocery Retailers,Retail Volume,2019,1.2,562342.9,Tonnes,6748.1148
Middle East and Africa,Coffee,Vending,Retail Volume,2019,0.2,562342.9,Tonnes,1124.6858
Middle East and Africa,Coffee,Direct Selling,Retail Volume,2019,0.1,562342.9,Tonnes,562.3429
Middle East and Africa,Coffee,Retail E-Commerce,Retail Volume,2019,0.5,562342.9,Tonnes,2811.7145
Middle East and Africa,RTD Coffee,Retail Channels,Off-trade Volume,2019,100.0,28.1,million litres,28.1
Middle East and Africa,RTD Coffee,Retail Offline,Off-trade Volume,2019,99.6,28.1,million litres,27.9876
Middle East and Africa,RTD Coffee,Grocery Retailers,Off-trade Volume,2019,99.5,28.1,million litres,27.959500000000002
Middle East and Africa,RTD Coffee,Convenience Retailers,Off-trade Volume,2019,46.5,28.1,million litres,13.066500000000001
Middle East and Africa,RTD Coffee,Convenience Stores,Off-trade Volume,2019,4.1,28.1,million litres,1.1521
Middle East and Africa,RTD Coffee,Forecourt Retailers,Off-trade Volume,2019,42.4,28.1,million litres,11.9144
Middle East and Africa,RTD Coffee,Supermarkets,Off-trade Volume,2019,25.1,28.1,million litres,7.053100000000001
Middle East and Africa,RTD Coffee,Hypermarkets,Off-trade Volume,2019,18.5,28.1,million litres,5.1985
Middle East and Africa,RTD Coffee,Discounters,Off-trade Volume,2019,0.7,28.1,million litres,0.19669999999999999
Middle East and Africa,RTD Coffee,Warehouse Clubs,Off-trade Volume,2019,0.0,28.1,million litres,0.0
Middle East and Africa,RTD Coffee,Food/drink/tobacco specialists,Off-trade Volume,2019,0.5,28.1,million litres,0.1405
Middle East and Africa,RTD Coffee,Small Local Grocers,Off-trade Volume,2019,8.2,28.1,million litres,2.3042
Middle East and Africa,RTD Coffee,Non-Grocery Retailers,Off-trade Volume,2019,0.0,28.1,million litres,0.0
Middle East and Africa,RTD Coffee,General Merchandise Stores,Off-trade Volume,2019,0.0,28.1,million litres,0.0
Middle East and Africa,RTD Coffee,Apparel and Footwear Specialists,Off-trade Volume,2019,0.0,28.1,million litres,0.0
Middle East and Africa,RTD Coffee,Appliances and Electronics Specialists,Off-trade Volume,2019,0.0,28.1,million litres,0.0
Middle East and Africa,RTD Coffee,Home Products Specialists,Off-trade Volume,2019,0.0,28.1,million litres,0.0
Middle East and Africa,RTD Coffee,Health and Beauty Specialists,Off-trade Volume,2019,0.0,28.1,million litres,0.0
Middle East and Africa,RTD Coffee,Leisure and Personal Goods Specialists,Off-trade Volume,2019,0.0,28.1,million litres,0.0
Middle East and Africa,RTD Coffee,Other Non-Grocery Retailers,Off-trade Volume,2019,0.0,28.1,million litres,0.0
Middle East and Africa,RTD Coffee,Vending,Off-trade Volume,2019,0.1,28.1,million litres,0.028100000000000003
Middle East and Africa,RTD Coffee,Direct Selling,Off-trade Volume,2019,0.0,28.1,million litres,0.0
Middle East and Africa,RTD Coffee,Retail E-Commerce,Off-trade Volume,2019,0.4,28.1,million litres,0.11240000000000001
North America,Coffee,Retail Channels,Retail Volume,2019,100.0,854882.3,Tonnes,854882.3
North America,Coffee,Retail Offline,Retail Volume,2019,90.8,854882.3,Tonnes,776233.1283999999
North America,Coffee,Grocery Retailers,Retail Volume,2019,88.1,854882.3,Tonnes,753151.3062999999
North America,Coffee,Convenience Retailers,Retail Volume,2019,2.1,854882.3,Tonnes,17952.5283
North America,Coffee,Convenience Stores,Retail Volume,2019,0.3,854882.3,Tonnes,2564.6469
North America,Coffee,Forecourt Retailers,Retail Volume,2019,1.7,854882.3,Tonnes,14532.999100000003
North America,Coffee,Supermarkets,Retail Volume,2019,29.6,854882.3,Tonnes,253045.16080000004
North America,Coffee,Hypermarkets,Retail Volume,2019,23.2,854882.3,Tonnes,198332.6936
North America,Coffee,Discounters,Retail Volume,2019,3.3,854882.3,Tonnes,28211.115900000004
North America,Coffee,Warehouse Clubs,Retail Volume,2019,4.4,854882.3,Tonnes,37614.821200000006
North America,Coffee,Food/drink/tobacco specialists,Retail Volume,2019,5.5,854882.3,Tonnes,47018.5265
North America,Coffee,Small Local Grocers,Retail Volume,2019,20.1,854882.3,Tonnes,171831.34230000002
North America,Coffee,Non-Grocery Retailers,Retail Volume,2019,2.4,854882.3,Tonnes,20517.1752
North America,Coffee,General Merchandise Stores,Retail Volume,2019,1.4,854882.3,Tonnes,11968.3522
North America,Coffee,Apparel and Footwear Specialists,Retail Volume,2019,0.0,854882.3,Tonnes,0.0
North America,Coffee,Appliances and Electronics Specialists,Retail Volume,2019,0.0,854882.3,Tonnes,0.0
North America,Coffee,Home Products Specialists,Retail Volume,2019,0.0,854882.3,Tonnes,0.0
North America,Coffee,Health and Beauty Specialists,Retail Volume,2019,0.9,854882.3,Tonnes,7693.940700000001
North America,Coffee,Leisure and Personal Goods Specialists,Retail Volume,2019,0.0,854882.3,Tonnes,0.0
North America,Coffee,Other Non-Grocery Retailers,Retail Volume,2019,0.0,854882.3,Tonnes,0.0
North America,Coffee,Vending,Retail Volume,2019,0.1,854882.3,Tonnes,854.8823000000001
North America,Coffee,Direct Selling,Retail Volume,2019,0.2,854882.3,Tonnes,1709.7646000000002
North America,Coffee,Retail E-Commerce,Retail Volume,2019,9.2,854882.3,Tonnes,78649.1716
North America,RTD Coffee,Retail Channels,Off-trade Volume,2019,100.0,631.5,million litres,631.5
North America,RTD Coffee,Retail Offline,Off-trade Volume,2019,94.5,631.5,million litres,596.7674999999999
North America,RTD Coffee,Grocery Retailers,Off-trade Volume,2019,86.2,631.5,million litres,544.353
North America,RTD Coffee,Convenience Retailers,Off-trade Volume,2019,29.2,631.5,million litres,184.398
North America,RTD Coffee,Convenience Stores,Off-trade Volume,2019,6.5,631.5,million litres,41.0475
North America,RTD Coffee,Forecourt Retailers,Off-trade Volume,2019,22.7,631.5,million litres,143.35049999999998
North America,RTD Coffee,Supermarkets,Off-trade Volume,2019,20.3,631.5,million litres,128.1945
North America,RTD Coffee,Hypermarkets,Off-trade Volume,2019,20.5,631.5,million litres,129.45749999999998
North America,RTD Coffee,Discounters,Off-trade Volume,2019,1.4,631.5,million litres,8.841
North America,RTD Coffee,Warehouse Clubs,Off-trade Volume,2019,10.8,631.5,million litres,68.20200000000001
North America,RTD Coffee,Food/drink/tobacco specialists,Off-trade Volume,2019,0.0,631.5,million litres,0.0
North America,RTD Coffee,Small Local Grocers,Off-trade Volume,2019,4.1,631.5,million litres,25.891499999999997
North America,RTD Coffee,Non-Grocery Retailers,Off-trade Volume,2019,5.1,631.5,million litres,32.2065
North America,RTD Coffee,General Merchandise Stores,Off-trade Volume,2019,3.7,631.5,million litres,23.365500000000004
North America,RTD Coffee,Apparel and Footwear Specialists,Off-trade Volume,2019,0.0,631.5,million litres,0.0
North America,RTD Coffee,Appliances and Electronics Specialists,Off-trade Volume,2019,0.0,631.5,million litres,0.0
North America,RTD Coffee,Home Products Specialists,Off-trade Volume,2019,0.0,631.5,million litres,0.0
North America,RTD Coffee,Health and Beauty Specialists,Off-trade Volume,2019,1.5,631.5,million litres,9.4725
North America,RTD Coffee,Leisure and Personal Goods Specialists,Off-trade Volume,2019,0.0,631.5,million litres,0.0
North America,RTD Coffee,Other Non-Grocery Retailers,Off-trade Volume,2019,0.0,631.5,million litres,0.0
North America,RTD Coffee,Vending,Off-trade Volume,2019,3.1,631.5,million litres,19.5765
North America,RTD Coffee,Direct Selling,Off-trade Volume,2019,0.0,631.5,million litres,0.0
North America,RTD Coffee,Retail E-Commerce,Off-trade Volume,2019,5.5,631.5,million litres,34.7325
USA,Coffee,Retail Channels,Retail Volume,2019,100.0,786121.7,Tonnes,786121.7
USA,Coffee,Retail Offline,Retail Volume,2019,90.2,786121.7,Tonnes,709081.7734
USA,Coffee,Grocery Retailers,Retail Volume,2019,87.9,786121.7,Tonnes,691000.9743
USA,Coffee,Convenience Retailers,Retail Volume,2019,2.1,786121.7,Tonnes,16508.5557
USA,Coffee,Convenience Stores,Retail Volume,2019,0.2,786121.7,Tonnes,1572.2433999999998
USA,Coffee,Forecourt Retailers,Retail Volume,2019,1.8,786121.7,Tonnes,14150.190600000002
USA,Coffee,Supermarkets,Retail Volume,2019,29.0,786121.7,Tonnes,227975.29299999998
USA,Coffee,Hypermarkets,Retail Volume,2019,23.7,786121.7,Tonnes,186310.8429
USA,Coffee,Discounters,Retail Volume,2019,2.2,786121.7,Tonnes,17294.6774
USA,Coffee,Warehouse Clubs,Retail Volume,2019,4.1,786121.7,Tonnes,32230.989699999995
USA,Coffee,Food/drink/tobacco specialists,Retail Volume,2019,6.0,786121.7,Tonnes,47167.301999999996
USA,Coffee,Small Local Grocers,Retail Volume,2019,20.9,786121.7,Tonnes,164299.43529999998
USA,Coffee,Non-Grocery Retailers,Retail Volume,2019,2.1,786121.7,Tonnes,16508.5557
USA,Coffee,General Merchandise Stores,Retail Volume,2019,1.4,786121.7,Tonnes,11005.703799999997
USA,Coffee,Apparel and Footwear Specialists,Retail Volume,2019,0.0,786121.7,Tonnes,0.0
USA,Coffee,Appliances and Electronics Specialists,Retail Volume,2019,0.0,786121.7,Tonnes,0.0
USA,Coffee,Home Products Specialists,Retail Volume,2019,0.0,786121.7,Tonnes,0.0
USA,Coffee,Health and Beauty Specialists,Retail Volume,2019,0.7,786121.7,Tonnes,5502.851899999999
USA,Coffee,Leisure and Personal Goods Specialists,Retail Volume,2019,0.0,786121.7,Tonnes,0.0
USA,Coffee,Other Non-Grocery Retailers,Retail Volume,2019,0.0,786121.7,Tonnes,0.0
USA,Coffee,Vending,Retail Volume,2019,0.0,786121.7,Tonnes,0.0
USA,Coffee,Direct Selling,Retail Volume,2019,0.2,786121.7,Tonnes,1572.2433999999998
USA,Coffee,Retail E-Commerce,Retail Volume,2019,9.8,786121.7,Tonnes,77039.92659999999
USA,RTD Coffee,Retail Channels,Off-trade Volume,2019,100.0,621.4,million litres,621.4
USA,RTD Coffee,Retail Offline,Off-trade Volume,2019,94.4,621.4,million litres,586.6016
USA,RTD Coffee,Grocery Retailers,Off-trade Volume,2019,86.3,621.4,million litres,536.2682
USA,RTD Coffee,Convenience Retailers,Off-trade Volume,2019,29.4,621.4,million litres,182.6916
USA,RTD Coffee,Convenience Stores,Off-trade Volume,2019,6.6,621.4,million litres,41.0124
USA,RTD Coffee,Forecourt Retailers,Off-trade Volume,2019,22.8,621.4,million litres,141.6792
USA,RTD Coffee,Supermarkets,Off-trade Volume,2019,19.9,621.4,million litres,123.65859999999998
USA,RTD Coffee,Hypermarkets,Off-trade Volume,2019,20.5,621.4,million litres,127.38699999999999
USA,RTD Coffee,Discounters,Off-trade Volume,2019,1.4,621.4,million litres,8.699599999999998
USA,RTD Coffee,Warehouse Clubs,Off-trade Volume,2019,10.9,621.4,million litres,67.73259999999999
USA,RTD Coffee,Food/drink/tobacco specialists,Off-trade Volume,2019,0.0,621.4,million litres,0.0
USA,RTD Coffee,Small Local Grocers,Off-trade Volume,2019,4.1,621.4,million litres,25.477399999999996
USA,RTD Coffee,Non-Grocery Retailers,Off-trade Volume,2019,5.0,621.4,million litres,31.07
USA,RTD Coffee,General Merchandise Stores,Off-trade Volume,2019,3.7,621.4,million litres,22.9918
USA,RTD Coffee,Apparel and Footwear Specialists,Off-trade Volume,2019,0.0,621.4,million litres,0.0
USA,RTD Coffee,Appliances and Electronics Specialists,Off-trade Volume,2019,0.0,621.4,million litres,0.0
USA,RTD Coffee,Home Products Specialists,Off-trade Volume,2019,0.0,621.4,million litres,0.0
USA,RTD Coffee,Health and Beauty Specialists,Off-trade Volume,2019,1.3,621.4,million litres,8.0782
USA,RTD Coffee,Leisure and Personal Goods Specialists,Off-trade Volume,2019,0.0,621.4,million litres,0.0
USA,RTD Coffee,Other Non-Grocery Retailers,Off-trade Volume,2019,0.0,621.4,million litres,0.0
USA,RTD Coffee,Vending,Off-trade Volume,2019,3.1,621.4,million litres,19.2634
USA,RTD Coffee,Direct Selling,Off-trade Volume,2019,0.0,621.4,million litres,0.0
USA,RTD Coffee,Retail E-Commerce,Off-trade Volume,2019,5.6,621.4,million litres,34.798399999999994
Western Europe,Coffee,Retail Channels,Retail Volume,2019,100.0,1298794.3,Tonnes,1298794.3
Western Europe,Coffee,Retail Offline,Retail Volume,2019,96.0,1298794.3,Tonnes,1246842.528
Western Europe,Coffee,Grocery Retailers,Retail Volume,2019,93.0,1298794.3,Tonnes,1207878.699
Western Europe,Coffee,Convenience Retailers,Retail Volume,2019,3.7,1298794.3,Tonnes,48055.38910000001
Western Europe,Coffee,Convenience Stores,Retail Volume,2019,3.2,1298794.3,Tonnes,41561.4176
Western Europe,Coffee,Forecourt Retailers,Retail Volume,2019,0.4,1298794.3,Tonnes,5195.1772
Western Europe,Coffee,Supermarkets,Retail Volume,2019,38.1,1298794.3,Tonnes,494840.62830000004
Western Europe,Coffee,Hypermarkets,Retail Volume,2019,21.4,1298794.3,Tonnes,277941.9802
Western Europe,Coffee,Discounters,Retail Volume,2019,22.4,1298794.3,Tonnes,290929.92319999996
Western Europe,Coffee,Warehouse Clubs,Retail Volume,2019,0.0,1298794.3,Tonnes,0.0
Western Europe,Coffee,Food/drink/tobacco specialists,Retail Volume,2019,4.2,1298794.3,Tonnes,54549.36060000001
Western Europe,Coffee,Small Local Grocers,Retail Volume,2019,3.3,1298794.3,Tonnes,42860.2119
Western Europe,Coffee,Non-Grocery Retailers,Retail Volume,2019,2.0,1298794.3,Tonnes,25975.886000000002
Western Europe,Coffee,General Merchandise Stores,Retail Volume,2019,0.8,1298794.3,Tonnes,10390.3544
Western Europe,Coffee,Apparel and Footwear Specialists,Retail Volume,2019,0.0,1298794.3,Tonnes,0.0
Western Europe,Coffee,Appliances and Electronics Specialists,Retail Volume,2019,0.0,1298794.3,Tonnes,0.0
Western Europe,Coffee,Home Products Specialists,Retail Volume,2019,0.0,1298794.3,Tonnes,0.0
Western Europe,Coffee,Health and Beauty Specialists,Retail Volume,2019,1.1,1298794.3,Tonnes,14286.737300000003
Western Europe,Coffee,Leisure and Personal Goods Specialists,Retail Volume,2019,0.0,1298794.3,Tonnes,0.0
Western Europe,Coffee,Other Non-Grocery Retailers,Retail Volume,2019,0.0,1298794.3,Tonnes,0.0
Western Europe,Coffee,Vending,Retail Volume,2019,1.0,1298794.3,Tonnes,12987.943000000001
Western Europe,Coffee,Direct Selling,Retail Volume,2019,0.0,1298794.3,Tonnes,0.0
Western Europe,Coffee,Retail E-Commerce,Retail Volume,2019,4.0,1298794.3,Tonnes,51951.772000000004
Western Europe,RTD Coffee,Retail Channels,Off-trade Volume,2019,100.0,263.4,million litres,263.4
Western Europe,RTD Coffee,Retail Offline,Off-trade Volume,2019,98.6,263.4,million litres,259.7124
Western Europe,RTD Coffee,Grocery Retailers,Off-trade Volume,2019,96.1,263.4,million litres,253.12739999999997
Western Europe,RTD Coffee,Convenience Retailers,Off-trade Volume,2019,14.3,263.4,million litres,37.6662
Western Europe,RTD Coffee,Convenience Stores,Off-trade Volume,2019,5.6,263.4,million litres,14.750399999999997
Western Europe,RTD Coffee,Forecourt Retailers,Off-trade Volume,2019,8.7,263.4,million litres,22.915799999999997
Western Europe,RTD Coffee,Supermarkets,Off-trade Volume,2019,42.5,263.4,million litres,111.945
Western Europe,RTD Coffee,Hypermarkets,Off-trade Volume,2019,16.8,263.4,million litres,44.2512
Western Europe,RTD Coffee,Discounters,Off-trade Volume,2019,16.0,263.4,million litres,42.144
Western Europe,RTD Coffee,Warehouse Clubs,Off-trade Volume,2019,0.0,263.4,million litres,0.0
Western Europe,RTD Coffee,Food/drink/tobacco specialists,Off-trade Volume,2019,0.2,263.4,million litres,0.5267999999999999
Western Europe,RTD Coffee,Small Local Grocers,Off-trade Volume,2019,6.3,263.4,million litres,16.594199999999997
Western Europe,RTD Coffee,Non-Grocery Retailers,Off-trade Volume,2019,1.9,263.4,million litres,5.004599999999999
Western Europe,RTD Coffee,General Merchandise Stores,Off-trade Volume,2019,0.0,263.4,million litres,0.0
Western Europe,RTD Coffee,Apparel and Footwear Specialists,Off-trade Volume,2019,0.0,263.4,million litres,0.0
Western Europe,RTD Coffee,Appliances and Electronics Specialists,Off-trade Volume,2019,0.0,263.4,million litres,0.0
Western Europe,RTD Coffee,Home Products Specialists,Off-trade Volume,2019,0.0,263.4,million litres,0.0
Western Europe,RTD Coffee,Health and Beauty Specialists,Off-trade Volume,2019,1.9,263.4,million litres,5.004599999999999
Western Europe,RTD Coffee,Leisure and Personal Goods Specialists,Off-trade Volume,2019,0.0,263.4,million litres,0.0
Western Europe,RTD Coffee,Other Non-Grocery Retailers,Off-trade Volume,2019,0.0,263.4,million litres,0.0
Western Europe,RTD Coffee,Vending,Off-trade Volume,2019,0.6,263.4,million litres,1.5803999999999998
Western Europe,RTD Coffee,Direct Selling,Off-trade Volume,2019,0.0,263.4,million litres,0.0
Western Europe,RTD Coffee,Retail E-Commerce,Off-trade Volume,2019,1.4,263.4,million litres,3.6875999999999993
France,Coffee,Retail Channels,Retail Volume,2019,100.0,186450.0,Tonnes,186450.0
France,Coffee,Retail Offline,Retail Volume,2019,90.8,186450.0,Tonnes,169296.59999999998
France,Coffee,Grocery Retailers,Retail Volume,2019,89.8,186450.0,Tonnes,167432.1
France,Coffee,Convenience Retailers,Retail Volume,2019,1.0,186450.0,Tonnes,1864.5
France,Coffee,Convenience Stores,Retail Volume,2019,1.0,186450.0,Tonnes,1864.5
France,Coffee,Forecourt Retailers,Retail Volume,2019,0.0,186450.0,Tonnes,0.0
France,Coffee,Supermarkets,Retail Volume,2019,25.3,186450.0,Tonnes,47171.85
France,Coffee,Hypermarkets,Retail Volume,2019,33.9,186450.0,Tonnes,63206.549999999996
France,Coffee,Discounters,Retail Volume,2019,12.5,186450.0,Tonnes,23306.25
France,Coffee,Warehouse Clubs,Retail Volume,2019,0.0,186450.0,Tonnes,0.0
France,Coffee,Food/drink/tobacco specialists,Retail Volume,2019,16.5,186450.0,Tonnes,30764.25
France,Coffee,Small Local Grocers,Retail Volume,2019,0.6,186450.0,Tonnes,1118.7
France,Coffee,Non-Grocery Retailers,Retail Volume,2019,0.7,186450.0,Tonnes,1305.1499999999999
France,Coffee,General Merchandise Stores,Retail Volume,2019,0.0,186450.0,Tonnes,0.0
France,Coffee,Apparel and Footwear Specialists,Retail Volume,2019,0.0,186450.0,Tonnes,0.0
France,Coffee,Appliances and Electronics Specialists,Retail Volume,2019,0.0,186450.0,Tonnes,0.0
France,Coffee,Home Products Specialists,Retail Volume,2019,0.0,186450.0,Tonnes,0.0
France,Coffee,Health and Beauty Specialists,Retail Volume,2019,0.7,186450.0,Tonnes,1305.1499999999999
France,Coffee,Leisure and Personal Goods Specialists,Retail Volume,2019,0.0,186450.0,Tonnes,0.0
France,Coffee,Other Non-Grocery Retailers,Retail Volume,2019,0.0,186450.0,Tonnes,0.0
France,Coffee,Vending,Retail Volume,2019,0.3,186450.0,Tonnes,559.35
France,Coffee,Direct Selling,Retail Volume,2019,0.0,186450.0,Tonnes,0.0
France,Coffee,Retail E-Commerce,Retail Volume,2019,9.2,186450.0,Tonnes,17153.4
France,RTD Coffee,Retail Channels,Off-trade Volume,2019,100.0,5.6,million litres,5.6
France,RTD Coffee,Retail Offline,Off-trade Volume,2019,99.1,5.6,million litres,5.5496
France,RTD Coffee,Grocery Retailers,Off-trade Volume,2019,98.5,5.6,million litres,5.516
France,RTD Coffee,Convenience Retailers,Off-trade Volume,2019,38.5,5.6,million litres,2.1559999999999997
France,RTD Coffee,Convenience Stores,Off-trade Volume,2019,17.4,5.6,million litres,0.9743999999999998
France,RTD Coffee,Forecourt Retailers,Off-trade Volume,2019,21.1,5.6,million litres,1.1816
France,RTD Coffee,Supermarkets,Off-trade Volume,2019,26.5,5.6,million litres,1.484
France,RTD Coffee,Hypermarkets,Off-trade Volume,2019,29.9,5.6,million litres,1.6743999999999999
France,RTD Coffee,Discounters,Off-trade Volume,2019,1.8,5.6,million litres,0.1008
France,RTD Coffee,Warehouse Clubs,Off-trade Volume,2019,0.0,5.6,million litres,0.0
France,RTD Coffee,Food/drink/tobacco specialists,Off-trade Volume,2019,0.0,5.6,million litres,0.0
France,RTD Coffee,Small Local Grocers,Off-trade Volume,2019,1.8,5.6,million litres,0.1008
France,RTD Coffee,Non-Grocery Retailers,Off-trade Volume,2019,0.0,5.6,million litres,0.0
France,RTD Coffee,General Merchandise Stores,Off-trade Volume,2019,0.0,5.6,million litres,0.0
France,RTD Coffee,Apparel and Footwear Specialists,Off-trade Volume,2019,0.0,5.6,million litres,0.0
France,RTD Coffee,Appliances and Electronics Specialists,Off-trade Volume,2019,0.0,5.6,million litres,0.0
France,RTD Coffee,Home Products Specialists,Off-trade Volume,2019,0.0,5.6,million litres,0.0
France,RTD Coffee,Health and Beauty Specialists,Off-trade Volume,2019,0.0,5.6,million litres,0.0
France,RTD Coffee,Leisure and Personal Goods Specialists,Off-trade Volume,2019,0.0,5.6,million litres,0.0
France,RTD Coffee,Other Non-Grocery Retailers,Off-trade Volume,2019,0.0,5.6,million litres,0.0
France,RTD Coffee,Vending,Off-trade Volume,2019,0.6,5.6,million litres,0.0336
France,RTD Coffee,Direct Selling,Off-trade Volume,2019,0.0,5.6,million litres,0.0
France,RTD Coffee,Retail E-Commerce,Off-trade Volume,2019,0.9,5.6,million litres,0.0504
Germany,Coffee,Retail Channels,Retail Volume,2019,100.0,382178.7,Tonnes,382178.7
Germany,Coffee,Retail Offline,Retail Volume,2019,97.5,382178.7,Tonnes,372624.2325
Germany,Coffee,Grocery Retailers,Retail Volume,2019,93.8,382178.7,Tonnes,358483.62059999997
Germany,Coffee,Convenience Retailers,Retail Volume,2019,0.8,382178.7,Tonnes,3057.4296
Germany,Coffee,Convenience Stores,Retail Volume,2019,0.5,382178.7,Tonnes,1910.8935000000001
Germany,Coffee,Forecourt Retailers,Retail Volume,2019,0.4,382178.7,Tonnes,1528.7148
Germany,Coffee,Supermarkets,Retail Volume,2019,24.7,382178.7,Tonnes,94398.1389
Germany,Coffee,Hypermarkets,Retail Volume,2019,19.4,382178.7,Tonnes,74142.6678
Germany,Coffee,Discounters,Retail Volume,2019,45.3,382178.7,Tonnes,173126.95109999998
Germany,Coffee,Warehouse Clubs,Retail Volume,2019,0.0,382178.7,Tonnes,0.0
Germany,Coffee,Food/drink/tobacco specialists,Retail Volume,2019,2.6,382178.7,Tonnes,9936.646200000001
Germany,Coffee,Small Local Grocers,Retail Volume,2019,1.0,382178.7,Tonnes,3821.7870000000003
Germany,Coffee,Non-Grocery Retailers,Retail Volume,2019,3.1,382178.7,Tonnes,11847.539700000001
Germany,Coffee,General Merchandise Stores,Retail Volume,2019,1.9,382178.7,Tonnes,7261.3953
Germany,Coffee,Apparel and Footwear Specialists,Retail Volume,2019,0.0,382178.7,Tonnes,0.0
Germany,Coffee,Appliances and Electronics Specialists,Retail Volume,2019,0.0,382178.7,Tonnes,0.0
Germany,Coffee,Home Products Specialists,Retail Volume,2019,0.0,382178.7,Tonnes,0.0
Germany,Coffee,Health and Beauty Specialists,Retail Volume,2019,1.3,382178.7,Tonnes,4968.3231000000005
Germany,Coffee,Leisure and Personal Goods Specialists,Retail Volume,2019,0.0,382178.7,Tonnes,0.0
Germany,Coffee,Other Non-Grocery Retailers,Retail Volume,2019,0.0,382178.7,Tonnes,0.0
Germany,Coffee,Vending,Retail Volume,2019,0.5,382178.7,Tonnes,1910.8935000000001
Germany,Coffee,Direct Selling,Retail Volume,2019,0.0,382178.7,Tonnes,0.0
Germany,Coffee,Retail E-Commerce,Retail Volume,2019,2.5,382178.7,Tonnes,9554.4675
Germany,RTD Coffee,Retail Channels,Off-trade Volume,2019,100.0,111.6,million litres,111.6
Germany,RTD Coffee,Retail Offline,Off-trade Volume,2019,99.0,111.6,million litres,110.484
Germany,RTD Coffee,Grocery Retailers,Off-trade Volume,2019,94.4,111.6,million litres,105.35040000000001
Germany,RTD Coffee,Convenience Retailers,Off-trade Volume,2019,14.2,111.6,million litres,15.847199999999997
Germany,RTD Coffee,Convenience Stores,Off-trade Volume,2019,0.1,111.6,million litres,0.11159999999999999
Germany,RTD Coffee,Forecourt Retailers,Off-trade Volume,2019,14.1,111.6,million litres,15.735599999999998
Germany,RTD Coffee,Supermarkets,Off-trade Volume,2019,29.1,111.6,million litres,32.4756
Germany,RTD Coffee,Hypermarkets,Off-trade Volume,2019,18.0,111.6,million litres,20.087999999999997
Germany,RTD Coffee,Discounters,Off-trade Volume,2019,24.4,111.6,million litres,27.2304
Germany,RTD Coffee,Warehouse Clubs,Off-trade Volume,2019,0.0,111.6,million litres,0.0
Germany,RTD Coffee,Food/drink/tobacco specialists,Off-trade Volume,2019,0.2,111.6,million litres,0.22319999999999998
Germany,RTD Coffee,Small Local Grocers,Off-trade Volume,2019,8.7,111.6,million litres,9.7092
Germany,RTD Coffee,Non-Grocery Retailers,Off-trade Volume,2019,4.2,111.6,million litres,4.6872
Germany,RTD Coffee,General Merchandise Stores,Off-trade Volume,2019,0.0,111.6,million litres,0.0
Germany,RTD Coffee,Apparel and Footwear Specialists,Off-trade Volume,2019,0.0,111.6,million litres,0.0
Germany,RTD Coffee,Appliances and Electronics Specialists,Off-trade Volume,2019,0.0,111.6,million litres,0.0
Germany,RTD Coffee,Home Products Specialists,Off-trade Volume,2019,0.0,111.6,million litres,0.0
Germany,RTD Coffee,Health and Beauty Specialists,Off-trade Volume,2019,4.2,111.6,million litres,4.6872
Germany,RTD Coffee,Leisure and Personal Goods Specialists,Off-trade Volume,2019,0.0,111.6,million litres,0.0
Germany,RTD Coffee,Other Non-Grocery Retailers,Off-trade Volume,2019,0.0,111.6,million litres,0.0
Germany,RTD Coffee,Vending,Off-trade Volume,2019,0.4,111.6,million litres,0.44639999999999996
Germany,RTD Coffee,Direct Selling,Off-trade Volume,2019,0.0,111.6,million litres,0.0
Germany,RTD Coffee,Retail E-Commerce,Off-trade Volume,2019,1.0,111.6,million litres,1.1159999999999999
United Kingdom,Coffee,Retail Channels,Retail Volume,2019,100.0,75663.5,Tonnes,75663.5
United Kingdom,Coffee,Retail Offline,Retail Volume,2019,91.0,75663.5,Tonnes,68853.785
United Kingdom,Coffee,Grocery Retailers,Retail Volume,2019,88.0,75663.5,Tonnes,66583.88
United Kingdom,Coffee,Convenience Retailers,Retail Volume,2019,4.8,75663.5,Tonnes,3631.848
United Kingdom,Coffee,Convenience Stores,Retail Volume,2019,4.5,75663.5,Tonnes,3404.8575
United Kingdom,Coffee,Forecourt Retailers,Retail Volume,2019,0.2,75663.5,Tonnes,151.327
United Kingdom,Coffee,Supermarkets,Retail Volume,2019,38.1,75663.5,Tonnes,28827.7935
United Kingdom,Coffee,Hypermarkets,Retail Volume,2019,35.4,75663.5,Tonnes,26784.878999999997
United Kingdom,Coffee,Discounters,Retail Volume,2019,7.3,75663.5,Tonnes,5523.4355
United Kingdom,Coffee,Warehouse Clubs,Retail Volume,2019,0.1,75663.5,Tonnes,75.6635
United Kingdom,Coffee,Food/drink/tobacco specialists,Retail Volume,2019,1.4,75663.5,Tonnes,1059.289
United Kingdom,Coffee,Small Local Grocers,Retail Volume,2019,1.0,75663.5,Tonnes,756.635
United Kingdom,Coffee,Non-Grocery Retailers,Retail Volume,2019,2.4,75663.5,Tonnes,1815.924
United Kingdom,Coffee,General Merchandise Stores,Retail Volume,2019,2.4,75663.5,Tonnes,1815.924
United Kingdom,Coffee,Apparel and Footwear Specialists,Retail Volume,2019,0.0,75663.5,Tonnes,0.0
United Kingdom,Coffee,Appliances and Electronics Specialists,Retail Volume,2019,0.0,75663.5,Tonnes,0.0
United Kingdom,Coffee,Home Products Specialists,Retail Volume,2019,0.0,75663.5,Tonnes,0.0
United Kingdom,Coffee,Health and Beauty Specialists,Retail Volume,2019,0.0,75663.5,Tonnes,0.0
United Kingdom,Coffee,Leisure and Personal Goods Specialists,Retail Volume,2019,0.0,75663.5,Tonnes,0.0
United Kingdom,Coffee,Other Non-Grocery Retailers,Retail Volume,2019,0.0,75663.5,Tonnes,0.0
United Kingdom,Coffee,Vending,Retail Volume,2019,0.6,75663.5,Tonnes,453.981
United Kingdom,Coffee,Direct Selling,Retail Volume,2019,0.0,75663.5,Tonnes,0.0
United Kingdom,Coffee,Retail E-Commerce,Retail Volume,2019,9.0,75663.5,Tonnes,6809.715
United Kingdom,RTD Coffee,Retail Channels,Off-trade Volume,2019,100.0,21.0,million litres,21.0
United Kingdom,RTD Coffee,Retail Offline,Off-trade Volume,2019,94.5,21.0,million litres,19.845
United Kingdom,RTD Coffee,Grocery Retailers,Off-trade Volume,2019,93.8,21.0,million litres,19.698
United Kingdom,RTD Coffee,Convenience Retailers,Off-trade Volume,2019,12.2,21.0,million litres,2.562
United Kingdom,RTD Coffee,Convenience Stores,Off-trade Volume,2019,8.9,21.0,million litres,1.8690000000000002
United Kingdom,RTD Coffee,Forecourt Retailers,Off-trade Volume,2019,3.4,21.0,million litres,0.7140000000000001
United Kingdom,RTD Coffee,Supermarkets,Off-trade Volume,2019,32.2,21.0,million litres,6.7620000000000005
United Kingdom,RTD Coffee,Hypermarkets,Off-trade Volume,2019,34.5,21.0,million litres,7.244999999999999
United Kingdom,RTD Coffee,Discounters,Off-trade Volume,2019,0.0,21.0,million litres,0.0
United Kingdom,RTD Coffee,Warehouse Clubs,Off-trade Volume,2019,0.0,21.0,million litres,0.0
United Kingdom,RTD Coffee,Food/drink/tobacco specialists,Off-trade Volume,2019,0.0,21.0,million litres,0.0
United Kingdom,RTD Coffee,Small Local Grocers,Off-trade Volume,2019,14.8,21.0,million litres,3.1080000000000005
United Kingdom,RTD Coffee,Non-Grocery Retailers,Off-trade Volume,2019,0.7,21.0,million litres,0.147
United Kingdom,RTD Coffee,General Merchandise Stores,Off-trade Volume,2019,0.0,21.0,million litres,0.0
United Kingdom,RTD Coffee,Apparel and Footwear Specialists,Off-trade Volume,2019,0.0,21.0,million litres,0.0
United Kingdom,RTD Coffee,Appliances and Electronics Specialists,Off-trade Volume,2019,0.0,21.0,million litres,0.0
United Kingdom,RTD Coffee,Home Products Specialists,Off-trade Volume,2019,0.0,21.0,million litres,0.0
United Kingdom,RTD Coffee,Health and Beauty Specialists,Off-trade Volume,2019,0.7,21.0,million litres,0.147
United Kingdom,RTD Coffee,Leisure and Personal Goods Specialists,Off-trade Volume,2019,0.0,21.0,million litres,0.0
United Kingdom,RTD Coffee,Other Non-Grocery Retailers,Off-trade Volume,2019,0.0,21.0,million litres,0.0
United Kingdom,RTD Coffee,Vending,Off-trade Volume,2019,0.0,21.0,million litres,0.0
United Kingdom,RTD Coffee,Direct Selling,Off-trade Volume,2019,0.0,21.0,million litres,0.0
United Kingdom,RTD Coffee,Retail E-Commerce,Off-trade Volume,2019,5.5,21.0,million litres,1.155
World,Coffee,Retail Channels,Retail Volume,2020,100.0,6163793.8,Tonnes,6163793.8
World,Coffee,Retail Offline,Retail Volume,2020,94.4,6163793.8,Tonnes,5818621.347200001
World,Coffee,Grocery Retailers,Retail Volume,2020,92.1,6163793.8,Tonnes,5676854.089799999
World,Coffee,Convenience Retailers,Retail Volume,2020,5.1,6163793.8,Tonnes,314353.4838
World,Coffee,Convenience Stores,Retail Volume,2020,4.3,6163793.8,Tonnes,265043.1334
World,Coffee,Forecourt Retailers,Retail Volume,2020,0.8,6163793.8,Tonnes,49310.3504
World,Coffee,Supermarkets,Retail Volume,2020,29.2,6163793.8,Tonnes,1799827.7895999998
World,Coffee,Hypermarkets,Retail Volume,2020,19.4,6163793.8,Tonnes,1195775.9971999999
World,Coffee,Discounters,Retail Volume,2020,7.7,6163793.8,Tonnes,474612.1226
World,Coffee,Warehouse Clubs,Retail Volume,2020,1.3,6163793.8,Tonnes,80129.31940000001
World,Coffee,Food/drink/tobacco specialists,Retail Volume,2020,2.5,6163793.8,Tonnes,154094.845
World,Coffee,Small Local Grocers,Retail Volume,2020,26.8,6163793.8,Tonnes,1651896.7384000001
World,Coffee,Non-Grocery Retailers,Retail Volume,2020,1.8,6163793.8,Tonnes,110948.2884
World,Coffee,General Merchandise Stores,Retail Volume,2020,1.0,6163793.8,Tonnes,61637.938
World,Coffee,Apparel and Footwear Specialists,Retail Volume,2020,0.0,6163793.8,Tonnes,0.0
World,Coffee,Appliances and Electronics Specialists,Retail Volume,2020,0.0,6163793.8,Tonnes,0.0
World,Coffee,Home Products Specialists,Retail Volume,2020,0.0,6163793.8,Tonnes,0.0
World,Coffee,Health and Beauty Specialists,Retail Volume,2020,0.6,6163793.8,Tonnes,36982.7628
World,Coffee,Leisure and Personal Goods Specialists,Retail Volume,2020,0.0,6163793.8,Tonnes,0.0
World,Coffee,Other Non-Grocery Retailers,Retail Volume,2020,0.1,6163793.8,Tonnes,6163.7938
World,Coffee,Vending,Retail Volume,2020,0.4,6163793.8,Tonnes,24655.1752
World,Coffee,Direct Selling,Retail Volume,2020,0.1,6163793.8,Tonnes,6163.7938
World,Coffee,Retail E-Commerce,Retail Volume,2020,5.6,6163793.8,Tonnes,345172.45279999997
World,RTD Coffee,Retail Channels,Off-trade Volume,2020,100.0,5411.7,million litres,5411.7
World,RTD Coffee,Retail Offline,Off-trade Volume,2020,96.5,5411.7,million litres,5222.2905
World,RTD Coffee,Grocery Retailers,Off-trade Volume,2020,71.2,5411.7,million litres,3853.1304000000005
World,RTD Coffee,Convenience Retailers,Off-trade Volume,2020,26.3,5411.7,million litres,1423.2771
World,RTD Coffee,Convenience Stores,Off-trade Volume,2020,22.0,5411.7,million litres,1190.574
World,RTD Coffee,Forecourt Retailers,Off-trade Volume,2020,4.3,5411.7,million litres,232.70309999999998
World,RTD Coffee,Supermarkets,Off-trade Volume,2020,22.0,5411.7,million litres,1190.574
World,RTD Coffee,Hypermarkets,Off-trade Volume,2020,9.8,5411.7,million litres,530.3466
World,RTD Coffee,Discounters,Off-trade Volume,2020,1.1,5411.7,million litres,59.5287
World,RTD Coffee,Warehouse Clubs,Off-trade Volume,2020,2.5,5411.7,million litres,135.2925
World,RTD Coffee,Food/drink/tobacco specialists,Off-trade Volume,2020,0.0,5411.7,million litres,0.0
World,RTD Coffee,Small Local Grocers,Off-trade Volume,2020,9.5,5411.7,million litres,514.1115
World,RTD Coffee,Non-Grocery Retailers,Off-trade Volume,2020,11.3,5411.7,million litres,611.5221
World,RTD Coffee,General Merchandise Stores,Off-trade Volume,2020,5.3,5411.7,million litres,286.82009999999997
World,RTD Coffee,Apparel and Footwear Specialists,Off-trade Volume,2020,0.0,5411.7,million litres,0.0
World,RTD Coffee,Appliances and Electronics Specialists,Off-trade Volume,2020,0.0,5411.7,million litres,0.0
World,RTD Coffee,Home Products Specialists,Off-trade Volume,2020,0.0,5411.7,million litres,0.0
World,RTD Coffee,Health and Beauty Specialists,Off-trade Volume,2020,6.0,5411.7,million litres,324.702
World,RTD Coffee,Leisure and Personal Goods Specialists,Off-trade Volume,2020,0.0,5411.7,million litres,0.0
World,RTD Coffee,Other Non-Grocery Retailers,Off-trade Volume,2020,0.0,5411.7,million litres,0.0
World,RTD Coffee,Vending,Off-trade Volume,2020,13.9,5411.7,million litres,752.2263
World,RTD Coffee,Direct Selling,Off-trade Volume,2020,0.0,5411.7,million litres,0.0
World,RTD Coffee,Retail E-Commerce,Off-trade Volume,2020,3.5,5411.7,million litres,189.4095
Asia Pacific,Coffee,Retail Channels,Retail Volume,2020,100.0,1532808.0,Tonnes,1532808.0
Asia Pacific,Coffee,Retail Offline,Retail Volume,2020,94.6,1532808.0,Tonnes,1450036.368
Asia Pacific,Coffee,Grocery Retailers,Retail Volume,2020,92.2,1532808.0,Tonnes,1413248.976
Asia Pacific,Coffee,Convenience Retailers,Retail Volume,2020,8.9,1532808.0,Tonnes,136419.912
Asia Pacific,Coffee,Convenience Stores,Retail Volume,2020,8.0,1532808.0,Tonnes,122624.64
Asia Pacific,Coffee,Forecourt Retailers,Retail Volume,2020,1.0,1532808.0,Tonnes,15328.08
Asia Pacific,Coffee,Supermarkets,Retail Volume,2020,16.5,1532808.0,Tonnes,252913.32
Asia Pacific,Coffee,Hypermarkets,Retail Volume,2020,16.3,1532808.0,Tonnes,249847.704
Asia Pacific,Coffee,Discounters,Retail Volume,2020,0.1,1532808.0,Tonnes,1532.808
Asia Pacific,Coffee,Warehouse Clubs,Retail Volume,2020,0.3,1532808.0,Tonnes,4598.424
Asia Pacific,Coffee,Food/drink/tobacco specialists,Retail Volume,2020,0.7,1532808.0,Tonnes,10729.655999999999
Asia Pacific,Coffee,Small Local Grocers,Retail Volume,2020,49.4,1532808.0,Tonnes,757207.152
Asia Pacific,Coffee,Non-Grocery Retailers,Retail Volume,2020,2.2,1532808.0,Tonnes,33721.776000000005
Asia Pacific,Coffee,General Merchandise Stores,Retail Volume,2020,1.5,1532808.0,Tonnes,22992.12
Asia Pacific,Coffee,Apparel and Footwear Specialists,Retail Volume,2020,0.0,1532808.0,Tonnes,0.0
Asia Pacific,Coffee,Appliances and Electronics Specialists,Retail Volume,2020,0.0,1532808.0,Tonnes,0.0
Asia Pacific,Coffee,Home Products Specialists,Retail Volume,2020,0.0,1532808.0,Tonnes,0.0
Asia Pacific,Coffee,Health and Beauty Specialists,Retail Volume,2020,0.7,1532808.0,Tonnes,10729.655999999999
Asia Pacific,Coffee,Leisure and Personal Goods Specialists,Retail Volume,2020,0.0,1532808.0,Tonnes,0.0
Asia Pacific,Coffee,Other Non-Grocery Retailers,Retail Volume,2020,0.0,1532808.0,Tonnes,0.0
Asia Pacific,Coffee,Vending,Retail Volume,2020,0.1,1532808.0,Tonnes,1532.808
Asia Pacific,Coffee,Direct Selling,Retail Volume,2020,0.1,1532808.0,Tonnes,1532.808
Asia Pacific,Coffee,Retail E-Commerce,Retail Volume,2020,5.4,1532808.0,Tonnes,82771.63200000001
Asia Pacific,RTD Coffee,Retail Channels,Off-trade Volume,2020,100.0,4310.2,million litres,4310.2
Asia Pacific,RTD Coffee,Retail Offline,Off-trade Volume,2020,97.3,4310.2,million litres,4193.8246
Asia Pacific,RTD Coffee,Grocery Retailers,Off-trade Volume,2020,66.9,4310.2,million litres,2883.5238
Asia Pacific,RTD Coffee,Convenience Retailers,Off-trade Volume,2020,26.9,4310.2,million litres,1159.4437999999998
Asia Pacific,RTD Coffee,Convenience Stores,Off-trade Volume,2020,26.0,4310.2,million litres,1120.652
Asia Pacific,RTD Coffee,Forecourt Retailers,Off-trade Volume,2020,0.9,4310.2,million litres,38.7918
Asia Pacific,RTD Coffee,Supermarkets,Off-trade Volume,2020,20.7,4310.2,million litres,892.2113999999999
Asia Pacific,RTD Coffee,Hypermarkets,Off-trade Volume,2020,7.4,4310.2,million litres,318.95480000000003
Asia Pacific,RTD Coffee,Discounters,Off-trade Volume,2020,0.0,4310.2,million litres,0.0
Asia Pacific,RTD Coffee,Warehouse Clubs,Off-trade Volume,2020,1.3,4310.2,million litres,56.0326
Asia Pacific,RTD Coffee,Food/drink/tobacco specialists,Off-trade Volume,2020,0.0,4310.2,million litres,0.0
Asia Pacific,RTD Coffee,Small Local Grocers,Off-trade Volume,2020,10.6,4310.2,million litres,456.8812
Asia Pacific,RTD Coffee,Non-Grocery Retailers,Off-trade Volume,2020,13.3,4310.2,million litres,573.2566
Asia Pacific,RTD Coffee,General Merchandise Stores,Off-trade Volume,2020,6.0,4310.2,million litres,258.61199999999997
Asia Pacific,RTD Coffee,Apparel and Footwear Specialists,Off-trade Volume,2020,0.0,4310.2,million litres,0.0
Asia Pacific,RTD Coffee,Appliances and Electronics Specialists,Off-trade Volume,2020,0.0,4310.2,million litres,0.0
Asia Pacific,RTD Coffee,Home Products Specialists,Off-trade Volume,2020,0.0,4310.2,million litres,0.0
Asia Pacific,RTD Coffee,Health and Beauty Specialists,Off-trade Volume,2020,7.3,4310.2,million litres,314.64459999999997
Asia Pacific,RTD Coffee,Leisure and Personal Goods Specialists,Off-trade Volume,2020,0.0,4310.2,million litres,0.0
Asia Pacific,RTD Coffee,Other Non-Grocery Retailers,Off-trade Volume,2020,0.0,4310.2,million litres,0.0
Asia Pacific,RTD Coffee,Vending,Off-trade Volume,2020,17.1,4310.2,million litres,737.0442
Asia Pacific,RTD Coffee,Direct Selling,Off-trade Volume,2020,0.0,4310.2,million litres,0.0
Asia Pacific,RTD Coffee,Retail E-Commerce,Off-trade Volume,2020,2.7,4310.2,million litres,116.37540000000001
China,Coffee,Retail Channels,Retail Volume,2020,100.0,67782.7,Tonnes,67782.7
China,Coffee,Retail Offline,Retail Volume,2020,70.5,67782.7,Tonnes,47786.803499999995
China,Coffee,Grocery Retailers,Retail Volume,2020,70.5,67782.7,Tonnes,47786.803499999995
China,Coffee,Convenience Retailers,Retail Volume,2020,5.5,67782.7,Tonnes,3728.0485
China,Coffee,Convenience Stores,Retail Volume,2020,5.5,67782.7,Tonnes,3728.0485
China,Coffee,Forecourt Retailers,Retail Volume,2020,0.0,67782.7,Tonnes,0.0
China,Coffee,Supermarkets,Retail Volume,2020,27.0,67782.7,Tonnes,18301.329
China,Coffee,Hypermarkets,Retail Volume,2020,33.9,67782.7,Tonnes,22978.335299999995
China,Coffee,Discounters,Retail Volume,2020,0.0,67782.7,Tonnes,0.0
China,Coffee,Warehouse Clubs,Retail Volume,2020,0.0,67782.7,Tonnes,0.0
China,Coffee,Food/drink/tobacco specialists,Retail Volume,2020,0.0,67782.7,Tonnes,0.0
China,Coffee,Small Local Grocers,Retail Volume,2020,4.1,67782.7,Tonnes,2779.0906999999997
China,Coffee,Non-Grocery Retailers,Retail Volume,2020,0.0,67782.7,Tonnes,0.0
China,Coffee,General Merchandise Stores,Retail Volume,2020,0.0,67782.7,Tonnes,0.0
China,Coffee,Apparel and Footwear Specialists,Retail Volume,2020,0.0,67782.7,Tonnes,0.0
China,Coffee,Appliances and Electronics Specialists,Retail Volume,2020,0.0,67782.7,Tonnes,0.0
China,Coffee,Home Products Specialists,Retail Volume,2020,0.0,67782.7,Tonnes,0.0
China,Coffee,Health and Beauty Specialists,Retail Volume,2020,0.0,67782.7,Tonnes,0.0
China,Coffee,Leisure and Personal Goods Specialists,Retail Volume,2020,0.0,67782.7,Tonnes,0.0
China,Coffee,Other Non-Grocery Retailers,Retail Volume,2020,0.0,67782.7,Tonnes,0.0
China,Coffee,Vending,Retail Volume,2020,0.0,67782.7,Tonnes,0.0
China,Coffee,Direct Selling,Retail Volume,2020,0.0,67782.7,Tonnes,0.0
China,Coffee,Retail E-Commerce,Retail Volume,2020,29.5,67782.7,Tonnes,19995.8965
China,RTD Coffee,Retail Channels,Off-trade Volume,2020,100.0,268.5,million litres,268.5
China,RTD Coffee,Retail Offline,Off-trade Volume,2020,96.4,268.5,million litres,258.834
China,RTD Coffee,Grocery Retailers,Off-trade Volume,2020,93.5,268.5,million litres,251.0475
China,RTD Coffee,Convenience Retailers,Off-trade Volume,2020,18.8,268.5,million litres,50.478
China,RTD Coffee,Convenience Stores,Off-trade Volume,2020,14.5,268.5,million litres,38.9325
China,RTD Coffee,Forecourt Retailers,Off-trade Volume,2020,4.3,268.5,million litres,11.545499999999999
China,RTD Coffee,Supermarkets,Off-trade Volume,2020,19.1,268.5,million litres,51.283500000000004
China,RTD Coffee,Hypermarkets,Off-trade Volume,2020,8.7,268.5,million litres,23.359499999999997
China,RTD Coffee,Discounters,Off-trade Volume,2020,0.6,268.5,million litres,1.611
China,RTD Coffee,Warehouse Clubs,Off-trade Volume,2020,0.0,268.5,million litres,0.0
China,RTD Coffee,Food/drink/tobacco specialists,Off-trade Volume,2020,0.0,268.5,million litres,0.0
China,RTD Coffee,Small Local Grocers,Off-trade Volume,2020,46.3,268.5,million litres,124.31549999999999
China,RTD Coffee,Non-Grocery Retailers,Off-trade Volume,2020,0.0,268.5,million litres,0.0
China,RTD Coffee,General Merchandise Stores,Off-trade Volume,2020,0.0,268.5,million litres,0.0
China,RTD Coffee,Apparel and Footwear Specialists,Off-trade Volume,2020,0.0,268.5,million litres,0.0
China,RTD Coffee,Appliances and Electronics Specialists,Off-trade Volume,2020,0.0,268.5,million litres,0.0
China,RTD Coffee,Home Products Specialists,Off-trade Volume,2020,0.0,268.5,million litres,0.0
China,RTD Coffee,Health and Beauty Specialists,Off-trade Volume,2020,0.0,268.5,million litres,0.0
China,RTD Coffee,Leisure and Personal Goods Specialists,Off-trade Volume,2020,0.0,268.5,million litres,0.0
China,RTD Coffee,Other Non-Grocery Retailers,Off-trade Volume,2020,0.0,268.5,million litres,0.0
China,RTD Coffee,Vending,Off-trade Volume,2020,2.9,268.5,million litres,7.786499999999999
China,RTD Coffee,Direct Selling,Off-trade Volume,2020,0.0,268.5,million litres,0.0
China,RTD Coffee,Retail E-Commerce,Off-trade Volume,2020,3.6,268.5,million litres,9.666
India,Coffee,Retail Channels,Retail Volume,2020,100.0,75757.4,Tonnes,75757.4
India,Coffee,Retail Offline,Retail Volume,2020,98.5,75757.4,Tonnes,74621.03899999999
India,Coffee,Grocery Retailers,Retail Volume,2020,98.5,75757.4,Tonnes,74621.03899999999
India,Coffee,Convenience Retailers,Retail Volume,2020,1.6,75757.4,Tonnes,1212.1183999999998
India,Coffee,Convenience Stores,Retail Volume,2020,1.5,75757.4,Tonnes,1136.3609999999999
India,Coffee,Forecourt Retailers,Retail Volume,2020,0.1,75757.4,Tonnes,75.75739999999999
India,Coffee,Supermarkets,Retail Volume,2020,9.1,75757.4,Tonnes,6893.9234
India,Coffee,Hypermarkets,Retail Volume,2020,7.1,75757.4,Tonnes,5378.7753999999995
India,Coffee,Discounters,Retail Volume,2020,0.0,75757.4,Tonnes,0.0
India,Coffee,Warehouse Clubs,Retail Volume,2020,0.0,75757.4,Tonnes,0.0
India,Coffee,Food/drink/tobacco specialists,Retail Volume,2020,0.0,75757.4,Tonnes,0.0
India,Coffee,Small Local Grocers,Retail Volume,2020,80.7,75757.4,Tonnes,61136.2218
India,Coffee,Non-Grocery Retailers,Retail Volume,2020,0.0,75757.4,Tonnes,0.0
India,Coffee,General Merchandise Stores,Retail Volume,2020,0.0,75757.4,Tonnes,0.0
India,Coffee,Apparel and Footwear Specialists,Retail Volume,2020,0.0,75757.4,Tonnes,0.0
India,Coffee,Appliances and Electronics Specialists,Retail Volume,2020,0.0,75757.4,Tonnes,0.0
India,Coffee,Home Products Specialists,Retail Volume,2020,0.0,75757.4,Tonnes,0.0
India,Coffee,Health and Beauty Specialists,Retail Volume,2020,0.0,75757.4,Tonnes,0.0
India,Coffee,Leisure and Personal Goods Specialists,Retail Volume,2020,0.0,75757.4,Tonnes,0.0
India,Coffee,Other Non-Grocery Retailers,Retail Volume,2020,0.0,75757.4,Tonnes,0.0
India,Coffee,Vending,Retail Volume,2020,0.0,75757.4,Tonnes,0.0
India,Coffee,Direct Selling,Retail Volume,2020,0.0,75757.4,Tonnes,0.0
India,Coffee,Retail E-Commerce,Retail Volume,2020,1.4,75757.4,Tonnes,1060.6036
India,RTD Coffee,Retail Channels,Off-trade Volume,2020,0.0,,million litres,
India,RTD Coffee,Retail Offline,Off-trade Volume,2020,0.0,,million litres,
India,RTD Coffee,Grocery Retailers,Off-trade Volume,2020,0.0,,million litres,
India,RTD Coffee,Convenience Retailers,Off-trade Volume,2020,0.0,,million litres,
India,RTD Coffee,Convenience Stores,Off-trade Volume,2020,0.0,,million litres,
India,RTD Coffee,Forecourt Retailers,Off-trade Volume,2020,0.0,,million litres,
India,RTD Coffee,Supermarkets,Off-trade Volume,2020,0.0,,million litres,
India,RTD Coffee,Hypermarkets,Off-trade Volume,2020,0.0,,million litres,
India,RTD Coffee,Discounters,Off-trade Volume,2020,0.0,,million litres,
India,RTD Coffee,Warehouse Clubs,Off-trade Volume,2020,0.0,,million litres,
India,RTD Coffee,Food/drink/tobacco specialists,Off-trade Volume,2020,0.0,,million litres,
India,RTD Coffee,Small Local Grocers,Off-trade Volume,2020,0.0,,million litres,
India,RTD Coffee,Non-Grocery Retailers,Off-trade Volume,2020,0.0,,million litres,
India,RTD Coffee,General Merchandise Stores,Off-trade Volume,2020,0.0,,million litres,
India,RTD Coffee,Apparel and Footwear Specialists,Off-trade Volume,2020,0.0,,million litres,
India,RTD Coffee,Appliances and Electronics Specialists,Off-trade Volume,2020,0.0,,million litres,
India,RTD Coffee,Home Products Specialists,Off-trade Volume,2020,0.0,,million litres,
India,RTD Coffee,Health and Beauty Specialists,Off-trade Volume,2020,0.0,,million litres,
India,RTD Coffee,Leisure and Personal Goods Specialists,Off-trade Volume,2020,0.0,,million litres,
India,RTD Coffee,Other Non-Grocery Retailers,Off-trade Volume,2020,0.0,,million litres,
India,RTD Coffee,Vending,Off-trade Volume,2020,0.0,,million litres,
India,RTD Coffee,Direct Selling,Off-trade Volume,2020,0.0,,million litres,
India,RTD Coffee,Retail E-Commerce,Off-trade Volume,2020,0.0,,million litres,
Japan,Coffee,Retail Channels,Retail Volume,2020,100.0,119096.3,Tonnes,119096.3
Japan,Coffee,Retail Offline,Retail Volume,2020,90.4,119096.3,Tonnes,107663.0552
Japan,Coffee,Grocery Retailers,Retail Volume,2020,69.9,119096.3,Tonnes,83248.31370000001
Japan,Coffee,Convenience Retailers,Retail Volume,2020,3.2,119096.3,Tonnes,3811.0816
Japan,Coffee,Convenience Stores,Retail Volume,2020,3.2,119096.3,Tonnes,3811.0816
Japan,Coffee,Forecourt Retailers,Retail Volume,2020,0.0,119096.3,Tonnes,0.0
Japan,Coffee,Supermarkets,Retail Volume,2020,47.7,119096.3,Tonnes,56808.9351
Japan,Coffee,Hypermarkets,Retail Volume,2020,10.8,119096.3,Tonnes,12862.400400000002
Japan,Coffee,Discounters,Retail Volume,2020,0.0,119096.3,Tonnes,0.0
Japan,Coffee,Warehouse Clubs,Retail Volume,2020,2.7,119096.3,Tonnes,3215.6001000000006
Japan,Coffee,Food/drink/tobacco specialists,Retail Volume,2020,0.0,119096.3,Tonnes,0.0
Japan,Coffee,Small Local Grocers,Retail Volume,2020,5.6,119096.3,Tonnes,6669.3928
Japan,Coffee,Non-Grocery Retailers,Retail Volume,2020,19.8,119096.3,Tonnes,23581.0674
Japan,Coffee,General Merchandise Stores,Retail Volume,2020,13.5,119096.3,Tonnes,16078.000500000002
Japan,Coffee,Apparel and Footwear Specialists,Retail Volume,2020,0.0,119096.3,Tonnes,0.0
Japan,Coffee,Appliances and Electronics Specialists,Retail Volume,2020,0.0,119096.3,Tonnes,0.0
Japan,Coffee,Home Products Specialists,Retail Volume,2020,0.0,119096.3,Tonnes,0.0
Japan,Coffee,Health and Beauty Specialists,Retail Volume,2020,6.4,119096.3,Tonnes,7622.1632
Japan,Coffee,Leisure and Personal Goods Specialists,Retail Volume,2020,0.0,119096.3,Tonnes,0.0
Japan,Coffee,Other Non-Grocery Retailers,Retail Volume,2020,0.0,119096.3,Tonnes,0.0
Japan,Coffee,Vending,Retail Volume,2020,0.7,119096.3,Tonnes,833.6741
Japan,Coffee,Direct Selling,Retail Volume,2020,0.0,119096.3,Tonnes,0.0
Japan,Coffee,Retail E-Commerce,Retail Volume,2020,9.6,119096.3,Tonnes,11433.2448
Japan,RTD Coffee,Retail Channels,Off-trade Volume,2020,100.0,3011.8,million litres,3011.8
Japan,RTD Coffee,Retail Offline,Off-trade Volume,2020,99.4,3011.8,million litres,2993.7292000000007
Japan,RTD Coffee,Grocery Retailers,Off-trade Volume,2020,58.1,3011.8,million litres,1749.8558
Japan,RTD Coffee,Convenience Retailers,Off-trade Volume,2020,21.4,3011.8,million litres,644.5252
Japan,RTD Coffee,Convenience Stores,Off-trade Volume,2020,21.4,3011.8,million litres,644.5252
Japan,RTD Coffee,Forecourt Retailers,Off-trade Volume,2020,0.0,3011.8,million litres,0.0
Japan,RTD Coffee,Supermarkets,Off-trade Volume,2020,24.5,3011.8,million litres,737.8910000000001
Japan,RTD Coffee,Hypermarkets,Off-trade Volume,2020,6.3,3011.8,million litres,189.7434
Japan,RTD Coffee,Discounters,Off-trade Volume,2020,0.0,3011.8,million litres,0.0
Japan,RTD Coffee,Warehouse Clubs,Off-trade Volume,2020,1.6,3011.8,million litres,48.1888
Japan,RTD Coffee,Food/drink/tobacco specialists,Off-trade Volume,2020,0.0,3011.8,million litres,0.0
Japan,RTD Coffee,Small Local Grocers,Off-trade Volume,2020,4.4,3011.8,million litres,132.5192
Japan,RTD Coffee,Non-Grocery Retailers,Off-trade Volume,2020,17.7,3011.8,million litres,533.0886
Japan,RTD Coffee,General Merchandise Stores,Off-trade Volume,2020,7.8,3011.8,million litres,234.9204
Japan,RTD Coffee,Apparel and Footwear Specialists,Off-trade Volume,2020,0.0,3011.8,million litres,0.0
Japan,RTD Coffee,Appliances and Electronics Specialists,Off-trade Volume,2020,0.0,3011.8,million litres,0.0
Japan,RTD Coffee,Home Products Specialists,Off-trade Volume,2020,0.0,3011.8,million litres,0.0
Japan,RTD Coffee,Health and Beauty Specialists,Off-trade Volume,2020,9.9,3011.8,million litres,298.1682
Japan,RTD Coffee,Leisure and Personal Goods Specialists,Off-trade Volume,2020,0.0,3011.8,million litres,0.0
Japan,RTD Coffee,Other Non-Grocery Retailers,Off-trade Volume,2020,0.0,3011.8,million litres,0.0
Japan,RTD Coffee,Vending,Off-trade Volume,2020,23.5,3011.8,million litres,707.773
Japan,RTD Coffee,Direct Selling,Off-trade Volume,2020,0.0,3011.8,million litres,0.0
Japan,RTD Coffee,Retail E-Commerce,Off-trade Volume,2020,0.6,3011.8,million litres,18.070800000000002
Thailand,Coffee,Retail Channels,Retail Volume,2020,100.0,83872.4,Tonnes,83872.4
Thailand,Coffee,Retail Offline,Retail Volume,2020,97.8,83872.4,Tonnes,82027.20719999999
Thailand,Coffee,Grocery Retailers,Retail Volume,2020,97.8,83872.4,Tonnes,82027.20719999999
Thailand,Coffee,Convenience Retailers,Retail Volume,2020,28.8,83872.4,Tonnes,24155.251200000002
Thailand,Coffee,Convenience Stores,Retail Volume,2020,16.3,83872.4,Tonnes,13671.2012
Thailand,Coffee,Forecourt Retailers,Retail Volume,2020,12.5,83872.4,Tonnes,10484.05
Thailand,Coffee,Supermarkets,Retail Volume,2020,6.4,83872.4,Tonnes,5367.8336
Thailand,Coffee,Hypermarkets,Retail Volume,2020,24.3,83872.4,Tonnes,20380.993199999997
Thailand,Coffee,Discounters,Retail Volume,2020,0.0,83872.4,Tonnes,0.0
Thailand,Coffee,Warehouse Clubs,Retail Volume,2020,0.0,83872.4,Tonnes,0.0
Thailand,Coffee,Food/drink/tobacco specialists,Retail Volume,2020,0.0,83872.4,Tonnes,0.0
Thailand,Coffee,Small Local Grocers,Retail Volume,2020,38.4,83872.4,Tonnes,32207.0016
Thailand,Coffee,Non-Grocery Retailers,Retail Volume,2020,0.0,83872.4,Tonnes,0.0
Thailand,Coffee,General Merchandise Stores,Retail Volume,2020,0.0,83872.4,Tonnes,0.0
Thailand,Coffee,Apparel and Footwear Specialists,Retail Volume,2020,0.0,83872.4,Tonnes,0.0
Thailand,Coffee,Appliances and Electronics Specialists,Retail Volume,2020,0.0,83872.4,Tonnes,0.0
Thailand,Coffee,Home Products Specialists,Retail Volume,2020,0.0,83872.4,Tonnes,0.0
Thailand,Coffee,Health and Beauty Specialists,Retail Volume,2020,0.0,83872.4,Tonnes,0.0
Thailand,Coffee,Leisure and Personal Goods Specialists,Retail Volume,2020,0.0,83872.4,Tonnes,0.0
Thailand,Coffee,Other Non-Grocery Retailers,Retail Volume,2020,0.0,83872.4,Tonnes,0.0
Thailand,Coffee,Vending,Retail Volume,2020,0.0,83872.4,Tonnes,0.0
Thailand,Coffee,Direct Selling,Retail Volume,2020,0.0,83872.4,Tonnes,0.0
Thailand,Coffee,Retail E-Commerce,Retail Volume,2020,2.2,83872.4,Tonnes,1845.1928
Thailand,RTD Coffee,Retail Channels,Off-trade Volume,2020,100.0,180.8,million litres,180.8
Thailand,RTD Coffee,Retail Offline,Off-trade Volume,2020,98.1,180.8,million litres,177.3648
Thailand,RTD Coffee,Grocery Retailers,Off-trade Volume,2020,90.8,180.8,million litres,164.16639999999998
Thailand,RTD Coffee,Convenience Retailers,Off-trade Volume,2020,26.0,180.8,million litres,47.008
Thailand,RTD Coffee,Convenience Stores,Off-trade Volume,2020,14.7,180.8,million litres,26.5776
Thailand,RTD Coffee,Forecourt Retailers,Off-trade Volume,2020,11.3,180.8,million litres,20.430400000000002
Thailand,RTD Coffee,Supermarkets,Off-trade Volume,2020,4.9,180.8,million litres,8.859200000000001
Thailand,RTD Coffee,Hypermarkets,Off-trade Volume,2020,23.1,180.8,million litres,41.76480000000001
Thailand,RTD Coffee,Discounters,Off-trade Volume,2020,0.0,180.8,million litres,0.0
Thailand,RTD Coffee,Warehouse Clubs,Off-trade Volume,2020,0.0,180.8,million litres,0.0
Thailand,RTD Coffee,Food/drink/tobacco specialists,Off-trade Volume,2020,0.0,180.8,million litres,0.0
Thailand,RTD Coffee,Small Local Grocers,Off-trade Volume,2020,36.8,180.8,million litres,66.5344
Thailand,RTD Coffee,Non-Grocery Retailers,Off-trade Volume,2020,0.0,180.8,million litres,0.0
Thailand,RTD Coffee,General Merchandise Stores,Off-trade Volume,2020,0.0,180.8,million litres,0.0
Thailand,RTD Coffee,Apparel and Footwear Specialists,Off-trade Volume,2020,0.0,180.8,million litres,0.0
Thailand,RTD Coffee,Appliances and Electronics Specialists,Off-trade Volume,2020,0.0,180.8,million litres,0.0
Thailand,RTD Coffee,Home Products Specialists,Off-trade Volume,2020,0.0,180.8,million litres,0.0
Thailand,RTD Coffee,Health and Beauty Specialists,Off-trade Volume,2020,0.0,180.8,million litres,0.0
Thailand,RTD Coffee,Leisure and Personal Goods Specialists,Off-trade Volume,2020,0.0,180.8,million litres,0.0
Thailand,RTD Coffee,Other Non-Grocery Retailers,Off-trade Volume,2020,0.0,180.8,million litres,0.0
Thailand,RTD Coffee,Vending,Off-trade Volume,2020,7.2,180.8,million litres,13.017600000000002
Thailand,RTD Coffee,Direct Selling,Off-trade Volume,2020,0.0,180.8,million litres,0.0
Thailand,RTD Coffee,Retail E-Commerce,Off-trade Volume,2020,1.9,180.8,million litres,3.4352
Australasia,Coffee,Retail Channels,Retail Volume,2020,100.0,41850.5,Tonnes,41850.5
Australasia,Coffee,Retail Offline,Retail Volume,2020,90.7,41850.5,Tonnes,37958.4035
Australasia,Coffee,Grocery Retailers,Retail Volume,2020,90.6,41850.5,Tonnes,37916.553
Australasia,Coffee,Convenience Retailers,Retail Volume,2020,5.2,41850.5,Tonnes,2176.226
Australasia,Coffee,Convenience Stores,Retail Volume,2020,2.8,41850.5,Tonnes,1171.8139999999999
Australasia,Coffee,Forecourt Retailers,Retail Volume,2020,2.4,41850.5,Tonnes,1004.412
Australasia,Coffee,Supermarkets,Retail Volume,2020,69.4,41850.5,Tonnes,29044.247000000003
Australasia,Coffee,Hypermarkets,Retail Volume,2020,0.0,41850.5,Tonnes,0.0
Australasia,Coffee,Discounters,Retail Volume,2020,12.7,41850.5,Tonnes,5315.0135
Australasia,Coffee,Warehouse Clubs,Retail Volume,2020,0.0,41850.5,Tonnes,0.0
Australasia,Coffee,Food/drink/tobacco specialists,Retail Volume,2020,0.0,41850.5,Tonnes,0.0
Australasia,Coffee,Small Local Grocers,Retail Volume,2020,3.2,41850.5,Tonnes,1339.2160000000001
Australasia,Coffee,Non-Grocery Retailers,Retail Volume,2020,0.1,41850.5,Tonnes,41.850500000000004
Australasia,Coffee,General Merchandise Stores,Retail Volume,2020,0.0,41850.5,Tonnes,0.0
Australasia,Coffee,Apparel and Footwear Specialists,Retail Volume,2020,0.0,41850.5,Tonnes,0.0
Australasia,Coffee,Appliances and Electronics Specialists,Retail Volume,2020,0.0,41850.5,Tonnes,0.0
Australasia,Coffee,Home Products Specialists,Retail Volume,2020,0.0,41850.5,Tonnes,0.0
Australasia,Coffee,Health and Beauty Specialists,Retail Volume,2020,0.1,41850.5,Tonnes,41.850500000000004
Australasia,Coffee,Leisure and Personal Goods Specialists,Retail Volume,2020,0.0,41850.5,Tonnes,0.0
Australasia,Coffee,Other Non-Grocery Retailers,Retail Volume,2020,0.0,41850.5,Tonnes,0.0
Australasia,Coffee,Vending,Retail Volume,2020,0.1,41850.5,Tonnes,41.850500000000004
Australasia,Coffee,Direct Selling,Retail Volume,2020,0.0,41850.5,Tonnes,0.0
Australasia,Coffee,Retail E-Commerce,Retail Volume,2020,9.3,41850.5,Tonnes,3892.0965000000006
Australasia,RTD Coffee,Retail Channels,Off-trade Volume,2020,100.0,10.5,million litres,10.5
Australasia,RTD Coffee,Retail Offline,Off-trade Volume,2020,90.6,10.5,million litres,9.513
Australasia,RTD Coffee,Grocery Retailers,Off-trade Volume,2020,90.0,10.5,million litres,9.450000000000001
Australasia,RTD Coffee,Convenience Retailers,Off-trade Volume,2020,32.2,10.5,million litres,3.3810000000000002
Australasia,RTD Coffee,Convenience Stores,Off-trade Volume,2020,5.6,10.5,million litres,0.588
Australasia,RTD Coffee,Forecourt Retailers,Off-trade Volume,2020,26.6,10.5,million litres,2.793
Australasia,RTD Coffee,Supermarkets,Off-trade Volume,2020,51.5,10.5,million litres,5.4075
Australasia,RTD Coffee,Hypermarkets,Off-trade Volume,2020,0.0,10.5,million litres,0.0
Australasia,RTD Coffee,Discounters,Off-trade Volume,2020,1.2,10.5,million litres,0.126
Australasia,RTD Coffee,Warehouse Clubs,Off-trade Volume,2020,0.0,10.5,million litres,0.0
Australasia,RTD Coffee,Food/drink/tobacco specialists,Off-trade Volume,2020,0.0,10.5,million litres,0.0
Australasia,RTD Coffee,Small Local Grocers,Off-trade Volume,2020,5.1,10.5,million litres,0.5355
Australasia,RTD Coffee,Non-Grocery Retailers,Off-trade Volume,2020,0.0,10.5,million litres,0.0
Australasia,RTD Coffee,General Merchandise Stores,Off-trade Volume,2020,0.0,10.5,million litres,0.0
Australasia,RTD Coffee,Apparel and Footwear Specialists,Off-trade Volume,2020,0.0,10.5,million litres,0.0
Australasia,RTD Coffee,Appliances and Electronics Specialists,Off-trade Volume,2020,0.0,10.5,million litres,0.0
Australasia,RTD Coffee,Home Products Specialists,Off-trade Volume,2020,0.0,10.5,million litres,0.0
Australasia,RTD Coffee,Health and Beauty Specialists,Off-trade Volume,2020,0.0,10.5,million litres,0.0
Australasia,RTD Coffee,Leisure and Personal Goods Specialists,Off-trade Volume,2020,0.0,10.5,million litres,0.0
Australasia,RTD Coffee,Other Non-Grocery Retailers,Off-trade Volume,2020,0.0,10.5,million litres,0.0
Australasia,RTD Coffee,Vending,Off-trade Volume,2020,0.6,10.5,million litres,0.063
Australasia,RTD Coffee,Direct Selling,Off-trade Volume,2020,0.0,10.5,million litres,0.0
Australasia,RTD Coffee,Retail E-Commerce,Off-trade Volume,2020,9.4,10.5,million litres,0.987
Australia,Coffee,Retail Channels,Retail Volume,2020,100.0,35706.2,Tonnes,35706.2
Australia,Coffee,Retail Offline,Retail Volume,2020,89.9,35706.2,Tonnes,32099.873799999998
Australia,Coffee,Grocery Retailers,Retail Volume,2020,89.9,35706.2,Tonnes,32099.873799999998
Australia,Coffee,Convenience Retailers,Retail Volume,2020,5.9,35706.2,Tonnes,2106.6657999999998
Australia,Coffee,Convenience Stores,Retail Volume,2020,3.1,35706.2,Tonnes,1106.8922
Australia,Coffee,Forecourt Retailers,Retail Volume,2020,2.8,35706.2,Tonnes,999.7735999999998
Australia,Coffee,Supermarkets,Retail Volume,2020,65.7,35706.2,Tonnes,23458.9734
Australia,Coffee,Hypermarkets,Retail Volume,2020,0.0,35706.2,Tonnes,0.0
Australia,Coffee,Discounters,Retail Volume,2020,14.9,35706.2,Tonnes,5320.2238
Australia,Coffee,Warehouse Clubs,Retail Volume,2020,0.0,35706.2,Tonnes,0.0
Australia,Coffee,Food/drink/tobacco specialists,Retail Volume,2020,0.0,35706.2,Tonnes,0.0
Australia,Coffee,Small Local Grocers,Retail Volume,2020,3.4,35706.2,Tonnes,1214.0108
Australia,Coffee,Non-Grocery Retailers,Retail Volume,2020,0.0,35706.2,Tonnes,0.0
Australia,Coffee,General Merchandise Stores,Retail Volume,2020,0.0,35706.2,Tonnes,0.0
Australia,Coffee,Apparel and Footwear Specialists,Retail Volume,2020,0.0,35706.2,Tonnes,0.0
Australia,Coffee,Appliances and Electronics Specialists,Retail Volume,2020,0.0,35706.2,Tonnes,0.0
Australia,Coffee,Home Products Specialists,Retail Volume,2020,0.0,35706.2,Tonnes,0.0
Australia,Coffee,Health and Beauty Specialists,Retail Volume,2020,0.0,35706.2,Tonnes,0.0
Australia,Coffee,Leisure and Personal Goods Specialists,Retail Volume,2020,0.0,35706.2,Tonnes,0.0
Australia,Coffee,Other Non-Grocery Retailers,Retail Volume,2020,0.0,35706.2,Tonnes,0.0
Australia,Coffee,Vending,Retail Volume,2020,0.0,35706.2,Tonnes,0.0
Australia,Coffee,Direct Selling,Retail Volume,2020,0.0,35706.2,Tonnes,0.0
Australia,Coffee,Retail E-Commerce,Retail Volume,2020,10.1,35706.2,Tonnes,3606.3261999999995
Australia,RTD Coffee,Retail Channels,Off-trade Volume,2020,100.0,10.2,million litres,10.2
Australia,RTD Coffee,Retail Offline,Off-trade Volume,2020,90.4,10.2,million litres,9.220799999999999
Australia,RTD Coffee,Grocery Retailers,Off-trade Volume,2020,89.8,10.2,million litres,9.1596
Australia,RTD Coffee,Convenience Retailers,Off-trade Volume,2020,32.8,10.2,million litres,3.3455999999999992
Australia,RTD Coffee,Convenience Stores,Off-trade Volume,2020,5.6,10.2,million litres,0.5711999999999999
Australia,RTD Coffee,Forecourt Retailers,Off-trade Volume,2020,27.2,10.2,million litres,2.7744
Australia,RTD Coffee,Supermarkets,Off-trade Volume,2020,50.5,10.2,million litres,5.151
Australia,RTD Coffee,Hypermarkets,Off-trade Volume,2020,0.0,10.2,million litres,0.0
Australia,RTD Coffee,Discounters,Off-trade Volume,2020,1.3,10.2,million litres,0.1326
Australia,RTD Coffee,Warehouse Clubs,Off-trade Volume,2020,0.0,10.2,million litres,0.0
Australia,RTD Coffee,Food/drink/tobacco specialists,Off-trade Volume,2020,0.0,10.2,million litres,0.0
Australia,RTD Coffee,Small Local Grocers,Off-trade Volume,2020,5.2,10.2,million litres,0.5304
Australia,RTD Coffee,Non-Grocery Retailers,Off-trade Volume,2020,0.0,10.2,million litres,0.0
Australia,RTD Coffee,General Merchandise Stores,Off-trade Volume,2020,0.0,10.2,million litres,0.0
Australia,RTD Coffee,Apparel and Footwear Specialists,Off-trade Volume,2020,0.0,10.2,million litres,0.0
Australia,RTD Coffee,Appliances and Electronics Specialists,Off-trade Volume,2020,0.0,10.2,million litres,0.0
Australia,RTD Coffee,Home Products Specialists,Off-trade Volume,2020,0.0,10.2,million litres,0.0
Australia,RTD Coffee,Health and Beauty Specialists,Off-trade Volume,2020,0.0,10.2,million litres,0.0
Australia,RTD Coffee,Leisure and Personal Goods Specialists,Off-trade Volume,2020,0.0,10.2,million litres,0.0
Australia,RTD Coffee,Other Non-Grocery Retailers,Off-trade Volume,2020,0.0,10.2,million litres,0.0
Australia,RTD Coffee,Vending,Off-trade Volume,2020,0.6,10.2,million litres,0.0612
Australia,RTD Coffee,Direct Selling,Off-trade Volume,2020,0.0,10.2,million litres,0.0
Australia,RTD Coffee,Retail E-Commerce,Off-trade Volume,2020,9.6,10.2,million litres,0.9792
Eastern Europe,Coffee,Retail Channels,Retail Volume,2020,100.0,518880.9,Tonnes,518880.9
Eastern Europe,Coffee,Retail Offline,Retail Volume,2020,98.0,518880.9,Tonnes,508503.282
Eastern Europe,Coffee,Grocery Retailers,Retail Volume,2020,94.9,518880.9,Tonnes,492417.97410000005
Eastern Europe,Coffee,Convenience Retailers,Retail Volume,2020,14.3,518880.9,Tonnes,74199.96870000001
Eastern Europe,Coffee,Convenience Stores,Retail Volume,2020,13.4,518880.9,Tonnes,69530.04060000001
Eastern Europe,Coffee,Forecourt Retailers,Retail Volume,2020,0.9,518880.9,Tonnes,4669.928100000001
Eastern Europe,Coffee,Supermarkets,Retail Volume,2020,30.6,518880.9,Tonnes,158777.5554
Eastern Europe,Coffee,Hypermarkets,Retail Volume,2020,16.3,518880.9,Tonnes,84577.5867
Eastern Europe,Coffee,Discounters,Retail Volume,2020,14.0,518880.9,Tonnes,72643.32600000002
Eastern Europe,Coffee,Warehouse Clubs,Retail Volume,2020,0.0,518880.9,Tonnes,0.0
Eastern Europe,Coffee,Food/drink/tobacco specialists,Retail Volume,2020,1.9,518880.9,Tonnes,9858.7371
Eastern Europe,Coffee,Small Local Grocers,Retail Volume,2020,17.8,518880.9,Tonnes,92360.80020000001
Eastern Europe,Coffee,Non-Grocery Retailers,Retail Volume,2020,0.5,518880.9,Tonnes,2594.4045
Eastern Europe,Coffee,General Merchandise Stores,Retail Volume,2020,0.2,518880.9,Tonnes,1037.7618
Eastern Europe,Coffee,Apparel and Footwear Specialists,Retail Volume,2020,0.0,518880.9,Tonnes,0.0
Eastern Europe,Coffee,Appliances and Electronics Specialists,Retail Volume,2020,0.0,518880.9,Tonnes,0.0
Eastern Europe,Coffee,Home Products Specialists,Retail Volume,2020,0.0,518880.9,Tonnes,0.0
Eastern Europe,Coffee,Health and Beauty Specialists,Retail Volume,2020,0.3,518880.9,Tonnes,1556.6427
Eastern Europe,Coffee,Leisure and Personal Goods Specialists,Retail Volume,2020,0.0,518880.9,Tonnes,0.0
Eastern Europe,Coffee,Other Non-Grocery Retailers,Retail Volume,2020,0.0,518880.9,Tonnes,0.0
Eastern Europe,Coffee,Vending,Retail Volume,2020,2.6,518880.9,Tonnes,13490.903400000001
Eastern Europe,Coffee,Direct Selling,Retail Volume,2020,0.0,518880.9,Tonnes,0.0
Eastern Europe,Coffee,Retail E-Commerce,Retail Volume,2020,2.0,518880.9,Tonnes,10377.618
Eastern Europe,RTD Coffee,Retail Channels,Off-trade Volume,2020,100.0,34.0,million litres,34.0
Eastern Europe,RTD Coffee,Retail Offline,Off-trade Volume,2020,98.8,34.0,million litres,33.592
Eastern Europe,RTD Coffee,Grocery Retailers,Off-trade Volume,2020,97.3,34.0,million litres,33.082
Eastern Europe,RTD Coffee,Convenience Retailers,Off-trade Volume,2020,36.6,34.0,million litres,12.443999999999999
Eastern Europe,RTD Coffee,Convenience Stores,Off-trade Volume,2020,16.4,34.0,million litres,5.576
Eastern Europe,RTD Coffee,Forecourt Retailers,Off-trade Volume,2020,20.2,34.0,million litres,6.867999999999999
Eastern Europe,RTD Coffee,Supermarkets,Off-trade Volume,2020,17.8,34.0,million litres,6.0520000000000005
Eastern Europe,RTD Coffee,Hypermarkets,Off-trade Volume,2020,22.9,34.0,million litres,7.786
Eastern Europe,RTD Coffee,Discounters,Off-trade Volume,2020,13.5,34.0,million litres,4.59
Eastern Europe,RTD Coffee,Warehouse Clubs,Off-trade Volume,2020,0.0,34.0,million litres,0.0
Eastern Europe,RTD Coffee,Food/drink/tobacco specialists,Off-trade Volume,2020,0.9,34.0,million litres,0.30600000000000005
Eastern Europe,RTD Coffee,Small Local Grocers,Off-trade Volume,2020,5.7,34.0,million litres,1.9380000000000002
Eastern Europe,RTD Coffee,Non-Grocery Retailers,Off-trade Volume,2020,0.5,34.0,million litres,0.17
Eastern Europe,RTD Coffee,General Merchandise Stores,Off-trade Volume,2020,0.0,34.0,million litres,0.0
Eastern Europe,RTD Coffee,Apparel and Footwear Specialists,Off-trade Volume,2020,0.0,34.0,million litres,0.0
Eastern Europe,RTD Coffee,Appliances and Electronics Specialists,Off-trade Volume,2020,0.0,34.0,million litres,0.0
Eastern Europe,RTD Coffee,Home Products Specialists,Off-trade Volume,2020,0.0,34.0,million litres,0.0
Eastern Europe,RTD Coffee,Health and Beauty Specialists,Off-trade Volume,2020,0.5,34.0,million litres,0.17
Eastern Europe,RTD Coffee,Leisure and Personal Goods Specialists,Off-trade Volume,2020,0.0,34.0,million litres,0.0
Eastern Europe,RTD Coffee,Other Non-Grocery Retailers,Off-trade Volume,2020,0.0,34.0,million litres,0.0
Eastern Europe,RTD Coffee,Vending,Off-trade Volume,2020,0.9,34.0,million litres,0.30600000000000005
Eastern Europe,RTD Coffee,Direct Selling,Off-trade Volume,2020,0.0,34.0,million litres,0.0
Eastern Europe,RTD Coffee,Retail E-Commerce,Off-trade Volume,2020,1.2,34.0,million litres,0.40800000000000003
Latin America,Coffee,Retail Channels,Retail Volume,2020,100.0,1163646.8,Tonnes,1163646.8
Latin America,Coffee,Retail Offline,Retail Volume,2020,98.9,1163646.8,Tonnes,1150846.6852000002
Latin America,Coffee,Grocery Retailers,Retail Volume,2020,96.8,1163646.8,Tonnes,1126410.1024
Latin America,Coffee,Convenience Retailers,Retail Volume,2020,1.1,1163646.8,Tonnes,12800.114800000001
Latin America,Coffee,Convenience Stores,Retail Volume,2020,0.6,1163646.8,Tonnes,6981.880800000001
Latin America,Coffee,Forecourt Retailers,Retail Volume,2020,0.5,1163646.8,Tonnes,5818.234
Latin America,Coffee,Supermarkets,Retail Volume,2020,33.1,1163646.8,Tonnes,385167.09080000006
Latin America,Coffee,Hypermarkets,Retail Volume,2020,28.0,1163646.8,Tonnes,325821.10400000005
Latin America,Coffee,Discounters,Retail Volume,2020,3.1,1163646.8,Tonnes,36073.050800000005
Latin America,Coffee,Warehouse Clubs,Retail Volume,2020,3.2,1163646.8,Tonnes,37236.6976
Latin America,Coffee,Food/drink/tobacco specialists,Retail Volume,2020,0.0,1163646.8,Tonnes,0.0
Latin America,Coffee,Small Local Grocers,Retail Volume,2020,28.2,1163646.8,Tonnes,328148.39759999997
Latin America,Coffee,Non-Grocery Retailers,Retail Volume,2020,1.7,1163646.8,Tonnes,19781.995600000002
Latin America,Coffee,General Merchandise Stores,Retail Volume,2020,1.6,1163646.8,Tonnes,18618.3488
Latin America,Coffee,Apparel and Footwear Specialists,Retail Volume,2020,0.0,1163646.8,Tonnes,0.0
Latin America,Coffee,Appliances and Electronics Specialists,Retail Volume,2020,0.0,1163646.8,Tonnes,0.0
Latin America,Coffee,Home Products Specialists,Retail Volume,2020,0.0,1163646.8,Tonnes,0.0
Latin America,Coffee,Health and Beauty Specialists,Retail Volume,2020,0.1,1163646.8,Tonnes,1163.6468
Latin America,Coffee,Leisure and Personal Goods Specialists,Retail Volume,2020,0.0,1163646.8,Tonnes,0.0
Latin America,Coffee,Other Non-Grocery Retailers,Retail Volume,2020,0.0,1163646.8,Tonnes,0.0
Latin America,Coffee,Vending,Retail Volume,2020,0.1,1163646.8,Tonnes,1163.6468
Latin America,Coffee,Direct Selling,Retail Volume,2020,0.3,1163646.8,Tonnes,3490.9404000000004
Latin America,Coffee,Retail E-Commerce,Retail Volume,2020,1.1,1163646.8,Tonnes,12800.114800000001
Latin America,RTD Coffee,Retail Channels,Off-trade Volume,2020,100.0,20.1,million litres,20.1
Latin America,RTD Coffee,Retail Offline,Off-trade Volume,2020,99.8,20.1,million litres,20.059800000000003
Latin America,RTD Coffee,Grocery Retailers,Off-trade Volume,2020,98.8,20.1,million litres,19.858800000000002
Latin America,RTD Coffee,Convenience Retailers,Off-trade Volume,2020,16.8,20.1,million litres,3.3768000000000002
Latin America,RTD Coffee,Convenience Stores,Off-trade Volume,2020,8.3,20.1,million litres,1.6683000000000001
Latin America,RTD Coffee,Forecourt Retailers,Off-trade Volume,2020,8.6,20.1,million litres,1.7286
Latin America,RTD Coffee,Supermarkets,Off-trade Volume,2020,30.9,20.1,million litres,6.2109000000000005
Latin America,RTD Coffee,Hypermarkets,Off-trade Volume,2020,9.7,20.1,million litres,1.9497
Latin America,RTD Coffee,Discounters,Off-trade Volume,2020,2.1,20.1,million litres,0.42210000000000003
Latin America,RTD Coffee,Warehouse Clubs,Off-trade Volume,2020,0.6,20.1,million litres,0.12060000000000001
Latin America,RTD Coffee,Food/drink/tobacco specialists,Off-trade Volume,2020,0.4,20.1,million litres,0.08040000000000001
Latin America,RTD Coffee,Small Local Grocers,Off-trade Volume,2020,38.1,20.1,million litres,7.658100000000001
Latin America,RTD Coffee,Non-Grocery Retailers,Off-trade Volume,2020,1.0,20.1,million litres,0.201
Latin America,RTD Coffee,General Merchandise Stores,Off-trade Volume,2020,0.2,20.1,million litres,0.04020000000000001
Latin America,RTD Coffee,Apparel and Footwear Specialists,Off-trade Volume,2020,0.0,20.1,million litres,0.0
Latin America,RTD Coffee,Appliances and Electronics Specialists,Off-trade Volume,2020,0.0,20.1,million litres,0.0
Latin America,RTD Coffee,Home Products Specialists,Off-trade Volume,2020,0.0,20.1,million litres,0.0
Latin America,RTD Coffee,Health and Beauty Specialists,Off-trade Volume,2020,0.8,20.1,million litres,0.16080000000000003
Latin America,RTD Coffee,Leisure and Personal Goods Specialists,Off-trade Volume,2020,0.0,20.1,million litres,0.0
Latin America,RTD Coffee,Other Non-Grocery Retailers,Off-trade Volume,2020,0.0,20.1,million litres,0.0
Latin America,RTD Coffee,Vending,Off-trade Volume,2020,0.0,20.1,million litres,0.0
Latin America,RTD Coffee,Direct Selling,Off-trade Volume,2020,0.0,20.1,million litres,0.0
Latin America,RTD Coffee,Retail E-Commerce,Off-trade Volume,2020,0.2,20.1,million litres,0.04020000000000001
Brazil,Coffee,Retail Channels,Retail Volume,2020,100.0,814284.4,Tonnes,814284.4
Brazil,Coffee,Retail Offline,Retail Volume,2020,99.4,814284.4,Tonnes,809398.6936000001
Brazil,Coffee,Grocery Retailers,Retail Volume,2020,96.9,814284.4,Tonnes,789041.5836000001
Brazil,Coffee,Convenience Retailers,Retail Volume,2020,0.6,814284.4,Tonnes,4885.7064
Brazil,Coffee,Convenience Stores,Retail Volume,2020,0.0,814284.4,Tonnes,0.0
Brazil,Coffee,Forecourt Retailers,Retail Volume,2020,0.6,814284.4,Tonnes,4885.7064
Brazil,Coffee,Supermarkets,Retail Volume,2020,38.5,814284.4,Tonnes,313499.494
Brazil,Coffee,Hypermarkets,Retail Volume,2020,33.3,814284.4,Tonnes,271156.70519999997
Brazil,Coffee,Discounters,Retail Volume,2020,0.3,814284.4,Tonnes,2442.8532
Brazil,Coffee,Warehouse Clubs,Retail Volume,2020,4.3,814284.4,Tonnes,35014.2292
Brazil,Coffee,Food/drink/tobacco specialists,Retail Volume,2020,0.0,814284.4,Tonnes,0.0
Brazil,Coffee,Small Local Grocers,Retail Volume,2020,20.0,814284.4,Tonnes,162856.88
Brazil,Coffee,Non-Grocery Retailers,Retail Volume,2020,2.1,814284.4,Tonnes,17099.972400000002
Brazil,Coffee,General Merchandise Stores,Retail Volume,2020,2.1,814284.4,Tonnes,17099.972400000002
Brazil,Coffee,Apparel and Footwear Specialists,Retail Volume,2020,0.0,814284.4,Tonnes,0.0
Brazil,Coffee,Appliances and Electronics Specialists,Retail Volume,2020,0.0,814284.4,Tonnes,0.0
Brazil,Coffee,Home Products Specialists,Retail Volume,2020,0.0,814284.4,Tonnes,0.0
Brazil,Coffee,Health and Beauty Specialists,Retail Volume,2020,0.0,814284.4,Tonnes,0.0
Brazil,Coffee,Leisure and Personal Goods Specialists,Retail Volume,2020,0.0,814284.4,Tonnes,0.0
Brazil,Coffee,Other Non-Grocery Retailers,Retail Volume,2020,0.0,814284.4,Tonnes,0.0
Brazil,Coffee,Vending,Retail Volume,2020,0.0,814284.4,Tonnes,0.0
Brazil,Coffee,Direct Selling,Retail Volume,2020,0.4,814284.4,Tonnes,3257.1376
Brazil,Coffee,Retail E-Commerce,Retail Volume,2020,0.6,814284.4,Tonnes,4885.7064
Brazil,RTD Coffee,Retail Channels,Off-trade Volume,2020,100.0,1.1,million litres,1.1
Brazil,RTD Coffee,Retail Offline,Off-trade Volume,2020,100.0,1.1,million litres,1.1
Brazil,RTD Coffee,Grocery Retailers,Off-trade Volume,2020,98.9,1.1,million litres,1.0879
Brazil,RTD Coffee,Convenience Retailers,Off-trade Volume,2020,63.4,1.1,million litres,0.6974
Brazil,RTD Coffee,Convenience Stores,Off-trade Volume,2020,2.0,1.1,million litres,0.022000000000000002
Brazil,RTD Coffee,Forecourt Retailers,Off-trade Volume,2020,61.4,1.1,million litres,0.6754
Brazil,RTD Coffee,Supermarkets,Off-trade Volume,2020,11.3,1.1,million litres,0.12430000000000001
Brazil,RTD Coffee,Hypermarkets,Off-trade Volume,2020,10.7,1.1,million litres,0.11770000000000001
Brazil,RTD Coffee,Discounters,Off-trade Volume,2020,0.0,1.1,million litres,0.0
Brazil,RTD Coffee,Warehouse Clubs,Off-trade Volume,2020,2.3,1.1,million litres,0.025300000000000003
Brazil,RTD Coffee,Food/drink/tobacco specialists,Off-trade Volume,2020,0.0,1.1,million litres,0.0
Brazil,RTD Coffee,Small Local Grocers,Off-trade Volume,2020,11.1,1.1,million litres,0.12210000000000001
Brazil,RTD Coffee,Non-Grocery Retailers,Off-trade Volume,2020,1.2,1.1,million litres,0.013200000000000002
Brazil,RTD Coffee,General Merchandise Stores,Off-trade Volume,2020,1.2,1.1,million litres,0.013200000000000002
Brazil,RTD Coffee,Apparel and Footwear Specialists,Off-trade Volume,2020,0.0,1.1,million litres,0.0
Brazil,RTD Coffee,Appliances and Electronics Specialists,Off-trade Volume,2020,0.0,1.1,million litres,0.0
Brazil,RTD Coffee,Home Products Specialists,Off-trade Volume,2020,0.0,1.1,million litres,0.0
Brazil,RTD Coffee,Health and Beauty Specialists,Off-trade Volume,2020,0.0,1.1,million litres,0.0
Brazil,RTD Coffee,Leisure and Personal Goods Specialists,Off-trade Volume,2020,0.0,1.1,million litres,0.0
Brazil,RTD Coffee,Other Non-Grocery Retailers,Off-trade Volume,2020,0.0,1.1,million litres,0.0
Brazil,RTD Coffee,Vending,Off-trade Volume,2020,0.0,1.1,million litres,0.0
Brazil,RTD Coffee,Direct Selling,Off-trade Volume,2020,0.0,1.1,million litres,0.0
Brazil,RTD Coffee,Retail E-Commerce,Off-trade Volume,2020,0.0,1.1,million litres,0.0
Middle East and Africa,Coffee,Retail Channels,Retail Volume,2020,100.0,579536.5,Tonnes,579536.5
Middle East and Africa,Coffee,Retail Offline,Retail Volume,2020,99.0,579536.5,Tonnes,573741.135
Middle East and Africa,Coffee,Grocery Retailers,Retail Volume,2020,97.5,579536.5,Tonnes,565048.0875
Middle East and Africa,Coffee,Convenience Retailers,Retail Volume,2020,5.0,579536.5,Tonnes,28976.825
Middle East and Africa,Coffee,Convenience Stores,Retail Volume,2020,3.3,579536.5,Tonnes,19124.7045
Middle East and Africa,Coffee,Forecourt Retailers,Retail Volume,2020,1.7,579536.5,Tonnes,9852.1205
Middle East and Africa,Coffee,Supermarkets,Retail Volume,2020,30.1,579536.5,Tonnes,174440.4865
Middle East and Africa,Coffee,Hypermarkets,Retail Volume,2020,9.1,579536.5,Tonnes,52737.8215
Middle East and Africa,Coffee,Discounters,Retail Volume,2020,2.3,579536.5,Tonnes,13329.3395
Middle East and Africa,Coffee,Warehouse Clubs,Retail Volume,2020,0.0,579536.5,Tonnes,0.0
Middle East and Africa,Coffee,Food/drink/tobacco specialists,Retail Volume,2020,5.7,579536.5,Tonnes,33033.580500000004
Middle East and Africa,Coffee,Small Local Grocers,Retail Volume,2020,45.2,579536.5,Tonnes,261950.49800000002
Middle East and Africa,Coffee,Non-Grocery Retailers,Retail Volume,2020,1.3,579536.5,Tonnes,7533.9745
Middle East and Africa,Coffee,General Merchandise Stores,Retail Volume,2020,0.0,579536.5,Tonnes,0.0
Middle East and Africa,Coffee,Apparel and Footwear Specialists,Retail Volume,2020,0.0,579536.5,Tonnes,0.0
Middle East and Africa,Coffee,Appliances and Electronics Specialists,Retail Volume,2020,0.0,579536.5,Tonnes,0.0
Middle East and Africa,Coffee,Home Products Specialists,Retail Volume,2020,0.0,579536.5,Tonnes,0.0
Middle East and Africa,Coffee,Health and Beauty Specialists,Retail Volume,2020,0.0,579536.5,Tonnes,0.0
Middle East and Africa,Coffee,Leisure and Personal Goods Specialists,Retail Volume,2020,0.0,579536.5,Tonnes,0.0
Middle East and Africa,Coffee,Other Non-Grocery Retailers,Retail Volume,2020,1.3,579536.5,Tonnes,7533.9745
Middle East and Africa,Coffee,Vending,Retail Volume,2020,0.1,579536.5,Tonnes,579.5365
Middle East and Africa,Coffee,Direct Selling,Retail Volume,2020,0.1,579536.5,Tonnes,579.5365
Middle East and Africa,Coffee,Retail E-Commerce,Retail Volume,2020,1.0,579536.5,Tonnes,5795.365
Middle East and Africa,RTD Coffee,Retail Channels,Off-trade Volume,2020,100.0,27.6,million litres,27.6
Middle East and Africa,RTD Coffee,Retail Offline,Off-trade Volume,2020,98.8,27.6,million litres,27.268800000000002
Middle East and Africa,RTD Coffee,Grocery Retailers,Off-trade Volume,2020,98.7,27.6,million litres,27.241200000000003
Middle East and Africa,RTD Coffee,Convenience Retailers,Off-trade Volume,2020,45.6,27.6,million litres,12.585600000000001
Middle East and Africa,RTD Coffee,Convenience Stores,Off-trade Volume,2020,4.7,27.6,million litres,1.2972000000000001
Middle East and Africa,RTD Coffee,Forecourt Retailers,Off-trade Volume,2020,40.9,27.6,million litres,11.2884
Middle East and Africa,RTD Coffee,Supermarkets,Off-trade Volume,2020,20.1,27.6,million litres,5.547600000000001
Middle East and Africa,RTD Coffee,Hypermarkets,Off-trade Volume,2020,19.7,27.6,million litres,5.4372
Middle East and Africa,RTD Coffee,Discounters,Off-trade Volume,2020,0.6,27.6,million litres,0.16560000000000002
Middle East and Africa,RTD Coffee,Warehouse Clubs,Off-trade Volume,2020,0.0,27.6,million litres,0.0
Middle East and Africa,RTD Coffee,Food/drink/tobacco specialists,Off-trade Volume,2020,0.5,27.6,million litres,0.138
Middle East and Africa,RTD Coffee,Small Local Grocers,Off-trade Volume,2020,12.2,27.6,million litres,3.3672
Middle East and Africa,RTD Coffee,Non-Grocery Retailers,Off-trade Volume,2020,0.0,27.6,million litres,0.0
Middle East and Africa,RTD Coffee,General Merchandise Stores,Off-trade Volume,2020,0.0,27.6,million litres,0.0
Middle East and Africa,RTD Coffee,Apparel and Footwear Specialists,Off-trade Volume,2020,0.0,27.6,million litres,0.0
Middle East and Africa,RTD Coffee,Appliances and Electronics Specialists,Off-trade Volume,2020,0.0,27.6,million litres,0.0
Middle East and Africa,RTD Coffee,Home Products Specialists,Off-trade Volume,2020,0.0,27.6,million litres,0.0
Middle East and Africa,RTD Coffee,Health and Beauty Specialists,Off-trade Volume,2020,0.0,27.6,million litres,0.0
Middle East and Africa,RTD Coffee,Leisure and Personal Goods Specialists,Off-trade Volume,2020,0.0,27.6,million litres,0.0
Middle East and Africa,RTD Coffee,Other Non-Grocery Retailers,Off-trade Volume,2020,0.0,27.6,million litres,0.0
Middle East and Africa,RTD Coffee,Vending,Off-trade Volume,2020,0.0,27.6,million litres,0.0
Middle East and Africa,RTD Coffee,Direct Selling,Off-trade Volume,2020,0.0,27.6,million litres,0.0
Middle East and Africa,RTD Coffee,Retail E-Commerce,Off-trade Volume,2020,1.2,27.6,million litres,0.33120000000000005
North America,Coffee,Retail Channels,Retail Volume,2020,100.0,937651.5,Tonnes,937651.5
North America,Coffee,Retail Offline,Retail Volume,2020,83.0,937651.5,Tonnes,778250.745
North America,Coffee,Grocery Retailers,Retail Volume,2020,80.7,937651.5,Tonnes,756684.7605000001
North America,Coffee,Convenience Retailers,Retail Volume,2020,1.1,937651.5,Tonnes,10314.166500000001
North America,Coffee,Convenience Stores,Retail Volume,2020,0.2,937651.5,Tonnes,1875.303
North America,Coffee,Forecourt Retailers,Retail Volume,2020,0.9,937651.5,Tonnes,8438.863500000001
North America,Coffee,Supermarkets,Retail Volume,2020,27.8,937651.5,Tonnes,260667.11700000003
North America,Coffee,Hypermarkets,Retail Volume,2020,21.6,937651.5,Tonnes,202532.72400000002
North America,Coffee,Discounters,Retail Volume,2020,3.2,937651.5,Tonnes,30004.848
North America,Coffee,Warehouse Clubs,Retail Volume,2020,4.1,937651.5,Tonnes,38443.7115
North America,Coffee,Food/drink/tobacco specialists,Retail Volume,2020,4.8,937651.5,Tonnes,45007.272000000004
North America,Coffee,Small Local Grocers,Retail Volume,2020,18.1,937651.5,Tonnes,169714.92150000003
North America,Coffee,Non-Grocery Retailers,Retail Volume,2020,2.1,937651.5,Tonnes,19690.681500000002
North America,Coffee,General Merchandise Stores,Retail Volume,2020,1.3,937651.5,Tonnes,12189.469500000001
North America,Coffee,Apparel and Footwear Specialists,Retail Volume,2020,0.0,937651.5,Tonnes,0.0
North America,Coffee,Appliances and Electronics Specialists,Retail Volume,2020,0.0,937651.5,Tonnes,0.0
North America,Coffee,Home Products Specialists,Retail Volume,2020,0.0,937651.5,Tonnes,0.0
North America,Coffee,Health and Beauty Specialists,Retail Volume,2020,0.8,937651.5,Tonnes,7501.212
North America,Coffee,Leisure and Personal Goods Specialists,Retail Volume,2020,0.0,937651.5,Tonnes,0.0
North America,Coffee,Other Non-Grocery Retailers,Retail Volume,2020,0.0,937651.5,Tonnes,0.0
North America,Coffee,Vending,Retail Volume,2020,0.0,937651.5,Tonnes,0.0
North America,Coffee,Direct Selling,Retail Volume,2020,0.1,937651.5,Tonnes,937.6515
North America,Coffee,Retail E-Commerce,Retail Volume,2020,17.0,937651.5,Tonnes,159400.755
North America,RTD Coffee,Retail Channels,Off-trade Volume,2020,100.0,734.9,million litres,734.9
North America,RTD Coffee,Retail Offline,Off-trade Volume,2020,90.8,734.9,million litres,667.2891999999999
North America,RTD Coffee,Grocery Retailers,Off-trade Volume,2020,84.0,734.9,million litres,617.3159999999999
North America,RTD Coffee,Convenience Retailers,Off-trade Volume,2020,26.5,734.9,million litres,194.7485
North America,RTD Coffee,Convenience Stores,Off-trade Volume,2020,6.2,734.9,million litres,45.5638
North America,RTD Coffee,Forecourt Retailers,Off-trade Volume,2020,20.3,734.9,million litres,149.1847
North America,RTD Coffee,Supermarkets,Off-trade Volume,2020,21.2,734.9,million litres,155.7988
North America,RTD Coffee,Hypermarkets,Off-trade Volume,2020,20.5,734.9,million litres,150.65449999999998
North America,RTD Coffee,Discounters,Off-trade Volume,2020,1.4,734.9,million litres,10.288599999999999
North America,RTD Coffee,Warehouse Clubs,Off-trade Volume,2020,10.8,734.9,million litres,79.3692
North America,RTD Coffee,Food/drink/tobacco specialists,Off-trade Volume,2020,0.0,734.9,million litres,0.0
North America,RTD Coffee,Small Local Grocers,Off-trade Volume,2020,3.6,734.9,million litres,26.456400000000002
North America,RTD Coffee,Non-Grocery Retailers,Off-trade Volume,2020,4.8,734.9,million litres,35.2752
North America,RTD Coffee,General Merchandise Stores,Off-trade Volume,2020,3.7,734.9,million litres,27.191300000000002
North America,RTD Coffee,Apparel and Footwear Specialists,Off-trade Volume,2020,0.0,734.9,million litres,0.0
North America,RTD Coffee,Appliances and Electronics Specialists,Off-trade Volume,2020,0.0,734.9,million litres,0.0
North America,RTD Coffee,Home Products Specialists,Off-trade Volume,2020,0.0,734.9,million litres,0.0
North America,RTD Coffee,Health and Beauty Specialists,Off-trade Volume,2020,1.2,734.9,million litres,8.8188
North America,RTD Coffee,Leisure and Personal Goods Specialists,Off-trade Volume,2020,0.0,734.9,million litres,0.0
North America,RTD Coffee,Other Non-Grocery Retailers,Off-trade Volume,2020,0.0,734.9,million litres,0.0
North America,RTD Coffee,Vending,Off-trade Volume,2020,2.0,734.9,million litres,14.698
North America,RTD Coffee,Direct Selling,Off-trade Volume,2020,0.0,734.9,million litres,0.0
North America,RTD Coffee,Retail E-Commerce,Off-trade Volume,2020,9.2,734.9,million litres,67.6108
USA,Coffee,Retail Channels,Retail Volume,2020,100.0,858536.5,Tonnes,858536.5
USA,Coffee,Retail Offline,Retail Volume,2020,82.1,858536.5,Tonnes,704858.4665
USA,Coffee,Grocery Retailers,Retail Volume,2020,80.2,858536.5,Tonnes,688546.273
USA,Coffee,Convenience Retailers,Retail Volume,2020,1.1,858536.5,Tonnes,9443.901500000002
USA,Coffee,Convenience Stores,Retail Volume,2020,0.1,858536.5,Tonnes,858.5365
USA,Coffee,Forecourt Retailers,Retail Volume,2020,1.0,858536.5,Tonnes,8585.365
USA,Coffee,Supermarkets,Retail Volume,2020,27.0,858536.5,Tonnes,231804.855
USA,Coffee,Hypermarkets,Retail Volume,2020,22.0,858536.5,Tonnes,188878.03
USA,Coffee,Discounters,Retail Volume,2020,2.1,858536.5,Tonnes,18029.2665
USA,Coffee,Warehouse Clubs,Retail Volume,2020,3.8,858536.5,Tonnes,32624.387
USA,Coffee,Food/drink/tobacco specialists,Retail Volume,2020,5.2,858536.5,Tonnes,44643.898
USA,Coffee,Small Local Grocers,Retail Volume,2020,18.9,858536.5,Tonnes,162263.39849999998
USA,Coffee,Non-Grocery Retailers,Retail Volume,2020,1.8,858536.5,Tonnes,15453.657000000001
USA,Coffee,General Merchandise Stores,Retail Volume,2020,1.2,858536.5,Tonnes,10302.438
USA,Coffee,Apparel and Footwear Specialists,Retail Volume,2020,0.0,858536.5,Tonnes,0.0
USA,Coffee,Appliances and Electronics Specialists,Retail Volume,2020,0.0,858536.5,Tonnes,0.0
USA,Coffee,Home Products Specialists,Retail Volume,2020,0.0,858536.5,Tonnes,0.0
USA,Coffee,Health and Beauty Specialists,Retail Volume,2020,0.5,858536.5,Tonnes,4292.6825
USA,Coffee,Leisure and Personal Goods Specialists,Retail Volume,2020,0.0,858536.5,Tonnes,0.0
USA,Coffee,Other Non-Grocery Retailers,Retail Volume,2020,0.0,858536.5,Tonnes,0.0
USA,Coffee,Vending,Retail Volume,2020,0.0,858536.5,Tonnes,0.0
USA,Coffee,Direct Selling,Retail Volume,2020,0.2,858536.5,Tonnes,1717.073
USA,Coffee,Retail E-Commerce,Retail Volume,2020,17.9,858536.5,Tonnes,153678.0335
USA,RTD Coffee,Retail Channels,Off-trade Volume,2020,100.0,723.0,million litres,723.0
USA,RTD Coffee,Retail Offline,Off-trade Volume,2020,90.7,723.0,million litres,655.761
USA,RTD Coffee,Grocery Retailers,Off-trade Volume,2020,84.0,723.0,million litres,607.3199999999999
USA,RTD Coffee,Convenience Retailers,Off-trade Volume,2020,26.7,723.0,million litres,193.041
USA,RTD Coffee,Convenience Stores,Off-trade Volume,2020,6.2,723.0,million litres,44.826
USA,RTD Coffee,Forecourt Retailers,Off-trade Volume,2020,20.4,723.0,million litres,147.492
USA,RTD Coffee,Supermarkets,Off-trade Volume,2020,20.9,723.0,million litres,151.107
USA,RTD Coffee,Hypermarkets,Off-trade Volume,2020,20.6,723.0,million litres,148.93800000000002
USA,RTD Coffee,Discounters,Off-trade Volume,2020,1.3,723.0,million litres,9.399000000000001
USA,RTD Coffee,Warehouse Clubs,Off-trade Volume,2020,10.8,723.0,million litres,78.084
USA,RTD Coffee,Food/drink/tobacco specialists,Off-trade Volume,2020,0.0,723.0,million litres,0.0
USA,RTD Coffee,Small Local Grocers,Off-trade Volume,2020,3.7,723.0,million litres,26.751000000000005
USA,RTD Coffee,Non-Grocery Retailers,Off-trade Volume,2020,4.7,723.0,million litres,33.981
USA,RTD Coffee,General Merchandise Stores,Off-trade Volume,2020,3.7,723.0,million litres,26.751000000000005
USA,RTD Coffee,Apparel and Footwear Specialists,Off-trade Volume,2020,0.0,723.0,million litres,0.0
USA,RTD Coffee,Appliances and Electronics Specialists,Off-trade Volume,2020,0.0,723.0,million litres,0.0
USA,RTD Coffee,Home Products Specialists,Off-trade Volume,2020,0.0,723.0,million litres,0.0
USA,RTD Coffee,Health and Beauty Specialists,Off-trade Volume,2020,1.0,723.0,million litres,7.23
USA,RTD Coffee,Leisure and Personal Goods Specialists,Off-trade Volume,2020,0.0,723.0,million litres,0.0
USA,RTD Coffee,Other Non-Grocery Retailers,Off-trade Volume,2020,0.0,723.0,million litres,0.0
USA,RTD Coffee,Vending,Off-trade Volume,2020,2.0,723.0,million litres,14.46
USA,RTD Coffee,Direct Selling,Off-trade Volume,2020,0.0,723.0,million litres,0.0
USA,RTD Coffee,Retail E-Commerce,Off-trade Volume,2020,9.3,723.0,million litres,67.239
Western Europe,Coffee,Retail Channels,Retail Volume,2020,100.0,1389419.5,Tonnes,1389419.5
Western Europe,Coffee,Retail Offline,Retail Volume,2020,95.0,1389419.5,Tonnes,1319948.525
Western Europe,Coffee,Grocery Retailers,Retail Volume,2020,92.3,1389419.5,Tonnes,1282434.1985
Western Europe,Coffee,Convenience Retailers,Retail Volume,2020,3.5,1389419.5,Tonnes,48629.6825
Western Europe,Coffee,Convenience Stores,Retail Volume,2020,3.1,1389419.5,Tonnes,43072.0045
Western Europe,Coffee,Forecourt Retailers,Retail Volume,2020,0.4,1389419.5,Tonnes,5557.678
Western Europe,Coffee,Supermarkets,Retail Volume,2020,38.7,1389419.5,Tonnes,537705.3465
Western Europe,Coffee,Hypermarkets,Retail Volume,2020,20.2,1389419.5,Tonnes,280662.739
Western Europe,Coffee,Discounters,Retail Volume,2020,23.0,1389419.5,Tonnes,319566.485
Western Europe,Coffee,Warehouse Clubs,Retail Volume,2020,0.0,1389419.5,Tonnes,0.0
Western Europe,Coffee,Food/drink/tobacco specialists,Retail Volume,2020,3.9,1389419.5,Tonnes,54187.3605
Western Europe,Coffee,Small Local Grocers,Retail Volume,2020,3.0,1389419.5,Tonnes,41682.585
Western Europe,Coffee,Non-Grocery Retailers,Retail Volume,2020,1.8,1389419.5,Tonnes,25009.551000000003
Western Europe,Coffee,General Merchandise Stores,Retail Volume,2020,0.7,1389419.5,Tonnes,9725.9365
Western Europe,Coffee,Apparel and Footwear Specialists,Retail Volume,2020,0.0,1389419.5,Tonnes,0.0
Western Europe,Coffee,Appliances and Electronics Specialists,Retail Volume,2020,0.0,1389419.5,Tonnes,0.0
Western Europe,Coffee,Home Products Specialists,Retail Volume,2020,0.0,1389419.5,Tonnes,0.0
Western Europe,Coffee,Health and Beauty Specialists,Retail Volume,2020,1.1,1389419.5,Tonnes,15283.614500000001
Western Europe,Coffee,Leisure and Personal Goods Specialists,Retail Volume,2020,0.0,1389419.5,Tonnes,0.0
Western Europe,Coffee,Other Non-Grocery Retailers,Retail Volume,2020,0.0,1389419.5,Tonnes,0.0
Western Europe,Coffee,Vending,Retail Volume,2020,0.8,1389419.5,Tonnes,11115.356
Western Europe,Coffee,Direct Selling,Retail Volume,2020,0.0,1389419.5,Tonnes,0.0
Western Europe,Coffee,Retail E-Commerce,Retail Volume,2020,5.0,1389419.5,Tonnes,69470.975
Western Europe,RTD Coffee,Retail Channels,Off-trade Volume,2020,100.0,274.4,million litres,274.4
Western Europe,RTD Coffee,Retail Offline,Off-trade Volume,2020,97.5,274.4,million litres,267.53999999999996
Western Europe,RTD Coffee,Grocery Retailers,Off-trade Volume,2020,95.2,274.4,million litres,261.2288
Western Europe,RTD Coffee,Convenience Retailers,Off-trade Volume,2020,13.9,274.4,million litres,38.1416
Western Europe,RTD Coffee,Convenience Stores,Off-trade Volume,2020,6.1,274.4,million litres,16.7384
Western Europe,RTD Coffee,Forecourt Retailers,Off-trade Volume,2020,7.8,274.4,million litres,21.4032
Western Europe,RTD Coffee,Supermarkets,Off-trade Volume,2020,43.6,274.4,million litres,119.63839999999999
Western Europe,RTD Coffee,Hypermarkets,Off-trade Volume,2020,16.3,274.4,million litres,44.727199999999996
Western Europe,RTD Coffee,Discounters,Off-trade Volume,2020,15.6,274.4,million litres,42.8064
Western Europe,RTD Coffee,Warehouse Clubs,Off-trade Volume,2020,0.0,274.4,million litres,0.0
Western Europe,RTD Coffee,Food/drink/tobacco specialists,Off-trade Volume,2020,0.2,274.4,million litres,0.5488
Western Europe,RTD Coffee,Small Local Grocers,Off-trade Volume,2020,5.7,274.4,million litres,15.640799999999999
Western Europe,RTD Coffee,Non-Grocery Retailers,Off-trade Volume,2020,1.7,274.4,million litres,4.6648
Western Europe,RTD Coffee,General Merchandise Stores,Off-trade Volume,2020,0.0,274.4,million litres,0.0
Western Europe,RTD Coffee,Apparel and Footwear Specialists,Off-trade Volume,2020,0.0,274.4,million litres,0.0
Western Europe,RTD Coffee,Appliances and Electronics Specialists,Off-trade Volume,2020,0.0,274.4,million litres,0.0
Western Europe,RTD Coffee,Home Products Specialists,Off-trade Volume,2020,0.0,274.4,million litres,0.0
Western Europe,RTD Coffee,Health and Beauty Specialists,Off-trade Volume,2020,1.7,274.4,million litres,4.6648
Western Europe,RTD Coffee,Leisure and Personal Goods Specialists,Off-trade Volume,2020,0.0,274.4,million litres,0.0
Western Europe,RTD Coffee,Other Non-Grocery Retailers,Off-trade Volume,2020,0.0,274.4,million litres,0.0
Western Europe,RTD Coffee,Vending,Off-trade Volume,2020,0.5,274.4,million litres,1.3719999999999999
Western Europe,RTD Coffee,Direct Selling,Off-trade Volume,2020,0.0,274.4,million litres,0.0
Western Europe,RTD Coffee,Retail E-Commerce,Off-trade Volume,2020,2.5,274.4,million litres,6.859999999999999
France,Coffee,Retail Channels,Retail Volume,2020,100.0,196493.5,Tonnes,196493.5
France,Coffee,Retail Offline,Retail Volume,2020,87.9,196493.5,Tonnes,172717.7865
France,Coffee,Grocery Retailers,Retail Volume,2020,87.0,196493.5,Tonnes,170949.345
France,Coffee,Convenience Retailers,Retail Volume,2020,1.2,196493.5,Tonnes,2357.922
France,Coffee,Convenience Stores,Retail Volume,2020,1.1,196493.5,Tonnes,2161.4285000000004
France,Coffee,Forecourt Retailers,Retail Volume,2020,0.0,196493.5,Tonnes,0.0
France,Coffee,Supermarkets,Retail Volume,2020,25.5,196493.5,Tonnes,50105.8425
France,Coffee,Hypermarkets,Retail Volume,2020,31.7,196493.5,Tonnes,62288.4395
France,Coffee,Discounters,Retail Volume,2020,12.6,196493.5,Tonnes,24758.181
France,Coffee,Warehouse Clubs,Retail Volume,2020,0.0,196493.5,Tonnes,0.0
France,Coffee,Food/drink/tobacco specialists,Retail Volume,2020,15.5,196493.5,Tonnes,30456.4925
France,Coffee,Small Local Grocers,Retail Volume,2020,0.6,196493.5,Tonnes,1178.961
France,Coffee,Non-Grocery Retailers,Retail Volume,2020,0.6,196493.5,Tonnes,1178.961
France,Coffee,General Merchandise Stores,Retail Volume,2020,0.0,196493.5,Tonnes,0.0
France,Coffee,Apparel and Footwear Specialists,Retail Volume,2020,0.0,196493.5,Tonnes,0.0
France,Coffee,Appliances and Electronics Specialists,Retail Volume,2020,0.0,196493.5,Tonnes,0.0
France,Coffee,Home Products Specialists,Retail Volume,2020,0.0,196493.5,Tonnes,0.0
France,Coffee,Health and Beauty Specialists,Retail Volume,2020,0.6,196493.5,Tonnes,1178.961
France,Coffee,Leisure and Personal Goods Specialists,Retail Volume,2020,0.0,196493.5,Tonnes,0.0
France,Coffee,Other Non-Grocery Retailers,Retail Volume,2020,0.0,196493.5,Tonnes,0.0
France,Coffee,Vending,Retail Volume,2020,0.2,196493.5,Tonnes,392.987
France,Coffee,Direct Selling,Retail Volume,2020,0.0,196493.5,Tonnes,0.0
France,Coffee,Retail E-Commerce,Retail Volume,2020,12.1,196493.5,Tonnes,23775.713499999998
France,RTD Coffee,Retail Channels,Off-trade Volume,2020,100.0,5.0,million litres,5.0
France,RTD Coffee,Retail Offline,Off-trade Volume,2020,99.0,5.0,million litres,4.95
France,RTD Coffee,Grocery Retailers,Off-trade Volume,2020,98.5,5.0,million litres,4.925
France,RTD Coffee,Convenience Retailers,Off-trade Volume,2020,36.3,5.0,million litres,1.815
France,RTD Coffee,Convenience Stores,Off-trade Volume,2020,17.5,5.0,million litres,0.875
France,RTD Coffee,Forecourt Retailers,Off-trade Volume,2020,18.8,5.0,million litres,0.94
France,RTD Coffee,Supermarkets,Off-trade Volume,2020,28.4,5.0,million litres,1.42
France,RTD Coffee,Hypermarkets,Off-trade Volume,2020,29.7,5.0,million litres,1.4849999999999999
France,RTD Coffee,Discounters,Off-trade Volume,2020,2.3,5.0,million litres,0.11499999999999999
France,RTD Coffee,Warehouse Clubs,Off-trade Volume,2020,0.0,5.0,million litres,0.0
France,RTD Coffee,Food/drink/tobacco specialists,Off-trade Volume,2020,0.0,5.0,million litres,0.0
France,RTD Coffee,Small Local Grocers,Off-trade Volume,2020,1.8,5.0,million litres,0.09000000000000001
France,RTD Coffee,Non-Grocery Retailers,Off-trade Volume,2020,0.0,5.0,million litres,0.0
France,RTD Coffee,General Merchandise Stores,Off-trade Volume,2020,0.0,5.0,million litres,0.0
France,RTD Coffee,Apparel and Footwear Specialists,Off-trade Volume,2020,0.0,5.0,million litres,0.0
France,RTD Coffee,Appliances and Electronics Specialists,Off-trade Volume,2020,0.0,5.0,million litres,0.0
France,RTD Coffee,Home Products Specialists,Off-trade Volume,2020,0.0,5.0,million litres,0.0
France,RTD Coffee,Health and Beauty Specialists,Off-trade Volume,2020,0.0,5.0,million litres,0.0
France,RTD Coffee,Leisure and Personal Goods Specialists,Off-trade Volume,2020,0.0,5.0,million litres,0.0
France,RTD Coffee,Other Non-Grocery Retailers,Off-trade Volume,2020,0.0,5.0,million litres,0.0
France,RTD Coffee,Vending,Off-trade Volume,2020,0.4,5.0,million litres,0.02
France,RTD Coffee,Direct Selling,Off-trade Volume,2020,0.0,5.0,million litres,0.0
France,RTD Coffee,Retail E-Commerce,Off-trade Volume,2020,1.0,5.0,million litres,0.05
Germany,Coffee,Retail Channels,Retail Volume,2020,100.0,415848.5,Tonnes,415848.5
Germany,Coffee,Retail Offline,Retail Volume,2020,97.1,415848.5,Tonnes,403788.8935
Germany,Coffee,Grocery Retailers,Retail Volume,2020,93.9,415848.5,Tonnes,390481.7415
Germany,Coffee,Convenience Retailers,Retail Volume,2020,0.6,415848.5,Tonnes,2495.091
Germany,Coffee,Convenience Stores,Retail Volume,2020,0.3,415848.5,Tonnes,1247.5455
Germany,Coffee,Forecourt Retailers,Retail Volume,2020,0.3,415848.5,Tonnes,1247.5455
Germany,Coffee,Supermarkets,Retail Volume,2020,26.3,415848.5,Tonnes,109368.15550000001
Germany,Coffee,Hypermarkets,Retail Volume,2020,18.4,415848.5,Tonnes,76516.124
Germany,Coffee,Discounters,Retail Volume,2020,45.5,415848.5,Tonnes,189211.0675
Germany,Coffee,Warehouse Clubs,Retail Volume,2020,0.0,415848.5,Tonnes,0.0
Germany,Coffee,Food/drink/tobacco specialists,Retail Volume,2020,2.4,415848.5,Tonnes,9980.364
Germany,Coffee,Small Local Grocers,Retail Volume,2020,0.8,415848.5,Tonnes,3326.788
Germany,Coffee,Non-Grocery Retailers,Retail Volume,2020,2.7,415848.5,Tonnes,11227.909500000002
Germany,Coffee,General Merchandise Stores,Retail Volume,2020,1.5,415848.5,Tonnes,6237.7275
Germany,Coffee,Apparel and Footwear Specialists,Retail Volume,2020,0.0,415848.5,Tonnes,0.0
Germany,Coffee,Appliances and Electronics Specialists,Retail Volume,2020,0.0,415848.5,Tonnes,0.0
Germany,Coffee,Home Products Specialists,Retail Volume,2020,0.0,415848.5,Tonnes,0.0
Germany,Coffee,Health and Beauty Specialists,Retail Volume,2020,1.2,415848.5,Tonnes,4990.182
Germany,Coffee,Leisure and Personal Goods Specialists,Retail Volume,2020,0.0,415848.5,Tonnes,0.0
Germany,Coffee,Other Non-Grocery Retailers,Retail Volume,2020,0.0,415848.5,Tonnes,0.0
Germany,Coffee,Vending,Retail Volume,2020,0.4,415848.5,Tonnes,1663.394
Germany,Coffee,Direct Selling,Retail Volume,2020,0.0,415848.5,Tonnes,0.0
Germany,Coffee,Retail E-Commerce,Retail Volume,2020,2.9,415848.5,Tonnes,12059.6065
Germany,RTD Coffee,Retail Channels,Off-trade Volume,2020,100.0,105.9,million litres,105.9
Germany,RTD Coffee,Retail Offline,Off-trade Volume,2020,98.9,105.9,million litres,104.73510000000002
Germany,RTD Coffee,Grocery Retailers,Off-trade Volume,2020,94.4,105.9,million litres,99.96960000000001
Germany,RTD Coffee,Convenience Retailers,Off-trade Volume,2020,14.0,105.9,million litres,14.826000000000002
Germany,RTD Coffee,Convenience Stores,Off-trade Volume,2020,0.1,105.9,million litres,0.10590000000000001
Germany,RTD Coffee,Forecourt Retailers,Off-trade Volume,2020,13.9,105.9,million litres,14.720100000000002
Germany,RTD Coffee,Supermarkets,Off-trade Volume,2020,31.0,105.9,million litres,32.829
Germany,RTD Coffee,Hypermarkets,Off-trade Volume,2020,17.9,105.9,million litres,18.9561
Germany,RTD Coffee,Discounters,Off-trade Volume,2020,24.3,105.9,million litres,25.733700000000002
Germany,RTD Coffee,Warehouse Clubs,Off-trade Volume,2020,0.0,105.9,million litres,0.0
Germany,RTD Coffee,Food/drink/tobacco specialists,Off-trade Volume,2020,0.1,105.9,million litres,0.10590000000000001
Germany,RTD Coffee,Small Local Grocers,Off-trade Volume,2020,7.1,105.9,million litres,7.5188999999999995
Germany,RTD Coffee,Non-Grocery Retailers,Off-trade Volume,2020,4.1,105.9,million litres,4.3419
Germany,RTD Coffee,General Merchandise Stores,Off-trade Volume,2020,0.0,105.9,million litres,0.0
Germany,RTD Coffee,Apparel and Footwear Specialists,Off-trade Volume,2020,0.0,105.9,million litres,0.0
Germany,RTD Coffee,Appliances and Electronics Specialists,Off-trade Volume,2020,0.0,105.9,million litres,0.0
Germany,RTD Coffee,Home Products Specialists,Off-trade Volume,2020,0.0,105.9,million litres,0.0
Germany,RTD Coffee,Health and Beauty Specialists,Off-trade Volume,2020,4.1,105.9,million litres,4.3419
Germany,RTD Coffee,Leisure and Personal Goods Specialists,Off-trade Volume,2020,0.0,105.9,million litres,0.0
Germany,RTD Coffee,Other Non-Grocery Retailers,Off-trade Volume,2020,0.0,105.9,million litres,0.0
Germany,RTD Coffee,Vending,Off-trade Volume,2020,0.4,105.9,million litres,0.42360000000000003
Germany,RTD Coffee,Direct Selling,Off-trade Volume,2020,0.0,105.9,million litres,0.0
Germany,RTD Coffee,Retail E-Commerce,Off-trade Volume,2020,1.1,105.9,million litres,1.1649000000000003
United Kingdom,Coffee,Retail Channels,Retail Volume,2020,100.0,80975.9,Tonnes,80975.9
United Kingdom,Coffee,Retail Offline,Retail Volume,2020,89.4,80975.9,Tonnes,72392.4546
United Kingdom,Coffee,Grocery Retailers,Retail Volume,2020,86.6,80975.9,Tonnes,70125.12939999999
United Kingdom,Coffee,Convenience Retailers,Retail Volume,2020,5.1,80975.9,Tonnes,4129.7708999999995
United Kingdom,Coffee,Convenience Stores,Retail Volume,2020,4.9,80975.9,Tonnes,3967.8190999999997
United Kingdom,Coffee,Forecourt Retailers,Retail Volume,2020,0.2,80975.9,Tonnes,161.9518
United Kingdom,Coffee,Supermarkets,Retail Volume,2020,37.2,80975.9,Tonnes,30123.0348
United Kingdom,Coffee,Hypermarkets,Retail Volume,2020,34.2,80975.9,Tonnes,27693.7578
United Kingdom,Coffee,Discounters,Retail Volume,2020,7.6,80975.9,Tonnes,6154.1684
United Kingdom,Coffee,Warehouse Clubs,Retail Volume,2020,0.1,80975.9,Tonnes,80.9759
United Kingdom,Coffee,Food/drink/tobacco specialists,Retail Volume,2020,1.3,80975.9,Tonnes,1052.6867
United Kingdom,Coffee,Small Local Grocers,Retail Volume,2020,1.2,80975.9,Tonnes,971.7108
United Kingdom,Coffee,Non-Grocery Retailers,Retail Volume,2020,2.4,80975.9,Tonnes,1943.4216
United Kingdom,Coffee,General Merchandise Stores,Retail Volume,2020,2.4,80975.9,Tonnes,1943.4216
United Kingdom,Coffee,Apparel and Footwear Specialists,Retail Volume,2020,0.0,80975.9,Tonnes,0.0
United Kingdom,Coffee,Appliances and Electronics Specialists,Retail Volume,2020,0.0,80975.9,Tonnes,0.0
United Kingdom,Coffee,Home Products Specialists,Retail Volume,2020,0.0,80975.9,Tonnes,0.0
United Kingdom,Coffee,Health and Beauty Specialists,Retail Volume,2020,0.0,80975.9,Tonnes,0.0
United Kingdom,Coffee,Leisure and Personal Goods Specialists,Retail Volume,2020,0.0,80975.9,Tonnes,0.0
United Kingdom,Coffee,Other Non-Grocery Retailers,Retail Volume,2020,0.0,80975.9,Tonnes,0.0
United Kingdom,Coffee,Vending,Retail Volume,2020,0.5,80975.9,Tonnes,404.8795
United Kingdom,Coffee,Direct Selling,Retail Volume,2020,0.0,80975.9,Tonnes,0.0
United Kingdom,Coffee,Retail E-Commerce,Retail Volume,2020,10.6,80975.9,Tonnes,8583.445399999999
United Kingdom,RTD Coffee,Retail Channels,Off-trade Volume,2020,100.0,27.2,million litres,27.2
United Kingdom,RTD Coffee,Retail Offline,Off-trade Volume,2020,91.8,27.2,million litres,24.969599999999996
United Kingdom,RTD Coffee,Grocery Retailers,Off-trade Volume,2020,91.0,27.2,million litres,24.752
United Kingdom,RTD Coffee,Convenience Retailers,Off-trade Volume,2020,12.0,27.2,million litres,3.264
United Kingdom,RTD Coffee,Convenience Stores,Off-trade Volume,2020,9.1,27.2,million litres,2.4752
United Kingdom,RTD Coffee,Forecourt Retailers,Off-trade Volume,2020,2.9,27.2,million litres,0.7888
United Kingdom,RTD Coffee,Supermarkets,Off-trade Volume,2020,32.5,27.2,million litres,8.84
United Kingdom,RTD Coffee,Hypermarkets,Off-trade Volume,2020,31.9,27.2,million litres,8.6768
United Kingdom,RTD Coffee,Discounters,Off-trade Volume,2020,0.0,27.2,million litres,0.0
United Kingdom,RTD Coffee,Warehouse Clubs,Off-trade Volume,2020,0.0,27.2,million litres,0.0
United Kingdom,RTD Coffee,Food/drink/tobacco specialists,Off-trade Volume,2020,0.0,27.2,million litres,0.0
United Kingdom,RTD Coffee,Small Local Grocers,Off-trade Volume,2020,14.5,27.2,million litres,3.9439999999999995
United Kingdom,RTD Coffee,Non-Grocery Retailers,Off-trade Volume,2020,0.8,27.2,million litres,0.2176
United Kingdom,RTD Coffee,General Merchandise Stores,Off-trade Volume,2020,0.0,27.2,million litres,0.0
United Kingdom,RTD Coffee,Apparel and Footwear Specialists,Off-trade Volume,2020,0.0,27.2,million litres,0.0
United Kingdom,RTD Coffee,Appliances and Electronics Specialists,Off-trade Volume,2020,0.0,27.2,million litres,0.0
United Kingdom,RTD Coffee,Home Products Specialists,Off-trade Volume,2020,0.0,27.2,million litres,0.0
United Kingdom,RTD Coffee,Health and Beauty Specialists,Off-trade Volume,2020,0.8,27.2,million litres,0.2176
United Kingdom,RTD Coffee,Leisure and Personal Goods Specialists,Off-trade Volume,2020,0.0,27.2,million litres,0.0
United Kingdom,RTD Coffee,Other Non-Grocery Retailers,Off-trade Volume,2020,0.0,27.2,million litres,0.0
United Kingdom,RTD Coffee,Vending,Off-trade Volume,2020,0.0,27.2,million litres,0.0
United Kingdom,RTD Coffee,Direct Selling,Off-trade Volume,2020,0.0,27.2,million litres,0.0
United Kingdom,RTD Coffee,Retail E-Commerce,Off-trade Volume,2020,8.2,27.2,million litres,2.2303999999999995
World,Coffee,Retail Channels,Retail Volume,2021,100.0,6211134.5,Tonnes,6211134.5
World,Coffee,Retail Offline,Retail Volume,2021,94.0,6211134.5,Tonnes,5838466.43
World,Coffee,Grocery Retailers,Retail Volume,2021,91.6,6211134.5,Tonnes,5689399.202
World,Coffee,Convenience Retailers,Retail Volume,2021,5.2,6211134.5,Tonnes,322978.994
World,Coffee,Convenience Stores,Retail Volume,2021,4.4,6211134.5,Tonnes,273289.918
World,Coffee,Forecourt Retailers,Retail Volume,2021,0.8,6211134.5,Tonnes,49689.076
World,Coffee,Supermarkets,Retail Volume,2021,28.9,6211134.5,Tonnes,1795017.8705
World,Coffee,Hypermarkets,Retail Volume,2021,19.0,6211134.5,Tonnes,1180115.555
World,Coffee,Discounters,Retail Volume,2021,7.9,6211134.5,Tonnes,490679.6255
World,Coffee,Warehouse Clubs,Retail Volume,2021,1.3,6211134.5,Tonnes,80744.7485
World,Coffee,Food/drink/tobacco specialists,Retail Volume,2021,2.5,6211134.5,Tonnes,155278.36250000002
World,Coffee,Small Local Grocers,Retail Volume,2021,26.7,6211134.5,Tonnes,1658372.9115000002
World,Coffee,Non-Grocery Retailers,Retail Volume,2021,1.8,6211134.5,Tonnes,111800.42100000002
World,Coffee,General Merchandise Stores,Retail Volume,2021,1.0,6211134.5,Tonnes,62111.345
World,Coffee,Apparel and Footwear Specialists,Retail Volume,2021,0.0,6211134.5,Tonnes,0.0
World,Coffee,Appliances and Electronics Specialists,Retail Volume,2021,0.0,6211134.5,Tonnes,0.0
World,Coffee,Home Products Specialists,Retail Volume,2021,0.0,6211134.5,Tonnes,0.0
World,Coffee,Health and Beauty Specialists,Retail Volume,2021,0.6,6211134.5,Tonnes,37266.807
World,Coffee,Leisure and Personal Goods Specialists,Retail Volume,2021,0.0,6211134.5,Tonnes,0.0
World,Coffee,Other Non-Grocery Retailers,Retail Volume,2021,0.1,6211134.5,Tonnes,6211.1345
World,Coffee,Vending,Retail Volume,2021,0.5,6211134.5,Tonnes,31055.6725
World,Coffee,Direct Selling,Retail Volume,2021,0.1,6211134.5,Tonnes,6211.1345
World,Coffee,Retail E-Commerce,Retail Volume,2021,6.0,6211134.5,Tonnes,372668.07
World,RTD Coffee,Retail Channels,Off-trade Volume,2021,100.0,5593.4,million litres,5593.4
World,RTD Coffee,Retail Offline,Off-trade Volume,2021,95.8,5593.4,million litres,5358.477199999999
World,RTD Coffee,Grocery Retailers,Off-trade Volume,2021,70.6,5593.4,million litres,3948.9403999999995
World,RTD Coffee,Convenience Retailers,Off-trade Volume,2021,26.1,5593.4,million litres,1459.8773999999999
World,RTD Coffee,Convenience Stores,Off-trade Volume,2021,21.6,5593.4,million litres,1208.1744
World,RTD Coffee,Forecourt Retailers,Off-trade Volume,2021,4.5,5593.4,million litres,251.70299999999997
World,RTD Coffee,Supermarkets,Off-trade Volume,2021,22.2,5593.4,million litres,1241.7348
World,RTD Coffee,Hypermarkets,Off-trade Volume,2021,9.5,5593.4,million litres,531.3729999999999
World,RTD Coffee,Discounters,Off-trade Volume,2021,1.1,5593.4,million litres,61.5274
World,RTD Coffee,Warehouse Clubs,Off-trade Volume,2021,2.5,5593.4,million litres,139.835
World,RTD Coffee,Food/drink/tobacco specialists,Off-trade Volume,2021,0.0,5593.4,million litres,0.0
World,RTD Coffee,Small Local Grocers,Off-trade Volume,2021,9.2,5593.4,million litres,514.5928
World,RTD Coffee,Non-Grocery Retailers,Off-trade Volume,2021,11.4,5593.4,million litres,637.6476
World,RTD Coffee,General Merchandise Stores,Off-trade Volume,2021,5.2,5593.4,million litres,290.8568
World,RTD Coffee,Apparel and Footwear Specialists,Off-trade Volume,2021,0.0,5593.4,million litres,0.0
World,RTD Coffee,Appliances and Electronics Specialists,Off-trade Volume,2021,0.0,5593.4,million litres,0.0
World,RTD Coffee,Home Products Specialists,Off-trade Volume,2021,0.0,5593.4,million litres,0.0
World,RTD Coffee,Health and Beauty Specialists,Off-trade Volume,2021,6.2,5593.4,million litres,346.7908
World,RTD Coffee,Leisure and Personal Goods Specialists,Off-trade Volume,2021,0.0,5593.4,million litres,0.0
World,RTD Coffee,Other Non-Grocery Retailers,Off-trade Volume,2021,0.0,5593.4,million litres,0.0
World,RTD Coffee,Vending,Off-trade Volume,2021,13.8,5593.4,million litres,771.8892
World,RTD Coffee,Direct Selling,Off-trade Volume,2021,0.0,5593.4,million litres,0.0
World,RTD Coffee,Retail E-Commerce,Off-trade Volume,2021,4.2,5593.4,million litres,234.9228
Asia Pacific,Coffee,Retail Channels,Retail Volume,2021,100.0,1560101.5,Tonnes,1560101.5
Asia Pacific,Coffee,Retail Offline,Retail Volume,2021,93.9,1560101.5,Tonnes,1464935.3085
Asia Pacific,Coffee,Grocery Retailers,Retail Volume,2021,91.6,1560101.5,Tonnes,1429052.974
Asia Pacific,Coffee,Convenience Retailers,Retail Volume,2021,9.0,1560101.5,Tonnes,140409.135
Asia Pacific,Coffee,Convenience Stores,Retail Volume,2021,8.1,1560101.5,Tonnes,126368.2215
Asia Pacific,Coffee,Forecourt Retailers,Retail Volume,2021,0.9,1560101.5,Tonnes,14040.913500000002
Asia Pacific,Coffee,Supermarkets,Retail Volume,2021,16.4,1560101.5,Tonnes,255856.64599999998
Asia Pacific,Coffee,Hypermarkets,Retail Volume,2021,16.1,1560101.5,Tonnes,251176.3415
Asia Pacific,Coffee,Discounters,Retail Volume,2021,0.1,1560101.5,Tonnes,1560.1015
Asia Pacific,Coffee,Warehouse Clubs,Retail Volume,2021,0.3,1560101.5,Tonnes,4680.3045
Asia Pacific,Coffee,Food/drink/tobacco specialists,Retail Volume,2021,0.7,1560101.5,Tonnes,10920.7105
Asia Pacific,Coffee,Small Local Grocers,Retail Volume,2021,49.0,1560101.5,Tonnes,764449.735
Asia Pacific,Coffee,Non-Grocery Retailers,Retail Volume,2021,2.2,1560101.5,Tonnes,34322.233
Asia Pacific,Coffee,General Merchandise Stores,Retail Volume,2021,1.5,1560101.5,Tonnes,23401.5225
Asia Pacific,Coffee,Apparel and Footwear Specialists,Retail Volume,2021,0.0,1560101.5,Tonnes,0.0
Asia Pacific,Coffee,Appliances and Electronics Specialists,Retail Volume,2021,0.0,1560101.5,Tonnes,0.0
Asia Pacific,Coffee,Home Products Specialists,Retail Volume,2021,0.0,1560101.5,Tonnes,0.0
Asia Pacific,Coffee,Health and Beauty Specialists,Retail Volume,2021,0.7,1560101.5,Tonnes,10920.7105
Asia Pacific,Coffee,Leisure and Personal Goods Specialists,Retail Volume,2021,0.0,1560101.5,Tonnes,0.0
Asia Pacific,Coffee,Other Non-Grocery Retailers,Retail Volume,2021,0.0,1560101.5,Tonnes,0.0
Asia Pacific,Coffee,Vending,Retail Volume,2021,0.1,1560101.5,Tonnes,1560.1015
Asia Pacific,Coffee,Direct Selling,Retail Volume,2021,0.1,1560101.5,Tonnes,1560.1015
Asia Pacific,Coffee,Retail E-Commerce,Retail Volume,2021,6.1,1560101.5,Tonnes,95166.1915
Asia Pacific,RTD Coffee,Retail Channels,Off-trade Volume,2021,100.0,4403.0,million litres,4403.0
Asia Pacific,RTD Coffee,Retail Offline,Off-trade Volume,2021,96.8,4403.0,million litres,4262.104
Asia Pacific,RTD Coffee,Grocery Retailers,Off-trade Volume,2021,66.3,4403.0,million litres,2919.189
Asia Pacific,RTD Coffee,Convenience Retailers,Off-trade Volume,2021,26.5,4403.0,million litres,1166.795
Asia Pacific,RTD Coffee,Convenience Stores,Off-trade Volume,2021,25.6,4403.0,million litres,1127.1680000000001
Asia Pacific,RTD Coffee,Forecourt Retailers,Off-trade Volume,2021,0.9,4403.0,million litres,39.627
Asia Pacific,RTD Coffee,Supermarkets,Off-trade Volume,2021,21.1,4403.0,million litres,929.0330000000001
Asia Pacific,RTD Coffee,Hypermarkets,Off-trade Volume,2021,7.1,4403.0,million litres,312.613
Asia Pacific,RTD Coffee,Discounters,Off-trade Volume,2021,0.0,4403.0,million litres,0.0
Asia Pacific,RTD Coffee,Warehouse Clubs,Off-trade Volume,2021,1.3,4403.0,million litres,57.239000000000004
Asia Pacific,RTD Coffee,Food/drink/tobacco specialists,Off-trade Volume,2021,0.0,4403.0,million litres,0.0
Asia Pacific,RTD Coffee,Small Local Grocers,Off-trade Volume,2021,10.3,4403.0,million litres,453.509
Asia Pacific,RTD Coffee,Non-Grocery Retailers,Off-trade Volume,2021,13.5,4403.0,million litres,594.4050000000001
Asia Pacific,RTD Coffee,General Merchandise Stores,Off-trade Volume,2021,6.0,4403.0,million litres,264.18
Asia Pacific,RTD Coffee,Apparel and Footwear Specialists,Off-trade Volume,2021,0.0,4403.0,million litres,0.0
Asia Pacific,RTD Coffee,Appliances and Electronics Specialists,Off-trade Volume,2021,0.0,4403.0,million litres,0.0
Asia Pacific,RTD Coffee,Home Products Specialists,Off-trade Volume,2021,0.0,4403.0,million litres,0.0
Asia Pacific,RTD Coffee,Health and Beauty Specialists,Off-trade Volume,2021,7.5,4403.0,million litres,330.22499999999997
Asia Pacific,RTD Coffee,Leisure and Personal Goods Specialists,Off-trade Volume,2021,0.0,4403.0,million litres,0.0
Asia Pacific,RTD Coffee,Other Non-Grocery Retailers,Off-trade Volume,2021,0.0,4403.0,million litres,0.0
Asia Pacific,RTD Coffee,Vending,Off-trade Volume,2021,17.0,4403.0,million litres,748.5100000000001
Asia Pacific,RTD Coffee,Direct Selling,Off-trade Volume,2021,0.0,4403.0,million litres,0.0
Asia Pacific,RTD Coffee,Retail E-Commerce,Off-trade Volume,2021,3.2,4403.0,million litres,140.89600000000002
China,Coffee,Retail Channels,Retail Volume,2021,100.0,69420.8,Tonnes,69420.8
China,Coffee,Retail Offline,Retail Volume,2021,66.7,69420.8,Tonnes,46303.6736
China,Coffee,Grocery Retailers,Retail Volume,2021,66.7,69420.8,Tonnes,46303.6736
China,Coffee,Convenience Retailers,Retail Volume,2021,5.5,69420.8,Tonnes,3818.1440000000002
China,Coffee,Convenience Stores,Retail Volume,2021,5.5,69420.8,Tonnes,3818.1440000000002
China,Coffee,Forecourt Retailers,Retail Volume,2021,0.0,69420.8,Tonnes,0.0
China,Coffee,Supermarkets,Retail Volume,2021,25.8,69420.8,Tonnes,17910.5664
China,Coffee,Hypermarkets,Retail Volume,2021,31.9,69420.8,Tonnes,22145.235200000003
China,Coffee,Discounters,Retail Volume,2021,0.0,69420.8,Tonnes,0.0
China,Coffee,Warehouse Clubs,Retail Volume,2021,0.0,69420.8,Tonnes,0.0
China,Coffee,Food/drink/tobacco specialists,Retail Volume,2021,0.0,69420.8,Tonnes,0.0
China,Coffee,Small Local Grocers,Retail Volume,2021,3.5,69420.8,Tonnes,2429.7280000000005
China,Coffee,Non-Grocery Retailers,Retail Volume,2021,0.0,69420.8,Tonnes,0.0
China,Coffee,General Merchandise Stores,Retail Volume,2021,0.0,69420.8,Tonnes,0.0
China,Coffee,Apparel and Footwear Specialists,Retail Volume,2021,0.0,69420.8,Tonnes,0.0
China,Coffee,Appliances and Electronics Specialists,Retail Volume,2021,0.0,69420.8,Tonnes,0.0
China,Coffee,Home Products Specialists,Retail Volume,2021,0.0,69420.8,Tonnes,0.0
China,Coffee,Health and Beauty Specialists,Retail Volume,2021,0.0,69420.8,Tonnes,0.0
China,Coffee,Leisure and Personal Goods Specialists,Retail Volume,2021,0.0,69420.8,Tonnes,0.0
China,Coffee,Other Non-Grocery Retailers,Retail Volume,2021,0.0,69420.8,Tonnes,0.0
China,Coffee,Vending,Retail Volume,2021,0.0,69420.8,Tonnes,0.0
China,Coffee,Direct Selling,Retail Volume,2021,0.0,69420.8,Tonnes,0.0
China,Coffee,Retail E-Commerce,Retail Volume,2021,33.3,69420.8,Tonnes,23117.126399999997
China,RTD Coffee,Retail Channels,Off-trade Volume,2021,100.0,293.2,million litres,293.2
China,RTD Coffee,Retail Offline,Off-trade Volume,2021,96.4,293.2,million litres,282.64480000000003
China,RTD Coffee,Grocery Retailers,Off-trade Volume,2021,93.6,293.2,million litres,274.43519999999995
China,RTD Coffee,Convenience Retailers,Off-trade Volume,2021,19.3,293.2,million litres,56.5876
China,RTD Coffee,Convenience Stores,Off-trade Volume,2021,15.0,293.2,million litres,43.98
China,RTD Coffee,Forecourt Retailers,Off-trade Volume,2021,4.4,293.2,million litres,12.9008
China,RTD Coffee,Supermarkets,Off-trade Volume,2021,20.1,293.2,million litres,58.9332
China,RTD Coffee,Hypermarkets,Off-trade Volume,2021,8.5,293.2,million litres,24.922
China,RTD Coffee,Discounters,Off-trade Volume,2021,0.5,293.2,million litres,1.466
China,RTD Coffee,Warehouse Clubs,Off-trade Volume,2021,0.0,293.2,million litres,0.0
China,RTD Coffee,Food/drink/tobacco specialists,Off-trade Volume,2021,0.0,293.2,million litres,0.0
China,RTD Coffee,Small Local Grocers,Off-trade Volume,2021,45.1,293.2,million litres,132.2332
China,RTD Coffee,Non-Grocery Retailers,Off-trade Volume,2021,0.0,293.2,million litres,0.0
China,RTD Coffee,General Merchandise Stores,Off-trade Volume,2021,0.0,293.2,million litres,0.0
China,RTD Coffee,Apparel and Footwear Specialists,Off-trade Volume,2021,0.0,293.2,million litres,0.0
China,RTD Coffee,Appliances and Electronics Specialists,Off-trade Volume,2021,0.0,293.2,million litres,0.0
China,RTD Coffee,Home Products Specialists,Off-trade Volume,2021,0.0,293.2,million litres,0.0
China,RTD Coffee,Health and Beauty Specialists,Off-trade Volume,2021,0.0,293.2,million litres,0.0
China,RTD Coffee,Leisure and Personal Goods Specialists,Off-trade Volume,2021,0.0,293.2,million litres,0.0
China,RTD Coffee,Other Non-Grocery Retailers,Off-trade Volume,2021,0.0,293.2,million litres,0.0
China,RTD Coffee,Vending,Off-trade Volume,2021,2.8,293.2,million litres,8.209599999999998
China,RTD Coffee,Direct Selling,Off-trade Volume,2021,0.0,293.2,million litres,0.0
China,RTD Coffee,Retail E-Commerce,Off-trade Volume,2021,3.6,293.2,million litres,10.555200000000001
India,Coffee,Retail Channels,Retail Volume,2021,100.0,80640.3,Tonnes,80640.3
India,Coffee,Retail Offline,Retail Volume,2021,97.5,80640.3,Tonnes,78624.2925
India,Coffee,Grocery Retailers,Retail Volume,2021,97.5,80640.3,Tonnes,78624.2925
India,Coffee,Convenience Retailers,Retail Volume,2021,1.6,80640.3,Tonnes,1290.2448000000002
India,Coffee,Convenience Stores,Retail Volume,2021,1.5,80640.3,Tonnes,1209.6045
India,Coffee,Forecourt Retailers,Retail Volume,2021,0.1,80640.3,Tonnes,80.64030000000001
India,Coffee,Supermarkets,Retail Volume,2021,9.1,80640.3,Tonnes,7338.2673
India,Coffee,Hypermarkets,Retail Volume,2021,7.1,80640.3,Tonnes,5725.4613
India,Coffee,Discounters,Retail Volume,2021,0.0,80640.3,Tonnes,0.0
India,Coffee,Warehouse Clubs,Retail Volume,2021,0.0,80640.3,Tonnes,0.0
India,Coffee,Food/drink/tobacco specialists,Retail Volume,2021,0.0,80640.3,Tonnes,0.0
India,Coffee,Small Local Grocers,Retail Volume,2021,79.6,80640.3,Tonnes,64189.678799999994
India,Coffee,Non-Grocery Retailers,Retail Volume,2021,0.0,80640.3,Tonnes,0.0
India,Coffee,General Merchandise Stores,Retail Volume,2021,0.0,80640.3,Tonnes,0.0
India,Coffee,Apparel and Footwear Specialists,Retail Volume,2021,0.0,80640.3,Tonnes,0.0
India,Coffee,Appliances and Electronics Specialists,Retail Volume,2021,0.0,80640.3,Tonnes,0.0
India,Coffee,Home Products Specialists,Retail Volume,2021,0.0,80640.3,Tonnes,0.0
India,Coffee,Health and Beauty Specialists,Retail Volume,2021,0.0,80640.3,Tonnes,0.0
India,Coffee,Leisure and Personal Goods Specialists,Retail Volume,2021,0.0,80640.3,Tonnes,0.0
India,Coffee,Other Non-Grocery Retailers,Retail Volume,2021,0.0,80640.3,Tonnes,0.0
India,Coffee,Vending,Retail Volume,2021,0.0,80640.3,Tonnes,0.0
India,Coffee,Direct Selling,Retail Volume,2021,0.0,80640.3,Tonnes,0.0
India,Coffee,Retail E-Commerce,Retail Volume,2021,2.5,80640.3,Tonnes,2016.0075000000002
India,RTD Coffee,Retail Channels,Off-trade Volume,2021,0.0,,million litres,
India,RTD Coffee,Retail Offline,Off-trade Volume,2021,0.0,,million litres,
India,RTD Coffee,Grocery Retailers,Off-trade Volume,2021,0.0,,million litres,
India,RTD Coffee,Convenience Retailers,Off-trade Volume,2021,0.0,,million litres,
India,RTD Coffee,Convenience Stores,Off-trade Volume,2021,0.0,,million litres,
India,RTD Coffee,Forecourt Retailers,Off-trade Volume,2021,0.0,,million litres,
India,RTD Coffee,Supermarkets,Off-trade Volume,2021,0.0,,million litres,
India,RTD Coffee,Hypermarkets,Off-trade Volume,2021,0.0,,million litres,
India,RTD Coffee,Discounters,Off-trade Volume,2021,0.0,,million litres,
India,RTD Coffee,Warehouse Clubs,Off-trade Volume,2021,0.0,,million litres,
India,RTD Coffee,Food/drink/tobacco specialists,Off-trade Volume,2021,0.0,,million litres,
India,RTD Coffee,Small Local Grocers,Off-trade Volume,2021,0.0,,million litres,
India,RTD Coffee,Non-Grocery Retailers,Off-trade Volume,2021,0.0,,million litres,
India,RTD Coffee,General Merchandise Stores,Off-trade Volume,2021,0.0,,million litres,
India,RTD Coffee,Apparel and Footwear Specialists,Off-trade Volume,2021,0.0,,million litres,
India,RTD Coffee,Appliances and Electronics Specialists,Off-trade Volume,2021,0.0,,million litres,
India,RTD Coffee,Home Products Specialists,Off-trade Volume,2021,0.0,,million litres,
India,RTD Coffee,Health and Beauty Specialists,Off-trade Volume,2021,0.0,,million litres,
India,RTD Coffee,Leisure and Personal Goods Specialists,Off-trade Volume,2021,0.0,,million litres,
India,RTD Coffee,Other Non-Grocery Retailers,Off-trade Volume,2021,0.0,,million litres,
India,RTD Coffee,Vending,Off-trade Volume,2021,0.0,,million litres,
India,RTD Coffee,Direct Selling,Off-trade Volume,2021,0.0,,million litres,
India,RTD Coffee,Retail E-Commerce,Off-trade Volume,2021,0.0,,million litres,
Japan,Coffee,Retail Channels,Retail Volume,2021,100.0,122065.8,Tonnes,122065.8
Japan,Coffee,Retail Offline,Retail Volume,2021,89.6,122065.8,Tonnes,109370.95679999999
Japan,Coffee,Grocery Retailers,Retail Volume,2021,69.0,122065.8,Tonnes,84225.402
Japan,Coffee,Convenience Retailers,Retail Volume,2021,3.1,122065.8,Tonnes,3784.0398
Japan,Coffee,Convenience Stores,Retail Volume,2021,3.1,122065.8,Tonnes,3784.0398
Japan,Coffee,Forecourt Retailers,Retail Volume,2021,0.0,122065.8,Tonnes,0.0
Japan,Coffee,Supermarkets,Retail Volume,2021,47.0,122065.8,Tonnes,57370.926
Japan,Coffee,Hypermarkets,Retail Volume,2021,10.6,122065.8,Tonnes,12938.9748
Japan,Coffee,Discounters,Retail Volume,2021,0.0,122065.8,Tonnes,0.0
Japan,Coffee,Warehouse Clubs,Retail Volume,2021,2.7,122065.8,Tonnes,3295.7766000000006
Japan,Coffee,Food/drink/tobacco specialists,Retail Volume,2021,0.0,122065.8,Tonnes,0.0
Japan,Coffee,Small Local Grocers,Retail Volume,2021,5.5,122065.8,Tonnes,6713.619000000001
Japan,Coffee,Non-Grocery Retailers,Retail Volume,2021,20.0,122065.8,Tonnes,24413.160000000003
Japan,Coffee,General Merchandise Stores,Retail Volume,2021,13.4,122065.8,Tonnes,16356.817200000001
Japan,Coffee,Apparel and Footwear Specialists,Retail Volume,2021,0.0,122065.8,Tonnes,0.0
Japan,Coffee,Appliances and Electronics Specialists,Retail Volume,2021,0.0,122065.8,Tonnes,0.0
Japan,Coffee,Home Products Specialists,Retail Volume,2021,0.0,122065.8,Tonnes,0.0
Japan,Coffee,Health and Beauty Specialists,Retail Volume,2021,6.6,122065.8,Tonnes,8056.3428
Japan,Coffee,Leisure and Personal Goods Specialists,Retail Volume,2021,0.0,122065.8,Tonnes,0.0
Japan,Coffee,Other Non-Grocery Retailers,Retail Volume,2021,0.0,122065.8,Tonnes,0.0
Japan,Coffee,Vending,Retail Volume,2021,0.7,122065.8,Tonnes,854.4605999999999
Japan,Coffee,Direct Selling,Retail Volume,2021,0.0,122065.8,Tonnes,0.0
Japan,Coffee,Retail E-Commerce,Retail Volume,2021,10.4,122065.8,Tonnes,12694.843200000001
Japan,RTD Coffee,Retail Channels,Off-trade Volume,2021,100.0,3069.4,million litres,3069.4
Japan,RTD Coffee,Retail Offline,Off-trade Volume,2021,99.3,3069.4,million litres,3047.9142
Japan,RTD Coffee,Grocery Retailers,Off-trade Volume,2021,57.5,3069.4,million litres,1764.905
Japan,RTD Coffee,Convenience Retailers,Off-trade Volume,2021,20.4,3069.4,million litres,626.1576
Japan,RTD Coffee,Convenience Stores,Off-trade Volume,2021,20.4,3069.4,million litres,626.1576
Japan,RTD Coffee,Forecourt Retailers,Off-trade Volume,2021,0.0,3069.4,million litres,0.0
Japan,RTD Coffee,Supermarkets,Off-trade Volume,2021,24.8,3069.4,million litres,761.2112
Japan,RTD Coffee,Hypermarkets,Off-trade Volume,2021,6.4,3069.4,million litres,196.44160000000002
Japan,RTD Coffee,Discounters,Off-trade Volume,2021,0.0,3069.4,million litres,0.0
Japan,RTD Coffee,Warehouse Clubs,Off-trade Volume,2021,1.6,3069.4,million litres,49.110400000000006
Japan,RTD Coffee,Food/drink/tobacco specialists,Off-trade Volume,2021,0.0,3069.4,million litres,0.0
Japan,RTD Coffee,Small Local Grocers,Off-trade Volume,2021,4.3,3069.4,million litres,131.9842
Japan,RTD Coffee,Non-Grocery Retailers,Off-trade Volume,2021,18.3,3069.4,million litres,561.7002
Japan,RTD Coffee,General Merchandise Stores,Off-trade Volume,2021,8.0,3069.4,million litres,245.55200000000002
Japan,RTD Coffee,Apparel and Footwear Specialists,Off-trade Volume,2021,0.0,3069.4,million litres,0.0
Japan,RTD Coffee,Appliances and Electronics Specialists,Off-trade Volume,2021,0.0,3069.4,million litres,0.0
Japan,RTD Coffee,Home Products Specialists,Off-trade Volume,2021,0.0,3069.4,million litres,0.0
Japan,RTD Coffee,Health and Beauty Specialists,Off-trade Volume,2021,10.3,3069.4,million litres,316.14820000000003
Japan,RTD Coffee,Leisure and Personal Goods Specialists,Off-trade Volume,2021,0.0,3069.4,million litres,0.0
Japan,RTD Coffee,Other Non-Grocery Retailers,Off-trade Volume,2021,0.0,3069.4,million litres,0.0
Japan,RTD Coffee,Vending,Off-trade Volume,2021,23.5,3069.4,million litres,721.309
Japan,RTD Coffee,Direct Selling,Off-trade Volume,2021,0.0,3069.4,million litres,0.0
Japan,RTD Coffee,Retail E-Commerce,Off-trade Volume,2021,0.7,3069.4,million litres,21.485799999999998
Thailand,Coffee,Retail Channels,Retail Volume,2021,100.0,78407.1,Tonnes,78407.1
Thailand,Coffee,Retail Offline,Retail Volume,2021,97.5,78407.1,Tonnes,76446.9225
Thailand,Coffee,Grocery Retailers,Retail Volume,2021,97.5,78407.1,Tonnes,76446.9225
Thailand,Coffee,Convenience Retailers,Retail Volume,2021,29.1,78407.1,Tonnes,22816.466100000005
Thailand,Coffee,Convenience Stores,Retail Volume,2021,16.5,78407.1,Tonnes,12937.171500000002
Thailand,Coffee,Forecourt Retailers,Retail Volume,2021,12.6,78407.1,Tonnes,9879.294600000001
Thailand,Coffee,Supermarkets,Retail Volume,2021,6.5,78407.1,Tonnes,5096.4615
Thailand,Coffee,Hypermarkets,Retail Volume,2021,24.6,78407.1,Tonnes,19288.146600000004
Thailand,Coffee,Discounters,Retail Volume,2021,0.0,78407.1,Tonnes,0.0
Thailand,Coffee,Warehouse Clubs,Retail Volume,2021,0.0,78407.1,Tonnes,0.0
Thailand,Coffee,Food/drink/tobacco specialists,Retail Volume,2021,0.0,78407.1,Tonnes,0.0
Thailand,Coffee,Small Local Grocers,Retail Volume,2021,37.3,78407.1,Tonnes,29245.8483
Thailand,Coffee,Non-Grocery Retailers,Retail Volume,2021,0.0,78407.1,Tonnes,0.0
Thailand,Coffee,General Merchandise Stores,Retail Volume,2021,0.0,78407.1,Tonnes,0.0
Thailand,Coffee,Apparel and Footwear Specialists,Retail Volume,2021,0.0,78407.1,Tonnes,0.0
Thailand,Coffee,Appliances and Electronics Specialists,Retail Volume,2021,0.0,78407.1,Tonnes,0.0
Thailand,Coffee,Home Products Specialists,Retail Volume,2021,0.0,78407.1,Tonnes,0.0
Thailand,Coffee,Health and Beauty Specialists,Retail Volume,2021,0.0,78407.1,Tonnes,0.0
Thailand,Coffee,Leisure and Personal Goods Specialists,Retail Volume,2021,0.0,78407.1,Tonnes,0.0
Thailand,Coffee,Other Non-Grocery Retailers,Retail Volume,2021,0.0,78407.1,Tonnes,0.0
Thailand,Coffee,Vending,Retail Volume,2021,0.0,78407.1,Tonnes,0.0
Thailand,Coffee,Direct Selling,Retail Volume,2021,0.0,78407.1,Tonnes,0.0
Thailand,Coffee,Retail E-Commerce,Retail Volume,2021,2.5,78407.1,Tonnes,1960.1775000000002
Thailand,RTD Coffee,Retail Channels,Off-trade Volume,2021,100.0,174.7,million litres,174.7
Thailand,RTD Coffee,Retail Offline,Off-trade Volume,2021,98.8,174.7,million litres,172.6036
Thailand,RTD Coffee,Grocery Retailers,Off-trade Volume,2021,91.7,174.7,million litres,160.19989999999999
Thailand,RTD Coffee,Convenience Retailers,Off-trade Volume,2021,28.5,174.7,million litres,49.78949999999999
Thailand,RTD Coffee,Convenience Stores,Off-trade Volume,2021,17.3,174.7,million litres,30.223100000000002
Thailand,RTD Coffee,Forecourt Retailers,Off-trade Volume,2021,11.2,174.7,million litres,19.566399999999998
Thailand,RTD Coffee,Supermarkets,Off-trade Volume,2021,4.8,174.7,million litres,8.3856
Thailand,RTD Coffee,Hypermarkets,Off-trade Volume,2021,22.1,174.7,million litres,38.6087
Thailand,RTD Coffee,Discounters,Off-trade Volume,2021,0.0,174.7,million litres,0.0
Thailand,RTD Coffee,Warehouse Clubs,Off-trade Volume,2021,0.0,174.7,million litres,0.0
Thailand,RTD Coffee,Food/drink/tobacco specialists,Off-trade Volume,2021,0.0,174.7,million litres,0.0
Thailand,RTD Coffee,Small Local Grocers,Off-trade Volume,2021,36.2,174.7,million litres,63.241400000000006
Thailand,RTD Coffee,Non-Grocery Retailers,Off-trade Volume,2021,0.0,174.7,million litres,0.0
Thailand,RTD Coffee,General Merchandise Stores,Off-trade Volume,2021,0.0,174.7,million litres,0.0
Thailand,RTD Coffee,Apparel and Footwear Specialists,Off-trade Volume,2021,0.0,174.7,million litres,0.0
Thailand,RTD Coffee,Appliances and Electronics Specialists,Off-trade Volume,2021,0.0,174.7,million litres,0.0
Thailand,RTD Coffee,Home Products Specialists,Off-trade Volume,2021,0.0,174.7,million litres,0.0
Thailand,RTD Coffee,Health and Beauty Specialists,Off-trade Volume,2021,0.0,174.7,million litres,0.0
Thailand,RTD Coffee,Leisure and Personal Goods Specialists,Off-trade Volume,2021,0.0,174.7,million litres,0.0
Thailand,RTD Coffee,Other Non-Grocery Retailers,Off-trade Volume,2021,0.0,174.7,million litres,0.0
Thailand,RTD Coffee,Vending,Off-trade Volume,2021,7.1,174.7,million litres,12.403699999999999
Thailand,RTD Coffee,Direct Selling,Off-trade Volume,2021,0.0,174.7,million litres,0.0
Thailand,RTD Coffee,Retail E-Commerce,Off-trade Volume,2021,1.2,174.7,million litres,2.0964
Australasia,Coffee,Retail Channels,Retail Volume,2021,100.0,43769.7,Tonnes,43769.7
Australasia,Coffee,Retail Offline,Retail Volume,2021,88.2,43769.7,Tonnes,38604.8754
Australasia,Coffee,Grocery Retailers,Retail Volume,2021,88.0,43769.7,Tonnes,38517.335999999996
Australasia,Coffee,Convenience Retailers,Retail Volume,2021,4.6,43769.7,Tonnes,2013.4062
Australasia,Coffee,Convenience Stores,Retail Volume,2021,2.5,43769.7,Tonnes,1094.2425
Australasia,Coffee,Forecourt Retailers,Retail Volume,2021,2.1,43769.7,Tonnes,919.1637
Australasia,Coffee,Supermarkets,Retail Volume,2021,67.8,43769.7,Tonnes,29675.856599999996
Australasia,Coffee,Hypermarkets,Retail Volume,2021,0.0,43769.7,Tonnes,0.0
Australasia,Coffee,Discounters,Retail Volume,2021,12.3,43769.7,Tonnes,5383.6731
Australasia,Coffee,Warehouse Clubs,Retail Volume,2021,0.0,43769.7,Tonnes,0.0
Australasia,Coffee,Food/drink/tobacco specialists,Retail Volume,2021,0.0,43769.7,Tonnes,0.0
Australasia,Coffee,Small Local Grocers,Retail Volume,2021,3.3,43769.7,Tonnes,1444.4001
Australasia,Coffee,Non-Grocery Retailers,Retail Volume,2021,0.1,43769.7,Tonnes,43.7697
Australasia,Coffee,General Merchandise Stores,Retail Volume,2021,0.0,43769.7,Tonnes,0.0
Australasia,Coffee,Apparel and Footwear Specialists,Retail Volume,2021,0.0,43769.7,Tonnes,0.0
Australasia,Coffee,Appliances and Electronics Specialists,Retail Volume,2021,0.0,43769.7,Tonnes,0.0
Australasia,Coffee,Home Products Specialists,Retail Volume,2021,0.0,43769.7,Tonnes,0.0
Australasia,Coffee,Health and Beauty Specialists,Retail Volume,2021,0.1,43769.7,Tonnes,43.7697
Australasia,Coffee,Leisure and Personal Goods Specialists,Retail Volume,2021,0.0,43769.7,Tonnes,0.0
Australasia,Coffee,Other Non-Grocery Retailers,Retail Volume,2021,0.0,43769.7,Tonnes,0.0
Australasia,Coffee,Vending,Retail Volume,2021,0.1,43769.7,Tonnes,43.7697
Australasia,Coffee,Direct Selling,Retail Volume,2021,0.0,43769.7,Tonnes,0.0
Australasia,Coffee,Retail E-Commerce,Retail Volume,2021,11.8,43769.7,Tonnes,5164.8246
Australasia,RTD Coffee,Retail Channels,Off-trade Volume,2021,100.0,12.7,million litres,12.7
Australasia,RTD Coffee,Retail Offline,Off-trade Volume,2021,90.6,12.7,million litres,11.506199999999998
Australasia,RTD Coffee,Grocery Retailers,Off-trade Volume,2021,90.1,12.7,million litres,11.442699999999999
Australasia,RTD Coffee,Convenience Retailers,Off-trade Volume,2021,31.2,12.7,million litres,3.9623999999999997
Australasia,RTD Coffee,Convenience Stores,Off-trade Volume,2021,5.1,12.7,million litres,0.6476999999999999
Australasia,RTD Coffee,Forecourt Retailers,Off-trade Volume,2021,26.1,12.7,million litres,3.3146999999999998
Australasia,RTD Coffee,Supermarkets,Off-trade Volume,2021,50.9,12.7,million litres,6.4643
Australasia,RTD Coffee,Hypermarkets,Off-trade Volume,2021,0.0,12.7,million litres,0.0
Australasia,RTD Coffee,Discounters,Off-trade Volume,2021,1.2,12.7,million litres,0.1524
Australasia,RTD Coffee,Warehouse Clubs,Off-trade Volume,2021,0.0,12.7,million litres,0.0
Australasia,RTD Coffee,Food/drink/tobacco specialists,Off-trade Volume,2021,0.0,12.7,million litres,0.0
Australasia,RTD Coffee,Small Local Grocers,Off-trade Volume,2021,6.8,12.7,million litres,0.8636
Australasia,RTD Coffee,Non-Grocery Retailers,Off-trade Volume,2021,0.0,12.7,million litres,0.0
Australasia,RTD Coffee,General Merchandise Stores,Off-trade Volume,2021,0.0,12.7,million litres,0.0
Australasia,RTD Coffee,Apparel and Footwear Specialists,Off-trade Volume,2021,0.0,12.7,million litres,0.0
Australasia,RTD Coffee,Appliances and Electronics Specialists,Off-trade Volume,2021,0.0,12.7,million litres,0.0
Australasia,RTD Coffee,Home Products Specialists,Off-trade Volume,2021,0.0,12.7,million litres,0.0
Australasia,RTD Coffee,Health and Beauty Specialists,Off-trade Volume,2021,0.0,12.7,million litres,0.0
Australasia,RTD Coffee,Leisure and Personal Goods Specialists,Off-trade Volume,2021,0.0,12.7,million litres,0.0
Australasia,RTD Coffee,Other Non-Grocery Retailers,Off-trade Volume,2021,0.0,12.7,million litres,0.0
Australasia,RTD Coffee,Vending,Off-trade Volume,2021,0.5,12.7,million litres,0.0635
Australasia,RTD Coffee,Direct Selling,Off-trade Volume,2021,0.0,12.7,million litres,0.0
Australasia,RTD Coffee,Retail E-Commerce,Off-trade Volume,2021,9.4,12.7,million litres,1.1938
Australia,Coffee,Retail Channels,Retail Volume,2021,100.0,37115.4,Tonnes,37115.4
Australia,Coffee,Retail Offline,Retail Volume,2021,87.1,37115.4,Tonnes,32327.5134
Australia,Coffee,Grocery Retailers,Retail Volume,2021,87.1,37115.4,Tonnes,32327.5134
Australia,Coffee,Convenience Retailers,Retail Volume,2021,5.1,37115.4,Tonnes,1892.8854
Australia,Coffee,Convenience Stores,Retail Volume,2021,2.7,37115.4,Tonnes,1002.1158000000001
Australia,Coffee,Forecourt Retailers,Retail Volume,2021,2.4,37115.4,Tonnes,890.7696000000001
Australia,Coffee,Supermarkets,Retail Volume,2021,63.9,37115.4,Tonnes,23716.7406
Australia,Coffee,Hypermarkets,Retail Volume,2021,0.0,37115.4,Tonnes,0.0
Australia,Coffee,Discounters,Retail Volume,2021,14.5,37115.4,Tonnes,5381.733
Australia,Coffee,Warehouse Clubs,Retail Volume,2021,0.0,37115.4,Tonnes,0.0
Australia,Coffee,Food/drink/tobacco specialists,Retail Volume,2021,0.0,37115.4,Tonnes,0.0
Australia,Coffee,Small Local Grocers,Retail Volume,2021,3.6,37115.4,Tonnes,1336.1544000000001
Australia,Coffee,Non-Grocery Retailers,Retail Volume,2021,0.0,37115.4,Tonnes,0.0
Australia,Coffee,General Merchandise Stores,Retail Volume,2021,0.0,37115.4,Tonnes,0.0
Australia,Coffee,Apparel and Footwear Specialists,Retail Volume,2021,0.0,37115.4,Tonnes,0.0
Australia,Coffee,Appliances and Electronics Specialists,Retail Volume,2021,0.0,37115.4,Tonnes,0.0
Australia,Coffee,Home Products Specialists,Retail Volume,2021,0.0,37115.4,Tonnes,0.0
Australia,Coffee,Health and Beauty Specialists,Retail Volume,2021,0.0,37115.4,Tonnes,0.0
Australia,Coffee,Leisure and Personal Goods Specialists,Retail Volume,2021,0.0,37115.4,Tonnes,0.0
Australia,Coffee,Other Non-Grocery Retailers,Retail Volume,2021,0.0,37115.4,Tonnes,0.0
Australia,Coffee,Vending,Retail Volume,2021,0.0,37115.4,Tonnes,0.0
Australia,Coffee,Direct Selling,Retail Volume,2021,0.0,37115.4,Tonnes,0.0
Australia,Coffee,Retail E-Commerce,Retail Volume,2021,12.9,37115.4,Tonnes,4787.886600000001
Australia,RTD Coffee,Retail Channels,Off-trade Volume,2021,100.0,12.3,million litres,12.3
Australia,RTD Coffee,Retail Offline,Off-trade Volume,2021,90.3,12.3,million litres,11.106900000000001
Australia,RTD Coffee,Grocery Retailers,Off-trade Volume,2021,89.8,12.3,million litres,11.0454
Australia,RTD Coffee,Convenience Retailers,Off-trade Volume,2021,32.1,12.3,million litres,3.9483
Australia,RTD Coffee,Convenience Stores,Off-trade Volume,2021,5.2,12.3,million litres,0.6396000000000001
Australia,RTD Coffee,Forecourt Retailers,Off-trade Volume,2021,27.0,12.3,million litres,3.3210000000000006
Australia,RTD Coffee,Supermarkets,Off-trade Volume,2021,49.4,12.3,million litres,6.0762
Australia,RTD Coffee,Hypermarkets,Off-trade Volume,2021,0.0,12.3,million litres,0.0
Australia,RTD Coffee,Discounters,Off-trade Volume,2021,1.3,12.3,million litres,0.15990000000000001
Australia,RTD Coffee,Warehouse Clubs,Off-trade Volume,2021,0.0,12.3,million litres,0.0
Australia,RTD Coffee,Food/drink/tobacco specialists,Off-trade Volume,2021,0.0,12.3,million litres,0.0
Australia,RTD Coffee,Small Local Grocers,Off-trade Volume,2021,7.0,12.3,million litres,0.8610000000000001
Australia,RTD Coffee,Non-Grocery Retailers,Off-trade Volume,2021,0.0,12.3,million litres,0.0
Australia,RTD Coffee,General Merchandise Stores,Off-trade Volume,2021,0.0,12.3,million litres,0.0
Australia,RTD Coffee,Apparel and Footwear Specialists,Off-trade Volume,2021,0.0,12.3,million litres,0.0
Australia,RTD Coffee,Appliances and Electronics Specialists,Off-trade Volume,2021,0.0,12.3,million litres,0.0
Australia,RTD Coffee,Home Products Specialists,Off-trade Volume,2021,0.0,12.3,million litres,0.0
Australia,RTD Coffee,Health and Beauty Specialists,Off-trade Volume,2021,0.0,12.3,million litres,0.0
Australia,RTD Coffee,Leisure and Personal Goods Specialists,Off-trade Volume,2021,0.0,12.3,million litres,0.0
Australia,RTD Coffee,Other Non-Grocery Retailers,Off-trade Volume,2021,0.0,12.3,million litres,0.0
Australia,RTD Coffee,Vending,Off-trade Volume,2021,0.5,12.3,million litres,0.061500000000000006
Australia,RTD Coffee,Direct Selling,Off-trade Volume,2021,0.0,12.3,million litres,0.0
Australia,RTD Coffee,Retail E-Commerce,Off-trade Volume,2021,9.7,12.3,million litres,1.1930999999999998
Eastern Europe,Coffee,Retail Channels,Retail Volume,2021,100.0,525586.1,Tonnes,525586.1
Eastern Europe,Coffee,Retail Offline,Retail Volume,2021,97.2,525586.1,Tonnes,510869.68919999996
Eastern Europe,Coffee,Grocery Retailers,Retail Volume,2021,93.7,525586.1,Tonnes,492474.1757
Eastern Europe,Coffee,Convenience Retailers,Retail Volume,2021,15.2,525586.1,Tonnes,79889.0872
Eastern Europe,Coffee,Convenience Stores,Retail Volume,2021,14.2,525586.1,Tonnes,74633.22619999999
Eastern Europe,Coffee,Forecourt Retailers,Retail Volume,2021,0.9,525586.1,Tonnes,4730.2749
Eastern Europe,Coffee,Supermarkets,Retail Volume,2021,30.2,525586.1,Tonnes,158727.0022
Eastern Europe,Coffee,Hypermarkets,Retail Volume,2021,15.6,525586.1,Tonnes,81991.4316
Eastern Europe,Coffee,Discounters,Retail Volume,2021,14.6,525586.1,Tonnes,76735.57059999999
Eastern Europe,Coffee,Warehouse Clubs,Retail Volume,2021,0.0,525586.1,Tonnes,0.0
Eastern Europe,Coffee,Food/drink/tobacco specialists,Retail Volume,2021,2.0,525586.1,Tonnes,10511.722
Eastern Europe,Coffee,Small Local Grocers,Retail Volume,2021,16.2,525586.1,Tonnes,85144.9482
Eastern Europe,Coffee,Non-Grocery Retailers,Retail Volume,2021,0.5,525586.1,Tonnes,2627.9305
Eastern Europe,Coffee,General Merchandise Stores,Retail Volume,2021,0.2,525586.1,Tonnes,1051.1722
Eastern Europe,Coffee,Apparel and Footwear Specialists,Retail Volume,2021,0.0,525586.1,Tonnes,0.0
Eastern Europe,Coffee,Appliances and Electronics Specialists,Retail Volume,2021,0.0,525586.1,Tonnes,0.0
Eastern Europe,Coffee,Home Products Specialists,Retail Volume,2021,0.0,525586.1,Tonnes,0.0
Eastern Europe,Coffee,Health and Beauty Specialists,Retail Volume,2021,0.4,525586.1,Tonnes,2102.3444
Eastern Europe,Coffee,Leisure and Personal Goods Specialists,Retail Volume,2021,0.0,525586.1,Tonnes,0.0
Eastern Europe,Coffee,Other Non-Grocery Retailers,Retail Volume,2021,0.0,525586.1,Tonnes,0.0
Eastern Europe,Coffee,Vending,Retail Volume,2021,3.0,525586.1,Tonnes,15767.582999999999
Eastern Europe,Coffee,Direct Selling,Retail Volume,2021,0.0,525586.1,Tonnes,0.0
Eastern Europe,Coffee,Retail E-Commerce,Retail Volume,2021,2.8,525586.1,Tonnes,14716.410799999998
Eastern Europe,RTD Coffee,Retail Channels,Off-trade Volume,2021,100.0,39.1,million litres,39.1
Eastern Europe,RTD Coffee,Retail Offline,Off-trade Volume,2021,98.6,39.1,million litres,38.5526
Eastern Europe,RTD Coffee,Grocery Retailers,Off-trade Volume,2021,97.0,39.1,million litres,37.927
Eastern Europe,RTD Coffee,Convenience Retailers,Off-trade Volume,2021,37.0,39.1,million litres,14.467
Eastern Europe,RTD Coffee,Convenience Stores,Off-trade Volume,2021,17.1,39.1,million litres,6.686100000000001
Eastern Europe,RTD Coffee,Forecourt Retailers,Off-trade Volume,2021,19.9,39.1,million litres,7.7809
Eastern Europe,RTD Coffee,Supermarkets,Off-trade Volume,2021,17.5,39.1,million litres,6.8425
Eastern Europe,RTD Coffee,Hypermarkets,Off-trade Volume,2021,21.6,39.1,million litres,8.4456
Eastern Europe,RTD Coffee,Discounters,Off-trade Volume,2021,14.5,39.1,million litres,5.6695
Eastern Europe,RTD Coffee,Warehouse Clubs,Off-trade Volume,2021,0.0,39.1,million litres,0.0
Eastern Europe,RTD Coffee,Food/drink/tobacco specialists,Off-trade Volume,2021,1.1,39.1,million litres,0.43010000000000004
Eastern Europe,RTD Coffee,Small Local Grocers,Off-trade Volume,2021,5.3,39.1,million litres,2.0723
Eastern Europe,RTD Coffee,Non-Grocery Retailers,Off-trade Volume,2021,0.5,39.1,million litres,0.1955
Eastern Europe,RTD Coffee,General Merchandise Stores,Off-trade Volume,2021,0.0,39.1,million litres,0.0
Eastern Europe,RTD Coffee,Apparel and Footwear Specialists,Off-trade Volume,2021,0.0,39.1,million litres,0.0
Eastern Europe,RTD Coffee,Appliances and Electronics Specialists,Off-trade Volume,2021,0.0,39.1,million litres,0.0
Eastern Europe,RTD Coffee,Home Products Specialists,Off-trade Volume,2021,0.0,39.1,million litres,0.0
Eastern Europe,RTD Coffee,Health and Beauty Specialists,Off-trade Volume,2021,0.5,39.1,million litres,0.1955
Eastern Europe,RTD Coffee,Leisure and Personal Goods Specialists,Off-trade Volume,2021,0.0,39.1,million litres,0.0
Eastern Europe,RTD Coffee,Other Non-Grocery Retailers,Off-trade Volume,2021,0.0,39.1,million litres,0.0
Eastern Europe,RTD Coffee,Vending,Off-trade Volume,2021,1.1,39.1,million litres,0.43010000000000004
Eastern Europe,RTD Coffee,Direct Selling,Off-trade Volume,2021,0.0,39.1,million litres,0.0
Eastern Europe,RTD Coffee,Retail E-Commerce,Off-trade Volume,2021,1.4,39.1,million litres,0.5474
Latin America,Coffee,Retail Channels,Retail Volume,2021,100.0,1191422.4,Tonnes,1191422.4
Latin America,Coffee,Retail Offline,Retail Volume,2021,98.8,1191422.4,Tonnes,1177125.3312
Latin America,Coffee,Grocery Retailers,Retail Volume,2021,96.7,1191422.4,Tonnes,1152105.4608
Latin America,Coffee,Convenience Retailers,Retail Volume,2021,1.1,1191422.4,Tonnes,13105.6464
Latin America,Coffee,Convenience Stores,Retail Volume,2021,0.6,1191422.4,Tonnes,7148.5344
Latin America,Coffee,Forecourt Retailers,Retail Volume,2021,0.5,1191422.4,Tonnes,5957.112
Latin America,Coffee,Supermarkets,Retail Volume,2021,32.8,1191422.4,Tonnes,390786.5471999999
Latin America,Coffee,Hypermarkets,Retail Volume,2021,27.2,1191422.4,Tonnes,324066.8928
Latin America,Coffee,Discounters,Retail Volume,2021,3.7,1191422.4,Tonnes,44082.628800000006
Latin America,Coffee,Warehouse Clubs,Retail Volume,2021,3.4,1191422.4,Tonnes,40508.3616
Latin America,Coffee,Food/drink/tobacco specialists,Retail Volume,2021,0.0,1191422.4,Tonnes,0.0
Latin America,Coffee,Small Local Grocers,Retail Volume,2021,28.5,1191422.4,Tonnes,339555.38399999996
Latin America,Coffee,Non-Grocery Retailers,Retail Volume,2021,1.7,1191422.4,Tonnes,20254.1808
Latin America,Coffee,General Merchandise Stores,Retail Volume,2021,1.6,1191422.4,Tonnes,19062.7584
Latin America,Coffee,Apparel and Footwear Specialists,Retail Volume,2021,0.0,1191422.4,Tonnes,0.0
Latin America,Coffee,Appliances and Electronics Specialists,Retail Volume,2021,0.0,1191422.4,Tonnes,0.0
Latin America,Coffee,Home Products Specialists,Retail Volume,2021,0.0,1191422.4,Tonnes,0.0
Latin America,Coffee,Health and Beauty Specialists,Retail Volume,2021,0.1,1191422.4,Tonnes,1191.4224
Latin America,Coffee,Leisure and Personal Goods Specialists,Retail Volume,2021,0.0,1191422.4,Tonnes,0.0
Latin America,Coffee,Other Non-Grocery Retailers,Retail Volume,2021,0.0,1191422.4,Tonnes,0.0
Latin America,Coffee,Vending,Retail Volume,2021,0.1,1191422.4,Tonnes,1191.4224
Latin America,Coffee,Direct Selling,Retail Volume,2021,0.3,1191422.4,Tonnes,3574.2672
Latin America,Coffee,Retail E-Commerce,Retail Volume,2021,1.2,1191422.4,Tonnes,14297.0688
Latin America,RTD Coffee,Retail Channels,Off-trade Volume,2021,100.0,20.4,million litres,20.4
Latin America,RTD Coffee,Retail Offline,Off-trade Volume,2021,99.8,20.4,million litres,20.359199999999998
Latin America,RTD Coffee,Grocery Retailers,Off-trade Volume,2021,98.8,20.4,million litres,20.155199999999997
Latin America,RTD Coffee,Convenience Retailers,Off-trade Volume,2021,16.7,20.4,million litres,3.4067999999999996
Latin America,RTD Coffee,Convenience Stores,Off-trade Volume,2021,8.2,20.4,million litres,1.6727999999999996
Latin America,RTD Coffee,Forecourt Retailers,Off-trade Volume,2021,8.5,20.4,million litres,1.734
Latin America,RTD Coffee,Supermarkets,Off-trade Volume,2021,31.6,20.4,million litres,6.4464
Latin America,RTD Coffee,Hypermarkets,Off-trade Volume,2021,9.4,20.4,million litres,1.9176
Latin America,RTD Coffee,Discounters,Off-trade Volume,2021,2.1,20.4,million litres,0.4284
Latin America,RTD Coffee,Warehouse Clubs,Off-trade Volume,2021,0.7,20.4,million litres,0.14279999999999998
Latin America,RTD Coffee,Food/drink/tobacco specialists,Off-trade Volume,2021,0.4,20.4,million litres,0.08159999999999999
Latin America,RTD Coffee,Small Local Grocers,Off-trade Volume,2021,37.9,20.4,million litres,7.731599999999999
Latin America,RTD Coffee,Non-Grocery Retailers,Off-trade Volume,2021,1.1,20.4,million litres,0.22440000000000002
Latin America,RTD Coffee,General Merchandise Stores,Off-trade Volume,2021,0.2,20.4,million litres,0.040799999999999996
Latin America,RTD Coffee,Apparel and Footwear Specialists,Off-trade Volume,2021,0.0,20.4,million litres,0.0
Latin America,RTD Coffee,Appliances and Electronics Specialists,Off-trade Volume,2021,0.0,20.4,million litres,0.0
Latin America,RTD Coffee,Home Products Specialists,Off-trade Volume,2021,0.0,20.4,million litres,0.0
Latin America,RTD Coffee,Health and Beauty Specialists,Off-trade Volume,2021,0.8,20.4,million litres,0.16319999999999998
Latin America,RTD Coffee,Leisure and Personal Goods Specialists,Off-trade Volume,2021,0.0,20.4,million litres,0.0
Latin America,RTD Coffee,Other Non-Grocery Retailers,Off-trade Volume,2021,0.0,20.4,million litres,0.0
Latin America,RTD Coffee,Vending,Off-trade Volume,2021,0.0,20.4,million litres,0.0
Latin America,RTD Coffee,Direct Selling,Off-trade Volume,2021,0.0,20.4,million litres,0.0
Latin America,RTD Coffee,Retail E-Commerce,Off-trade Volume,2021,0.2,20.4,million litres,0.040799999999999996
Brazil,Coffee,Retail Channels,Retail Volume,2021,100.0,823080.0,Tonnes,823080.0
Brazil,Coffee,Retail Offline,Retail Volume,2021,99.4,823080.0,Tonnes,818141.5200000001
Brazil,Coffee,Grocery Retailers,Retail Volume,2021,96.9,823080.0,Tonnes,797564.52
Brazil,Coffee,Convenience Retailers,Retail Volume,2021,0.6,823080.0,Tonnes,4938.4800000000005
Brazil,Coffee,Convenience Stores,Retail Volume,2021,0.0,823080.0,Tonnes,0.0
Brazil,Coffee,Forecourt Retailers,Retail Volume,2021,0.6,823080.0,Tonnes,4938.4800000000005
Brazil,Coffee,Supermarkets,Retail Volume,2021,38.1,823080.0,Tonnes,313593.48
Brazil,Coffee,Hypermarkets,Retail Volume,2021,32.3,823080.0,Tonnes,265854.83999999997
Brazil,Coffee,Discounters,Retail Volume,2021,0.3,823080.0,Tonnes,2469.2400000000002
Brazil,Coffee,Warehouse Clubs,Retail Volume,2021,4.6,823080.0,Tonnes,37861.68
Brazil,Coffee,Food/drink/tobacco specialists,Retail Volume,2021,0.0,823080.0,Tonnes,0.0
Brazil,Coffee,Small Local Grocers,Retail Volume,2021,21.1,823080.0,Tonnes,173669.88
Brazil,Coffee,Non-Grocery Retailers,Retail Volume,2021,2.1,823080.0,Tonnes,17284.68
Brazil,Coffee,General Merchandise Stores,Retail Volume,2021,2.1,823080.0,Tonnes,17284.68
Brazil,Coffee,Apparel and Footwear Specialists,Retail Volume,2021,0.0,823080.0,Tonnes,0.0
Brazil,Coffee,Appliances and Electronics Specialists,Retail Volume,2021,0.0,823080.0,Tonnes,0.0
Brazil,Coffee,Home Products Specialists,Retail Volume,2021,0.0,823080.0,Tonnes,0.0
Brazil,Coffee,Health and Beauty Specialists,Retail Volume,2021,0.0,823080.0,Tonnes,0.0
Brazil,Coffee,Leisure and Personal Goods Specialists,Retail Volume,2021,0.0,823080.0,Tonnes,0.0
Brazil,Coffee,Other Non-Grocery Retailers,Retail Volume,2021,0.0,823080.0,Tonnes,0.0
Brazil,Coffee,Vending,Retail Volume,2021,0.0,823080.0,Tonnes,0.0
Brazil,Coffee,Direct Selling,Retail Volume,2021,0.4,823080.0,Tonnes,3292.32
Brazil,Coffee,Retail E-Commerce,Retail Volume,2021,0.6,823080.0,Tonnes,4938.4800000000005
Brazil,RTD Coffee,Retail Channels,Off-trade Volume,2021,100.0,1.1,million litres,1.1
Brazil,RTD Coffee,Retail Offline,Off-trade Volume,2021,100.0,1.1,million litres,1.1
Brazil,RTD Coffee,Grocery Retailers,Off-trade Volume,2021,98.9,1.1,million litres,1.0879
Brazil,RTD Coffee,Convenience Retailers,Off-trade Volume,2021,62.5,1.1,million litres,0.6875
Brazil,RTD Coffee,Convenience Stores,Off-trade Volume,2021,2.0,1.1,million litres,0.022000000000000002
Brazil,RTD Coffee,Forecourt Retailers,Off-trade Volume,2021,60.5,1.1,million litres,0.6655
Brazil,RTD Coffee,Supermarkets,Off-trade Volume,2021,11.1,1.1,million litres,0.12210000000000001
Brazil,RTD Coffee,Hypermarkets,Off-trade Volume,2021,11.1,1.1,million litres,0.12210000000000001
Brazil,RTD Coffee,Discounters,Off-trade Volume,2021,0.0,1.1,million litres,0.0
Brazil,RTD Coffee,Warehouse Clubs,Off-trade Volume,2021,2.2,1.1,million litres,0.024200000000000003
Brazil,RTD Coffee,Food/drink/tobacco specialists,Off-trade Volume,2021,0.0,1.1,million litres,0.0
Brazil,RTD Coffee,Small Local Grocers,Off-trade Volume,2021,11.9,1.1,million litres,0.13090000000000002
Brazil,RTD Coffee,Non-Grocery Retailers,Off-trade Volume,2021,1.1,1.1,million litres,0.012100000000000001
Brazil,RTD Coffee,General Merchandise Stores,Off-trade Volume,2021,1.1,1.1,million litres,0.012100000000000001
Brazil,RTD Coffee,Apparel and Footwear Specialists,Off-trade Volume,2021,0.0,1.1,million litres,0.0
Brazil,RTD Coffee,Appliances and Electronics Specialists,Off-trade Volume,2021,0.0,1.1,million litres,0.0
Brazil,RTD Coffee,Home Products Specialists,Off-trade Volume,2021,0.0,1.1,million litres,0.0
Brazil,RTD Coffee,Health and Beauty Specialists,Off-trade Volume,2021,0.0,1.1,million litres,0.0
Brazil,RTD Coffee,Leisure and Personal Goods Specialists,Off-trade Volume,2021,0.0,1.1,million litres,0.0
Brazil,RTD Coffee,Other Non-Grocery Retailers,Off-trade Volume,2021,0.0,1.1,million litres,0.0
Brazil,RTD Coffee,Vending,Off-trade Volume,2021,0.0,1.1,million litres,0.0
Brazil,RTD Coffee,Direct Selling,Off-trade Volume,2021,0.0,1.1,million litres,0.0
Brazil,RTD Coffee,Retail E-Commerce,Off-trade Volume,2021,0.0,1.1,million litres,0.0
Middle East and Africa,Coffee,Retail Channels,Retail Volume,2021,100.0,594587.9,Tonnes,594587.9
Middle East and Africa,Coffee,Retail Offline,Retail Volume,2021,98.9,594587.9,Tonnes,588047.4331000001
Middle East and Africa,Coffee,Grocery Retailers,Retail Volume,2021,97.3,594587.9,Tonnes,578534.0267
Middle East and Africa,Coffee,Convenience Retailers,Retail Volume,2021,4.9,594587.9,Tonnes,29134.8071
Middle East and Africa,Coffee,Convenience Stores,Retail Volume,2021,3.2,594587.9,Tonnes,19026.8128
Middle East and Africa,Coffee,Forecourt Retailers,Retail Volume,2021,1.7,594587.9,Tonnes,10107.9943
Middle East and Africa,Coffee,Supermarkets,Retail Volume,2021,30.2,594587.9,Tonnes,179565.5458
Middle East and Africa,Coffee,Hypermarkets,Retail Volume,2021,8.8,594587.9,Tonnes,52323.73520000001
Middle East and Africa,Coffee,Discounters,Retail Volume,2021,2.2,594587.9,Tonnes,13080.933800000003
Middle East and Africa,Coffee,Warehouse Clubs,Retail Volume,2021,0.0,594587.9,Tonnes,0.0
Middle East and Africa,Coffee,Food/drink/tobacco specialists,Retail Volume,2021,6.1,594587.9,Tonnes,36269.8619
Middle East and Africa,Coffee,Small Local Grocers,Retail Volume,2021,44.9,594587.9,Tonnes,266969.9671
Middle East and Africa,Coffee,Non-Grocery Retailers,Retail Volume,2021,1.3,594587.9,Tonnes,7729.642700000001
Middle East and Africa,Coffee,General Merchandise Stores,Retail Volume,2021,0.0,594587.9,Tonnes,0.0
Middle East and Africa,Coffee,Apparel and Footwear Specialists,Retail Volume,2021,0.0,594587.9,Tonnes,0.0
Middle East and Africa,Coffee,Appliances and Electronics Specialists,Retail Volume,2021,0.0,594587.9,Tonnes,0.0
Middle East and Africa,Coffee,Home Products Specialists,Retail Volume,2021,0.0,594587.9,Tonnes,0.0
Middle East and Africa,Coffee,Health and Beauty Specialists,Retail Volume,2021,0.0,594587.9,Tonnes,0.0
Middle East and Africa,Coffee,Leisure and Personal Goods Specialists,Retail Volume,2021,0.0,594587.9,Tonnes,0.0
Middle East and Africa,Coffee,Other Non-Grocery Retailers,Retail Volume,2021,1.2,594587.9,Tonnes,7135.054800000001
Middle East and Africa,Coffee,Vending,Retail Volume,2021,0.2,594587.9,Tonnes,1189.1758
Middle East and Africa,Coffee,Direct Selling,Retail Volume,2021,0.1,594587.9,Tonnes,594.5879
Middle East and Africa,Coffee,Retail E-Commerce,Retail Volume,2021,1.1,594587.9,Tonnes,6540.466900000001
Middle East and Africa,RTD Coffee,Retail Channels,Off-trade Volume,2021,100.0,30.8,million litres,30.8
Middle East and Africa,RTD Coffee,Retail Offline,Off-trade Volume,2021,98.5,30.8,million litres,30.338
Middle East and Africa,RTD Coffee,Grocery Retailers,Off-trade Volume,2021,98.4,30.8,million litres,30.307200000000005
Middle East and Africa,RTD Coffee,Convenience Retailers,Off-trade Volume,2021,42.3,30.8,million litres,13.0284
Middle East and Africa,RTD Coffee,Convenience Stores,Off-trade Volume,2021,5.0,30.8,million litres,1.54
Middle East and Africa,RTD Coffee,Forecourt Retailers,Off-trade Volume,2021,37.3,30.8,million litres,11.4884
Middle East and Africa,RTD Coffee,Supermarkets,Off-trade Volume,2021,19.4,30.8,million litres,5.975199999999999
Middle East and Africa,RTD Coffee,Hypermarkets,Off-trade Volume,2021,20.7,30.8,million litres,6.3755999999999995
Middle East and Africa,RTD Coffee,Discounters,Off-trade Volume,2021,0.6,30.8,million litres,0.18480000000000002
Middle East and Africa,RTD Coffee,Warehouse Clubs,Off-trade Volume,2021,0.0,30.8,million litres,0.0
Middle East and Africa,RTD Coffee,Food/drink/tobacco specialists,Off-trade Volume,2021,0.6,30.8,million litres,0.18480000000000002
Middle East and Africa,RTD Coffee,Small Local Grocers,Off-trade Volume,2021,14.8,30.8,million litres,4.558400000000001
Middle East and Africa,RTD Coffee,Non-Grocery Retailers,Off-trade Volume,2021,0.0,30.8,million litres,0.0
Middle East and Africa,RTD Coffee,General Merchandise Stores,Off-trade Volume,2021,0.0,30.8,million litres,0.0
Middle East and Africa,RTD Coffee,Apparel and Footwear Specialists,Off-trade Volume,2021,0.0,30.8,million litres,0.0
Middle East and Africa,RTD Coffee,Appliances and Electronics Specialists,Off-trade Volume,2021,0.0,30.8,million litres,0.0
Middle East and Africa,RTD Coffee,Home Products Specialists,Off-trade Volume,2021,0.0,30.8,million litres,0.0
Middle East and Africa,RTD Coffee,Health and Beauty Specialists,Off-trade Volume,2021,0.0,30.8,million litres,0.0
Middle East and Africa,RTD Coffee,Leisure and Personal Goods Specialists,Off-trade Volume,2021,0.0,30.8,million litres,0.0
Middle East and Africa,RTD Coffee,Other Non-Grocery Retailers,Off-trade Volume,2021,0.0,30.8,million litres,0.0
Middle East and Africa,RTD Coffee,Vending,Off-trade Volume,2021,0.0,30.8,million litres,0.0
Middle East and Africa,RTD Coffee,Direct Selling,Off-trade Volume,2021,0.0,30.8,million litres,0.0
Middle East and Africa,RTD Coffee,Retail E-Commerce,Off-trade Volume,2021,1.5,30.8,million litres,0.46199999999999997
North America,Coffee,Retail Channels,Retail Volume,2021,100.0,890343.0,Tonnes,890343.0
North America,Coffee,Retail Offline,Retail Volume,2021,82.0,890343.0,Tonnes,730081.26
North America,Coffee,Grocery Retailers,Retail Volume,2021,79.7,890343.0,Tonnes,709603.371
North America,Coffee,Convenience Retailers,Retail Volume,2021,1.4,890343.0,Tonnes,12464.801999999998
North America,Coffee,Convenience Stores,Retail Volume,2021,0.2,890343.0,Tonnes,1780.6860000000001
North America,Coffee,Forecourt Retailers,Retail Volume,2021,1.2,890343.0,Tonnes,10684.116
North America,Coffee,Supermarkets,Retail Volume,2021,26.8,890343.0,Tonnes,238611.92400000003
North America,Coffee,Hypermarkets,Retail Volume,2021,21.4,890343.0,Tonnes,190533.402
North America,Coffee,Discounters,Retail Volume,2021,3.1,890343.0,Tonnes,27600.632999999998
North America,Coffee,Warehouse Clubs,Retail Volume,2021,4.1,890343.0,Tonnes,36504.062999999995
North America,Coffee,Food/drink/tobacco specialists,Retail Volume,2021,4.8,890343.0,Tonnes,42736.464
North America,Coffee,Small Local Grocers,Retail Volume,2021,18.2,890343.0,Tonnes,162042.426
North America,Coffee,Non-Grocery Retailers,Retail Volume,2021,2.1,890343.0,Tonnes,18697.203
North America,Coffee,General Merchandise Stores,Retail Volume,2021,1.3,890343.0,Tonnes,11574.459
North America,Coffee,Apparel and Footwear Specialists,Retail Volume,2021,0.0,890343.0,Tonnes,0.0
North America,Coffee,Appliances and Electronics Specialists,Retail Volume,2021,0.0,890343.0,Tonnes,0.0
North America,Coffee,Home Products Specialists,Retail Volume,2021,0.0,890343.0,Tonnes,0.0
North America,Coffee,Health and Beauty Specialists,Retail Volume,2021,0.8,890343.0,Tonnes,7122.744000000001
North America,Coffee,Leisure and Personal Goods Specialists,Retail Volume,2021,0.0,890343.0,Tonnes,0.0
North America,Coffee,Other Non-Grocery Retailers,Retail Volume,2021,0.0,890343.0,Tonnes,0.0
North America,Coffee,Vending,Retail Volume,2021,0.0,890343.0,Tonnes,0.0
North America,Coffee,Direct Selling,Retail Volume,2021,0.2,890343.0,Tonnes,1780.6860000000001
North America,Coffee,Retail E-Commerce,Retail Volume,2021,18.0,890343.0,Tonnes,160261.74
North America,RTD Coffee,Retail Channels,Off-trade Volume,2021,100.0,797.3,million litres,797.3
North America,RTD Coffee,Retail Offline,Off-trade Volume,2021,89.6,797.3,million litres,714.3807999999999
North America,RTD Coffee,Grocery Retailers,Off-trade Volume,2021,82.2,797.3,million litres,655.3806
North America,RTD Coffee,Convenience Retailers,Off-trade Volume,2021,27.0,797.3,million litres,215.27100000000002
North America,RTD Coffee,Convenience Stores,Off-trade Volume,2021,6.2,797.3,million litres,49.432599999999994
North America,RTD Coffee,Forecourt Retailers,Off-trade Volume,2021,20.9,797.3,million litres,166.63569999999999
North America,RTD Coffee,Supermarkets,Off-trade Volume,2021,19.8,797.3,million litres,157.8654
North America,RTD Coffee,Hypermarkets,Off-trade Volume,2021,19.8,797.3,million litres,157.8654
North America,RTD Coffee,Discounters,Off-trade Volume,2021,1.3,797.3,million litres,10.3649
North America,RTD Coffee,Warehouse Clubs,Off-trade Volume,2021,10.4,797.3,million litres,82.9192
North America,RTD Coffee,Food/drink/tobacco specialists,Off-trade Volume,2021,0.0,797.3,million litres,0.0
North America,RTD Coffee,Small Local Grocers,Off-trade Volume,2021,3.8,797.3,million litres,30.297399999999996
North America,RTD Coffee,Non-Grocery Retailers,Off-trade Volume,2021,4.9,797.3,million litres,39.0677
North America,RTD Coffee,General Merchandise Stores,Off-trade Volume,2021,3.6,797.3,million litres,28.702800000000003
North America,RTD Coffee,Apparel and Footwear Specialists,Off-trade Volume,2021,0.0,797.3,million litres,0.0
North America,RTD Coffee,Appliances and Electronics Specialists,Off-trade Volume,2021,0.0,797.3,million litres,0.0
North America,RTD Coffee,Home Products Specialists,Off-trade Volume,2021,0.0,797.3,million litres,0.0
North America,RTD Coffee,Health and Beauty Specialists,Off-trade Volume,2021,1.2,797.3,million litres,9.567599999999999
North America,RTD Coffee,Leisure and Personal Goods Specialists,Off-trade Volume,2021,0.0,797.3,million litres,0.0
North America,RTD Coffee,Other Non-Grocery Retailers,Off-trade Volume,2021,0.0,797.3,million litres,0.0
North America,RTD Coffee,Vending,Off-trade Volume,2021,2.5,797.3,million litres,19.9325
North America,RTD Coffee,Direct Selling,Off-trade Volume,2021,0.0,797.3,million litres,0.0
North America,RTD Coffee,Retail E-Commerce,Off-trade Volume,2021,10.4,797.3,million litres,82.9192
USA,Coffee,Retail Channels,Retail Volume,2021,100.0,814420.2,Tonnes,814420.2
USA,Coffee,Retail Offline,Retail Volume,2021,81.0,814420.2,Tonnes,659680.362
USA,Coffee,Grocery Retailers,Retail Volume,2021,79.0,814420.2,Tonnes,643391.958
USA,Coffee,Convenience Retailers,Retail Volume,2021,1.4,814420.2,Tonnes,11401.882799999998
USA,Coffee,Convenience Stores,Retail Volume,2021,0.2,814420.2,Tonnes,1628.8404
USA,Coffee,Forecourt Retailers,Retail Volume,2021,1.3,814420.2,Tonnes,10587.4626
USA,Coffee,Supermarkets,Retail Volume,2021,25.9,814420.2,Tonnes,210934.83179999999
USA,Coffee,Hypermarkets,Retail Volume,2021,21.7,814420.2,Tonnes,176729.18339999998
USA,Coffee,Discounters,Retail Volume,2021,2.0,814420.2,Tonnes,16288.403999999999
USA,Coffee,Warehouse Clubs,Retail Volume,2021,3.8,814420.2,Tonnes,30947.967599999996
USA,Coffee,Food/drink/tobacco specialists,Retail Volume,2021,5.2,814420.2,Tonnes,42349.8504
USA,Coffee,Small Local Grocers,Retail Volume,2021,19.0,814420.2,Tonnes,154739.838
USA,Coffee,Non-Grocery Retailers,Retail Volume,2021,1.8,814420.2,Tonnes,14659.563600000001
USA,Coffee,General Merchandise Stores,Retail Volume,2021,1.2,814420.2,Tonnes,9773.0424
USA,Coffee,Apparel and Footwear Specialists,Retail Volume,2021,0.0,814420.2,Tonnes,0.0
USA,Coffee,Appliances and Electronics Specialists,Retail Volume,2021,0.0,814420.2,Tonnes,0.0
USA,Coffee,Home Products Specialists,Retail Volume,2021,0.0,814420.2,Tonnes,0.0
USA,Coffee,Health and Beauty Specialists,Retail Volume,2021,0.6,814420.2,Tonnes,4886.5212
USA,Coffee,Leisure and Personal Goods Specialists,Retail Volume,2021,0.0,814420.2,Tonnes,0.0
USA,Coffee,Other Non-Grocery Retailers,Retail Volume,2021,0.0,814420.2,Tonnes,0.0
USA,Coffee,Vending,Retail Volume,2021,0.0,814420.2,Tonnes,0.0
USA,Coffee,Direct Selling,Retail Volume,2021,0.2,814420.2,Tonnes,1628.8404
USA,Coffee,Retail E-Commerce,Retail Volume,2021,19.0,814420.2,Tonnes,154739.838
USA,RTD Coffee,Retail Channels,Off-trade Volume,2021,100.0,784.6,million litres,784.6
USA,RTD Coffee,Retail Offline,Off-trade Volume,2021,89.5,784.6,million litres,702.217
USA,RTD Coffee,Grocery Retailers,Off-trade Volume,2021,82.2,784.6,million litres,644.9412000000001
USA,RTD Coffee,Convenience Retailers,Off-trade Volume,2021,27.2,784.6,million litres,213.4112
USA,RTD Coffee,Convenience Stores,Off-trade Volume,2021,6.2,784.6,million litres,48.6452
USA,RTD Coffee,Forecourt Retailers,Off-trade Volume,2021,21.0,784.6,million litres,164.766
USA,RTD Coffee,Supermarkets,Off-trade Volume,2021,19.4,784.6,million litres,152.21239999999997
USA,RTD Coffee,Hypermarkets,Off-trade Volume,2021,19.9,784.6,million litres,156.1354
USA,RTD Coffee,Discounters,Off-trade Volume,2021,1.3,784.6,million litres,10.199800000000002
USA,RTD Coffee,Warehouse Clubs,Off-trade Volume,2021,10.5,784.6,million litres,82.383
USA,RTD Coffee,Food/drink/tobacco specialists,Off-trade Volume,2021,0.0,784.6,million litres,0.0
USA,RTD Coffee,Small Local Grocers,Off-trade Volume,2021,3.8,784.6,million litres,29.8148
USA,RTD Coffee,Non-Grocery Retailers,Off-trade Volume,2021,4.7,784.6,million litres,36.876200000000004
USA,RTD Coffee,General Merchandise Stores,Off-trade Volume,2021,3.7,784.6,million litres,29.030200000000004
USA,RTD Coffee,Apparel and Footwear Specialists,Off-trade Volume,2021,0.0,784.6,million litres,0.0
USA,RTD Coffee,Appliances and Electronics Specialists,Off-trade Volume,2021,0.0,784.6,million litres,0.0
USA,RTD Coffee,Home Products Specialists,Off-trade Volume,2021,0.0,784.6,million litres,0.0
USA,RTD Coffee,Health and Beauty Specialists,Off-trade Volume,2021,1.1,784.6,million litres,8.630600000000001
USA,RTD Coffee,Leisure and Personal Goods Specialists,Off-trade Volume,2021,0.0,784.6,million litres,0.0
USA,RTD Coffee,Other Non-Grocery Retailers,Off-trade Volume,2021,0.0,784.6,million litres,0.0
USA,RTD Coffee,Vending,Off-trade Volume,2021,2.5,784.6,million litres,19.615000000000002
USA,RTD Coffee,Direct Selling,Off-trade Volume,2021,0.0,784.6,million litres,0.0
USA,RTD Coffee,Retail E-Commerce,Off-trade Volume,2021,10.5,784.6,million litres,82.383
Western Europe,Coffee,Retail Channels,Retail Volume,2021,100.0,1405323.8,Tonnes,1405323.8
Western Europe,Coffee,Retail Offline,Retail Volume,2021,94.5,1405323.8,Tonnes,1328030.991
Western Europe,Coffee,Grocery Retailers,Retail Volume,2021,91.9,1405323.8,Tonnes,1291492.5722
Western Europe,Coffee,Convenience Retailers,Retail Volume,2021,3.4,1405323.8,Tonnes,47781.00920000001
Western Europe,Coffee,Convenience Stores,Retail Volume,2021,3.1,1405323.8,Tonnes,43565.0378
Western Europe,Coffee,Forecourt Retailers,Retail Volume,2021,0.4,1405323.8,Tonnes,5621.2952000000005
Western Europe,Coffee,Supermarkets,Retail Volume,2021,38.5,1405323.8,Tonnes,541049.6630000001
Western Europe,Coffee,Hypermarkets,Retail Volume,2021,20.0,1405323.8,Tonnes,281064.76
Western Europe,Coffee,Discounters,Retail Volume,2021,23.0,1405323.8,Tonnes,323224.47400000005
Western Europe,Coffee,Warehouse Clubs,Retail Volume,2021,0.0,1405323.8,Tonnes,0.0
Western Europe,Coffee,Food/drink/tobacco specialists,Retail Volume,2021,4.0,1405323.8,Tonnes,56212.952000000005
Western Europe,Coffee,Small Local Grocers,Retail Volume,2021,3.0,1405323.8,Tonnes,42159.714
Western Europe,Coffee,Non-Grocery Retailers,Retail Volume,2021,1.8,1405323.8,Tonnes,25295.828400000002
Western Europe,Coffee,General Merchandise Stores,Retail Volume,2021,0.7,1405323.8,Tonnes,9837.266599999999
Western Europe,Coffee,Apparel and Footwear Specialists,Retail Volume,2021,0.0,1405323.8,Tonnes,0.0
Western Europe,Coffee,Appliances and Electronics Specialists,Retail Volume,2021,0.0,1405323.8,Tonnes,0.0
Western Europe,Coffee,Home Products Specialists,Retail Volume,2021,0.0,1405323.8,Tonnes,0.0
Western Europe,Coffee,Health and Beauty Specialists,Retail Volume,2021,1.1,1405323.8,Tonnes,15458.561800000001
Western Europe,Coffee,Leisure and Personal Goods Specialists,Retail Volume,2021,0.0,1405323.8,Tonnes,0.0
Western Europe,Coffee,Other Non-Grocery Retailers,Retail Volume,2021,0.0,1405323.8,Tonnes,0.0
Western Europe,Coffee,Vending,Retail Volume,2021,0.8,1405323.8,Tonnes,11242.590400000001
Western Europe,Coffee,Direct Selling,Retail Volume,2021,0.0,1405323.8,Tonnes,0.0
Western Europe,Coffee,Retail E-Commerce,Retail Volume,2021,5.5,1405323.8,Tonnes,77292.80900000001
Western Europe,RTD Coffee,Retail Channels,Off-trade Volume,2021,100.0,290.1,million litres,290.1
Western Europe,RTD Coffee,Retail Offline,Off-trade Volume,2021,97.0,290.1,million litres,281.397
Western Europe,RTD Coffee,Grocery Retailers,Off-trade Volume,2021,94.9,290.1,million litres,275.30490000000003
Western Europe,RTD Coffee,Convenience Retailers,Off-trade Volume,2021,13.5,290.1,million litres,39.163500000000006
Western Europe,RTD Coffee,Convenience Stores,Off-trade Volume,2021,6.3,290.1,million litres,18.276300000000003
Western Europe,RTD Coffee,Forecourt Retailers,Off-trade Volume,2021,7.2,290.1,million litres,20.887200000000004
Western Europe,RTD Coffee,Supermarkets,Off-trade Volume,2021,44.2,290.1,million litres,128.22420000000002
Western Europe,RTD Coffee,Hypermarkets,Off-trade Volume,2021,16.0,290.1,million litres,46.416000000000004
Western Europe,RTD Coffee,Discounters,Off-trade Volume,2021,15.2,290.1,million litres,44.095200000000006
Western Europe,RTD Coffee,Warehouse Clubs,Off-trade Volume,2021,0.0,290.1,million litres,0.0
Western Europe,RTD Coffee,Food/drink/tobacco specialists,Off-trade Volume,2021,0.2,290.1,million litres,0.5802
Western Europe,RTD Coffee,Small Local Grocers,Off-trade Volume,2021,5.9,290.1,million litres,17.115900000000003
Western Europe,RTD Coffee,Non-Grocery Retailers,Off-trade Volume,2021,1.5,290.1,million litres,4.351500000000001
Western Europe,RTD Coffee,General Merchandise Stores,Off-trade Volume,2021,0.0,290.1,million litres,0.0
Western Europe,RTD Coffee,Apparel and Footwear Specialists,Off-trade Volume,2021,0.0,290.1,million litres,0.0
Western Europe,RTD Coffee,Appliances and Electronics Specialists,Off-trade Volume,2021,0.0,290.1,million litres,0.0
Western Europe,RTD Coffee,Home Products Specialists,Off-trade Volume,2021,0.0,290.1,million litres,0.0
Western Europe,RTD Coffee,Health and Beauty Specialists,Off-trade Volume,2021,1.5,290.1,million litres,4.351500000000001
Western Europe,RTD Coffee,Leisure and Personal Goods Specialists,Off-trade Volume,2021,0.0,290.1,million litres,0.0
Western Europe,RTD Coffee,Other Non-Grocery Retailers,Off-trade Volume,2021,0.0,290.1,million litres,0.0
Western Europe,RTD Coffee,Vending,Off-trade Volume,2021,0.5,290.1,million litres,1.4505000000000001
Western Europe,RTD Coffee,Direct Selling,Off-trade Volume,2021,0.0,290.1,million litres,0.0
Western Europe,RTD Coffee,Retail E-Commerce,Off-trade Volume,2021,3.0,290.1,million litres,8.703000000000001
France,Coffee,Retail Channels,Retail Volume,2021,100.0,200610.8,Tonnes,200610.8
France,Coffee,Retail Offline,Retail Volume,2021,86.8,200610.8,Tonnes,174130.1744
France,Coffee,Grocery Retailers,Retail Volume,2021,85.9,200610.8,Tonnes,172324.6772
France,Coffee,Convenience Retailers,Retail Volume,2021,1.2,200610.8,Tonnes,2407.3296
France,Coffee,Convenience Stores,Retail Volume,2021,1.2,200610.8,Tonnes,2407.3296
France,Coffee,Forecourt Retailers,Retail Volume,2021,0.0,200610.8,Tonnes,0.0
France,Coffee,Supermarkets,Retail Volume,2021,24.9,200610.8,Tonnes,49952.089199999995
France,Coffee,Hypermarkets,Retail Volume,2021,30.6,200610.8,Tonnes,61386.9048
France,Coffee,Discounters,Retail Volume,2021,12.6,200610.8,Tonnes,25276.960799999997
France,Coffee,Warehouse Clubs,Retail Volume,2021,0.0,200610.8,Tonnes,0.0
France,Coffee,Food/drink/tobacco specialists,Retail Volume,2021,16.0,200610.8,Tonnes,32097.728
France,Coffee,Small Local Grocers,Retail Volume,2021,0.7,200610.8,Tonnes,1404.2755999999997
France,Coffee,Non-Grocery Retailers,Retail Volume,2021,0.6,200610.8,Tonnes,1203.6648
France,Coffee,General Merchandise Stores,Retail Volume,2021,0.0,200610.8,Tonnes,0.0
France,Coffee,Apparel and Footwear Specialists,Retail Volume,2021,0.0,200610.8,Tonnes,0.0
France,Coffee,Appliances and Electronics Specialists,Retail Volume,2021,0.0,200610.8,Tonnes,0.0
France,Coffee,Home Products Specialists,Retail Volume,2021,0.0,200610.8,Tonnes,0.0
France,Coffee,Health and Beauty Specialists,Retail Volume,2021,0.6,200610.8,Tonnes,1203.6648
France,Coffee,Leisure and Personal Goods Specialists,Retail Volume,2021,0.0,200610.8,Tonnes,0.0
France,Coffee,Other Non-Grocery Retailers,Retail Volume,2021,0.0,200610.8,Tonnes,0.0
France,Coffee,Vending,Retail Volume,2021,0.3,200610.8,Tonnes,601.8324
France,Coffee,Direct Selling,Retail Volume,2021,0.0,200610.8,Tonnes,0.0
France,Coffee,Retail E-Commerce,Retail Volume,2021,13.2,200610.8,Tonnes,26480.6256
France,RTD Coffee,Retail Channels,Off-trade Volume,2021,100.0,4.9,million litres,4.9
France,RTD Coffee,Retail Offline,Off-trade Volume,2021,98.2,4.9,million litres,4.8118
France,RTD Coffee,Grocery Retailers,Off-trade Volume,2021,97.7,4.9,million litres,4.7873
France,RTD Coffee,Convenience Retailers,Off-trade Volume,2021,36.5,4.9,million litres,1.7885
France,RTD Coffee,Convenience Stores,Off-trade Volume,2021,17.4,4.9,million litres,0.8526
France,RTD Coffee,Forecourt Retailers,Off-trade Volume,2021,19.1,4.9,million litres,0.9359000000000001
France,RTD Coffee,Supermarkets,Off-trade Volume,2021,28.1,4.9,million litres,1.3769000000000002
France,RTD Coffee,Hypermarkets,Off-trade Volume,2021,29.0,4.9,million litres,1.421
France,RTD Coffee,Discounters,Off-trade Volume,2021,2.4,4.9,million litres,0.11760000000000001
France,RTD Coffee,Warehouse Clubs,Off-trade Volume,2021,0.0,4.9,million litres,0.0
France,RTD Coffee,Food/drink/tobacco specialists,Off-trade Volume,2021,0.0,4.9,million litres,0.0
France,RTD Coffee,Small Local Grocers,Off-trade Volume,2021,1.8,4.9,million litres,0.08820000000000001
France,RTD Coffee,Non-Grocery Retailers,Off-trade Volume,2021,0.0,4.9,million litres,0.0
France,RTD Coffee,General Merchandise Stores,Off-trade Volume,2021,0.0,4.9,million litres,0.0
France,RTD Coffee,Apparel and Footwear Specialists,Off-trade Volume,2021,0.0,4.9,million litres,0.0
France,RTD Coffee,Appliances and Electronics Specialists,Off-trade Volume,2021,0.0,4.9,million litres,0.0
France,RTD Coffee,Home Products Specialists,Off-trade Volume,2021,0.0,4.9,million litres,0.0
France,RTD Coffee,Health and Beauty Specialists,Off-trade Volume,2021,0.0,4.9,million litres,0.0
France,RTD Coffee,Leisure and Personal Goods Specialists,Off-trade Volume,2021,0.0,4.9,million litres,0.0
France,RTD Coffee,Other Non-Grocery Retailers,Off-trade Volume,2021,0.0,4.9,million litres,0.0
France,RTD Coffee,Vending,Off-trade Volume,2021,0.5,4.9,million litres,0.0245
France,RTD Coffee,Direct Selling,Off-trade Volume,2021,0.0,4.9,million litres,0.0
France,RTD Coffee,Retail E-Commerce,Off-trade Volume,2021,1.8,4.9,million litres,0.08820000000000001
Germany,Coffee,Retail Channels,Retail Volume,2021,100.0,417665.1,Tonnes,417665.1
Germany,Coffee,Retail Offline,Retail Volume,2021,96.9,417665.1,Tonnes,404717.4819
Germany,Coffee,Grocery Retailers,Retail Volume,2021,93.9,417665.1,Tonnes,392187.5289
Germany,Coffee,Convenience Retailers,Retail Volume,2021,0.6,417665.1,Tonnes,2505.9906
Germany,Coffee,Convenience Stores,Retail Volume,2021,0.3,417665.1,Tonnes,1252.9953
Germany,Coffee,Forecourt Retailers,Retail Volume,2021,0.2,417665.1,Tonnes,835.3302
Germany,Coffee,Supermarkets,Retail Volume,2021,26.4,417665.1,Tonnes,110263.5864
Germany,Coffee,Hypermarkets,Retail Volume,2021,18.7,417665.1,Tonnes,78103.3737
Germany,Coffee,Discounters,Retail Volume,2021,45.1,417665.1,Tonnes,188366.9601
Germany,Coffee,Warehouse Clubs,Retail Volume,2021,0.0,417665.1,Tonnes,0.0
Germany,Coffee,Food/drink/tobacco specialists,Retail Volume,2021,2.4,417665.1,Tonnes,10023.9624
Germany,Coffee,Small Local Grocers,Retail Volume,2021,0.8,417665.1,Tonnes,3341.3208
Germany,Coffee,Non-Grocery Retailers,Retail Volume,2021,2.6,417665.1,Tonnes,10859.2926
Germany,Coffee,General Merchandise Stores,Retail Volume,2021,1.4,417665.1,Tonnes,5847.311399999999
Germany,Coffee,Apparel and Footwear Specialists,Retail Volume,2021,0.0,417665.1,Tonnes,0.0
Germany,Coffee,Appliances and Electronics Specialists,Retail Volume,2021,0.0,417665.1,Tonnes,0.0
Germany,Coffee,Home Products Specialists,Retail Volume,2021,0.0,417665.1,Tonnes,0.0
Germany,Coffee,Health and Beauty Specialists,Retail Volume,2021,1.2,417665.1,Tonnes,5011.9812
Germany,Coffee,Leisure and Personal Goods Specialists,Retail Volume,2021,0.0,417665.1,Tonnes,0.0
Germany,Coffee,Other Non-Grocery Retailers,Retail Volume,2021,0.0,417665.1,Tonnes,0.0
Germany,Coffee,Vending,Retail Volume,2021,0.4,417665.1,Tonnes,1670.6604
Germany,Coffee,Direct Selling,Retail Volume,2021,0.0,417665.1,Tonnes,0.0
Germany,Coffee,Retail E-Commerce,Retail Volume,2021,3.1,417665.1,Tonnes,12947.6181
Germany,RTD Coffee,Retail Channels,Off-trade Volume,2021,100.0,99.3,million litres,99.3
Germany,RTD Coffee,Retail Offline,Off-trade Volume,2021,98.7,99.3,million litres,98.00909999999999
Germany,RTD Coffee,Grocery Retailers,Off-trade Volume,2021,94.4,99.3,million litres,93.7392
Germany,RTD Coffee,Convenience Retailers,Off-trade Volume,2021,13.7,99.3,million litres,13.604099999999997
Germany,RTD Coffee,Convenience Stores,Off-trade Volume,2021,0.1,99.3,million litres,0.0993
Germany,RTD Coffee,Forecourt Retailers,Off-trade Volume,2021,13.6,99.3,million litres,13.504800000000001
Germany,RTD Coffee,Supermarkets,Off-trade Volume,2021,32.0,99.3,million litres,31.776
Germany,RTD Coffee,Hypermarkets,Off-trade Volume,2021,17.4,99.3,million litres,17.2782
Germany,RTD Coffee,Discounters,Off-trade Volume,2021,24.1,99.3,million litres,23.9313
Germany,RTD Coffee,Warehouse Clubs,Off-trade Volume,2021,0.0,99.3,million litres,0.0
Germany,RTD Coffee,Food/drink/tobacco specialists,Off-trade Volume,2021,0.1,99.3,million litres,0.0993
Germany,RTD Coffee,Small Local Grocers,Off-trade Volume,2021,7.1,99.3,million litres,7.050299999999999
Germany,RTD Coffee,Non-Grocery Retailers,Off-trade Volume,2021,4.0,99.3,million litres,3.972
Germany,RTD Coffee,General Merchandise Stores,Off-trade Volume,2021,0.0,99.3,million litres,0.0
Germany,RTD Coffee,Apparel and Footwear Specialists,Off-trade Volume,2021,0.0,99.3,million litres,0.0
Germany,RTD Coffee,Appliances and Electronics Specialists,Off-trade Volume,2021,0.0,99.3,million litres,0.0
Germany,RTD Coffee,Home Products Specialists,Off-trade Volume,2021,0.0,99.3,million litres,0.0
Germany,RTD Coffee,Health and Beauty Specialists,Off-trade Volume,2021,4.0,99.3,million litres,3.972
Germany,RTD Coffee,Leisure and Personal Goods Specialists,Off-trade Volume,2021,0.0,99.3,million litres,0.0
Germany,RTD Coffee,Other Non-Grocery Retailers,Off-trade Volume,2021,0.0,99.3,million litres,0.0
Germany,RTD Coffee,Vending,Off-trade Volume,2021,0.3,99.3,million litres,0.2979
Germany,RTD Coffee,Direct Selling,Off-trade Volume,2021,0.0,99.3,million litres,0.0
Germany,RTD Coffee,Retail E-Commerce,Off-trade Volume,2021,1.3,99.3,million litres,1.2909000000000002
United Kingdom,Coffee,Retail Channels,Retail Volume,2021,100.0,82995.3,Tonnes,82995.3
United Kingdom,Coffee,Retail Offline,Retail Volume,2021,87.3,82995.3,Tonnes,72454.8969
United Kingdom,Coffee,Grocery Retailers,Retail Volume,2021,84.4,82995.3,Tonnes,70048.0332
United Kingdom,Coffee,Convenience Retailers,Retail Volume,2021,5.1,82995.3,Tonnes,4232.7603
United Kingdom,Coffee,Convenience Stores,Retail Volume,2021,4.8,82995.3,Tonnes,3983.7744000000002
United Kingdom,Coffee,Forecourt Retailers,Retail Volume,2021,0.2,82995.3,Tonnes,165.9906
United Kingdom,Coffee,Supermarkets,Retail Volume,2021,36.2,82995.3,Tonnes,30044.298600000006
United Kingdom,Coffee,Hypermarkets,Retail Volume,2021,33.0,82995.3,Tonnes,27388.449
United Kingdom,Coffee,Discounters,Retail Volume,2021,7.8,82995.3,Tonnes,6473.633400000001
United Kingdom,Coffee,Warehouse Clubs,Retail Volume,2021,0.1,82995.3,Tonnes,82.9953
United Kingdom,Coffee,Food/drink/tobacco specialists,Retail Volume,2021,1.2,82995.3,Tonnes,995.9436000000001
United Kingdom,Coffee,Small Local Grocers,Retail Volume,2021,1.0,82995.3,Tonnes,829.9530000000001
United Kingdom,Coffee,Non-Grocery Retailers,Retail Volume,2021,2.2,82995.3,Tonnes,1825.8966000000003
United Kingdom,Coffee,General Merchandise Stores,Retail Volume,2021,2.2,82995.3,Tonnes,1825.8966000000003
United Kingdom,Coffee,Apparel and Footwear Specialists,Retail Volume,2021,0.0,82995.3,Tonnes,0.0
United Kingdom,Coffee,Appliances and Electronics Specialists,Retail Volume,2021,0.0,82995.3,Tonnes,0.0
United Kingdom,Coffee,Home Products Specialists,Retail Volume,2021,0.0,82995.3,Tonnes,0.0
United Kingdom,Coffee,Health and Beauty Specialists,Retail Volume,2021,0.0,82995.3,Tonnes,0.0
United Kingdom,Coffee,Leisure and Personal Goods Specialists,Retail Volume,2021,0.0,82995.3,Tonnes,0.0
United Kingdom,Coffee,Other Non-Grocery Retailers,Retail Volume,2021,0.0,82995.3,Tonnes,0.0
United Kingdom,Coffee,Vending,Retail Volume,2021,0.6,82995.3,Tonnes,497.97180000000003
United Kingdom,Coffee,Direct Selling,Retail Volume,2021,0.0,82995.3,Tonnes,0.0
United Kingdom,Coffee,Retail E-Commerce,Retail Volume,2021,12.7,82995.3,Tonnes,10540.403100000001
United Kingdom,RTD Coffee,Retail Channels,Off-trade Volume,2021,100.0,37.2,million litres,37.2
United Kingdom,RTD Coffee,Retail Offline,Off-trade Volume,2021,90.9,37.2,million litres,33.814800000000005
United Kingdom,RTD Coffee,Grocery Retailers,Off-trade Volume,2021,90.1,37.2,million litres,33.5172
United Kingdom,RTD Coffee,Convenience Retailers,Off-trade Volume,2021,12.4,37.2,million litres,4.6128
United Kingdom,RTD Coffee,Convenience Stores,Off-trade Volume,2021,9.5,37.2,million litres,3.5340000000000003
United Kingdom,RTD Coffee,Forecourt Retailers,Off-trade Volume,2021,3.0,37.2,million litres,1.116
United Kingdom,RTD Coffee,Supermarkets,Off-trade Volume,2021,33.2,37.2,million litres,12.350400000000002
United Kingdom,RTD Coffee,Hypermarkets,Off-trade Volume,2021,29.7,37.2,million litres,11.0484
United Kingdom,RTD Coffee,Discounters,Off-trade Volume,2021,0.0,37.2,million litres,0.0
United Kingdom,RTD Coffee,Warehouse Clubs,Off-trade Volume,2021,0.0,37.2,million litres,0.0
United Kingdom,RTD Coffee,Food/drink/tobacco specialists,Off-trade Volume,2021,0.0,37.2,million litres,0.0
United Kingdom,RTD Coffee,Small Local Grocers,Off-trade Volume,2021,14.9,37.2,million litres,5.542800000000001
United Kingdom,RTD Coffee,Non-Grocery Retailers,Off-trade Volume,2021,0.8,37.2,million litres,0.29760000000000003
United Kingdom,RTD Coffee,General Merchandise Stores,Off-trade Volume,2021,0.0,37.2,million litres,0.0
United Kingdom,RTD Coffee,Apparel and Footwear Specialists,Off-trade Volume,2021,0.0,37.2,million litres,0.0
United Kingdom,RTD Coffee,Appliances and Electronics Specialists,Off-trade Volume,2021,0.0,37.2,million litres,0.0
United Kingdom,RTD Coffee,Home Products Specialists,Off-trade Volume,2021,0.0,37.2,million litres,0.0
United Kingdom,RTD Coffee,Health and Beauty Specialists,Off-trade Volume,2021,0.8,37.2,million litres,0.29760000000000003
United Kingdom,RTD Coffee,Leisure and Personal Goods Specialists,Off-trade Volume,2021,0.0,37.2,million litres,0.0
United Kingdom,RTD Coffee,Other Non-Grocery Retailers,Off-trade Volume,2021,0.0,37.2,million litres,0.0
United Kingdom,RTD Coffee,Vending,Off-trade Volume,2021,0.0,37.2,million litres,0.0
United Kingdom,RTD Coffee,Direct Selling,Off-trade Volume,2021,0.0,37.2,million litres,0.0
United Kingdom,RTD Coffee,Retail E-Commerce,Off-trade Volume,2021,9.1,37.2,million litres,3.3852
World,Coffee,Retail Channels,Retail Volume,2022,100.0,6084333.8,Tonnes,6084333.8
World,Coffee,Retail Offline,Retail Volume,2022,93.4,6084333.8,Tonnes,5682767.7692
World,Coffee,Grocery Retailers,Retail Volume,2022,91.1,6084333.8,Tonnes,5542828.0918
World,Coffee,Convenience Retailers,Retail Volume,2022,5.1,6084333.8,Tonnes,310301.02379999997
World,Coffee,Convenience Stores,Retail Volume,2022,4.3,6084333.8,Tonnes,261626.35339999996
World,Coffee,Forecourt Retailers,Retail Volume,2022,0.8,6084333.8,Tonnes,48674.6704
World,Coffee,Supermarkets,Retail Volume,2022,28.4,6084333.8,Tonnes,1727950.7991999998
World,Coffee,Hypermarkets,Retail Volume,2022,18.3,6084333.8,Tonnes,1113433.0854
World,Coffee,Discounters,Retail Volume,2022,8.2,6084333.8,Tonnes,498915.3715999999
World,Coffee,Warehouse Clubs,Retail Volume,2022,1.4,6084333.8,Tonnes,85180.67319999999
World,Coffee,Food/drink/tobacco specialists,Retail Volume,2022,2.5,6084333.8,Tonnes,152108.345
World,Coffee,Small Local Grocers,Retail Volume,2022,27.1,6084333.8,Tonnes,1648854.4598
World,Coffee,Non-Grocery Retailers,Retail Volume,2022,1.7,6084333.8,Tonnes,103433.6746
World,Coffee,General Merchandise Stores,Retail Volume,2022,1.0,6084333.8,Tonnes,60843.337999999996
World,Coffee,Apparel and Footwear Specialists,Retail Volume,2022,0.0,6084333.8,Tonnes,0.0
World,Coffee,Appliances and Electronics Specialists,Retail Volume,2022,0.0,6084333.8,Tonnes,0.0
World,Coffee,Home Products Specialists,Retail Volume,2022,0.0,6084333.8,Tonnes,0.0
World,Coffee,Health and Beauty Specialists,Retail Volume,2022,0.6,6084333.8,Tonnes,36506.0028
World,Coffee,Leisure and Personal Goods Specialists,Retail Volume,2022,0.0,6084333.8,Tonnes,0.0
World,Coffee,Other Non-Grocery Retailers,Retail Volume,2022,0.1,6084333.8,Tonnes,6084.3338
World,Coffee,Vending,Retail Volume,2022,0.5,6084333.8,Tonnes,30421.668999999998
World,Coffee,Direct Selling,Retail Volume,2022,0.1,6084333.8,Tonnes,6084.3338
World,Coffee,Retail E-Commerce,Retail Volume,2022,6.6,6084333.8,Tonnes,401566.0308
World,RTD Coffee,Retail Channels,Off-trade Volume,2022,100.0,5726.3,million litres,5726.3
World,RTD Coffee,Retail Offline,Off-trade Volume,2022,95.3,5726.3,million litres,5457.1639
World,RTD Coffee,Grocery Retailers,Off-trade Volume,2022,70.9,5726.3,million litres,4059.9467000000004
World,RTD Coffee,Convenience Retailers,Off-trade Volume,2022,26.4,5726.3,million litres,1511.7432000000001
World,RTD Coffee,Convenience Stores,Off-trade Volume,2022,21.7,5726.3,million litres,1242.6071
World,RTD Coffee,Forecourt Retailers,Off-trade Volume,2022,4.7,5726.3,million litres,269.1361
World,RTD Coffee,Supermarkets,Off-trade Volume,2022,21.8,5726.3,million litres,1248.3334
World,RTD Coffee,Hypermarkets,Off-trade Volume,2022,9.6,5726.3,million litres,549.7248000000001
World,RTD Coffee,Discounters,Off-trade Volume,2022,1.2,5726.3,million litres,68.71560000000001
World,RTD Coffee,Warehouse Clubs,Off-trade Volume,2022,2.6,5726.3,million litres,148.8838
World,RTD Coffee,Food/drink/tobacco specialists,Off-trade Volume,2022,0.0,5726.3,million litres,0.0
World,RTD Coffee,Small Local Grocers,Off-trade Volume,2022,9.2,5726.3,million litres,526.8196
World,RTD Coffee,Non-Grocery Retailers,Off-trade Volume,2022,11.0,5726.3,million litres,629.893
World,RTD Coffee,General Merchandise Stores,Off-trade Volume,2022,5.0,5726.3,million litres,286.315
World,RTD Coffee,Apparel and Footwear Specialists,Off-trade Volume,2022,0.0,5726.3,million litres,0.0
World,RTD Coffee,Appliances and Electronics Specialists,Off-trade Volume,2022,0.0,5726.3,million litres,0.0
World,RTD Coffee,Home Products Specialists,Off-trade Volume,2022,0.0,5726.3,million litres,0.0
World,RTD Coffee,Health and Beauty Specialists,Off-trade Volume,2022,6.1,5726.3,million litres,349.3043
World,RTD Coffee,Leisure and Personal Goods Specialists,Off-trade Volume,2022,0.0,5726.3,million litres,0.0
World,RTD Coffee,Other Non-Grocery Retailers,Off-trade Volume,2022,0.0,5726.3,million litres,0.0
World,RTD Coffee,Vending,Off-trade Volume,2022,13.4,5726.3,million litres,767.3242
World,RTD Coffee,Direct Selling,Off-trade Volume,2022,0.0,5726.3,million litres,0.0
World,RTD Coffee,Retail E-Commerce,Off-trade Volume,2022,4.7,5726.3,million litres,269.1361
Asia Pacific,Coffee,Retail Channels,Retail Volume,2022,100.0,1556709.8,Tonnes,1556709.8
Asia Pacific,Coffee,Retail Offline,Retail Volume,2022,93.4,1556709.8,Tonnes,1453966.9532
Asia Pacific,Coffee,Grocery Retailers,Retail Volume,2022,91.1,1556709.8,Tonnes,1418162.6278
Asia Pacific,Coffee,Convenience Retailers,Retail Volume,2022,8.6,1556709.8,Tonnes,133877.0428
Asia Pacific,Coffee,Convenience Stores,Retail Volume,2022,7.7,1556709.8,Tonnes,119866.65460000001
Asia Pacific,Coffee,Forecourt Retailers,Retail Volume,2022,0.9,1556709.8,Tonnes,14010.388200000001
Asia Pacific,Coffee,Supermarkets,Retail Volume,2022,16.5,1556709.8,Tonnes,256857.11700000003
Asia Pacific,Coffee,Hypermarkets,Retail Volume,2022,14.9,1556709.8,Tonnes,231949.7602
Asia Pacific,Coffee,Discounters,Retail Volume,2022,0.1,1556709.8,Tonnes,1556.7098
Asia Pacific,Coffee,Warehouse Clubs,Retail Volume,2022,0.3,1556709.8,Tonnes,4670.1294
Asia Pacific,Coffee,Food/drink/tobacco specialists,Retail Volume,2022,0.7,1556709.8,Tonnes,10896.968599999998
Asia Pacific,Coffee,Small Local Grocers,Retail Volume,2022,50.1,1556709.8,Tonnes,779911.6098
Asia Pacific,Coffee,Non-Grocery Retailers,Retail Volume,2022,2.0,1556709.8,Tonnes,31134.196
Asia Pacific,Coffee,General Merchandise Stores,Retail Volume,2022,1.3,1556709.8,Tonnes,20237.227400000003
Asia Pacific,Coffee,Apparel and Footwear Specialists,Retail Volume,2022,0.0,1556709.8,Tonnes,0.0
Asia Pacific,Coffee,Appliances and Electronics Specialists,Retail Volume,2022,0.0,1556709.8,Tonnes,0.0
Asia Pacific,Coffee,Home Products Specialists,Retail Volume,2022,0.0,1556709.8,Tonnes,0.0
Asia Pacific,Coffee,Health and Beauty Specialists,Retail Volume,2022,0.7,1556709.8,Tonnes,10896.968599999998
Asia Pacific,Coffee,Leisure and Personal Goods Specialists,Retail Volume,2022,0.0,1556709.8,Tonnes,0.0
Asia Pacific,Coffee,Other Non-Grocery Retailers,Retail Volume,2022,0.0,1556709.8,Tonnes,0.0
Asia Pacific,Coffee,Vending,Retail Volume,2022,0.1,1556709.8,Tonnes,1556.7098
Asia Pacific,Coffee,Direct Selling,Retail Volume,2022,0.1,1556709.8,Tonnes,1556.7098
Asia Pacific,Coffee,Retail E-Commerce,Retail Volume,2022,6.6,1556709.8,Tonnes,102742.84680000001
Asia Pacific,RTD Coffee,Retail Channels,Off-trade Volume,2022,100.0,4396.9,million litres,4396.9
Asia Pacific,RTD Coffee,Retail Offline,Off-trade Volume,2022,96.2,4396.9,million litres,4229.8178
Asia Pacific,RTD Coffee,Grocery Retailers,Off-trade Volume,2022,66.1,4396.9,million litres,2906.3508999999995
Asia Pacific,RTD Coffee,Convenience Retailers,Off-trade Volume,2022,27.2,4396.9,million litres,1195.9568
Asia Pacific,RTD Coffee,Convenience Stores,Off-trade Volume,2022,26.3,4396.9,million litres,1156.3847
Asia Pacific,RTD Coffee,Forecourt Retailers,Off-trade Volume,2022,0.9,4396.9,million litres,39.5721
Asia Pacific,RTD Coffee,Supermarkets,Off-trade Volume,2022,20.4,4396.9,million litres,896.9675999999998
Asia Pacific,RTD Coffee,Hypermarkets,Off-trade Volume,2022,6.8,4396.9,million litres,298.9892
Asia Pacific,RTD Coffee,Discounters,Off-trade Volume,2022,0.0,4396.9,million litres,0.0
Asia Pacific,RTD Coffee,Warehouse Clubs,Off-trade Volume,2022,1.3,4396.9,million litres,57.1597
Asia Pacific,RTD Coffee,Food/drink/tobacco specialists,Off-trade Volume,2022,0.0,4396.9,million litres,0.0
Asia Pacific,RTD Coffee,Small Local Grocers,Off-trade Volume,2022,10.3,4396.9,million litres,452.8807
Asia Pacific,RTD Coffee,Non-Grocery Retailers,Off-trade Volume,2022,13.2,4396.9,million litres,580.3908
Asia Pacific,RTD Coffee,General Merchandise Stores,Off-trade Volume,2022,5.7,4396.9,million litres,250.6233
Asia Pacific,RTD Coffee,Apparel and Footwear Specialists,Off-trade Volume,2022,0.0,4396.9,million litres,0.0
Asia Pacific,RTD Coffee,Appliances and Electronics Specialists,Off-trade Volume,2022,0.0,4396.9,million litres,0.0
Asia Pacific,RTD Coffee,Home Products Specialists,Off-trade Volume,2022,0.0,4396.9,million litres,0.0
Asia Pacific,RTD Coffee,Health and Beauty Specialists,Off-trade Volume,2022,7.5,4396.9,million litres,329.7675
Asia Pacific,RTD Coffee,Leisure and Personal Goods Specialists,Off-trade Volume,2022,0.0,4396.9,million litres,0.0
Asia Pacific,RTD Coffee,Other Non-Grocery Retailers,Off-trade Volume,2022,0.0,4396.9,million litres,0.0
Asia Pacific,RTD Coffee,Vending,Off-trade Volume,2022,16.9,4396.9,million litres,743.0760999999999
Asia Pacific,RTD Coffee,Direct Selling,Off-trade Volume,2022,0.0,4396.9,million litres,0.0
Asia Pacific,RTD Coffee,Retail E-Commerce,Off-trade Volume,2022,3.8,4396.9,million litres,167.08219999999997
China,Coffee,Retail Channels,Retail Volume,2022,100.0,71146.8,Tonnes,71146.8
China,Coffee,Retail Offline,Retail Volume,2022,61.5,71146.8,Tonnes,43755.282
China,Coffee,Grocery Retailers,Retail Volume,2022,61.5,71146.8,Tonnes,43755.282
China,Coffee,Convenience Retailers,Retail Volume,2022,5.1,71146.8,Tonnes,3628.4868
China,Coffee,Convenience Stores,Retail Volume,2022,5.1,71146.8,Tonnes,3628.4868
China,Coffee,Forecourt Retailers,Retail Volume,2022,0.0,71146.8,Tonnes,0.0
China,Coffee,Supermarkets,Retail Volume,2022,23.7,71146.8,Tonnes,16861.7916
China,Coffee,Hypermarkets,Retail Volume,2022,29.8,71146.8,Tonnes,21201.7464
China,Coffee,Discounters,Retail Volume,2022,0.0,71146.8,Tonnes,0.0
China,Coffee,Warehouse Clubs,Retail Volume,2022,0.0,71146.8,Tonnes,0.0
China,Coffee,Food/drink/tobacco specialists,Retail Volume,2022,0.0,71146.8,Tonnes,0.0
China,Coffee,Small Local Grocers,Retail Volume,2022,2.9,71146.8,Tonnes,2063.2572
China,Coffee,Non-Grocery Retailers,Retail Volume,2022,0.0,71146.8,Tonnes,0.0
China,Coffee,General Merchandise Stores,Retail Volume,2022,0.0,71146.8,Tonnes,0.0
China,Coffee,Apparel and Footwear Specialists,Retail Volume,2022,0.0,71146.8,Tonnes,0.0
China,Coffee,Appliances and Electronics Specialists,Retail Volume,2022,0.0,71146.8,Tonnes,0.0
China,Coffee,Home Products Specialists,Retail Volume,2022,0.0,71146.8,Tonnes,0.0
China,Coffee,Health and Beauty Specialists,Retail Volume,2022,0.0,71146.8,Tonnes,0.0
China,Coffee,Leisure and Personal Goods Specialists,Retail Volume,2022,0.0,71146.8,Tonnes,0.0
China,Coffee,Other Non-Grocery Retailers,Retail Volume,2022,0.0,71146.8,Tonnes,0.0
China,Coffee,Vending,Retail Volume,2022,0.0,71146.8,Tonnes,0.0
China,Coffee,Direct Selling,Retail Volume,2022,0.0,71146.8,Tonnes,0.0
China,Coffee,Retail E-Commerce,Retail Volume,2022,38.5,71146.8,Tonnes,27391.518
China,RTD Coffee,Retail Channels,Off-trade Volume,2022,100.0,275.0,million litres,275.0
China,RTD Coffee,Retail Offline,Off-trade Volume,2022,94.3,275.0,million litres,259.325
China,RTD Coffee,Grocery Retailers,Off-trade Volume,2022,91.7,275.0,million litres,252.175
China,RTD Coffee,Convenience Retailers,Off-trade Volume,2022,18.4,275.0,million litres,50.6
China,RTD Coffee,Convenience Stores,Off-trade Volume,2022,14.2,275.0,million litres,39.05
China,RTD Coffee,Forecourt Retailers,Off-trade Volume,2022,4.2,275.0,million litres,11.55
China,RTD Coffee,Supermarkets,Off-trade Volume,2022,21.8,275.0,million litres,59.95
China,RTD Coffee,Hypermarkets,Off-trade Volume,2022,8.3,275.0,million litres,22.825000000000003
China,RTD Coffee,Discounters,Off-trade Volume,2022,0.5,275.0,million litres,1.375
China,RTD Coffee,Warehouse Clubs,Off-trade Volume,2022,0.0,275.0,million litres,0.0
China,RTD Coffee,Food/drink/tobacco specialists,Off-trade Volume,2022,0.0,275.0,million litres,0.0
China,RTD Coffee,Small Local Grocers,Off-trade Volume,2022,42.7,275.0,million litres,117.42500000000001
China,RTD Coffee,Non-Grocery Retailers,Off-trade Volume,2022,0.0,275.0,million litres,0.0
China,RTD Coffee,General Merchandise Stores,Off-trade Volume,2022,0.0,275.0,million litres,0.0
China,RTD Coffee,Apparel and Footwear Specialists,Off-trade Volume,2022,0.0,275.0,million litres,0.0
China,RTD Coffee,Appliances and Electronics Specialists,Off-trade Volume,2022,0.0,275.0,million litres,0.0
China,RTD Coffee,Home Products Specialists,Off-trade Volume,2022,0.0,275.0,million litres,0.0
China,RTD Coffee,Health and Beauty Specialists,Off-trade Volume,2022,0.0,275.0,million litres,0.0
China,RTD Coffee,Leisure and Personal Goods Specialists,Off-trade Volume,2022,0.0,275.0,million litres,0.0
China,RTD Coffee,Other Non-Grocery Retailers,Off-trade Volume,2022,0.0,275.0,million litres,0.0
China,RTD Coffee,Vending,Off-trade Volume,2022,2.6,275.0,million litres,7.15
China,RTD Coffee,Direct Selling,Off-trade Volume,2022,0.0,275.0,million litres,0.0
China,RTD Coffee,Retail E-Commerce,Off-trade Volume,2022,5.7,275.0,million litres,15.675
India,Coffee,Retail Channels,Retail Volume,2022,100.0,85788.9,Tonnes,85788.9
India,Coffee,Retail Offline,Retail Volume,2022,96.3,85788.9,Tonnes,82614.7107
India,Coffee,Grocery Retailers,Retail Volume,2022,96.3,85788.9,Tonnes,82614.7107
India,Coffee,Convenience Retailers,Retail Volume,2022,1.6,85788.9,Tonnes,1372.6224
India,Coffee,Convenience Stores,Retail Volume,2022,1.5,85788.9,Tonnes,1286.8335
India,Coffee,Forecourt Retailers,Retail Volume,2022,0.1,85788.9,Tonnes,85.7889
India,Coffee,Supermarkets,Retail Volume,2022,9.1,85788.9,Tonnes,7806.789899999999
India,Coffee,Hypermarkets,Retail Volume,2022,7.1,85788.9,Tonnes,6091.011899999999
India,Coffee,Discounters,Retail Volume,2022,0.0,85788.9,Tonnes,0.0
India,Coffee,Warehouse Clubs,Retail Volume,2022,0.0,85788.9,Tonnes,0.0
India,Coffee,Food/drink/tobacco specialists,Retail Volume,2022,0.0,85788.9,Tonnes,0.0
India,Coffee,Small Local Grocers,Retail Volume,2022,78.5,85788.9,Tonnes,67344.2865
India,Coffee,Non-Grocery Retailers,Retail Volume,2022,0.0,85788.9,Tonnes,0.0
India,Coffee,General Merchandise Stores,Retail Volume,2022,0.0,85788.9,Tonnes,0.0
India,Coffee,Apparel and Footwear Specialists,Retail Volume,2022,0.0,85788.9,Tonnes,0.0
India,Coffee,Appliances and Electronics Specialists,Retail Volume,2022,0.0,85788.9,Tonnes,0.0
India,Coffee,Home Products Specialists,Retail Volume,2022,0.0,85788.9,Tonnes,0.0
India,Coffee,Health and Beauty Specialists,Retail Volume,2022,0.0,85788.9,Tonnes,0.0
India,Coffee,Leisure and Personal Goods Specialists,Retail Volume,2022,0.0,85788.9,Tonnes,0.0
India,Coffee,Other Non-Grocery Retailers,Retail Volume,2022,0.0,85788.9,Tonnes,0.0
India,Coffee,Vending,Retail Volume,2022,0.0,85788.9,Tonnes,0.0
India,Coffee,Direct Selling,Retail Volume,2022,0.0,85788.9,Tonnes,0.0
India,Coffee,Retail E-Commerce,Retail Volume,2022,3.7,85788.9,Tonnes,3174.1893
India,RTD Coffee,Retail Channels,Off-trade Volume,2022,0.0,,million litres,
India,RTD Coffee,Retail Offline,Off-trade Volume,2022,0.0,,million litres,
India,RTD Coffee,Grocery Retailers,Off-trade Volume,2022,0.0,,million litres,
India,RTD Coffee,Convenience Retailers,Off-trade Volume,2022,0.0,,million litres,
India,RTD Coffee,Convenience Stores,Off-trade Volume,2022,0.0,,million litres,
India,RTD Coffee,Forecourt Retailers,Off-trade Volume,2022,0.0,,million litres,
India,RTD Coffee,Supermarkets,Off-trade Volume,2022,0.0,,million litres,
India,RTD Coffee,Hypermarkets,Off-trade Volume,2022,0.0,,million litres,
India,RTD Coffee,Discounters,Off-trade Volume,2022,0.0,,million litres,
India,RTD Coffee,Warehouse Clubs,Off-trade Volume,2022,0.0,,million litres,
India,RTD Coffee,Food/drink/tobacco specialists,Off-trade Volume,2022,0.0,,million litres,
India,RTD Coffee,Small Local Grocers,Off-trade Volume,2022,0.0,,million litres,
India,RTD Coffee,Non-Grocery Retailers,Off-trade Volume,2022,0.0,,million litres,
India,RTD Coffee,General Merchandise Stores,Off-trade Volume,2022,0.0,,million litres,
India,RTD Coffee,Apparel and Footwear Specialists,Off-trade Volume,2022,0.0,,million litres,
India,RTD Coffee,Appliances and Electronics Specialists,Off-trade Volume,2022,0.0,,million litres,
India,RTD Coffee,Home Products Specialists,Off-trade Volume,2022,0.0,,million litres,
India,RTD Coffee,Health and Beauty Specialists,Off-trade Volume,2022,0.0,,million litres,
India,RTD Coffee,Leisure and Personal Goods Specialists,Off-trade Volume,2022,0.0,,million litres,
India,RTD Coffee,Other Non-Grocery Retailers,Off-trade Volume,2022,0.0,,million litres,
India,RTD Coffee,Vending,Off-trade Volume,2022,0.0,,million litres,
India,RTD Coffee,Direct Selling,Off-trade Volume,2022,0.0,,million litres,
India,RTD Coffee,Retail E-Commerce,Off-trade Volume,2022,0.0,,million litres,
Japan,Coffee,Retail Channels,Retail Volume,2022,100.0,116127.3,Tonnes,116127.3
Japan,Coffee,Retail Offline,Retail Volume,2022,88.7,116127.3,Tonnes,103004.9151
Japan,Coffee,Grocery Retailers,Retail Volume,2022,68.2,116127.3,Tonnes,79198.81860000001
Japan,Coffee,Convenience Retailers,Retail Volume,2022,3.1,116127.3,Tonnes,3599.9463
Japan,Coffee,Convenience Stores,Retail Volume,2022,3.1,116127.3,Tonnes,3599.9463
Japan,Coffee,Forecourt Retailers,Retail Volume,2022,0.0,116127.3,Tonnes,0.0
Japan,Coffee,Supermarkets,Retail Volume,2022,46.5,116127.3,Tonnes,53999.194500000005
Japan,Coffee,Hypermarkets,Retail Volume,2022,10.5,116127.3,Tonnes,12193.3665
Japan,Coffee,Discounters,Retail Volume,2022,0.0,116127.3,Tonnes,0.0
Japan,Coffee,Warehouse Clubs,Retail Volume,2022,2.7,116127.3,Tonnes,3135.4371000000006
Japan,Coffee,Food/drink/tobacco specialists,Retail Volume,2022,0.0,116127.3,Tonnes,0.0
Japan,Coffee,Small Local Grocers,Retail Volume,2022,5.5,116127.3,Tonnes,6387.0015
Japan,Coffee,Non-Grocery Retailers,Retail Volume,2022,19.7,116127.3,Tonnes,22877.0781
Japan,Coffee,General Merchandise Stores,Retail Volume,2022,13.3,116127.3,Tonnes,15444.930900000001
Japan,Coffee,Apparel and Footwear Specialists,Retail Volume,2022,0.0,116127.3,Tonnes,0.0
Japan,Coffee,Appliances and Electronics Specialists,Retail Volume,2022,0.0,116127.3,Tonnes,0.0
Japan,Coffee,Home Products Specialists,Retail Volume,2022,0.0,116127.3,Tonnes,0.0
Japan,Coffee,Health and Beauty Specialists,Retail Volume,2022,6.5,116127.3,Tonnes,7548.2745
Japan,Coffee,Leisure and Personal Goods Specialists,Retail Volume,2022,0.0,116127.3,Tonnes,0.0
Japan,Coffee,Other Non-Grocery Retailers,Retail Volume,2022,0.0,116127.3,Tonnes,0.0
Japan,Coffee,Vending,Retail Volume,2022,0.7,116127.3,Tonnes,812.8910999999999
Japan,Coffee,Direct Selling,Retail Volume,2022,0.0,116127.3,Tonnes,0.0
Japan,Coffee,Retail E-Commerce,Retail Volume,2022,11.3,116127.3,Tonnes,13122.384900000001
Japan,RTD Coffee,Retail Channels,Off-trade Volume,2022,100.0,3010.4,million litres,3010.4
Japan,RTD Coffee,Retail Offline,Off-trade Volume,2022,99.2,3010.4,million litres,2986.3168
Japan,RTD Coffee,Grocery Retailers,Off-trade Volume,2022,57.1,3010.4,million litres,1718.9384000000002
Japan,RTD Coffee,Convenience Retailers,Off-trade Volume,2022,20.9,3010.4,million litres,629.1736
Japan,RTD Coffee,Convenience Stores,Off-trade Volume,2022,20.9,3010.4,million litres,629.1736
Japan,RTD Coffee,Forecourt Retailers,Off-trade Volume,2022,0.0,3010.4,million litres,0.0
Japan,RTD Coffee,Supermarkets,Off-trade Volume,2022,24.2,3010.4,million litres,728.5168
Japan,RTD Coffee,Hypermarkets,Off-trade Volume,2022,6.2,3010.4,million litres,186.6448
Japan,RTD Coffee,Discounters,Off-trade Volume,2022,0.0,3010.4,million litres,0.0
Japan,RTD Coffee,Warehouse Clubs,Off-trade Volume,2022,1.6,3010.4,million litres,48.1664
Japan,RTD Coffee,Food/drink/tobacco specialists,Off-trade Volume,2022,0.0,3010.4,million litres,0.0
Japan,RTD Coffee,Small Local Grocers,Off-trade Volume,2022,4.2,3010.4,million litres,126.4368
Japan,RTD Coffee,Non-Grocery Retailers,Off-trade Volume,2022,18.3,3010.4,million litres,550.9032
Japan,RTD Coffee,General Merchandise Stores,Off-trade Volume,2022,7.7,3010.4,million litres,231.8008
Japan,RTD Coffee,Apparel and Footwear Specialists,Off-trade Volume,2022,0.0,3010.4,million litres,0.0
Japan,RTD Coffee,Appliances and Electronics Specialists,Off-trade Volume,2022,0.0,3010.4,million litres,0.0
Japan,RTD Coffee,Home Products Specialists,Off-trade Volume,2022,0.0,3010.4,million litres,0.0
Japan,RTD Coffee,Health and Beauty Specialists,Off-trade Volume,2022,10.6,3010.4,million litres,319.1024
Japan,RTD Coffee,Leisure and Personal Goods Specialists,Off-trade Volume,2022,0.0,3010.4,million litres,0.0
Japan,RTD Coffee,Other Non-Grocery Retailers,Off-trade Volume,2022,0.0,3010.4,million litres,0.0
Japan,RTD Coffee,Vending,Off-trade Volume,2022,23.8,3010.4,million litres,716.4752000000001
Japan,RTD Coffee,Direct Selling,Off-trade Volume,2022,0.0,3010.4,million litres,0.0
Japan,RTD Coffee,Retail E-Commerce,Off-trade Volume,2022,0.8,3010.4,million litres,24.0832
Thailand,Coffee,Retail Channels,Retail Volume,2022,100.0,81000.2,Tonnes,81000.2
Thailand,Coffee,Retail Offline,Retail Volume,2022,97.3,81000.2,Tonnes,78813.19459999999
Thailand,Coffee,Grocery Retailers,Retail Volume,2022,97.3,81000.2,Tonnes,78813.19459999999
Thailand,Coffee,Convenience Retailers,Retail Volume,2022,29.3,81000.2,Tonnes,23733.058599999997
Thailand,Coffee,Convenience Stores,Retail Volume,2022,16.6,81000.2,Tonnes,13446.0332
Thailand,Coffee,Forecourt Retailers,Retail Volume,2022,12.7,81000.2,Tonnes,10287.0254
Thailand,Coffee,Supermarkets,Retail Volume,2022,6.7,81000.2,Tonnes,5427.0134
Thailand,Coffee,Hypermarkets,Retail Volume,2022,24.7,81000.2,Tonnes,20007.0494
Thailand,Coffee,Discounters,Retail Volume,2022,0.0,81000.2,Tonnes,0.0
Thailand,Coffee,Warehouse Clubs,Retail Volume,2022,0.0,81000.2,Tonnes,0.0
Thailand,Coffee,Food/drink/tobacco specialists,Retail Volume,2022,0.0,81000.2,Tonnes,0.0
Thailand,Coffee,Small Local Grocers,Retail Volume,2022,36.6,81000.2,Tonnes,29646.0732
Thailand,Coffee,Non-Grocery Retailers,Retail Volume,2022,0.0,81000.2,Tonnes,0.0
Thailand,Coffee,General Merchandise Stores,Retail Volume,2022,0.0,81000.2,Tonnes,0.0
Thailand,Coffee,Apparel and Footwear Specialists,Retail Volume,2022,0.0,81000.2,Tonnes,0.0
Thailand,Coffee,Appliances and Electronics Specialists,Retail Volume,2022,0.0,81000.2,Tonnes,0.0
Thailand,Coffee,Home Products Specialists,Retail Volume,2022,0.0,81000.2,Tonnes,0.0
Thailand,Coffee,Health and Beauty Specialists,Retail Volume,2022,0.0,81000.2,Tonnes,0.0
Thailand,Coffee,Leisure and Personal Goods Specialists,Retail Volume,2022,0.0,81000.2,Tonnes,0.0
Thailand,Coffee,Other Non-Grocery Retailers,Retail Volume,2022,0.0,81000.2,Tonnes,0.0
Thailand,Coffee,Vending,Retail Volume,2022,0.0,81000.2,Tonnes,0.0
Thailand,Coffee,Direct Selling,Retail Volume,2022,0.0,81000.2,Tonnes,0.0
Thailand,Coffee,Retail E-Commerce,Retail Volume,2022,2.7,81000.2,Tonnes,2187.0054
Thailand,RTD Coffee,Retail Channels,Off-trade Volume,2022,100.0,181.5,million litres,181.5
Thailand,RTD Coffee,Retail Offline,Off-trade Volume,2022,98.1,181.5,million litres,178.0515
Thailand,RTD Coffee,Grocery Retailers,Off-trade Volume,2022,91.8,181.5,million litres,166.617
Thailand,RTD Coffee,Convenience Retailers,Off-trade Volume,2022,29.0,181.5,million litres,52.635
Thailand,RTD Coffee,Convenience Stores,Off-trade Volume,2022,17.9,181.5,million litres,32.4885
Thailand,RTD Coffee,Forecourt Retailers,Off-trade Volume,2022,11.1,181.5,million litres,20.1465
Thailand,RTD Coffee,Supermarkets,Off-trade Volume,2022,4.9,181.5,million litres,8.8935
Thailand,RTD Coffee,Hypermarkets,Off-trade Volume,2022,22.1,181.5,million litres,40.1115
Thailand,RTD Coffee,Discounters,Off-trade Volume,2022,0.0,181.5,million litres,0.0
Thailand,RTD Coffee,Warehouse Clubs,Off-trade Volume,2022,0.0,181.5,million litres,0.0
Thailand,RTD Coffee,Food/drink/tobacco specialists,Off-trade Volume,2022,0.0,181.5,million litres,0.0
Thailand,RTD Coffee,Small Local Grocers,Off-trade Volume,2022,35.8,181.5,million litres,64.977
Thailand,RTD Coffee,Non-Grocery Retailers,Off-trade Volume,2022,0.0,181.5,million litres,0.0
Thailand,RTD Coffee,General Merchandise Stores,Off-trade Volume,2022,0.0,181.5,million litres,0.0
Thailand,RTD Coffee,Apparel and Footwear Specialists,Off-trade Volume,2022,0.0,181.5,million litres,0.0
Thailand,RTD Coffee,Appliances and Electronics Specialists,Off-trade Volume,2022,0.0,181.5,million litres,0.0
Thailand,RTD Coffee,Home Products Specialists,Off-trade Volume,2022,0.0,181.5,million litres,0.0
Thailand,RTD Coffee,Health and Beauty Specialists,Off-trade Volume,2022,0.0,181.5,million litres,0.0
Thailand,RTD Coffee,Leisure and Personal Goods Specialists,Off-trade Volume,2022,0.0,181.5,million litres,0.0
Thailand,RTD Coffee,Other Non-Grocery Retailers,Off-trade Volume,2022,0.0,181.5,million litres,0.0
Thailand,RTD Coffee,Vending,Off-trade Volume,2022,6.3,181.5,million litres,11.4345
Thailand,RTD Coffee,Direct Selling,Off-trade Volume,2022,0.0,181.5,million litres,0.0
Thailand,RTD Coffee,Retail E-Commerce,Off-trade Volume,2022,1.9,181.5,million litres,3.4485
Australasia,Coffee,Retail Channels,Retail Volume,2022,100.0,45352.0,Tonnes,45352.0
Australasia,Coffee,Retail Offline,Retail Volume,2022,87.9,45352.0,Tonnes,39864.408
Australasia,Coffee,Grocery Retailers,Retail Volume,2022,87.6,45352.0,Tonnes,39728.35199999999
Australasia,Coffee,Convenience Retailers,Retail Volume,2022,4.9,45352.0,Tonnes,2222.248
Australasia,Coffee,Convenience Stores,Retail Volume,2022,2.7,45352.0,Tonnes,1224.5040000000001
Australasia,Coffee,Forecourt Retailers,Retail Volume,2022,2.2,45352.0,Tonnes,997.7440000000001
Australasia,Coffee,Supermarkets,Retail Volume,2022,66.8,45352.0,Tonnes,30295.135999999995
Australasia,Coffee,Hypermarkets,Retail Volume,2022,0.0,45352.0,Tonnes,0.0
Australasia,Coffee,Discounters,Retail Volume,2022,12.3,45352.0,Tonnes,5578.296
Australasia,Coffee,Warehouse Clubs,Retail Volume,2022,0.3,45352.0,Tonnes,136.056
Australasia,Coffee,Food/drink/tobacco specialists,Retail Volume,2022,0.0,45352.0,Tonnes,0.0
Australasia,Coffee,Small Local Grocers,Retail Volume,2022,3.4,45352.0,Tonnes,1541.968
Australasia,Coffee,Non-Grocery Retailers,Retail Volume,2022,0.1,45352.0,Tonnes,45.352000000000004
Australasia,Coffee,General Merchandise Stores,Retail Volume,2022,0.0,45352.0,Tonnes,0.0
Australasia,Coffee,Apparel and Footwear Specialists,Retail Volume,2022,0.0,45352.0,Tonnes,0.0
Australasia,Coffee,Appliances and Electronics Specialists,Retail Volume,2022,0.0,45352.0,Tonnes,0.0
Australasia,Coffee,Home Products Specialists,Retail Volume,2022,0.0,45352.0,Tonnes,0.0
Australasia,Coffee,Health and Beauty Specialists,Retail Volume,2022,0.1,45352.0,Tonnes,45.352000000000004
Australasia,Coffee,Leisure and Personal Goods Specialists,Retail Volume,2022,0.0,45352.0,Tonnes,0.0
Australasia,Coffee,Other Non-Grocery Retailers,Retail Volume,2022,0.0,45352.0,Tonnes,0.0
Australasia,Coffee,Vending,Retail Volume,2022,0.3,45352.0,Tonnes,136.056
Australasia,Coffee,Direct Selling,Retail Volume,2022,0.0,45352.0,Tonnes,0.0
Australasia,Coffee,Retail E-Commerce,Retail Volume,2022,12.1,45352.0,Tonnes,5487.592
Australasia,RTD Coffee,Retail Channels,Off-trade Volume,2022,100.0,13.2,million litres,13.2
Australasia,RTD Coffee,Retail Offline,Off-trade Volume,2022,89.4,13.2,million litres,11.800799999999999
Australasia,RTD Coffee,Grocery Retailers,Off-trade Volume,2022,89.0,13.2,million litres,11.748
Australasia,RTD Coffee,Convenience Retailers,Off-trade Volume,2022,31.3,13.2,million litres,4.1316
Australasia,RTD Coffee,Convenience Stores,Off-trade Volume,2022,5.2,13.2,million litres,0.6864
Australasia,RTD Coffee,Forecourt Retailers,Off-trade Volume,2022,26.1,13.2,million litres,3.4452
Australasia,RTD Coffee,Supermarkets,Off-trade Volume,2022,49.3,13.2,million litres,6.507599999999999
Australasia,RTD Coffee,Hypermarkets,Off-trade Volume,2022,0.0,13.2,million litres,0.0
Australasia,RTD Coffee,Discounters,Off-trade Volume,2022,1.2,13.2,million litres,0.15839999999999999
Australasia,RTD Coffee,Warehouse Clubs,Off-trade Volume,2022,0.0,13.2,million litres,0.0
Australasia,RTD Coffee,Food/drink/tobacco specialists,Off-trade Volume,2022,0.0,13.2,million litres,0.0
Australasia,RTD Coffee,Small Local Grocers,Off-trade Volume,2022,7.2,13.2,million litres,0.9504
Australasia,RTD Coffee,Non-Grocery Retailers,Off-trade Volume,2022,0.0,13.2,million litres,0.0
Australasia,RTD Coffee,General Merchandise Stores,Off-trade Volume,2022,0.0,13.2,million litres,0.0
Australasia,RTD Coffee,Apparel and Footwear Specialists,Off-trade Volume,2022,0.0,13.2,million litres,0.0
Australasia,RTD Coffee,Appliances and Electronics Specialists,Off-trade Volume,2022,0.0,13.2,million litres,0.0
Australasia,RTD Coffee,Home Products Specialists,Off-trade Volume,2022,0.0,13.2,million litres,0.0
Australasia,RTD Coffee,Health and Beauty Specialists,Off-trade Volume,2022,0.0,13.2,million litres,0.0
Australasia,RTD Coffee,Leisure and Personal Goods Specialists,Off-trade Volume,2022,0.0,13.2,million litres,0.0
Australasia,RTD Coffee,Other Non-Grocery Retailers,Off-trade Volume,2022,0.0,13.2,million litres,0.0
Australasia,RTD Coffee,Vending,Off-trade Volume,2022,0.4,13.2,million litres,0.0528
Australasia,RTD Coffee,Direct Selling,Off-trade Volume,2022,0.0,13.2,million litres,0.0
Australasia,RTD Coffee,Retail E-Commerce,Off-trade Volume,2022,10.6,13.2,million litres,1.3991999999999998
Australia,Coffee,Retail Channels,Retail Volume,2022,100.0,38427.2,Tonnes,38427.2
Australia,Coffee,Retail Offline,Retail Volume,2022,87.0,38427.2,Tonnes,33431.664
Australia,Coffee,Grocery Retailers,Retail Volume,2022,87.0,38427.2,Tonnes,33431.664
Australia,Coffee,Convenience Retailers,Retail Volume,2022,5.4,38427.2,Tonnes,2075.0688
Australia,Coffee,Convenience Stores,Retail Volume,2022,2.9,38427.2,Tonnes,1114.3888
Australia,Coffee,Forecourt Retailers,Retail Volume,2022,2.6,38427.2,Tonnes,999.1072
Australia,Coffee,Supermarkets,Retail Volume,2022,63.4,38427.2,Tonnes,24362.8448
Australia,Coffee,Hypermarkets,Retail Volume,2022,0.0,38427.2,Tonnes,0.0
Australia,Coffee,Discounters,Retail Volume,2022,14.5,38427.2,Tonnes,5571.9439999999995
Australia,Coffee,Warehouse Clubs,Retail Volume,2022,0.0,38427.2,Tonnes,0.0
Australia,Coffee,Food/drink/tobacco specialists,Retail Volume,2022,0.0,38427.2,Tonnes,0.0
Australia,Coffee,Small Local Grocers,Retail Volume,2022,3.7,38427.2,Tonnes,1421.8064000000002
Australia,Coffee,Non-Grocery Retailers,Retail Volume,2022,0.0,38427.2,Tonnes,0.0
Australia,Coffee,General Merchandise Stores,Retail Volume,2022,0.0,38427.2,Tonnes,0.0
Australia,Coffee,Apparel and Footwear Specialists,Retail Volume,2022,0.0,38427.2,Tonnes,0.0
Australia,Coffee,Appliances and Electronics Specialists,Retail Volume,2022,0.0,38427.2,Tonnes,0.0
Australia,Coffee,Home Products Specialists,Retail Volume,2022,0.0,38427.2,Tonnes,0.0
Australia,Coffee,Health and Beauty Specialists,Retail Volume,2022,0.0,38427.2,Tonnes,0.0
Australia,Coffee,Leisure and Personal Goods Specialists,Retail Volume,2022,0.0,38427.2,Tonnes,0.0
Australia,Coffee,Other Non-Grocery Retailers,Retail Volume,2022,0.0,38427.2,Tonnes,0.0
Australia,Coffee,Vending,Retail Volume,2022,0.0,38427.2,Tonnes,0.0
Australia,Coffee,Direct Selling,Retail Volume,2022,0.0,38427.2,Tonnes,0.0
Australia,Coffee,Retail E-Commerce,Retail Volume,2022,13.0,38427.2,Tonnes,4995.536
Australia,RTD Coffee,Retail Channels,Off-trade Volume,2022,100.0,12.6,million litres,12.6
Australia,RTD Coffee,Retail Offline,Off-trade Volume,2022,89.0,12.6,million litres,11.214
Australia,RTD Coffee,Grocery Retailers,Off-trade Volume,2022,88.6,12.6,million litres,11.163599999999999
Australia,RTD Coffee,Convenience Retailers,Off-trade Volume,2022,32.4,12.6,million litres,4.0824
Australia,RTD Coffee,Convenience Stores,Off-trade Volume,2022,5.3,12.6,million litres,0.6678
Australia,RTD Coffee,Forecourt Retailers,Off-trade Volume,2022,27.2,12.6,million litres,3.4272
Australia,RTD Coffee,Supermarkets,Off-trade Volume,2022,47.4,12.6,million litres,5.9723999999999995
Australia,RTD Coffee,Hypermarkets,Off-trade Volume,2022,0.0,12.6,million litres,0.0
Australia,RTD Coffee,Discounters,Off-trade Volume,2022,1.3,12.6,million litres,0.1638
Australia,RTD Coffee,Warehouse Clubs,Off-trade Volume,2022,0.0,12.6,million litres,0.0
Australia,RTD Coffee,Food/drink/tobacco specialists,Off-trade Volume,2022,0.0,12.6,million litres,0.0
Australia,RTD Coffee,Small Local Grocers,Off-trade Volume,2022,7.5,12.6,million litres,0.945
Australia,RTD Coffee,Non-Grocery Retailers,Off-trade Volume,2022,0.0,12.6,million litres,0.0
Australia,RTD Coffee,General Merchandise Stores,Off-trade Volume,2022,0.0,12.6,million litres,0.0
Australia,RTD Coffee,Apparel and Footwear Specialists,Off-trade Volume,2022,0.0,12.6,million litres,0.0
Australia,RTD Coffee,Appliances and Electronics Specialists,Off-trade Volume,2022,0.0,12.6,million litres,0.0
Australia,RTD Coffee,Home Products Specialists,Off-trade Volume,2022,0.0,12.6,million litres,0.0
Australia,RTD Coffee,Health and Beauty Specialists,Off-trade Volume,2022,0.0,12.6,million litres,0.0
Australia,RTD Coffee,Leisure and Personal Goods Specialists,Off-trade Volume,2022,0.0,12.6,million litres,0.0
Australia,RTD Coffee,Other Non-Grocery Retailers,Off-trade Volume,2022,0.0,12.6,million litres,0.0
Australia,RTD Coffee,Vending,Off-trade Volume,2022,0.4,12.6,million litres,0.0504
Australia,RTD Coffee,Direct Selling,Off-trade Volume,2022,0.0,12.6,million litres,0.0
Australia,RTD Coffee,Retail E-Commerce,Off-trade Volume,2022,11.0,12.6,million litres,1.386
Eastern Europe,Coffee,Retail Channels,Retail Volume,2022,100.0,507603.6,Tonnes,507603.6
Eastern Europe,Coffee,Retail Offline,Retail Volume,2022,95.5,507603.6,Tonnes,484761.43799999997
Eastern Europe,Coffee,Grocery Retailers,Retail Volume,2022,91.9,507603.6,Tonnes,466487.7084
Eastern Europe,Coffee,Convenience Retailers,Retail Volume,2022,15.1,507603.6,Tonnes,76648.1436
Eastern Europe,Coffee,Convenience Stores,Retail Volume,2022,14.1,507603.6,Tonnes,71572.10759999999
Eastern Europe,Coffee,Forecourt Retailers,Retail Volume,2022,0.9,507603.6,Tonnes,4568.432400000001
Eastern Europe,Coffee,Supermarkets,Retail Volume,2022,29.4,507603.6,Tonnes,149235.45839999997
Eastern Europe,Coffee,Hypermarkets,Retail Volume,2022,15.0,507603.6,Tonnes,76140.54
Eastern Europe,Coffee,Discounters,Retail Volume,2022,15.2,507603.6,Tonnes,77155.7472
Eastern Europe,Coffee,Warehouse Clubs,Retail Volume,2022,0.0,507603.6,Tonnes,0.0
Eastern Europe,Coffee,Food/drink/tobacco specialists,Retail Volume,2022,2.0,507603.6,Tonnes,10152.072
Eastern Europe,Coffee,Small Local Grocers,Retail Volume,2022,15.3,507603.6,Tonnes,77663.3508
Eastern Europe,Coffee,Non-Grocery Retailers,Retail Volume,2022,0.6,507603.6,Tonnes,3045.6216
Eastern Europe,Coffee,General Merchandise Stores,Retail Volume,2022,0.2,507603.6,Tonnes,1015.2072
Eastern Europe,Coffee,Apparel and Footwear Specialists,Retail Volume,2022,0.0,507603.6,Tonnes,0.0
Eastern Europe,Coffee,Appliances and Electronics Specialists,Retail Volume,2022,0.0,507603.6,Tonnes,0.0
Eastern Europe,Coffee,Home Products Specialists,Retail Volume,2022,0.0,507603.6,Tonnes,0.0
Eastern Europe,Coffee,Health and Beauty Specialists,Retail Volume,2022,0.4,507603.6,Tonnes,2030.4144
Eastern Europe,Coffee,Leisure and Personal Goods Specialists,Retail Volume,2022,0.0,507603.6,Tonnes,0.0
Eastern Europe,Coffee,Other Non-Grocery Retailers,Retail Volume,2022,0.0,507603.6,Tonnes,0.0
Eastern Europe,Coffee,Vending,Retail Volume,2022,3.0,507603.6,Tonnes,15228.107999999998
Eastern Europe,Coffee,Direct Selling,Retail Volume,2022,0.0,507603.6,Tonnes,0.0
Eastern Europe,Coffee,Retail E-Commerce,Retail Volume,2022,4.5,507603.6,Tonnes,22842.161999999997
Eastern Europe,RTD Coffee,Retail Channels,Off-trade Volume,2022,100.0,41.8,million litres,41.8
Eastern Europe,RTD Coffee,Retail Offline,Off-trade Volume,2022,98.4,41.8,million litres,41.1312
Eastern Europe,RTD Coffee,Grocery Retailers,Off-trade Volume,2022,96.6,41.8,million litres,40.3788
Eastern Europe,RTD Coffee,Convenience Retailers,Off-trade Volume,2022,37.2,41.8,million litres,15.549600000000002
Eastern Europe,RTD Coffee,Convenience Stores,Off-trade Volume,2022,17.1,41.8,million litres,7.1478
Eastern Europe,RTD Coffee,Forecourt Retailers,Off-trade Volume,2022,20.1,41.8,million litres,8.4018
Eastern Europe,RTD Coffee,Supermarkets,Off-trade Volume,2022,17.2,41.8,million litres,7.189599999999999
Eastern Europe,RTD Coffee,Hypermarkets,Off-trade Volume,2022,20.9,41.8,million litres,8.736199999999998
Eastern Europe,RTD Coffee,Discounters,Off-trade Volume,2022,15.3,41.8,million litres,6.3953999999999995
Eastern Europe,RTD Coffee,Warehouse Clubs,Off-trade Volume,2022,0.0,41.8,million litres,0.0
Eastern Europe,RTD Coffee,Food/drink/tobacco specialists,Off-trade Volume,2022,1.1,41.8,million litres,0.45980000000000004
Eastern Europe,RTD Coffee,Small Local Grocers,Off-trade Volume,2022,5.0,41.8,million litres,2.09
Eastern Europe,RTD Coffee,Non-Grocery Retailers,Off-trade Volume,2022,0.5,41.8,million litres,0.209
Eastern Europe,RTD Coffee,General Merchandise Stores,Off-trade Volume,2022,0.0,41.8,million litres,0.0
Eastern Europe,RTD Coffee,Apparel and Footwear Specialists,Off-trade Volume,2022,0.0,41.8,million litres,0.0
Eastern Europe,RTD Coffee,Appliances and Electronics Specialists,Off-trade Volume,2022,0.0,41.8,million litres,0.0
Eastern Europe,RTD Coffee,Home Products Specialists,Off-trade Volume,2022,0.0,41.8,million litres,0.0
Eastern Europe,RTD Coffee,Health and Beauty Specialists,Off-trade Volume,2022,0.5,41.8,million litres,0.209
Eastern Europe,RTD Coffee,Leisure and Personal Goods Specialists,Off-trade Volume,2022,0.0,41.8,million litres,0.0
Eastern Europe,RTD Coffee,Other Non-Grocery Retailers,Off-trade Volume,2022,0.0,41.8,million litres,0.0
Eastern Europe,RTD Coffee,Vending,Off-trade Volume,2022,1.3,41.8,million litres,0.5434
Eastern Europe,RTD Coffee,Direct Selling,Off-trade Volume,2022,0.0,41.8,million litres,0.0
Eastern Europe,RTD Coffee,Retail E-Commerce,Off-trade Volume,2022,1.6,41.8,million litres,0.6688
Latin America,Coffee,Retail Channels,Retail Volume,2022,100.0,1186422.0,Tonnes,1186422.0
Latin America,Coffee,Retail Offline,Retail Volume,2022,98.7,1186422.0,Tonnes,1170998.514
Latin America,Coffee,Grocery Retailers,Retail Volume,2022,96.7,1186422.0,Tonnes,1147270.074
Latin America,Coffee,Convenience Retailers,Retail Volume,2022,1.2,1186422.0,Tonnes,14237.064
Latin America,Coffee,Convenience Stores,Retail Volume,2022,0.7,1186422.0,Tonnes,8304.954
Latin America,Coffee,Forecourt Retailers,Retail Volume,2022,0.5,1186422.0,Tonnes,5932.11
Latin America,Coffee,Supermarkets,Retail Volume,2022,32.5,1186422.0,Tonnes,385587.15
Latin America,Coffee,Hypermarkets,Retail Volume,2022,26.8,1186422.0,Tonnes,317961.096
Latin America,Coffee,Discounters,Retail Volume,2022,4.0,1186422.0,Tonnes,47456.88
Latin America,Coffee,Warehouse Clubs,Retail Volume,2022,3.8,1186422.0,Tonnes,45084.036
Latin America,Coffee,Food/drink/tobacco specialists,Retail Volume,2022,0.1,1186422.0,Tonnes,1186.422
Latin America,Coffee,Small Local Grocers,Retail Volume,2022,28.3,1186422.0,Tonnes,335757.42600000004
Latin America,Coffee,Non-Grocery Retailers,Retail Volume,2022,1.7,1186422.0,Tonnes,20169.174000000003
Latin America,Coffee,General Merchandise Stores,Retail Volume,2022,1.5,1186422.0,Tonnes,17796.329999999998
Latin America,Coffee,Apparel and Footwear Specialists,Retail Volume,2022,0.0,1186422.0,Tonnes,0.0
Latin America,Coffee,Appliances and Electronics Specialists,Retail Volume,2022,0.0,1186422.0,Tonnes,0.0
Latin America,Coffee,Home Products Specialists,Retail Volume,2022,0.0,1186422.0,Tonnes,0.0
Latin America,Coffee,Health and Beauty Specialists,Retail Volume,2022,0.1,1186422.0,Tonnes,1186.422
Latin America,Coffee,Leisure and Personal Goods Specialists,Retail Volume,2022,0.0,1186422.0,Tonnes,0.0
Latin America,Coffee,Other Non-Grocery Retailers,Retail Volume,2022,0.0,1186422.0,Tonnes,0.0
Latin America,Coffee,Vending,Retail Volume,2022,0.1,1186422.0,Tonnes,1186.422
Latin America,Coffee,Direct Selling,Retail Volume,2022,0.3,1186422.0,Tonnes,3559.266
Latin America,Coffee,Retail E-Commerce,Retail Volume,2022,1.3,1186422.0,Tonnes,15423.486
Latin America,RTD Coffee,Retail Channels,Off-trade Volume,2022,100.0,21.2,million litres,21.2
Latin America,RTD Coffee,Retail Offline,Off-trade Volume,2022,99.8,21.2,million litres,21.1576
Latin America,RTD Coffee,Grocery Retailers,Off-trade Volume,2022,98.8,21.2,million litres,20.9456
Latin America,RTD Coffee,Convenience Retailers,Off-trade Volume,2022,16.8,21.2,million litres,3.5616000000000003
Latin America,RTD Coffee,Convenience Stores,Off-trade Volume,2022,8.4,21.2,million litres,1.7808000000000002
Latin America,RTD Coffee,Forecourt Retailers,Off-trade Volume,2022,8.5,21.2,million litres,1.802
Latin America,RTD Coffee,Supermarkets,Off-trade Volume,2022,30.7,21.2,million litres,6.5084
Latin America,RTD Coffee,Hypermarkets,Off-trade Volume,2022,9.1,21.2,million litres,1.9291999999999998
Latin America,RTD Coffee,Discounters,Off-trade Volume,2022,2.2,21.2,million litres,0.46640000000000004
Latin America,RTD Coffee,Warehouse Clubs,Off-trade Volume,2022,0.7,21.2,million litres,0.14839999999999998
Latin America,RTD Coffee,Food/drink/tobacco specialists,Off-trade Volume,2022,0.5,21.2,million litres,0.106
Latin America,RTD Coffee,Small Local Grocers,Off-trade Volume,2022,38.9,21.2,million litres,8.2468
Latin America,RTD Coffee,Non-Grocery Retailers,Off-trade Volume,2022,1.0,21.2,million litres,0.212
Latin America,RTD Coffee,General Merchandise Stores,Off-trade Volume,2022,0.2,21.2,million litres,0.0424
Latin America,RTD Coffee,Apparel and Footwear Specialists,Off-trade Volume,2022,0.0,21.2,million litres,0.0
Latin America,RTD Coffee,Appliances and Electronics Specialists,Off-trade Volume,2022,0.0,21.2,million litres,0.0
Latin America,RTD Coffee,Home Products Specialists,Off-trade Volume,2022,0.0,21.2,million litres,0.0
Latin America,RTD Coffee,Health and Beauty Specialists,Off-trade Volume,2022,0.8,21.2,million litres,0.1696
Latin America,RTD Coffee,Leisure and Personal Goods Specialists,Off-trade Volume,2022,0.0,21.2,million litres,0.0
Latin America,RTD Coffee,Other Non-Grocery Retailers,Off-trade Volume,2022,0.0,21.2,million litres,0.0
Latin America,RTD Coffee,Vending,Off-trade Volume,2022,0.0,21.2,million litres,0.0
Latin America,RTD Coffee,Direct Selling,Off-trade Volume,2022,0.0,21.2,million litres,0.0
Latin America,RTD Coffee,Retail E-Commerce,Off-trade Volume,2022,0.2,21.2,million litres,0.0424
Brazil,Coffee,Retail Channels,Retail Volume,2022,100.0,812665.1,Tonnes,812665.1
Brazil,Coffee,Retail Offline,Retail Volume,2022,99.4,812665.1,Tonnes,807789.1094000001
Brazil,Coffee,Grocery Retailers,Retail Volume,2022,96.9,812665.1,Tonnes,787472.4819
Brazil,Coffee,Convenience Retailers,Retail Volume,2022,0.7,812665.1,Tonnes,5688.655699999999
Brazil,Coffee,Convenience Stores,Retail Volume,2022,0.1,812665.1,Tonnes,812.6650999999999
Brazil,Coffee,Forecourt Retailers,Retail Volume,2022,0.6,812665.1,Tonnes,4875.9906
Brazil,Coffee,Supermarkets,Retail Volume,2022,37.8,812665.1,Tonnes,307187.4077999999
Brazil,Coffee,Hypermarkets,Retail Volume,2022,31.9,812665.1,Tonnes,259240.1669
Brazil,Coffee,Discounters,Retail Volume,2022,0.3,812665.1,Tonnes,2437.9953
Brazil,Coffee,Warehouse Clubs,Retail Volume,2022,5.2,812665.1,Tonnes,42258.5852
Brazil,Coffee,Food/drink/tobacco specialists,Retail Volume,2022,0.0,812665.1,Tonnes,0.0
Brazil,Coffee,Small Local Grocers,Retail Volume,2022,21.0,812665.1,Tonnes,170659.671
Brazil,Coffee,Non-Grocery Retailers,Retail Volume,2022,2.1,812665.1,Tonnes,17065.9671
Brazil,Coffee,General Merchandise Stores,Retail Volume,2022,2.1,812665.1,Tonnes,17065.9671
Brazil,Coffee,Apparel and Footwear Specialists,Retail Volume,2022,0.0,812665.1,Tonnes,0.0
Brazil,Coffee,Appliances and Electronics Specialists,Retail Volume,2022,0.0,812665.1,Tonnes,0.0
Brazil,Coffee,Home Products Specialists,Retail Volume,2022,0.0,812665.1,Tonnes,0.0
Brazil,Coffee,Health and Beauty Specialists,Retail Volume,2022,0.0,812665.1,Tonnes,0.0
Brazil,Coffee,Leisure and Personal Goods Specialists,Retail Volume,2022,0.0,812665.1,Tonnes,0.0
Brazil,Coffee,Other Non-Grocery Retailers,Retail Volume,2022,0.0,812665.1,Tonnes,0.0
Brazil,Coffee,Vending,Retail Volume,2022,0.0,812665.1,Tonnes,0.0
Brazil,Coffee,Direct Selling,Retail Volume,2022,0.4,812665.1,Tonnes,3250.6603999999998
Brazil,Coffee,Retail E-Commerce,Retail Volume,2022,0.6,812665.1,Tonnes,4875.9906
Brazil,RTD Coffee,Retail Channels,Off-trade Volume,2022,100.0,1.1,million litres,1.1
Brazil,RTD Coffee,Retail Offline,Off-trade Volume,2022,100.0,1.1,million litres,1.1
Brazil,RTD Coffee,Grocery Retailers,Off-trade Volume,2022,98.9,1.1,million litres,1.0879
Brazil,RTD Coffee,Convenience Retailers,Off-trade Volume,2022,60.8,1.1,million litres,0.6688000000000001
Brazil,RTD Coffee,Convenience Stores,Off-trade Volume,2022,2.0,1.1,million litres,0.022000000000000002
Brazil,RTD Coffee,Forecourt Retailers,Off-trade Volume,2022,58.9,1.1,million litres,0.6479
Brazil,RTD Coffee,Supermarkets,Off-trade Volume,2022,13.2,1.1,million litres,0.14520000000000002
Brazil,RTD Coffee,Hypermarkets,Off-trade Volume,2022,10.7,1.1,million litres,0.11770000000000001
Brazil,RTD Coffee,Discounters,Off-trade Volume,2022,0.0,1.1,million litres,0.0
Brazil,RTD Coffee,Warehouse Clubs,Off-trade Volume,2022,2.3,1.1,million litres,0.025300000000000003
Brazil,RTD Coffee,Food/drink/tobacco specialists,Off-trade Volume,2022,0.0,1.1,million litres,0.0
Brazil,RTD Coffee,Small Local Grocers,Off-trade Volume,2022,11.9,1.1,million litres,0.13090000000000002
Brazil,RTD Coffee,Non-Grocery Retailers,Off-trade Volume,2022,1.1,1.1,million litres,0.012100000000000001
Brazil,RTD Coffee,General Merchandise Stores,Off-trade Volume,2022,1.1,1.1,million litres,0.012100000000000001
Brazil,RTD Coffee,Apparel and Footwear Specialists,Off-trade Volume,2022,0.0,1.1,million litres,0.0
Brazil,RTD Coffee,Appliances and Electronics Specialists,Off-trade Volume,2022,0.0,1.1,million litres,0.0
Brazil,RTD Coffee,Home Products Specialists,Off-trade Volume,2022,0.0,1.1,million litres,0.0
Brazil,RTD Coffee,Health and Beauty Specialists,Off-trade Volume,2022,0.0,1.1,million litres,0.0
Brazil,RTD Coffee,Leisure and Personal Goods Specialists,Off-trade Volume,2022,0.0,1.1,million litres,0.0
Brazil,RTD Coffee,Other Non-Grocery Retailers,Off-trade Volume,2022,0.0,1.1,million litres,0.0
Brazil,RTD Coffee,Vending,Off-trade Volume,2022,0.0,1.1,million litres,0.0
Brazil,RTD Coffee,Direct Selling,Off-trade Volume,2022,0.0,1.1,million litres,0.0
Brazil,RTD Coffee,Retail E-Commerce,Off-trade Volume,2022,0.0,1.1,million litres,0.0
Middle East and Africa,Coffee,Retail Channels,Retail Volume,2022,100.0,605088.6,Tonnes,605088.6
Middle East and Africa,Coffee,Retail Offline,Retail Volume,2022,98.6,605088.6,Tonnes,596617.3596
Middle East and Africa,Coffee,Grocery Retailers,Retail Volume,2022,97.0,605088.6,Tonnes,586935.9419999999
Middle East and Africa,Coffee,Convenience Retailers,Retail Volume,2022,4.9,605088.6,Tonnes,29649.3414
Middle East and Africa,Coffee,Convenience Stores,Retail Volume,2022,3.2,605088.6,Tonnes,19362.8352
Middle East and Africa,Coffee,Forecourt Retailers,Retail Volume,2022,1.7,605088.6,Tonnes,10286.5062
Middle East and Africa,Coffee,Supermarkets,Retail Volume,2022,30.1,605088.6,Tonnes,182131.66859999998
Middle East and Africa,Coffee,Hypermarkets,Retail Volume,2022,8.4,605088.6,Tonnes,50827.4424
Middle East and Africa,Coffee,Discounters,Retail Volume,2022,2.1,605088.6,Tonnes,12706.8606
Middle East and Africa,Coffee,Warehouse Clubs,Retail Volume,2022,0.0,605088.6,Tonnes,0.0
Middle East and Africa,Coffee,Food/drink/tobacco specialists,Retail Volume,2022,6.7,605088.6,Tonnes,40540.936200000004
Middle East and Africa,Coffee,Small Local Grocers,Retail Volume,2022,44.8,605088.6,Tonnes,271079.69279999996
Middle East and Africa,Coffee,Non-Grocery Retailers,Retail Volume,2022,1.2,605088.6,Tonnes,7261.0632
Middle East and Africa,Coffee,General Merchandise Stores,Retail Volume,2022,0.0,605088.6,Tonnes,0.0
Middle East and Africa,Coffee,Apparel and Footwear Specialists,Retail Volume,2022,0.0,605088.6,Tonnes,0.0
Middle East and Africa,Coffee,Appliances and Electronics Specialists,Retail Volume,2022,0.0,605088.6,Tonnes,0.0
Middle East and Africa,Coffee,Home Products Specialists,Retail Volume,2022,0.0,605088.6,Tonnes,0.0
Middle East and Africa,Coffee,Health and Beauty Specialists,Retail Volume,2022,0.0,605088.6,Tonnes,0.0
Middle East and Africa,Coffee,Leisure and Personal Goods Specialists,Retail Volume,2022,0.0,605088.6,Tonnes,0.0
Middle East and Africa,Coffee,Other Non-Grocery Retailers,Retail Volume,2022,1.2,605088.6,Tonnes,7261.0632
Middle East and Africa,Coffee,Vending,Retail Volume,2022,0.2,605088.6,Tonnes,1210.1772
Middle East and Africa,Coffee,Direct Selling,Retail Volume,2022,0.1,605088.6,Tonnes,605.0886
Middle East and Africa,Coffee,Retail E-Commerce,Retail Volume,2022,1.4,605088.6,Tonnes,8471.240399999999
Middle East and Africa,RTD Coffee,Retail Channels,Off-trade Volume,2022,100.0,37.7,million litres,37.7
Middle East and Africa,RTD Coffee,Retail Offline,Off-trade Volume,2022,98.3,37.7,million litres,37.0591
Middle East and Africa,RTD Coffee,Grocery Retailers,Off-trade Volume,2022,97.7,37.7,million litres,36.8329
Middle East and Africa,RTD Coffee,Convenience Retailers,Off-trade Volume,2022,38.5,37.7,million litres,14.514500000000002
Middle East and Africa,RTD Coffee,Convenience Stores,Off-trade Volume,2022,4.8,37.7,million litres,1.8096
Middle East and Africa,RTD Coffee,Forecourt Retailers,Off-trade Volume,2022,33.7,37.7,million litres,12.704900000000002
Middle East and Africa,RTD Coffee,Supermarkets,Off-trade Volume,2022,19.3,37.7,million litres,7.2761000000000005
Middle East and Africa,RTD Coffee,Hypermarkets,Off-trade Volume,2022,17.9,37.7,million litres,6.7483
Middle East and Africa,RTD Coffee,Discounters,Off-trade Volume,2022,0.6,37.7,million litres,0.2262
Middle East and Africa,RTD Coffee,Warehouse Clubs,Off-trade Volume,2022,0.2,37.7,million litres,0.07540000000000001
Middle East and Africa,RTD Coffee,Food/drink/tobacco specialists,Off-trade Volume,2022,0.5,37.7,million litres,0.18850000000000003
Middle East and Africa,RTD Coffee,Small Local Grocers,Off-trade Volume,2022,20.7,37.7,million litres,7.8039000000000005
Middle East and Africa,RTD Coffee,Non-Grocery Retailers,Off-trade Volume,2022,0.5,37.7,million litres,0.18850000000000003
Middle East and Africa,RTD Coffee,General Merchandise Stores,Off-trade Volume,2022,0.0,37.7,million litres,0.0
Middle East and Africa,RTD Coffee,Apparel and Footwear Specialists,Off-trade Volume,2022,0.0,37.7,million litres,0.0
Middle East and Africa,RTD Coffee,Appliances and Electronics Specialists,Off-trade Volume,2022,0.0,37.7,million litres,0.0
Middle East and Africa,RTD Coffee,Home Products Specialists,Off-trade Volume,2022,0.0,37.7,million litres,0.0
Middle East and Africa,RTD Coffee,Health and Beauty Specialists,Off-trade Volume,2022,0.4,37.7,million litres,0.15080000000000002
Middle East and Africa,RTD Coffee,Leisure and Personal Goods Specialists,Off-trade Volume,2022,0.0,37.7,million litres,0.0
Middle East and Africa,RTD Coffee,Other Non-Grocery Retailers,Off-trade Volume,2022,0.0,37.7,million litres,0.0
Middle East and Africa,RTD Coffee,Vending,Off-trade Volume,2022,0.0,37.7,million litres,0.0
Middle East and Africa,RTD Coffee,Direct Selling,Off-trade Volume,2022,0.1,37.7,million litres,0.037700000000000004
Middle East and Africa,RTD Coffee,Retail E-Commerce,Off-trade Volume,2022,1.7,37.7,million litres,0.6409000000000001
North America,Coffee,Retail Channels,Retail Volume,2022,100.0,825101.2,Tonnes,825101.2
North America,Coffee,Retail Offline,Retail Volume,2022,79.7,825101.2,Tonnes,657605.6564
North America,Coffee,Grocery Retailers,Retail Volume,2022,77.4,825101.2,Tonnes,638628.3288
North America,Coffee,Convenience Retailers,Retail Volume,2022,1.3,825101.2,Tonnes,10726.3156
North America,Coffee,Convenience Stores,Retail Volume,2022,0.3,825101.2,Tonnes,2475.3035999999997
North America,Coffee,Forecourt Retailers,Retail Volume,2022,1.1,825101.2,Tonnes,9076.1132
North America,Coffee,Supermarkets,Retail Volume,2022,25.9,825101.2,Tonnes,213701.2108
North America,Coffee,Hypermarkets,Retail Volume,2022,20.7,825101.2,Tonnes,170795.9484
North America,Coffee,Discounters,Retail Volume,2022,3.2,825101.2,Tonnes,26403.2384
North America,Coffee,Warehouse Clubs,Retail Volume,2022,4.1,825101.2,Tonnes,33829.14919999999
North America,Coffee,Food/drink/tobacco specialists,Retail Volume,2022,4.6,825101.2,Tonnes,37954.655199999994
North America,Coffee,Small Local Grocers,Retail Volume,2022,17.6,825101.2,Tonnes,145217.8112
North America,Coffee,Non-Grocery Retailers,Retail Volume,2022,2.1,825101.2,Tonnes,17327.1252
North America,Coffee,General Merchandise Stores,Retail Volume,2022,1.3,825101.2,Tonnes,10726.3156
North America,Coffee,Apparel and Footwear Specialists,Retail Volume,2022,0.0,825101.2,Tonnes,0.0
North America,Coffee,Appliances and Electronics Specialists,Retail Volume,2022,0.0,825101.2,Tonnes,0.0
North America,Coffee,Home Products Specialists,Retail Volume,2022,0.0,825101.2,Tonnes,0.0
North America,Coffee,Health and Beauty Specialists,Retail Volume,2022,0.8,825101.2,Tonnes,6600.8096
North America,Coffee,Leisure and Personal Goods Specialists,Retail Volume,2022,0.0,825101.2,Tonnes,0.0
North America,Coffee,Other Non-Grocery Retailers,Retail Volume,2022,0.0,825101.2,Tonnes,0.0
North America,Coffee,Vending,Retail Volume,2022,0.0,825101.2,Tonnes,0.0
North America,Coffee,Direct Selling,Retail Volume,2022,0.1,825101.2,Tonnes,825.1012
North America,Coffee,Retail E-Commerce,Retail Volume,2022,20.3,825101.2,Tonnes,167495.5436
North America,RTD Coffee,Retail Channels,Off-trade Volume,2022,100.0,891.5,million litres,891.5
North America,RTD Coffee,Retail Offline,Off-trade Volume,2022,90.0,891.5,million litres,802.35
North America,RTD Coffee,Grocery Retailers,Off-trade Volume,2022,82.4,891.5,million litres,734.596
North America,RTD Coffee,Convenience Retailers,Off-trade Volume,2022,26.6,891.5,million litres,237.139
North America,RTD Coffee,Convenience Stores,Off-trade Volume,2022,6.1,891.5,million litres,54.381499999999996
North America,RTD Coffee,Forecourt Retailers,Off-trade Volume,2022,20.4,891.5,million litres,181.86599999999999
North America,RTD Coffee,Supermarkets,Off-trade Volume,2022,20.0,891.5,million litres,178.3
North America,RTD Coffee,Hypermarkets,Off-trade Volume,2022,19.9,891.5,million litres,177.40849999999998
North America,RTD Coffee,Discounters,Off-trade Volume,2022,1.3,891.5,million litres,11.589500000000001
North America,RTD Coffee,Warehouse Clubs,Off-trade Volume,2022,10.8,891.5,million litres,96.28200000000001
North America,RTD Coffee,Food/drink/tobacco specialists,Off-trade Volume,2022,0.0,891.5,million litres,0.0
North America,RTD Coffee,Small Local Grocers,Off-trade Volume,2022,3.8,891.5,million litres,33.877
North America,RTD Coffee,Non-Grocery Retailers,Off-trade Volume,2022,4.9,891.5,million litres,43.6835
North America,RTD Coffee,General Merchandise Stores,Off-trade Volume,2022,3.7,891.5,million litres,32.9855
North America,RTD Coffee,Apparel and Footwear Specialists,Off-trade Volume,2022,0.0,891.5,million litres,0.0
North America,RTD Coffee,Appliances and Electronics Specialists,Off-trade Volume,2022,0.0,891.5,million litres,0.0
North America,RTD Coffee,Home Products Specialists,Off-trade Volume,2022,0.0,891.5,million litres,0.0
North America,RTD Coffee,Health and Beauty Specialists,Off-trade Volume,2022,1.2,891.5,million litres,10.698
North America,RTD Coffee,Leisure and Personal Goods Specialists,Off-trade Volume,2022,0.0,891.5,million litres,0.0
North America,RTD Coffee,Other Non-Grocery Retailers,Off-trade Volume,2022,0.0,891.5,million litres,0.0
North America,RTD Coffee,Vending,Off-trade Volume,2022,2.7,891.5,million litres,24.070500000000003
North America,RTD Coffee,Direct Selling,Off-trade Volume,2022,0.0,891.5,million litres,0.0
North America,RTD Coffee,Retail E-Commerce,Off-trade Volume,2022,10.0,891.5,million litres,89.15
USA,Coffee,Retail Channels,Retail Volume,2022,100.0,747952.4,Tonnes,747952.4
USA,Coffee,Retail Offline,Retail Volume,2022,78.6,747952.4,Tonnes,587890.5863999999
USA,Coffee,Grocery Retailers,Retail Volume,2022,76.7,747952.4,Tonnes,573679.4908
USA,Coffee,Convenience Retailers,Retail Volume,2022,1.3,747952.4,Tonnes,9723.381200000002
USA,Coffee,Convenience Stores,Retail Volume,2022,0.2,747952.4,Tonnes,1495.9048
USA,Coffee,Forecourt Retailers,Retail Volume,2022,1.1,747952.4,Tonnes,8227.476400000001
USA,Coffee,Supermarkets,Retail Volume,2022,25.0,747952.4,Tonnes,186988.1
USA,Coffee,Hypermarkets,Retail Volume,2022,21.0,747952.4,Tonnes,157070.004
USA,Coffee,Discounters,Retail Volume,2022,2.0,747952.4,Tonnes,14959.048
USA,Coffee,Warehouse Clubs,Retail Volume,2022,3.7,747952.4,Tonnes,27674.238800000006
USA,Coffee,Food/drink/tobacco specialists,Retail Volume,2022,5.0,747952.4,Tonnes,37397.62
USA,Coffee,Small Local Grocers,Retail Volume,2022,18.5,747952.4,Tonnes,138371.194
USA,Coffee,Non-Grocery Retailers,Retail Volume,2022,1.7,747952.4,Tonnes,12715.190800000002
USA,Coffee,General Merchandise Stores,Retail Volume,2022,1.2,747952.4,Tonnes,8975.4288
USA,Coffee,Apparel and Footwear Specialists,Retail Volume,2022,0.0,747952.4,Tonnes,0.0
USA,Coffee,Appliances and Electronics Specialists,Retail Volume,2022,0.0,747952.4,Tonnes,0.0
USA,Coffee,Home Products Specialists,Retail Volume,2022,0.0,747952.4,Tonnes,0.0
USA,Coffee,Health and Beauty Specialists,Retail Volume,2022,0.5,747952.4,Tonnes,3739.762
USA,Coffee,Leisure and Personal Goods Specialists,Retail Volume,2022,0.0,747952.4,Tonnes,0.0
USA,Coffee,Other Non-Grocery Retailers,Retail Volume,2022,0.0,747952.4,Tonnes,0.0
USA,Coffee,Vending,Retail Volume,2022,0.0,747952.4,Tonnes,0.0
USA,Coffee,Direct Selling,Retail Volume,2022,0.2,747952.4,Tonnes,1495.9048
USA,Coffee,Retail E-Commerce,Retail Volume,2022,21.4,747952.4,Tonnes,160061.8136
USA,RTD Coffee,Retail Channels,Off-trade Volume,2022,100.0,878.3,million litres,878.3
USA,RTD Coffee,Retail Offline,Off-trade Volume,2022,89.9,878.3,million litres,789.5917
USA,RTD Coffee,Grocery Retailers,Off-trade Volume,2022,82.4,878.3,million litres,723.7192
USA,RTD Coffee,Convenience Retailers,Off-trade Volume,2022,26.8,878.3,million litres,235.3844
USA,RTD Coffee,Convenience Stores,Off-trade Volume,2022,6.2,878.3,million litres,54.4546
USA,RTD Coffee,Forecourt Retailers,Off-trade Volume,2022,20.6,878.3,million litres,180.9298
USA,RTD Coffee,Supermarkets,Off-trade Volume,2022,19.8,878.3,million litres,173.9034
USA,RTD Coffee,Hypermarkets,Off-trade Volume,2022,20.0,878.3,million litres,175.66
USA,RTD Coffee,Discounters,Off-trade Volume,2022,1.3,878.3,million litres,11.417900000000001
USA,RTD Coffee,Warehouse Clubs,Off-trade Volume,2022,10.8,878.3,million litres,94.85640000000001
USA,RTD Coffee,Food/drink/tobacco specialists,Off-trade Volume,2022,0.0,878.3,million litres,0.0
USA,RTD Coffee,Small Local Grocers,Off-trade Volume,2022,3.8,878.3,million litres,33.3754
USA,RTD Coffee,Non-Grocery Retailers,Off-trade Volume,2022,4.8,878.3,million litres,42.1584
USA,RTD Coffee,General Merchandise Stores,Off-trade Volume,2022,3.7,878.3,million litres,32.4971
USA,RTD Coffee,Apparel and Footwear Specialists,Off-trade Volume,2022,0.0,878.3,million litres,0.0
USA,RTD Coffee,Appliances and Electronics Specialists,Off-trade Volume,2022,0.0,878.3,million litres,0.0
USA,RTD Coffee,Home Products Specialists,Off-trade Volume,2022,0.0,878.3,million litres,0.0
USA,RTD Coffee,Health and Beauty Specialists,Off-trade Volume,2022,1.1,878.3,million litres,9.6613
USA,RTD Coffee,Leisure and Personal Goods Specialists,Off-trade Volume,2022,0.0,878.3,million litres,0.0
USA,RTD Coffee,Other Non-Grocery Retailers,Off-trade Volume,2022,0.0,878.3,million litres,0.0
USA,RTD Coffee,Vending,Off-trade Volume,2022,2.7,878.3,million litres,23.714100000000002
USA,RTD Coffee,Direct Selling,Off-trade Volume,2022,0.0,878.3,million litres,0.0
USA,RTD Coffee,Retail E-Commerce,Off-trade Volume,2022,10.1,878.3,million litres,88.7083
Western Europe,Coffee,Retail Channels,Retail Volume,2022,100.0,1358056.8,Tonnes,1358056.8
Western Europe,Coffee,Retail Offline,Retail Volume,2022,94.5,1358056.8,Tonnes,1283363.676
Western Europe,Coffee,Grocery Retailers,Retail Volume,2022,91.9,1358056.8,Tonnes,1248054.1992000001
Western Europe,Coffee,Convenience Retailers,Retail Volume,2022,3.4,1358056.8,Tonnes,46173.931200000006
Western Europe,Coffee,Convenience Stores,Retail Volume,2022,3.0,1358056.8,Tonnes,40741.704
Western Europe,Coffee,Forecourt Retailers,Retail Volume,2022,0.4,1358056.8,Tonnes,5432.2272
Western Europe,Coffee,Supermarkets,Retail Volume,2022,37.8,1358056.8,Tonnes,513345.47039999993
Western Europe,Coffee,Hypermarkets,Retail Volume,2022,19.5,1358056.8,Tonnes,264821.076
Western Europe,Coffee,Discounters,Retail Volume,2022,24.2,1358056.8,Tonnes,328649.7456
Western Europe,Coffee,Warehouse Clubs,Retail Volume,2022,0.0,1358056.8,Tonnes,0.0
Western Europe,Coffee,Food/drink/tobacco specialists,Retail Volume,2022,4.0,1358056.8,Tonnes,54322.272000000004
Western Europe,Coffee,Small Local Grocers,Retail Volume,2022,3.0,1358056.8,Tonnes,40741.704
Western Europe,Coffee,Non-Grocery Retailers,Retail Volume,2022,1.7,1358056.8,Tonnes,23086.965600000003
Western Europe,Coffee,General Merchandise Stores,Retail Volume,2022,0.7,1358056.8,Tonnes,9506.3976
Western Europe,Coffee,Apparel and Footwear Specialists,Retail Volume,2022,0.0,1358056.8,Tonnes,0.0
Western Europe,Coffee,Appliances and Electronics Specialists,Retail Volume,2022,0.0,1358056.8,Tonnes,0.0
Western Europe,Coffee,Home Products Specialists,Retail Volume,2022,0.0,1358056.8,Tonnes,0.0
Western Europe,Coffee,Health and Beauty Specialists,Retail Volume,2022,1.1,1358056.8,Tonnes,14938.624800000001
Western Europe,Coffee,Leisure and Personal Goods Specialists,Retail Volume,2022,0.0,1358056.8,Tonnes,0.0
Western Europe,Coffee,Other Non-Grocery Retailers,Retail Volume,2022,0.0,1358056.8,Tonnes,0.0
Western Europe,Coffee,Vending,Retail Volume,2022,0.8,1358056.8,Tonnes,10864.4544
Western Europe,Coffee,Direct Selling,Retail Volume,2022,0.0,1358056.8,Tonnes,0.0
Western Europe,Coffee,Retail E-Commerce,Retail Volume,2022,5.5,1358056.8,Tonnes,74693.124
Western Europe,RTD Coffee,Retail Channels,Off-trade Volume,2022,100.0,324.0,million litres,324.0
Western Europe,RTD Coffee,Retail Offline,Off-trade Volume,2022,96.9,324.0,million litres,313.956
Western Europe,RTD Coffee,Grocery Retailers,Off-trade Volume,2022,94.9,324.0,million litres,307.476
Western Europe,RTD Coffee,Convenience Retailers,Off-trade Volume,2022,13.5,324.0,million litres,43.74
Western Europe,RTD Coffee,Convenience Stores,Off-trade Volume,2022,6.4,324.0,million litres,20.736
Western Europe,RTD Coffee,Forecourt Retailers,Off-trade Volume,2022,7.1,324.0,million litres,23.003999999999998
Western Europe,RTD Coffee,Supermarkets,Off-trade Volume,2022,43.6,324.0,million litres,141.264
Western Europe,RTD Coffee,Hypermarkets,Off-trade Volume,2022,16.1,324.0,million litres,52.164
Western Europe,RTD Coffee,Discounters,Off-trade Volume,2022,15.6,324.0,million litres,50.544
Western Europe,RTD Coffee,Warehouse Clubs,Off-trade Volume,2022,0.0,324.0,million litres,0.0
Western Europe,RTD Coffee,Food/drink/tobacco specialists,Off-trade Volume,2022,0.2,324.0,million litres,0.648
Western Europe,RTD Coffee,Small Local Grocers,Off-trade Volume,2022,5.9,324.0,million litres,19.116
Western Europe,RTD Coffee,Non-Grocery Retailers,Off-trade Volume,2022,1.5,324.0,million litres,4.859999999999999
Western Europe,RTD Coffee,General Merchandise Stores,Off-trade Volume,2022,0.0,324.0,million litres,0.0
Western Europe,RTD Coffee,Apparel and Footwear Specialists,Off-trade Volume,2022,0.0,324.0,million litres,0.0
Western Europe,RTD Coffee,Appliances and Electronics Specialists,Off-trade Volume,2022,0.0,324.0,million litres,0.0
Western Europe,RTD Coffee,Home Products Specialists,Off-trade Volume,2022,0.0,324.0,million litres,0.0
Western Europe,RTD Coffee,Health and Beauty Specialists,Off-trade Volume,2022,1.5,324.0,million litres,4.859999999999999
Western Europe,RTD Coffee,Leisure and Personal Goods Specialists,Off-trade Volume,2022,0.0,324.0,million litres,0.0
Western Europe,RTD Coffee,Other Non-Grocery Retailers,Off-trade Volume,2022,0.0,324.0,million litres,0.0
Western Europe,RTD Coffee,Vending,Off-trade Volume,2022,0.5,324.0,million litres,1.62
Western Europe,RTD Coffee,Direct Selling,Off-trade Volume,2022,0.0,324.0,million litres,0.0
Western Europe,RTD Coffee,Retail E-Commerce,Off-trade Volume,2022,3.1,324.0,million litres,10.044
France,Coffee,Retail Channels,Retail Volume,2022,100.0,188713.8,Tonnes,188713.8
France,Coffee,Retail Offline,Retail Volume,2022,86.7,188713.8,Tonnes,163614.8646
France,Coffee,Grocery Retailers,Retail Volume,2022,85.7,188713.8,Tonnes,161727.7266
France,Coffee,Convenience Retailers,Retail Volume,2022,1.2,188713.8,Tonnes,2264.5656
France,Coffee,Convenience Stores,Retail Volume,2022,1.2,188713.8,Tonnes,2264.5656
France,Coffee,Forecourt Retailers,Retail Volume,2022,0.0,188713.8,Tonnes,0.0
France,Coffee,Supermarkets,Retail Volume,2022,24.8,188713.8,Tonnes,46801.022399999994
France,Coffee,Hypermarkets,Retail Volume,2022,29.5,188713.8,Tonnes,55670.570999999996
France,Coffee,Discounters,Retail Volume,2022,12.9,188713.8,Tonnes,24344.0802
France,Coffee,Warehouse Clubs,Retail Volume,2022,0.0,188713.8,Tonnes,0.0
France,Coffee,Food/drink/tobacco specialists,Retail Volume,2022,16.5,188713.8,Tonnes,31137.777
France,Coffee,Small Local Grocers,Retail Volume,2022,0.8,188713.8,Tonnes,1509.7104
France,Coffee,Non-Grocery Retailers,Retail Volume,2022,0.6,188713.8,Tonnes,1132.2828
France,Coffee,General Merchandise Stores,Retail Volume,2022,0.0,188713.8,Tonnes,0.0
France,Coffee,Apparel and Footwear Specialists,Retail Volume,2022,0.0,188713.8,Tonnes,0.0
France,Coffee,Appliances and Electronics Specialists,Retail Volume,2022,0.0,188713.8,Tonnes,0.0
France,Coffee,Home Products Specialists,Retail Volume,2022,0.0,188713.8,Tonnes,0.0
France,Coffee,Health and Beauty Specialists,Retail Volume,2022,0.6,188713.8,Tonnes,1132.2828
France,Coffee,Leisure and Personal Goods Specialists,Retail Volume,2022,0.0,188713.8,Tonnes,0.0
France,Coffee,Other Non-Grocery Retailers,Retail Volume,2022,0.0,188713.8,Tonnes,0.0
France,Coffee,Vending,Retail Volume,2022,0.4,188713.8,Tonnes,754.8552
France,Coffee,Direct Selling,Retail Volume,2022,0.0,188713.8,Tonnes,0.0
France,Coffee,Retail E-Commerce,Retail Volume,2022,13.3,188713.8,Tonnes,25098.9354
France,RTD Coffee,Retail Channels,Off-trade Volume,2022,100.0,4.9,million litres,4.9
France,RTD Coffee,Retail Offline,Off-trade Volume,2022,98.2,4.9,million litres,4.8118
France,RTD Coffee,Grocery Retailers,Off-trade Volume,2022,97.8,4.9,million litres,4.7922
France,RTD Coffee,Convenience Retailers,Off-trade Volume,2022,36.5,4.9,million litres,1.7885
France,RTD Coffee,Convenience Stores,Off-trade Volume,2022,17.2,4.9,million litres,0.8428
France,RTD Coffee,Forecourt Retailers,Off-trade Volume,2022,19.2,4.9,million litres,0.9408000000000001
France,RTD Coffee,Supermarkets,Off-trade Volume,2022,27.7,4.9,million litres,1.3573
France,RTD Coffee,Hypermarkets,Off-trade Volume,2022,29.4,4.9,million litres,1.4406
France,RTD Coffee,Discounters,Off-trade Volume,2022,2.5,4.9,million litres,0.12250000000000001
France,RTD Coffee,Warehouse Clubs,Off-trade Volume,2022,0.0,4.9,million litres,0.0
France,RTD Coffee,Food/drink/tobacco specialists,Off-trade Volume,2022,0.0,4.9,million litres,0.0
France,RTD Coffee,Small Local Grocers,Off-trade Volume,2022,1.7,4.9,million litres,0.08330000000000001
France,RTD Coffee,Non-Grocery Retailers,Off-trade Volume,2022,0.0,4.9,million litres,0.0
France,RTD Coffee,General Merchandise Stores,Off-trade Volume,2022,0.0,4.9,million litres,0.0
France,RTD Coffee,Apparel and Footwear Specialists,Off-trade Volume,2022,0.0,4.9,million litres,0.0
France,RTD Coffee,Appliances and Electronics Specialists,Off-trade Volume,2022,0.0,4.9,million litres,0.0
France,RTD Coffee,Home Products Specialists,Off-trade Volume,2022,0.0,4.9,million litres,0.0
France,RTD Coffee,Health and Beauty Specialists,Off-trade Volume,2022,0.0,4.9,million litres,0.0
France,RTD Coffee,Leisure and Personal Goods Specialists,Off-trade Volume,2022,0.0,4.9,million litres,0.0
France,RTD Coffee,Other Non-Grocery Retailers,Off-trade Volume,2022,0.0,4.9,million litres,0.0
France,RTD Coffee,Vending,Off-trade Volume,2022,0.4,4.9,million litres,0.019600000000000003
France,RTD Coffee,Direct Selling,Off-trade Volume,2022,0.0,4.9,million litres,0.0
France,RTD Coffee,Retail E-Commerce,Off-trade Volume,2022,1.8,4.9,million litres,0.08820000000000001
Germany,Coffee,Retail Channels,Retail Volume,2022,100.0,418953.6,Tonnes,418953.6
Germany,Coffee,Retail Offline,Retail Volume,2022,97.0,418953.6,Tonnes,406384.99199999997
Germany,Coffee,Grocery Retailers,Retail Volume,2022,94.2,418953.6,Tonnes,394654.2912
Germany,Coffee,Convenience Retailers,Retail Volume,2022,0.6,418953.6,Tonnes,2513.7216
Germany,Coffee,Convenience Stores,Retail Volume,2022,0.4,418953.6,Tonnes,1675.8144
Germany,Coffee,Forecourt Retailers,Retail Volume,2022,0.2,418953.6,Tonnes,837.9072
Germany,Coffee,Supermarkets,Retail Volume,2022,25.3,418953.6,Tonnes,105995.26079999999
Germany,Coffee,Hypermarkets,Retail Volume,2022,18.7,418953.6,Tonnes,78344.3232
Germany,Coffee,Discounters,Retail Volume,2022,46.5,418953.6,Tonnes,194813.424
Germany,Coffee,Warehouse Clubs,Retail Volume,2022,0.0,418953.6,Tonnes,0.0
Germany,Coffee,Food/drink/tobacco specialists,Retail Volume,2022,2.4,418953.6,Tonnes,10054.8864
Germany,Coffee,Small Local Grocers,Retail Volume,2022,0.8,418953.6,Tonnes,3351.6288
Germany,Coffee,Non-Grocery Retailers,Retail Volume,2022,2.5,418953.6,Tonnes,10473.84
Germany,Coffee,General Merchandise Stores,Retail Volume,2022,1.3,418953.6,Tonnes,5446.3968
Germany,Coffee,Apparel and Footwear Specialists,Retail Volume,2022,0.0,418953.6,Tonnes,0.0
Germany,Coffee,Appliances and Electronics Specialists,Retail Volume,2022,0.0,418953.6,Tonnes,0.0
Germany,Coffee,Home Products Specialists,Retail Volume,2022,0.0,418953.6,Tonnes,0.0
Germany,Coffee,Health and Beauty Specialists,Retail Volume,2022,1.2,418953.6,Tonnes,5027.4432
Germany,Coffee,Leisure and Personal Goods Specialists,Retail Volume,2022,0.0,418953.6,Tonnes,0.0
Germany,Coffee,Other Non-Grocery Retailers,Retail Volume,2022,0.0,418953.6,Tonnes,0.0
Germany,Coffee,Vending,Retail Volume,2022,0.3,418953.6,Tonnes,1256.8608
Germany,Coffee,Direct Selling,Retail Volume,2022,0.0,418953.6,Tonnes,0.0
Germany,Coffee,Retail E-Commerce,Retail Volume,2022,3.0,418953.6,Tonnes,12568.607999999998
Germany,RTD Coffee,Retail Channels,Off-trade Volume,2022,100.0,106.1,million litres,106.1
Germany,RTD Coffee,Retail Offline,Off-trade Volume,2022,98.8,106.1,million litres,104.82679999999999
Germany,RTD Coffee,Grocery Retailers,Off-trade Volume,2022,94.4,106.1,million litres,100.1584
Germany,RTD Coffee,Convenience Retailers,Off-trade Volume,2022,14.0,106.1,million litres,14.854000000000001
Germany,RTD Coffee,Convenience Stores,Off-trade Volume,2022,0.1,106.1,million litres,0.1061
Germany,RTD Coffee,Forecourt Retailers,Off-trade Volume,2022,13.9,106.1,million litres,14.747900000000001
Germany,RTD Coffee,Supermarkets,Off-trade Volume,2022,30.1,106.1,million litres,31.936099999999996
Germany,RTD Coffee,Hypermarkets,Off-trade Volume,2022,17.4,106.1,million litres,18.461399999999998
Germany,RTD Coffee,Discounters,Off-trade Volume,2022,25.8,106.1,million litres,27.3738
Germany,RTD Coffee,Warehouse Clubs,Off-trade Volume,2022,0.0,106.1,million litres,0.0
Germany,RTD Coffee,Food/drink/tobacco specialists,Off-trade Volume,2022,0.1,106.1,million litres,0.1061
Germany,RTD Coffee,Small Local Grocers,Off-trade Volume,2022,7.0,106.1,million litres,7.4270000000000005
Germany,RTD Coffee,Non-Grocery Retailers,Off-trade Volume,2022,4.0,106.1,million litres,4.244
Germany,RTD Coffee,General Merchandise Stores,Off-trade Volume,2022,0.0,106.1,million litres,0.0
Germany,RTD Coffee,Apparel and Footwear Specialists,Off-trade Volume,2022,0.0,106.1,million litres,0.0
Germany,RTD Coffee,Appliances and Electronics Specialists,Off-trade Volume,2022,0.0,106.1,million litres,0.0
Germany,RTD Coffee,Home Products Specialists,Off-trade Volume,2022,0.0,106.1,million litres,0.0
Germany,RTD Coffee,Health and Beauty Specialists,Off-trade Volume,2022,4.0,106.1,million litres,4.244
Germany,RTD Coffee,Leisure and Personal Goods Specialists,Off-trade Volume,2022,0.0,106.1,million litres,0.0
Germany,RTD Coffee,Other Non-Grocery Retailers,Off-trade Volume,2022,0.0,106.1,million litres,0.0
Germany,RTD Coffee,Vending,Off-trade Volume,2022,0.3,106.1,million litres,0.31829999999999997
Germany,RTD Coffee,Direct Selling,Off-trade Volume,2022,0.0,106.1,million litres,0.0
Germany,RTD Coffee,Retail E-Commerce,Off-trade Volume,2022,1.2,106.1,million litres,1.2731999999999999
United Kingdom,Coffee,Retail Channels,Retail Volume,2022,100.0,76048.4,Tonnes,76048.4
United Kingdom,Coffee,Retail Offline,Retail Volume,2022,87.9,76048.4,Tonnes,66846.54359999999
United Kingdom,Coffee,Grocery Retailers,Retail Volume,2022,85.0,76048.4,Tonnes,64641.13999999999
United Kingdom,Coffee,Convenience Retailers,Retail Volume,2022,5.2,76048.4,Tonnes,3954.5168
United Kingdom,Coffee,Convenience Stores,Retail Volume,2022,4.9,76048.4,Tonnes,3726.3716
United Kingdom,Coffee,Forecourt Retailers,Retail Volume,2022,0.2,76048.4,Tonnes,152.0968
United Kingdom,Coffee,Supermarkets,Retail Volume,2022,36.1,76048.4,Tonnes,27453.4724
United Kingdom,Coffee,Hypermarkets,Retail Volume,2022,32.9,76048.4,Tonnes,25019.923599999995
United Kingdom,Coffee,Discounters,Retail Volume,2022,8.6,76048.4,Tonnes,6540.162399999999
United Kingdom,Coffee,Warehouse Clubs,Retail Volume,2022,0.1,76048.4,Tonnes,76.0484
United Kingdom,Coffee,Food/drink/tobacco specialists,Retail Volume,2022,1.3,76048.4,Tonnes,988.6292
United Kingdom,Coffee,Small Local Grocers,Retail Volume,2022,0.9,76048.4,Tonnes,684.4356
United Kingdom,Coffee,Non-Grocery Retailers,Retail Volume,2022,2.2,76048.4,Tonnes,1673.0648
United Kingdom,Coffee,General Merchandise Stores,Retail Volume,2022,2.2,76048.4,Tonnes,1673.0648
United Kingdom,Coffee,Apparel and Footwear Specialists,Retail Volume,2022,0.0,76048.4,Tonnes,0.0
United Kingdom,Coffee,Appliances and Electronics Specialists,Retail Volume,2022,0.0,76048.4,Tonnes,0.0
United Kingdom,Coffee,Home Products Specialists,Retail Volume,2022,0.0,76048.4,Tonnes,0.0
United Kingdom,Coffee,Health and Beauty Specialists,Retail Volume,2022,0.0,76048.4,Tonnes,0.0
United Kingdom,Coffee,Leisure and Personal Goods Specialists,Retail Volume,2022,0.0,76048.4,Tonnes,0.0
United Kingdom,Coffee,Other Non-Grocery Retailers,Retail Volume,2022,0.0,76048.4,Tonnes,0.0
United Kingdom,Coffee,Vending,Retail Volume,2022,0.7,76048.4,Tonnes,532.3387999999999
United Kingdom,Coffee,Direct Selling,Retail Volume,2022,0.0,76048.4,Tonnes,0.0
United Kingdom,Coffee,Retail E-Commerce,Retail Volume,2022,12.1,76048.4,Tonnes,9201.856399999999
United Kingdom,RTD Coffee,Retail Channels,Off-trade Volume,2022,100.0,47.9,million litres,47.9
United Kingdom,RTD Coffee,Retail Offline,Off-trade Volume,2022,90.9,47.9,million litres,43.5411
United Kingdom,RTD Coffee,Grocery Retailers,Off-trade Volume,2022,90.1,47.9,million litres,43.1579
United Kingdom,RTD Coffee,Convenience Retailers,Off-trade Volume,2022,12.5,47.9,million litres,5.9875
United Kingdom,RTD Coffee,Convenience Stores,Off-trade Volume,2022,9.5,47.9,million litres,4.5504999999999995
United Kingdom,RTD Coffee,Forecourt Retailers,Off-trade Volume,2022,3.0,47.9,million litres,1.4369999999999998
United Kingdom,RTD Coffee,Supermarkets,Off-trade Volume,2022,33.2,47.9,million litres,15.902800000000001
United Kingdom,RTD Coffee,Hypermarkets,Off-trade Volume,2022,29.7,47.9,million litres,14.226299999999998
United Kingdom,RTD Coffee,Discounters,Off-trade Volume,2022,0.0,47.9,million litres,0.0
United Kingdom,RTD Coffee,Warehouse Clubs,Off-trade Volume,2022,0.0,47.9,million litres,0.0
United Kingdom,RTD Coffee,Food/drink/tobacco specialists,Off-trade Volume,2022,0.0,47.9,million litres,0.0
United Kingdom,RTD Coffee,Small Local Grocers,Off-trade Volume,2022,14.8,47.9,million litres,7.089200000000001
United Kingdom,RTD Coffee,Non-Grocery Retailers,Off-trade Volume,2022,0.8,47.9,million litres,0.3832
United Kingdom,RTD Coffee,General Merchandise Stores,Off-trade Volume,2022,0.0,47.9,million litres,0.0
United Kingdom,RTD Coffee,Apparel and Footwear Specialists,Off-trade Volume,2022,0.0,47.9,million litres,0.0
United Kingdom,RTD Coffee,Appliances and Electronics Specialists,Off-trade Volume,2022,0.0,47.9,million litres,0.0
United Kingdom,RTD Coffee,Home Products Specialists,Off-trade Volume,2022,0.0,47.9,million litres,0.0
United Kingdom,RTD Coffee,Health and Beauty Specialists,Off-trade Volume,2022,0.8,47.9,million litres,0.3832
United Kingdom,RTD Coffee,Leisure and Personal Goods Specialists,Off-trade Volume,2022,0.0,47.9,million litres,0.0
United Kingdom,RTD Coffee,Other Non-Grocery Retailers,Off-trade Volume,2022,0.0,47.9,million litres,0.0
United Kingdom,RTD Coffee,Vending,Off-trade Volume,2022,0.0,47.9,million litres,0.0
United Kingdom,RTD Coffee,Direct Selling,Off-trade Volume,2022,0.0,47.9,million litres,0.0
United Kingdom,RTD Coffee,Retail E-Commerce,Off-trade Volume,2022,9.1,47.9,million litres,4.358899999999999
World,Coffee,Retail Channels,Retail Volume,2023,100.0,6123042.7,Tonnes,6123042.7
World,Coffee,Retail Offline,Retail Volume,2023,92.9,6123042.7,Tonnes,5688306.6683
World,Coffee,Grocery Retailers,Retail Volume,2023,90.7,6123042.7,Tonnes,5553599.7289
World,Coffee,Convenience Retailers,Retail Volume,2023,5.2,6123042.7,Tonnes,318398.22040000005
World,Coffee,Convenience Stores,Retail Volume,2023,4.4,6123042.7,Tonnes,269413.87880000006
World,Coffee,Forecourt Retailers,Retail Volume,2023,0.8,6123042.7,Tonnes,48984.3416
World,Coffee,Supermarkets,Retail Volume,2023,28.3,6123042.7,Tonnes,1732821.0841000003
World,Coffee,Hypermarkets,Retail Volume,2023,17.0,6123042.7,Tonnes,1040917.2590000001
World,Coffee,Discounters,Retail Volume,2023,8.3,6123042.7,Tonnes,508212.54410000006
World,Coffee,Warehouse Clubs,Retail Volume,2023,1.5,6123042.7,Tonnes,91845.6405
World,Coffee,Food/drink/tobacco specialists,Retail Volume,2023,2.6,6123042.7,Tonnes,159199.11020000002
World,Coffee,Small Local Grocers,Retail Volume,2023,27.8,6123042.7,Tonnes,1702205.8706000003
World,Coffee,Non-Grocery Retailers,Retail Volume,2023,1.6,6123042.7,Tonnes,97968.6832
World,Coffee,General Merchandise Stores,Retail Volume,2023,0.9,6123042.7,Tonnes,55107.384300000005
World,Coffee,Apparel and Footwear Specialists,Retail Volume,2023,0.0,6123042.7,Tonnes,0.0
World,Coffee,Appliances and Electronics Specialists,Retail Volume,2023,0.0,6123042.7,Tonnes,0.0
World,Coffee,Home Products Specialists,Retail Volume,2023,0.0,6123042.7,Tonnes,0.0
World,Coffee,Health and Beauty Specialists,Retail Volume,2023,0.6,6123042.7,Tonnes,36738.2562
World,Coffee,Leisure and Personal Goods Specialists,Retail Volume,2023,0.0,6123042.7,Tonnes,0.0
World,Coffee,Other Non-Grocery Retailers,Retail Volume,2023,0.1,6123042.7,Tonnes,6123.0427
World,Coffee,Vending,Retail Volume,2023,0.5,6123042.7,Tonnes,30615.2135
World,Coffee,Direct Selling,Retail Volume,2023,0.1,6123042.7,Tonnes,6123.0427
World,Coffee,Retail E-Commerce,Retail Volume,2023,7.1,6123042.7,Tonnes,434736.0317
World,RTD Coffee,Retail Channels,Off-trade Volume,2023,100.0,5792.3,million litres,5792.3
World,RTD Coffee,Retail Offline,Off-trade Volume,2023,94.9,5792.3,million litres,5496.8927
World,RTD Coffee,Grocery Retailers,Off-trade Volume,2023,70.8,5792.3,million litres,4100.9484
World,RTD Coffee,Convenience Retailers,Off-trade Volume,2023,26.1,5792.3,million litres,1511.7903000000001
World,RTD Coffee,Convenience Stores,Off-trade Volume,2023,21.5,5792.3,million litres,1245.3445
World,RTD Coffee,Forecourt Retailers,Off-trade Volume,2023,4.6,5792.3,million litres,266.4458
World,RTD Coffee,Supermarkets,Off-trade Volume,2023,21.8,5792.3,million litres,1262.7214000000001
World,RTD Coffee,Hypermarkets,Off-trade Volume,2023,9.4,5792.3,million litres,544.4762000000001
World,RTD Coffee,Discounters,Off-trade Volume,2023,1.3,5792.3,million litres,75.29990000000001
World,RTD Coffee,Warehouse Clubs,Off-trade Volume,2023,2.6,5792.3,million litres,150.59980000000002
World,RTD Coffee,Food/drink/tobacco specialists,Off-trade Volume,2023,0.0,5792.3,million litres,0.0
World,RTD Coffee,Small Local Grocers,Off-trade Volume,2023,9.5,5792.3,million litres,550.2685
World,RTD Coffee,Non-Grocery Retailers,Off-trade Volume,2023,10.9,5792.3,million litres,631.3607000000001
World,RTD Coffee,General Merchandise Stores,Off-trade Volume,2023,4.9,5792.3,million litres,283.8227
World,RTD Coffee,Apparel and Footwear Specialists,Off-trade Volume,2023,0.0,5792.3,million litres,0.0
World,RTD Coffee,Appliances and Electronics Specialists,Off-trade Volume,2023,0.0,5792.3,million litres,0.0
World,RTD Coffee,Home Products Specialists,Off-trade Volume,2023,0.0,5792.3,million litres,0.0
World,RTD Coffee,Health and Beauty Specialists,Off-trade Volume,2023,6.0,5792.3,million litres,347.538
World,RTD Coffee,Leisure and Personal Goods Specialists,Off-trade Volume,2023,0.0,5792.3,million litres,0.0
World,RTD Coffee,Other Non-Grocery Retailers,Off-trade Volume,2023,0.0,5792.3,million litres,0.0
World,RTD Coffee,Vending,Off-trade Volume,2023,13.3,5792.3,million litres,770.3759000000001
World,RTD Coffee,Direct Selling,Off-trade Volume,2023,0.0,5792.3,million litres,0.0
World,RTD Coffee,Retail E-Commerce,Off-trade Volume,2023,5.1,5792.3,million litres,295.40729999999996
Asia Pacific,Coffee,Retail Channels,Retail Volume,2023,100.0,1595433.1,Tonnes,1595433.1
Asia Pacific,Coffee,Retail Offline,Retail Volume,2023,92.6,1595433.1,Tonnes,1477371.0506
Asia Pacific,Coffee,Grocery Retailers,Retail Volume,2023,90.5,1595433.1,Tonnes,1443866.9555000002
Asia Pacific,Coffee,Convenience Retailers,Retail Volume,2023,8.6,1595433.1,Tonnes,137207.24659999998
Asia Pacific,Coffee,Convenience Stores,Retail Volume,2023,7.7,1595433.1,Tonnes,122848.3487
Asia Pacific,Coffee,Forecourt Retailers,Retail Volume,2023,0.9,1595433.1,Tonnes,14358.897900000002
Asia Pacific,Coffee,Supermarkets,Retail Volume,2023,16.2,1595433.1,Tonnes,258460.16220000002
Asia Pacific,Coffee,Hypermarkets,Retail Volume,2023,12.4,1595433.1,Tonnes,197833.70440000002
Asia Pacific,Coffee,Discounters,Retail Volume,2023,0.1,1595433.1,Tonnes,1595.4331000000002
Asia Pacific,Coffee,Warehouse Clubs,Retail Volume,2023,0.3,1595433.1,Tonnes,4786.299300000001
Asia Pacific,Coffee,Food/drink/tobacco specialists,Retail Volume,2023,0.7,1595433.1,Tonnes,11168.0317
Asia Pacific,Coffee,Small Local Grocers,Retail Volume,2023,52.3,1595433.1,Tonnes,834411.5113000001
Asia Pacific,Coffee,Non-Grocery Retailers,Retail Volume,2023,1.9,1595433.1,Tonnes,30313.228900000002
Asia Pacific,Coffee,General Merchandise Stores,Retail Volume,2023,1.2,1595433.1,Tonnes,19145.197200000002
Asia Pacific,Coffee,Apparel and Footwear Specialists,Retail Volume,2023,0.0,1595433.1,Tonnes,0.0
Asia Pacific,Coffee,Appliances and Electronics Specialists,Retail Volume,2023,0.0,1595433.1,Tonnes,0.0
Asia Pacific,Coffee,Home Products Specialists,Retail Volume,2023,0.0,1595433.1,Tonnes,0.0
Asia Pacific,Coffee,Health and Beauty Specialists,Retail Volume,2023,0.7,1595433.1,Tonnes,11168.0317
Asia Pacific,Coffee,Leisure and Personal Goods Specialists,Retail Volume,2023,0.0,1595433.1,Tonnes,0.0
Asia Pacific,Coffee,Other Non-Grocery Retailers,Retail Volume,2023,0.0,1595433.1,Tonnes,0.0
Asia Pacific,Coffee,Vending,Retail Volume,2023,0.1,1595433.1,Tonnes,1595.4331000000002
Asia Pacific,Coffee,Direct Selling,Retail Volume,2023,0.1,1595433.1,Tonnes,1595.4331000000002
Asia Pacific,Coffee,Retail E-Commerce,Retail Volume,2023,7.4,1595433.1,Tonnes,118062.04940000002
Asia Pacific,RTD Coffee,Retail Channels,Off-trade Volume,2023,100.0,4417.3,million litres,4417.3
Asia Pacific,RTD Coffee,Retail Offline,Off-trade Volume,2023,96.3,4417.3,million litres,4253.8599
Asia Pacific,RTD Coffee,Grocery Retailers,Off-trade Volume,2023,66.2,4417.3,million litres,2924.2526000000003
Asia Pacific,RTD Coffee,Convenience Retailers,Off-trade Volume,2023,27.0,4417.3,million litres,1192.671
Asia Pacific,RTD Coffee,Convenience Stores,Off-trade Volume,2023,26.2,4417.3,million litres,1157.3326000000002
Asia Pacific,RTD Coffee,Forecourt Retailers,Off-trade Volume,2023,0.9,4417.3,million litres,39.755700000000004
Asia Pacific,RTD Coffee,Supermarkets,Off-trade Volume,2023,20.4,4417.3,million litres,901.1292
Asia Pacific,RTD Coffee,Hypermarkets,Off-trade Volume,2023,6.7,4417.3,million litres,295.95910000000003
Asia Pacific,RTD Coffee,Discounters,Off-trade Volume,2023,0.0,4417.3,million litres,0.0
Asia Pacific,RTD Coffee,Warehouse Clubs,Off-trade Volume,2023,1.2,4417.3,million litres,53.007600000000004
Asia Pacific,RTD Coffee,Food/drink/tobacco specialists,Off-trade Volume,2023,0.0,4417.3,million litres,0.0
Asia Pacific,RTD Coffee,Small Local Grocers,Off-trade Volume,2023,10.7,4417.3,million litres,472.6511
Asia Pacific,RTD Coffee,Non-Grocery Retailers,Off-trade Volume,2023,13.2,4417.3,million litres,583.0836
Asia Pacific,RTD Coffee,General Merchandise Stores,Off-trade Volume,2023,5.7,4417.3,million litres,251.78610000000003
Asia Pacific,RTD Coffee,Apparel and Footwear Specialists,Off-trade Volume,2023,0.0,4417.3,million litres,0.0
Asia Pacific,RTD Coffee,Appliances and Electronics Specialists,Off-trade Volume,2023,0.0,4417.3,million litres,0.0
Asia Pacific,RTD Coffee,Home Products Specialists,Off-trade Volume,2023,0.0,4417.3,million litres,0.0
Asia Pacific,RTD Coffee,Health and Beauty Specialists,Off-trade Volume,2023,7.5,4417.3,million litres,331.2975
Asia Pacific,RTD Coffee,Leisure and Personal Goods Specialists,Off-trade Volume,2023,0.0,4417.3,million litres,0.0
Asia Pacific,RTD Coffee,Other Non-Grocery Retailers,Off-trade Volume,2023,0.0,4417.3,million litres,0.0
Asia Pacific,RTD Coffee,Vending,Off-trade Volume,2023,16.9,4417.3,million litres,746.5237
Asia Pacific,RTD Coffee,Direct Selling,Off-trade Volume,2023,0.0,4417.3,million litres,0.0
Asia Pacific,RTD Coffee,Retail E-Commerce,Off-trade Volume,2023,3.7,4417.3,million litres,163.44010000000003
China,Coffee,Retail Channels,Retail Volume,2023,100.0,66917.4,Tonnes,66917.4
China,Coffee,Retail Offline,Retail Volume,2023,57.3,66917.4,Tonnes,38343.67019999999
China,Coffee,Grocery Retailers,Retail Volume,2023,57.3,66917.4,Tonnes,38343.67019999999
China,Coffee,Convenience Retailers,Retail Volume,2023,5.3,66917.4,Tonnes,3546.6222
China,Coffee,Convenience Stores,Retail Volume,2023,5.3,66917.4,Tonnes,3546.6222
China,Coffee,Forecourt Retailers,Retail Volume,2023,0.0,66917.4,Tonnes,0.0
China,Coffee,Supermarkets,Retail Volume,2023,22.0,66917.4,Tonnes,14721.828
China,Coffee,Hypermarkets,Retail Volume,2023,27.0,66917.4,Tonnes,18067.698
China,Coffee,Discounters,Retail Volume,2023,0.0,66917.4,Tonnes,0.0
China,Coffee,Warehouse Clubs,Retail Volume,2023,0.0,66917.4,Tonnes,0.0
China,Coffee,Food/drink/tobacco specialists,Retail Volume,2023,0.0,66917.4,Tonnes,0.0
China,Coffee,Small Local Grocers,Retail Volume,2023,3.0,66917.4,Tonnes,2007.5219999999997
China,Coffee,Non-Grocery Retailers,Retail Volume,2023,0.0,66917.4,Tonnes,0.0
China,Coffee,General Merchandise Stores,Retail Volume,2023,0.0,66917.4,Tonnes,0.0
China,Coffee,Apparel and Footwear Specialists,Retail Volume,2023,0.0,66917.4,Tonnes,0.0
China,Coffee,Appliances and Electronics Specialists,Retail Volume,2023,0.0,66917.4,Tonnes,0.0
China,Coffee,Home Products Specialists,Retail Volume,2023,0.0,66917.4,Tonnes,0.0
China,Coffee,Health and Beauty Specialists,Retail Volume,2023,0.0,66917.4,Tonnes,0.0
China,Coffee,Leisure and Personal Goods Specialists,Retail Volume,2023,0.0,66917.4,Tonnes,0.0
China,Coffee,Other Non-Grocery Retailers,Retail Volume,2023,0.0,66917.4,Tonnes,0.0
China,Coffee,Vending,Retail Volume,2023,0.0,66917.4,Tonnes,0.0
China,Coffee,Direct Selling,Retail Volume,2023,0.0,66917.4,Tonnes,0.0
China,Coffee,Retail E-Commerce,Retail Volume,2023,42.7,66917.4,Tonnes,28573.7298
China,RTD Coffee,Retail Channels,Off-trade Volume,2023,100.0,288.2,million litres,288.2
China,RTD Coffee,Retail Offline,Off-trade Volume,2023,94.5,288.2,million litres,272.349
China,RTD Coffee,Grocery Retailers,Off-trade Volume,2023,91.9,288.2,million litres,264.8558
China,RTD Coffee,Convenience Retailers,Off-trade Volume,2023,19.9,288.2,million litres,57.35179999999999
China,RTD Coffee,Convenience Stores,Off-trade Volume,2023,15.7,288.2,million litres,45.2474
China,RTD Coffee,Forecourt Retailers,Off-trade Volume,2023,4.2,288.2,million litres,12.1044
China,RTD Coffee,Supermarkets,Off-trade Volume,2023,20.8,288.2,million litres,59.945600000000006
China,RTD Coffee,Hypermarkets,Off-trade Volume,2023,8.2,288.2,million litres,23.632399999999997
China,RTD Coffee,Discounters,Off-trade Volume,2023,0.5,288.2,million litres,1.441
China,RTD Coffee,Warehouse Clubs,Off-trade Volume,2023,0.0,288.2,million litres,0.0
China,RTD Coffee,Food/drink/tobacco specialists,Off-trade Volume,2023,0.0,288.2,million litres,0.0
China,RTD Coffee,Small Local Grocers,Off-trade Volume,2023,42.5,288.2,million litres,122.48499999999999
China,RTD Coffee,Non-Grocery Retailers,Off-trade Volume,2023,0.0,288.2,million litres,0.0
China,RTD Coffee,General Merchandise Stores,Off-trade Volume,2023,0.0,288.2,million litres,0.0
China,RTD Coffee,Apparel and Footwear Specialists,Off-trade Volume,2023,0.0,288.2,million litres,0.0
China,RTD Coffee,Appliances and Electronics Specialists,Off-trade Volume,2023,0.0,288.2,million litres,0.0
China,RTD Coffee,Home Products Specialists,Off-trade Volume,2023,0.0,288.2,million litres,0.0
China,RTD Coffee,Health and Beauty Specialists,Off-trade Volume,2023,0.0,288.2,million litres,0.0
China,RTD Coffee,Leisure and Personal Goods Specialists,Off-trade Volume,2023,0.0,288.2,million litres,0.0
China,RTD Coffee,Other Non-Grocery Retailers,Off-trade Volume,2023,0.0,288.2,million litres,0.0
China,RTD Coffee,Vending,Off-trade Volume,2023,2.5,288.2,million litres,7.205
China,RTD Coffee,Direct Selling,Off-trade Volume,2023,0.0,288.2,million litres,0.0
China,RTD Coffee,Retail E-Commerce,Off-trade Volume,2023,5.5,288.2,million litres,15.850999999999999
India,Coffee,Retail Channels,Retail Volume,2023,100.0,91189.6,Tonnes,91189.6
India,Coffee,Retail Offline,Retail Volume,2023,95.5,91189.6,Tonnes,87086.068
India,Coffee,Grocery Retailers,Retail Volume,2023,95.5,91189.6,Tonnes,87086.068
India,Coffee,Convenience Retailers,Retail Volume,2023,1.6,91189.6,Tonnes,1459.0336000000002
India,Coffee,Convenience Stores,Retail Volume,2023,1.5,91189.6,Tonnes,1367.844
India,Coffee,Forecourt Retailers,Retail Volume,2023,0.1,91189.6,Tonnes,91.18960000000001
India,Coffee,Supermarkets,Retail Volume,2023,9.1,91189.6,Tonnes,8298.2536
India,Coffee,Hypermarkets,Retail Volume,2023,7.1,91189.6,Tonnes,6474.4616
India,Coffee,Discounters,Retail Volume,2023,0.0,91189.6,Tonnes,0.0
India,Coffee,Warehouse Clubs,Retail Volume,2023,0.0,91189.6,Tonnes,0.0
India,Coffee,Food/drink/tobacco specialists,Retail Volume,2023,0.0,91189.6,Tonnes,0.0
India,Coffee,Small Local Grocers,Retail Volume,2023,77.7,91189.6,Tonnes,70854.31920000001
India,Coffee,Non-Grocery Retailers,Retail Volume,2023,0.0,91189.6,Tonnes,0.0
India,Coffee,General Merchandise Stores,Retail Volume,2023,0.0,91189.6,Tonnes,0.0
India,Coffee,Apparel and Footwear Specialists,Retail Volume,2023,0.0,91189.6,Tonnes,0.0
India,Coffee,Appliances and Electronics Specialists,Retail Volume,2023,0.0,91189.6,Tonnes,0.0
India,Coffee,Home Products Specialists,Retail Volume,2023,0.0,91189.6,Tonnes,0.0
India,Coffee,Health and Beauty Specialists,Retail Volume,2023,0.0,91189.6,Tonnes,0.0
India,Coffee,Leisure and Personal Goods Specialists,Retail Volume,2023,0.0,91189.6,Tonnes,0.0
India,Coffee,Other Non-Grocery Retailers,Retail Volume,2023,0.0,91189.6,Tonnes,0.0
India,Coffee,Vending,Retail Volume,2023,0.0,91189.6,Tonnes,0.0
India,Coffee,Direct Selling,Retail Volume,2023,0.0,91189.6,Tonnes,0.0
India,Coffee,Retail E-Commerce,Retail Volume,2023,4.5,91189.6,Tonnes,4103.532
India,RTD Coffee,Retail Channels,Off-trade Volume,2023,0.0,,million litres,
India,RTD Coffee,Retail Offline,Off-trade Volume,2023,0.0,,million litres,
India,RTD Coffee,Grocery Retailers,Off-trade Volume,2023,0.0,,million litres,
India,RTD Coffee,Convenience Retailers,Off-trade Volume,2023,0.0,,million litres,
India,RTD Coffee,Convenience Stores,Off-trade Volume,2023,0.0,,million litres,
India,RTD Coffee,Forecourt Retailers,Off-trade Volume,2023,0.0,,million litres,
India,RTD Coffee,Supermarkets,Off-trade Volume,2023,0.0,,million litres,
India,RTD Coffee,Hypermarkets,Off-trade Volume,2023,0.0,,million litres,
India,RTD Coffee,Discounters,Off-trade Volume,2023,0.0,,million litres,
India,RTD Coffee,Warehouse Clubs,Off-trade Volume,2023,0.0,,million litres,
India,RTD Coffee,Food/drink/tobacco specialists,Off-trade Volume,2023,0.0,,million litres,
India,RTD Coffee,Small Local Grocers,Off-trade Volume,2023,0.0,,million litres,
India,RTD Coffee,Non-Grocery Retailers,Off-trade Volume,2023,0.0,,million litres,
India,RTD Coffee,General Merchandise Stores,Off-trade Volume,2023,0.0,,million litres,
India,RTD Coffee,Apparel and Footwear Specialists,Off-trade Volume,2023,0.0,,million litres,
India,RTD Coffee,Appliances and Electronics Specialists,Off-trade Volume,2023,0.0,,million litres,
India,RTD Coffee,Home Products Specialists,Off-trade Volume,2023,0.0,,million litres,
India,RTD Coffee,Health and Beauty Specialists,Off-trade Volume,2023,0.0,,million litres,
India,RTD Coffee,Leisure and Personal Goods Specialists,Off-trade Volume,2023,0.0,,million litres,
India,RTD Coffee,Other Non-Grocery Retailers,Off-trade Volume,2023,0.0,,million litres,
India,RTD Coffee,Vending,Off-trade Volume,2023,0.0,,million litres,
India,RTD Coffee,Direct Selling,Off-trade Volume,2023,0.0,,million litres,
India,RTD Coffee,Retail E-Commerce,Off-trade Volume,2023,0.0,,million litres,
Japan,Coffee,Retail Channels,Retail Volume,2023,100.0,111469.9,Tonnes,111469.9
Japan,Coffee,Retail Offline,Retail Volume,2023,88.2,111469.9,Tonnes,98316.4518
Japan,Coffee,Grocery Retailers,Retail Volume,2023,67.6,111469.9,Tonnes,75353.65239999999
Japan,Coffee,Convenience Retailers,Retail Volume,2023,3.0,111469.9,Tonnes,3344.0969999999998
Japan,Coffee,Convenience Stores,Retail Volume,2023,3.0,111469.9,Tonnes,3344.0969999999998
Japan,Coffee,Forecourt Retailers,Retail Volume,2023,0.0,111469.9,Tonnes,0.0
Japan,Coffee,Supermarkets,Retail Volume,2023,46.1,111469.9,Tonnes,51387.6239
Japan,Coffee,Hypermarkets,Retail Volume,2023,10.4,111469.9,Tonnes,11592.8696
Japan,Coffee,Discounters,Retail Volume,2023,0.0,111469.9,Tonnes,0.0
Japan,Coffee,Warehouse Clubs,Retail Volume,2023,2.8,111469.9,Tonnes,3121.1571999999996
Japan,Coffee,Food/drink/tobacco specialists,Retail Volume,2023,0.0,111469.9,Tonnes,0.0
Japan,Coffee,Small Local Grocers,Retail Volume,2023,5.4,111469.9,Tonnes,6019.3746
Japan,Coffee,Non-Grocery Retailers,Retail Volume,2023,19.9,111469.9,Tonnes,22182.510099999996
Japan,Coffee,General Merchandise Stores,Retail Volume,2023,13.2,111469.9,Tonnes,14714.0268
Japan,Coffee,Apparel and Footwear Specialists,Retail Volume,2023,0.0,111469.9,Tonnes,0.0
Japan,Coffee,Appliances and Electronics Specialists,Retail Volume,2023,0.0,111469.9,Tonnes,0.0
Japan,Coffee,Home Products Specialists,Retail Volume,2023,0.0,111469.9,Tonnes,0.0
Japan,Coffee,Health and Beauty Specialists,Retail Volume,2023,6.6,111469.9,Tonnes,7357.0134
Japan,Coffee,Leisure and Personal Goods Specialists,Retail Volume,2023,0.0,111469.9,Tonnes,0.0
Japan,Coffee,Other Non-Grocery Retailers,Retail Volume,2023,0.0,111469.9,Tonnes,0.0
Japan,Coffee,Vending,Retail Volume,2023,0.8,111469.9,Tonnes,891.7592
Japan,Coffee,Direct Selling,Retail Volume,2023,0.0,111469.9,Tonnes,0.0
Japan,Coffee,Retail E-Commerce,Retail Volume,2023,11.8,111469.9,Tonnes,13153.4482
Japan,RTD Coffee,Retail Channels,Off-trade Volume,2023,100.0,3019.4,million litres,3019.4
Japan,RTD Coffee,Retail Offline,Off-trade Volume,2023,99.2,3019.4,million litres,2995.2448
Japan,RTD Coffee,Grocery Retailers,Off-trade Volume,2023,57.0,3019.4,million litres,1721.058
Japan,RTD Coffee,Convenience Retailers,Off-trade Volume,2023,20.9,3019.4,million litres,631.0545999999999
Japan,RTD Coffee,Convenience Stores,Off-trade Volume,2023,20.9,3019.4,million litres,631.0545999999999
Japan,RTD Coffee,Forecourt Retailers,Off-trade Volume,2023,0.0,3019.4,million litres,0.0
Japan,RTD Coffee,Supermarkets,Off-trade Volume,2023,24.1,3019.4,million litres,727.6754000000001
Japan,RTD Coffee,Hypermarkets,Off-trade Volume,2023,6.2,3019.4,million litres,187.2028
Japan,RTD Coffee,Discounters,Off-trade Volume,2023,0.0,3019.4,million litres,0.0
Japan,RTD Coffee,Warehouse Clubs,Off-trade Volume,2023,1.6,3019.4,million litres,48.3104
Japan,RTD Coffee,Food/drink/tobacco specialists,Off-trade Volume,2023,0.0,3019.4,million litres,0.0
Japan,RTD Coffee,Small Local Grocers,Off-trade Volume,2023,4.2,3019.4,million litres,126.8148
Japan,RTD Coffee,Non-Grocery Retailers,Off-trade Volume,2023,18.3,3019.4,million litres,552.5502
Japan,RTD Coffee,General Merchandise Stores,Off-trade Volume,2023,7.7,3019.4,million litres,232.4938
Japan,RTD Coffee,Apparel and Footwear Specialists,Off-trade Volume,2023,0.0,3019.4,million litres,0.0
Japan,RTD Coffee,Appliances and Electronics Specialists,Off-trade Volume,2023,0.0,3019.4,million litres,0.0
Japan,RTD Coffee,Home Products Specialists,Off-trade Volume,2023,0.0,3019.4,million litres,0.0
Japan,RTD Coffee,Health and Beauty Specialists,Off-trade Volume,2023,10.6,3019.4,million litres,320.0564
Japan,RTD Coffee,Leisure and Personal Goods Specialists,Off-trade Volume,2023,0.0,3019.4,million litres,0.0
Japan,RTD Coffee,Other Non-Grocery Retailers,Off-trade Volume,2023,0.0,3019.4,million litres,0.0
Japan,RTD Coffee,Vending,Off-trade Volume,2023,23.8,3019.4,million litres,718.6172
Japan,RTD Coffee,Direct Selling,Off-trade Volume,2023,0.0,3019.4,million litres,0.0
Japan,RTD Coffee,Retail E-Commerce,Off-trade Volume,2023,0.8,3019.4,million litres,24.1552
Thailand,Coffee,Retail Channels,Retail Volume,2023,100.0,83663.2,Tonnes,83663.2
Thailand,Coffee,Retail Offline,Retail Volume,2023,97.3,83663.2,Tonnes,81404.29359999999
Thailand,Coffee,Grocery Retailers,Retail Volume,2023,97.3,83663.2,Tonnes,81404.29359999999
Thailand,Coffee,Convenience Retailers,Retail Volume,2023,29.5,83663.2,Tonnes,24680.643999999997
Thailand,Coffee,Convenience Stores,Retail Volume,2023,16.7,83663.2,Tonnes,13971.754399999998
Thailand,Coffee,Forecourt Retailers,Retail Volume,2023,12.8,83663.2,Tonnes,10708.8896
Thailand,Coffee,Supermarkets,Retail Volume,2023,7.0,83663.2,Tonnes,5856.424
Thailand,Coffee,Hypermarkets,Retail Volume,2023,24.7,83663.2,Tonnes,20664.8104
Thailand,Coffee,Discounters,Retail Volume,2023,0.0,83663.2,Tonnes,0.0
Thailand,Coffee,Warehouse Clubs,Retail Volume,2023,0.0,83663.2,Tonnes,0.0
Thailand,Coffee,Food/drink/tobacco specialists,Retail Volume,2023,0.0,83663.2,Tonnes,0.0
Thailand,Coffee,Small Local Grocers,Retail Volume,2023,36.2,83663.2,Tonnes,30286.078400000002
Thailand,Coffee,Non-Grocery Retailers,Retail Volume,2023,0.0,83663.2,Tonnes,0.0
Thailand,Coffee,General Merchandise Stores,Retail Volume,2023,0.0,83663.2,Tonnes,0.0
Thailand,Coffee,Apparel and Footwear Specialists,Retail Volume,2023,0.0,83663.2,Tonnes,0.0
Thailand,Coffee,Appliances and Electronics Specialists,Retail Volume,2023,0.0,83663.2,Tonnes,0.0
Thailand,Coffee,Home Products Specialists,Retail Volume,2023,0.0,83663.2,Tonnes,0.0
Thailand,Coffee,Health and Beauty Specialists,Retail Volume,2023,0.0,83663.2,Tonnes,0.0
Thailand,Coffee,Leisure and Personal Goods Specialists,Retail Volume,2023,0.0,83663.2,Tonnes,0.0
Thailand,Coffee,Other Non-Grocery Retailers,Retail Volume,2023,0.0,83663.2,Tonnes,0.0
Thailand,Coffee,Vending,Retail Volume,2023,0.0,83663.2,Tonnes,0.0
Thailand,Coffee,Direct Selling,Retail Volume,2023,0.0,83663.2,Tonnes,0.0
Thailand,Coffee,Retail E-Commerce,Retail Volume,2023,2.7,83663.2,Tonnes,2258.9064000000003
Thailand,RTD Coffee,Retail Channels,Off-trade Volume,2023,100.0,182.8,million litres,182.8
Thailand,RTD Coffee,Retail Offline,Off-trade Volume,2023,97.9,182.8,million litres,178.96120000000002
Thailand,RTD Coffee,Grocery Retailers,Off-trade Volume,2023,91.8,182.8,million litres,167.8104
Thailand,RTD Coffee,Convenience Retailers,Off-trade Volume,2023,29.4,182.8,million litres,53.7432
Thailand,RTD Coffee,Convenience Stores,Off-trade Volume,2023,18.2,182.8,million litres,33.269600000000004
Thailand,RTD Coffee,Forecourt Retailers,Off-trade Volume,2023,11.2,182.8,million litres,20.473599999999998
Thailand,RTD Coffee,Supermarkets,Off-trade Volume,2023,5.0,182.8,million litres,9.14
Thailand,RTD Coffee,Hypermarkets,Off-trade Volume,2023,22.0,182.8,million litres,40.216
Thailand,RTD Coffee,Discounters,Off-trade Volume,2023,0.0,182.8,million litres,0.0
Thailand,RTD Coffee,Warehouse Clubs,Off-trade Volume,2023,0.0,182.8,million litres,0.0
Thailand,RTD Coffee,Food/drink/tobacco specialists,Off-trade Volume,2023,0.0,182.8,million litres,0.0
Thailand,RTD Coffee,Small Local Grocers,Off-trade Volume,2023,35.4,182.8,million litres,64.7112
Thailand,RTD Coffee,Non-Grocery Retailers,Off-trade Volume,2023,0.0,182.8,million litres,0.0
Thailand,RTD Coffee,General Merchandise Stores,Off-trade Volume,2023,0.0,182.8,million litres,0.0
Thailand,RTD Coffee,Apparel and Footwear Specialists,Off-trade Volume,2023,0.0,182.8,million litres,0.0
Thailand,RTD Coffee,Appliances and Electronics Specialists,Off-trade Volume,2023,0.0,182.8,million litres,0.0
Thailand,RTD Coffee,Home Products Specialists,Off-trade Volume,2023,0.0,182.8,million litres,0.0
Thailand,RTD Coffee,Health and Beauty Specialists,Off-trade Volume,2023,0.0,182.8,million litres,0.0
Thailand,RTD Coffee,Leisure and Personal Goods Specialists,Off-trade Volume,2023,0.0,182.8,million litres,0.0
Thailand,RTD Coffee,Other Non-Grocery Retailers,Off-trade Volume,2023,0.0,182.8,million litres,0.0
Thailand,RTD Coffee,Vending,Off-trade Volume,2023,6.1,182.8,million litres,11.1508
Thailand,RTD Coffee,Direct Selling,Off-trade Volume,2023,0.0,182.8,million litres,0.0
Thailand,RTD Coffee,Retail E-Commerce,Off-trade Volume,2023,2.1,182.8,million litres,3.8388000000000004
Australasia,Coffee,Retail Channels,Retail Volume,2023,100.0,46223.1,Tonnes,46223.1
Australasia,Coffee,Retail Offline,Retail Volume,2023,86.9,46223.1,Tonnes,40167.873900000006
Australasia,Coffee,Grocery Retailers,Retail Volume,2023,86.5,46223.1,Tonnes,39982.9815
Australasia,Coffee,Convenience Retailers,Retail Volume,2023,5.1,46223.1,Tonnes,2357.3781
Australasia,Coffee,Convenience Stores,Retail Volume,2023,2.8,46223.1,Tonnes,1294.2468
Australasia,Coffee,Forecourt Retailers,Retail Volume,2023,2.3,46223.1,Tonnes,1063.1313
Australasia,Coffee,Supermarkets,Retail Volume,2023,65.5,46223.1,Tonnes,30276.1305
Australasia,Coffee,Hypermarkets,Retail Volume,2023,0.0,46223.1,Tonnes,0.0
Australasia,Coffee,Discounters,Retail Volume,2023,12.4,46223.1,Tonnes,5731.6644
Australasia,Coffee,Warehouse Clubs,Retail Volume,2023,0.2,46223.1,Tonnes,92.4462
Australasia,Coffee,Food/drink/tobacco specialists,Retail Volume,2023,0.0,46223.1,Tonnes,0.0
Australasia,Coffee,Small Local Grocers,Retail Volume,2023,3.3,46223.1,Tonnes,1525.3623
Australasia,Coffee,Non-Grocery Retailers,Retail Volume,2023,0.1,46223.1,Tonnes,46.2231
Australasia,Coffee,General Merchandise Stores,Retail Volume,2023,0.0,46223.1,Tonnes,0.0
Australasia,Coffee,Apparel and Footwear Specialists,Retail Volume,2023,0.0,46223.1,Tonnes,0.0
Australasia,Coffee,Appliances and Electronics Specialists,Retail Volume,2023,0.0,46223.1,Tonnes,0.0
Australasia,Coffee,Home Products Specialists,Retail Volume,2023,0.0,46223.1,Tonnes,0.0
Australasia,Coffee,Health and Beauty Specialists,Retail Volume,2023,0.1,46223.1,Tonnes,46.2231
Australasia,Coffee,Leisure and Personal Goods Specialists,Retail Volume,2023,0.0,46223.1,Tonnes,0.0
Australasia,Coffee,Other Non-Grocery Retailers,Retail Volume,2023,0.0,46223.1,Tonnes,0.0
Australasia,Coffee,Vending,Retail Volume,2023,0.3,46223.1,Tonnes,138.6693
Australasia,Coffee,Direct Selling,Retail Volume,2023,0.0,46223.1,Tonnes,0.0
Australasia,Coffee,Retail E-Commerce,Retail Volume,2023,13.1,46223.1,Tonnes,6055.2261
Australasia,RTD Coffee,Retail Channels,Off-trade Volume,2023,100.0,14.0,million litres,14.0
Australasia,RTD Coffee,Retail Offline,Off-trade Volume,2023,89.6,14.0,million litres,12.543999999999999
Australasia,RTD Coffee,Grocery Retailers,Off-trade Volume,2023,89.2,14.0,million litres,12.488
Australasia,RTD Coffee,Convenience Retailers,Off-trade Volume,2023,31.3,14.0,million litres,4.382
Australasia,RTD Coffee,Convenience Stores,Off-trade Volume,2023,5.2,14.0,million litres,0.7280000000000001
Australasia,RTD Coffee,Forecourt Retailers,Off-trade Volume,2023,26.0,14.0,million litres,3.64
Australasia,RTD Coffee,Supermarkets,Off-trade Volume,2023,50.2,14.0,million litres,7.0280000000000005
Australasia,RTD Coffee,Hypermarkets,Off-trade Volume,2023,0.0,14.0,million litres,0.0
Australasia,RTD Coffee,Discounters,Off-trade Volume,2023,1.2,14.0,million litres,0.168
Australasia,RTD Coffee,Warehouse Clubs,Off-trade Volume,2023,0.0,14.0,million litres,0.0
Australasia,RTD Coffee,Food/drink/tobacco specialists,Off-trade Volume,2023,0.0,14.0,million litres,0.0
Australasia,RTD Coffee,Small Local Grocers,Off-trade Volume,2023,6.5,14.0,million litres,0.91
Australasia,RTD Coffee,Non-Grocery Retailers,Off-trade Volume,2023,0.0,14.0,million litres,0.0
Australasia,RTD Coffee,General Merchandise Stores,Off-trade Volume,2023,0.0,14.0,million litres,0.0
Australasia,RTD Coffee,Apparel and Footwear Specialists,Off-trade Volume,2023,0.0,14.0,million litres,0.0
Australasia,RTD Coffee,Appliances and Electronics Specialists,Off-trade Volume,2023,0.0,14.0,million litres,0.0
Australasia,RTD Coffee,Home Products Specialists,Off-trade Volume,2023,0.0,14.0,million litres,0.0
Australasia,RTD Coffee,Health and Beauty Specialists,Off-trade Volume,2023,0.0,14.0,million litres,0.0
Australasia,RTD Coffee,Leisure and Personal Goods Specialists,Off-trade Volume,2023,0.0,14.0,million litres,0.0
Australasia,RTD Coffee,Other Non-Grocery Retailers,Off-trade Volume,2023,0.0,14.0,million litres,0.0
Australasia,RTD Coffee,Vending,Off-trade Volume,2023,0.4,14.0,million litres,0.056
Australasia,RTD Coffee,Direct Selling,Off-trade Volume,2023,0.0,14.0,million litres,0.0
Australasia,RTD Coffee,Retail E-Commerce,Off-trade Volume,2023,10.4,14.0,million litres,1.4560000000000002
Australia,Coffee,Retail Channels,Retail Volume,2023,100.0,39258.2,Tonnes,39258.2
Australia,Coffee,Retail Offline,Retail Volume,2023,85.9,39258.2,Tonnes,33722.7938
Australia,Coffee,Grocery Retailers,Retail Volume,2023,85.9,39258.2,Tonnes,33722.7938
Australia,Coffee,Convenience Retailers,Retail Volume,2023,5.7,39258.2,Tonnes,2237.7174
Australia,Coffee,Convenience Stores,Retail Volume,2023,3.0,39258.2,Tonnes,1177.7459999999999
Australia,Coffee,Forecourt Retailers,Retail Volume,2023,2.7,39258.2,Tonnes,1059.9714000000001
Australia,Coffee,Supermarkets,Retail Volume,2023,62.0,39258.2,Tonnes,24340.084
Australia,Coffee,Hypermarkets,Retail Volume,2023,0.0,39258.2,Tonnes,0.0
Australia,Coffee,Discounters,Retail Volume,2023,14.6,39258.2,Tonnes,5731.6972
Australia,Coffee,Warehouse Clubs,Retail Volume,2023,0.0,39258.2,Tonnes,0.0
Australia,Coffee,Food/drink/tobacco specialists,Retail Volume,2023,0.0,39258.2,Tonnes,0.0
Australia,Coffee,Small Local Grocers,Retail Volume,2023,3.6,39258.2,Tonnes,1413.2952
Australia,Coffee,Non-Grocery Retailers,Retail Volume,2023,0.0,39258.2,Tonnes,0.0
Australia,Coffee,General Merchandise Stores,Retail Volume,2023,0.0,39258.2,Tonnes,0.0
Australia,Coffee,Apparel and Footwear Specialists,Retail Volume,2023,0.0,39258.2,Tonnes,0.0
Australia,Coffee,Appliances and Electronics Specialists,Retail Volume,2023,0.0,39258.2,Tonnes,0.0
Australia,Coffee,Home Products Specialists,Retail Volume,2023,0.0,39258.2,Tonnes,0.0
Australia,Coffee,Health and Beauty Specialists,Retail Volume,2023,0.0,39258.2,Tonnes,0.0
Australia,Coffee,Leisure and Personal Goods Specialists,Retail Volume,2023,0.0,39258.2,Tonnes,0.0
Australia,Coffee,Other Non-Grocery Retailers,Retail Volume,2023,0.0,39258.2,Tonnes,0.0
Australia,Coffee,Vending,Retail Volume,2023,0.0,39258.2,Tonnes,0.0
Australia,Coffee,Direct Selling,Retail Volume,2023,0.0,39258.2,Tonnes,0.0
Australia,Coffee,Retail E-Commerce,Retail Volume,2023,14.1,39258.2,Tonnes,5535.406199999999
Australia,RTD Coffee,Retail Channels,Off-trade Volume,2023,100.0,13.2,million litres,13.2
Australia,RTD Coffee,Retail Offline,Off-trade Volume,2023,89.2,13.2,million litres,11.7744
Australia,RTD Coffee,Grocery Retailers,Off-trade Volume,2023,88.8,13.2,million litres,11.721599999999999
Australia,RTD Coffee,Convenience Retailers,Off-trade Volume,2023,32.5,13.2,million litres,4.29
Australia,RTD Coffee,Convenience Stores,Off-trade Volume,2023,5.3,13.2,million litres,0.6995999999999999
Australia,RTD Coffee,Forecourt Retailers,Off-trade Volume,2023,27.2,13.2,million litres,3.5904000000000003
Australia,RTD Coffee,Supermarkets,Off-trade Volume,2023,48.2,13.2,million litres,6.3624
Australia,RTD Coffee,Hypermarkets,Off-trade Volume,2023,0.0,13.2,million litres,0.0
Australia,RTD Coffee,Discounters,Off-trade Volume,2023,1.3,13.2,million litres,0.1716
Australia,RTD Coffee,Warehouse Clubs,Off-trade Volume,2023,0.0,13.2,million litres,0.0
Australia,RTD Coffee,Food/drink/tobacco specialists,Off-trade Volume,2023,0.0,13.2,million litres,0.0
Australia,RTD Coffee,Small Local Grocers,Off-trade Volume,2023,6.8,13.2,million litres,0.8976000000000001
Australia,RTD Coffee,Non-Grocery Retailers,Off-trade Volume,2023,0.0,13.2,million litres,0.0
Australia,RTD Coffee,General Merchandise Stores,Off-trade Volume,2023,0.0,13.2,million litres,0.0
Australia,RTD Coffee,Apparel and Footwear Specialists,Off-trade Volume,2023,0.0,13.2,million litres,0.0
Australia,RTD Coffee,Appliances and Electronics Specialists,Off-trade Volume,2023,0.0,13.2,million litres,0.0
Australia,RTD Coffee,Home Products Specialists,Off-trade Volume,2023,0.0,13.2,million litres,0.0
Australia,RTD Coffee,Health and Beauty Specialists,Off-trade Volume,2023,0.0,13.2,million litres,0.0
Australia,RTD Coffee,Leisure and Personal Goods Specialists,Off-trade Volume,2023,0.0,13.2,million litres,0.0
Australia,RTD Coffee,Other Non-Grocery Retailers,Off-trade Volume,2023,0.0,13.2,million litres,0.0
Australia,RTD Coffee,Vending,Off-trade Volume,2023,0.4,13.2,million litres,0.0528
Australia,RTD Coffee,Direct Selling,Off-trade Volume,2023,0.0,13.2,million litres,0.0
Australia,RTD Coffee,Retail E-Commerce,Off-trade Volume,2023,10.8,13.2,million litres,1.4256000000000002
Eastern Europe,Coffee,Retail Channels,Retail Volume,2023,100.0,509396.9,Tonnes,509396.9
Eastern Europe,Coffee,Retail Offline,Retail Volume,2023,94.1,509396.9,Tonnes,479342.4829
Eastern Europe,Coffee,Grocery Retailers,Retail Volume,2023,90.4,509396.9,Tonnes,460494.79760000005
Eastern Europe,Coffee,Convenience Retailers,Retail Volume,2023,15.0,509396.9,Tonnes,76409.535
Eastern Europe,Coffee,Convenience Stores,Retail Volume,2023,14.1,509396.9,Tonnes,71824.9629
Eastern Europe,Coffee,Forecourt Retailers,Retail Volume,2023,0.9,509396.9,Tonnes,4584.5721
Eastern Europe,Coffee,Supermarkets,Retail Volume,2023,29.2,509396.9,Tonnes,148743.8948
Eastern Europe,Coffee,Hypermarkets,Retail Volume,2023,14.5,509396.9,Tonnes,73862.5505
Eastern Europe,Coffee,Discounters,Retail Volume,2023,15.8,509396.9,Tonnes,80484.7102
Eastern Europe,Coffee,Warehouse Clubs,Retail Volume,2023,0.0,509396.9,Tonnes,0.0
Eastern Europe,Coffee,Food/drink/tobacco specialists,Retail Volume,2023,2.1,509396.9,Tonnes,10697.334900000002
Eastern Europe,Coffee,Small Local Grocers,Retail Volume,2023,13.9,509396.9,Tonnes,70806.16910000001
Eastern Europe,Coffee,Non-Grocery Retailers,Retail Volume,2023,0.5,509396.9,Tonnes,2546.9845
Eastern Europe,Coffee,General Merchandise Stores,Retail Volume,2023,0.2,509396.9,Tonnes,1018.7938
Eastern Europe,Coffee,Apparel and Footwear Specialists,Retail Volume,2023,0.0,509396.9,Tonnes,0.0
Eastern Europe,Coffee,Appliances and Electronics Specialists,Retail Volume,2023,0.0,509396.9,Tonnes,0.0
Eastern Europe,Coffee,Home Products Specialists,Retail Volume,2023,0.0,509396.9,Tonnes,0.0
Eastern Europe,Coffee,Health and Beauty Specialists,Retail Volume,2023,0.4,509396.9,Tonnes,2037.5876
Eastern Europe,Coffee,Leisure and Personal Goods Specialists,Retail Volume,2023,0.0,509396.9,Tonnes,0.0
Eastern Europe,Coffee,Other Non-Grocery Retailers,Retail Volume,2023,0.0,509396.9,Tonnes,0.0
Eastern Europe,Coffee,Vending,Retail Volume,2023,3.1,509396.9,Tonnes,15791.3039
Eastern Europe,Coffee,Direct Selling,Retail Volume,2023,0.0,509396.9,Tonnes,0.0
Eastern Europe,Coffee,Retail E-Commerce,Retail Volume,2023,5.9,509396.9,Tonnes,30054.417100000002
Eastern Europe,RTD Coffee,Retail Channels,Off-trade Volume,2023,100.0,40.9,million litres,40.9
Eastern Europe,RTD Coffee,Retail Offline,Off-trade Volume,2023,98.3,40.9,million litres,40.204699999999995
Eastern Europe,RTD Coffee,Grocery Retailers,Off-trade Volume,2023,96.4,40.9,million litres,39.427600000000005
Eastern Europe,RTD Coffee,Convenience Retailers,Off-trade Volume,2023,35.4,40.9,million litres,14.478599999999998
Eastern Europe,RTD Coffee,Convenience Stores,Off-trade Volume,2023,16.0,40.9,million litres,6.544
Eastern Europe,RTD Coffee,Forecourt Retailers,Off-trade Volume,2023,19.4,40.9,million litres,7.934599999999999
Eastern Europe,RTD Coffee,Supermarkets,Off-trade Volume,2023,16.8,40.9,million litres,6.8712
Eastern Europe,RTD Coffee,Hypermarkets,Off-trade Volume,2023,20.9,40.9,million litres,8.5481
Eastern Europe,RTD Coffee,Discounters,Off-trade Volume,2023,16.8,40.9,million litres,6.8712
Eastern Europe,RTD Coffee,Warehouse Clubs,Off-trade Volume,2023,0.0,40.9,million litres,0.0
Eastern Europe,RTD Coffee,Food/drink/tobacco specialists,Off-trade Volume,2023,1.1,40.9,million litres,0.4499
Eastern Europe,RTD Coffee,Small Local Grocers,Off-trade Volume,2023,5.4,40.9,million litres,2.2086
Eastern Europe,RTD Coffee,Non-Grocery Retailers,Off-trade Volume,2023,0.5,40.9,million litres,0.2045
Eastern Europe,RTD Coffee,General Merchandise Stores,Off-trade Volume,2023,0.0,40.9,million litres,0.0
Eastern Europe,RTD Coffee,Apparel and Footwear Specialists,Off-trade Volume,2023,0.0,40.9,million litres,0.0
Eastern Europe,RTD Coffee,Appliances and Electronics Specialists,Off-trade Volume,2023,0.0,40.9,million litres,0.0
Eastern Europe,RTD Coffee,Home Products Specialists,Off-trade Volume,2023,0.0,40.9,million litres,0.0
Eastern Europe,RTD Coffee,Health and Beauty Specialists,Off-trade Volume,2023,0.5,40.9,million litres,0.2045
Eastern Europe,RTD Coffee,Leisure and Personal Goods Specialists,Off-trade Volume,2023,0.0,40.9,million litres,0.0
Eastern Europe,RTD Coffee,Other Non-Grocery Retailers,Off-trade Volume,2023,0.0,40.9,million litres,0.0
Eastern Europe,RTD Coffee,Vending,Off-trade Volume,2023,1.4,40.9,million litres,0.5725999999999999
Eastern Europe,RTD Coffee,Direct Selling,Off-trade Volume,2023,0.0,40.9,million litres,0.0
Eastern Europe,RTD Coffee,Retail E-Commerce,Off-trade Volume,2023,1.7,40.9,million litres,0.6953
Latin America,Coffee,Retail Channels,Retail Volume,2023,100.0,1197331.6,Tonnes,1197331.6
Latin America,Coffee,Retail Offline,Retail Volume,2023,98.6,1197331.6,Tonnes,1180568.9576
Latin America,Coffee,Grocery Retailers,Retail Volume,2023,96.7,1197331.6,Tonnes,1157819.6572000002
Latin America,Coffee,Convenience Retailers,Retail Volume,2023,1.3,1197331.6,Tonnes,15565.310800000003
Latin America,Coffee,Convenience Stores,Retail Volume,2023,0.8,1197331.6,Tonnes,9578.652800000002
Latin America,Coffee,Forecourt Retailers,Retail Volume,2023,0.5,1197331.6,Tonnes,5986.658
Latin America,Coffee,Supermarkets,Retail Volume,2023,33.8,1197331.6,Tonnes,404698.0808
Latin America,Coffee,Hypermarkets,Retail Volume,2023,25.0,1197331.6,Tonnes,299332.9
Latin America,Coffee,Discounters,Retail Volume,2023,4.4,1197331.6,Tonnes,52682.59040000001
Latin America,Coffee,Warehouse Clubs,Retail Volume,2023,4.3,1197331.6,Tonnes,51485.2588
Latin America,Coffee,Food/drink/tobacco specialists,Retail Volume,2023,0.1,1197331.6,Tonnes,1197.3316000000002
Latin America,Coffee,Small Local Grocers,Retail Volume,2023,27.7,1197331.6,Tonnes,331660.8532
Latin America,Coffee,Non-Grocery Retailers,Retail Volume,2023,1.7,1197331.6,Tonnes,20354.637200000005
Latin America,Coffee,General Merchandise Stores,Retail Volume,2023,1.5,1197331.6,Tonnes,17959.974000000002
Latin America,Coffee,Apparel and Footwear Specialists,Retail Volume,2023,0.0,1197331.6,Tonnes,0.0
Latin America,Coffee,Appliances and Electronics Specialists,Retail Volume,2023,0.0,1197331.6,Tonnes,0.0
Latin America,Coffee,Home Products Specialists,Retail Volume,2023,0.0,1197331.6,Tonnes,0.0
Latin America,Coffee,Health and Beauty Specialists,Retail Volume,2023,0.1,1197331.6,Tonnes,1197.3316000000002
Latin America,Coffee,Leisure and Personal Goods Specialists,Retail Volume,2023,0.0,1197331.6,Tonnes,0.0
Latin America,Coffee,Other Non-Grocery Retailers,Retail Volume,2023,0.0,1197331.6,Tonnes,0.0
Latin America,Coffee,Vending,Retail Volume,2023,0.1,1197331.6,Tonnes,1197.3316000000002
Latin America,Coffee,Direct Selling,Retail Volume,2023,0.2,1197331.6,Tonnes,2394.6632000000004
Latin America,Coffee,Retail E-Commerce,Retail Volume,2023,1.4,1197331.6,Tonnes,16762.6424
Latin America,RTD Coffee,Retail Channels,Off-trade Volume,2023,100.0,22.3,million litres,22.3
Latin America,RTD Coffee,Retail Offline,Off-trade Volume,2023,99.8,22.3,million litres,22.2554
Latin America,RTD Coffee,Grocery Retailers,Off-trade Volume,2023,98.7,22.3,million litres,22.0101
Latin America,RTD Coffee,Convenience Retailers,Off-trade Volume,2023,16.6,22.3,million litres,3.7018000000000004
Latin America,RTD Coffee,Convenience Stores,Off-trade Volume,2023,8.5,22.3,million litres,1.8955000000000002
Latin America,RTD Coffee,Forecourt Retailers,Off-trade Volume,2023,8.1,22.3,million litres,1.8063
Latin America,RTD Coffee,Supermarkets,Off-trade Volume,2023,30.2,22.3,million litres,6.7346
Latin America,RTD Coffee,Hypermarkets,Off-trade Volume,2023,9.4,22.3,million litres,2.0962
Latin America,RTD Coffee,Discounters,Off-trade Volume,2023,2.2,22.3,million litres,0.4906000000000001
Latin America,RTD Coffee,Warehouse Clubs,Off-trade Volume,2023,0.7,22.3,million litres,0.1561
Latin America,RTD Coffee,Food/drink/tobacco specialists,Off-trade Volume,2023,0.5,22.3,million litres,0.1115
Latin America,RTD Coffee,Small Local Grocers,Off-trade Volume,2023,39.1,22.3,million litres,8.7193
Latin America,RTD Coffee,Non-Grocery Retailers,Off-trade Volume,2023,1.1,22.3,million litres,0.24530000000000005
Latin America,RTD Coffee,General Merchandise Stores,Off-trade Volume,2023,0.2,22.3,million litres,0.0446
Latin America,RTD Coffee,Apparel and Footwear Specialists,Off-trade Volume,2023,0.0,22.3,million litres,0.0
Latin America,RTD Coffee,Appliances and Electronics Specialists,Off-trade Volume,2023,0.0,22.3,million litres,0.0
Latin America,RTD Coffee,Home Products Specialists,Off-trade Volume,2023,0.0,22.3,million litres,0.0
Latin America,RTD Coffee,Health and Beauty Specialists,Off-trade Volume,2023,0.9,22.3,million litres,0.20070000000000002
Latin America,RTD Coffee,Leisure and Personal Goods Specialists,Off-trade Volume,2023,0.0,22.3,million litres,0.0
Latin America,RTD Coffee,Other Non-Grocery Retailers,Off-trade Volume,2023,0.0,22.3,million litres,0.0
Latin America,RTD Coffee,Vending,Off-trade Volume,2023,0.0,22.3,million litres,0.0
Latin America,RTD Coffee,Direct Selling,Off-trade Volume,2023,0.0,22.3,million litres,0.0
Latin America,RTD Coffee,Retail E-Commerce,Off-trade Volume,2023,0.2,22.3,million litres,0.0446
Brazil,Coffee,Retail Channels,Retail Volume,2023,100.0,821221.0,Tonnes,821221.0
Brazil,Coffee,Retail Offline,Retail Volume,2023,99.4,821221.0,Tonnes,816293.6740000001
Brazil,Coffee,Grocery Retailers,Retail Volume,2023,97.0,821221.0,Tonnes,796584.37
Brazil,Coffee,Convenience Retailers,Retail Volume,2023,0.9,821221.0,Tonnes,7390.9890000000005
Brazil,Coffee,Convenience Stores,Retail Volume,2023,0.3,821221.0,Tonnes,2463.663
Brazil,Coffee,Forecourt Retailers,Retail Volume,2023,0.6,821221.0,Tonnes,4927.326
Brazil,Coffee,Supermarkets,Retail Volume,2023,39.5,821221.0,Tonnes,324382.29500000004
Brazil,Coffee,Hypermarkets,Retail Volume,2023,29.3,821221.0,Tonnes,240617.753
Brazil,Coffee,Discounters,Retail Volume,2023,0.3,821221.0,Tonnes,2463.663
Brazil,Coffee,Warehouse Clubs,Retail Volume,2023,5.9,821221.0,Tonnes,48452.039000000004
Brazil,Coffee,Food/drink/tobacco specialists,Retail Volume,2023,0.0,821221.0,Tonnes,0.0
Brazil,Coffee,Small Local Grocers,Retail Volume,2023,21.0,821221.0,Tonnes,172456.41
Brazil,Coffee,Non-Grocery Retailers,Retail Volume,2023,2.1,821221.0,Tonnes,17245.641
Brazil,Coffee,General Merchandise Stores,Retail Volume,2023,2.1,821221.0,Tonnes,17245.641
Brazil,Coffee,Apparel and Footwear Specialists,Retail Volume,2023,0.0,821221.0,Tonnes,0.0
Brazil,Coffee,Appliances and Electronics Specialists,Retail Volume,2023,0.0,821221.0,Tonnes,0.0
Brazil,Coffee,Home Products Specialists,Retail Volume,2023,0.0,821221.0,Tonnes,0.0
Brazil,Coffee,Health and Beauty Specialists,Retail Volume,2023,0.0,821221.0,Tonnes,0.0
Brazil,Coffee,Leisure and Personal Goods Specialists,Retail Volume,2023,0.0,821221.0,Tonnes,0.0
Brazil,Coffee,Other Non-Grocery Retailers,Retail Volume,2023,0.0,821221.0,Tonnes,0.0
Brazil,Coffee,Vending,Retail Volume,2023,0.0,821221.0,Tonnes,0.0
Brazil,Coffee,Direct Selling,Retail Volume,2023,0.3,821221.0,Tonnes,2463.663
Brazil,Coffee,Retail E-Commerce,Retail Volume,2023,0.6,821221.0,Tonnes,4927.326
Brazil,RTD Coffee,Retail Channels,Off-trade Volume,2023,100.0,1.1,million litres,1.1
Brazil,RTD Coffee,Retail Offline,Off-trade Volume,2023,100.0,1.1,million litres,1.1
Brazil,RTD Coffee,Grocery Retailers,Off-trade Volume,2023,99.0,1.1,million litres,1.089
Brazil,RTD Coffee,Convenience Retailers,Off-trade Volume,2023,56.4,1.1,million litres,0.6204
Brazil,RTD Coffee,Convenience Stores,Off-trade Volume,2023,2.0,1.1,million litres,0.022000000000000002
Brazil,RTD Coffee,Forecourt Retailers,Off-trade Volume,2023,54.4,1.1,million litres,0.5984
Brazil,RTD Coffee,Supermarkets,Off-trade Volume,2023,16.5,1.1,million litres,0.18150000000000002
Brazil,RTD Coffee,Hypermarkets,Off-trade Volume,2023,11.2,1.1,million litres,0.1232
Brazil,RTD Coffee,Discounters,Off-trade Volume,2023,0.0,1.1,million litres,0.0
Brazil,RTD Coffee,Warehouse Clubs,Off-trade Volume,2023,3.0,1.1,million litres,0.033
Brazil,RTD Coffee,Food/drink/tobacco specialists,Off-trade Volume,2023,0.0,1.1,million litres,0.0
Brazil,RTD Coffee,Small Local Grocers,Off-trade Volume,2023,11.8,1.1,million litres,0.12980000000000003
Brazil,RTD Coffee,Non-Grocery Retailers,Off-trade Volume,2023,1.0,1.1,million litres,0.011000000000000001
Brazil,RTD Coffee,General Merchandise Stores,Off-trade Volume,2023,1.0,1.1,million litres,0.011000000000000001
Brazil,RTD Coffee,Apparel and Footwear Specialists,Off-trade Volume,2023,0.0,1.1,million litres,0.0
Brazil,RTD Coffee,Appliances and Electronics Specialists,Off-trade Volume,2023,0.0,1.1,million litres,0.0
Brazil,RTD Coffee,Home Products Specialists,Off-trade Volume,2023,0.0,1.1,million litres,0.0
Brazil,RTD Coffee,Health and Beauty Specialists,Off-trade Volume,2023,0.0,1.1,million litres,0.0
Brazil,RTD Coffee,Leisure and Personal Goods Specialists,Off-trade Volume,2023,0.0,1.1,million litres,0.0
Brazil,RTD Coffee,Other Non-Grocery Retailers,Off-trade Volume,2023,0.0,1.1,million litres,0.0
Brazil,RTD Coffee,Vending,Off-trade Volume,2023,0.0,1.1,million litres,0.0
Brazil,RTD Coffee,Direct Selling,Off-trade Volume,2023,0.0,1.1,million litres,0.0
Brazil,RTD Coffee,Retail E-Commerce,Off-trade Volume,2023,0.0,1.1,million litres,0.0
Middle East and Africa,Coffee,Retail Channels,Retail Volume,2023,100.0,623100.8,Tonnes,623100.8
Middle East and Africa,Coffee,Retail Offline,Retail Volume,2023,98.4,623100.8,Tonnes,613131.1872000002
Middle East and Africa,Coffee,Grocery Retailers,Retail Volume,2023,96.8,623100.8,Tonnes,603161.5744
Middle East and Africa,Coffee,Convenience Retailers,Retail Volume,2023,4.9,623100.8,Tonnes,30531.939200000004
Middle East and Africa,Coffee,Convenience Stores,Retail Volume,2023,3.2,623100.8,Tonnes,19939.2256
Middle East and Africa,Coffee,Forecourt Retailers,Retail Volume,2023,1.7,623100.8,Tonnes,10592.713600000001
Middle East and Africa,Coffee,Supermarkets,Retail Volume,2023,29.8,623100.8,Tonnes,185684.03840000002
Middle East and Africa,Coffee,Hypermarkets,Retail Volume,2023,8.0,623100.8,Tonnes,49848.064000000006
Middle East and Africa,Coffee,Discounters,Retail Volume,2023,2.2,623100.8,Tonnes,13708.217600000002
Middle East and Africa,Coffee,Warehouse Clubs,Retail Volume,2023,0.0,623100.8,Tonnes,0.0
Middle East and Africa,Coffee,Food/drink/tobacco specialists,Retail Volume,2023,7.3,623100.8,Tonnes,45486.3584
Middle East and Africa,Coffee,Small Local Grocers,Retail Volume,2023,44.7,623100.8,Tonnes,278526.0576
Middle East and Africa,Coffee,Non-Grocery Retailers,Retail Volume,2023,1.2,623100.8,Tonnes,7477.209600000001
Middle East and Africa,Coffee,General Merchandise Stores,Retail Volume,2023,0.0,623100.8,Tonnes,0.0
Middle East and Africa,Coffee,Apparel and Footwear Specialists,Retail Volume,2023,0.0,623100.8,Tonnes,0.0
Middle East and Africa,Coffee,Appliances and Electronics Specialists,Retail Volume,2023,0.0,623100.8,Tonnes,0.0
Middle East and Africa,Coffee,Home Products Specialists,Retail Volume,2023,0.0,623100.8,Tonnes,0.0
Middle East and Africa,Coffee,Health and Beauty Specialists,Retail Volume,2023,0.0,623100.8,Tonnes,0.0
Middle East and Africa,Coffee,Leisure and Personal Goods Specialists,Retail Volume,2023,0.0,623100.8,Tonnes,0.0
Middle East and Africa,Coffee,Other Non-Grocery Retailers,Retail Volume,2023,1.2,623100.8,Tonnes,7477.209600000001
Middle East and Africa,Coffee,Vending,Retail Volume,2023,0.2,623100.8,Tonnes,1246.2016
Middle East and Africa,Coffee,Direct Selling,Retail Volume,2023,0.1,623100.8,Tonnes,623.1008
Middle East and Africa,Coffee,Retail E-Commerce,Retail Volume,2023,1.6,623100.8,Tonnes,9969.6128
Middle East and Africa,RTD Coffee,Retail Channels,Off-trade Volume,2023,100.0,44.0,million litres,44.0
Middle East and Africa,RTD Coffee,Retail Offline,Off-trade Volume,2023,98.1,44.0,million litres,43.164
Middle East and Africa,RTD Coffee,Grocery Retailers,Off-trade Volume,2023,97.6,44.0,million litres,42.944
Middle East and Africa,RTD Coffee,Convenience Retailers,Off-trade Volume,2023,36.7,44.0,million litres,16.148000000000003
Middle East and Africa,RTD Coffee,Convenience Stores,Off-trade Volume,2023,4.2,44.0,million litres,1.848
Middle East and Africa,RTD Coffee,Forecourt Retailers,Off-trade Volume,2023,32.5,44.0,million litres,14.3
Middle East and Africa,RTD Coffee,Supermarkets,Off-trade Volume,2023,17.1,44.0,million litres,7.524000000000001
Middle East and Africa,RTD Coffee,Hypermarkets,Off-trade Volume,2023,17.5,44.0,million litres,7.699999999999999
Middle East and Africa,RTD Coffee,Discounters,Off-trade Volume,2023,0.7,44.0,million litres,0.30799999999999994
Middle East and Africa,RTD Coffee,Warehouse Clubs,Off-trade Volume,2023,0.2,44.0,million litres,0.088
Middle East and Africa,RTD Coffee,Food/drink/tobacco specialists,Off-trade Volume,2023,0.4,44.0,million litres,0.176
Middle East and Africa,RTD Coffee,Small Local Grocers,Off-trade Volume,2023,24.9,44.0,million litres,10.956
Middle East and Africa,RTD Coffee,Non-Grocery Retailers,Off-trade Volume,2023,0.4,44.0,million litres,0.176
Middle East and Africa,RTD Coffee,General Merchandise Stores,Off-trade Volume,2023,0.0,44.0,million litres,0.0
Middle East and Africa,RTD Coffee,Apparel and Footwear Specialists,Off-trade Volume,2023,0.0,44.0,million litres,0.0
Middle East and Africa,RTD Coffee,Appliances and Electronics Specialists,Off-trade Volume,2023,0.0,44.0,million litres,0.0
Middle East and Africa,RTD Coffee,Home Products Specialists,Off-trade Volume,2023,0.0,44.0,million litres,0.0
Middle East and Africa,RTD Coffee,Health and Beauty Specialists,Off-trade Volume,2023,0.4,44.0,million litres,0.176
Middle East and Africa,RTD Coffee,Leisure and Personal Goods Specialists,Off-trade Volume,2023,0.0,44.0,million litres,0.0
Middle East and Africa,RTD Coffee,Other Non-Grocery Retailers,Off-trade Volume,2023,0.0,44.0,million litres,0.0
Middle East and Africa,RTD Coffee,Vending,Off-trade Volume,2023,0.0,44.0,million litres,0.0
Middle East and Africa,RTD Coffee,Direct Selling,Off-trade Volume,2023,0.1,44.0,million litres,0.044
Middle East and Africa,RTD Coffee,Retail E-Commerce,Off-trade Volume,2023,1.9,44.0,million litres,0.836
North America,Coffee,Retail Channels,Retail Volume,2023,100.0,819091.2,Tonnes,819091.2
North America,Coffee,Retail Offline,Retail Volume,2023,78.1,819091.2,Tonnes,639710.2271999998
North America,Coffee,Grocery Retailers,Retail Volume,2023,75.9,819091.2,Tonnes,621690.2208
North America,Coffee,Convenience Retailers,Retail Volume,2023,1.4,819091.2,Tonnes,11467.276799999998
North America,Coffee,Convenience Stores,Retail Volume,2023,0.3,819091.2,Tonnes,2457.2736
North America,Coffee,Forecourt Retailers,Retail Volume,2023,1.1,819091.2,Tonnes,9010.003200000001
North America,Coffee,Supermarkets,Retail Volume,2023,25.1,819091.2,Tonnes,205591.89119999998
North America,Coffee,Hypermarkets,Retail Volume,2023,20.1,819091.2,Tonnes,164637.3312
North America,Coffee,Discounters,Retail Volume,2023,3.2,819091.2,Tonnes,26210.9184
North America,Coffee,Warehouse Clubs,Retail Volume,2023,4.0,819091.2,Tonnes,32763.647999999997
North America,Coffee,Food/drink/tobacco specialists,Retail Volume,2023,4.6,819091.2,Tonnes,37678.195199999995
North America,Coffee,Small Local Grocers,Retail Volume,2023,17.5,819091.2,Tonnes,143340.96
North America,Coffee,Non-Grocery Retailers,Retail Volume,2023,2.1,819091.2,Tonnes,17200.9152
North America,Coffee,General Merchandise Stores,Retail Volume,2023,1.3,819091.2,Tonnes,10648.1856
North America,Coffee,Apparel and Footwear Specialists,Retail Volume,2023,0.0,819091.2,Tonnes,0.0
North America,Coffee,Appliances and Electronics Specialists,Retail Volume,2023,0.0,819091.2,Tonnes,0.0
North America,Coffee,Home Products Specialists,Retail Volume,2023,0.0,819091.2,Tonnes,0.0
North America,Coffee,Health and Beauty Specialists,Retail Volume,2023,0.8,819091.2,Tonnes,6552.7296
North America,Coffee,Leisure and Personal Goods Specialists,Retail Volume,2023,0.0,819091.2,Tonnes,0.0
North America,Coffee,Other Non-Grocery Retailers,Retail Volume,2023,0.0,819091.2,Tonnes,0.0
North America,Coffee,Vending,Retail Volume,2023,0.0,819091.2,Tonnes,0.0
North America,Coffee,Direct Selling,Retail Volume,2023,0.1,819091.2,Tonnes,819.0912
North America,Coffee,Retail E-Commerce,Retail Volume,2023,21.9,819091.2,Tonnes,179380.97279999996
North America,RTD Coffee,Retail Channels,Off-trade Volume,2023,100.0,903.8,million litres,903.8
North America,RTD Coffee,Retail Offline,Off-trade Volume,2023,87.5,903.8,million litres,790.8249999999999
North America,RTD Coffee,Grocery Retailers,Off-trade Volume,2023,80.3,903.8,million litres,725.7513999999999
North America,RTD Coffee,Convenience Retailers,Off-trade Volume,2023,25.5,903.8,million litres,230.469
North America,RTD Coffee,Convenience Stores,Off-trade Volume,2023,6.0,903.8,million litres,54.227999999999994
North America,RTD Coffee,Forecourt Retailers,Off-trade Volume,2023,19.5,903.8,million litres,176.24099999999999
North America,RTD Coffee,Supermarkets,Off-trade Volume,2023,19.8,903.8,million litres,178.9524
North America,RTD Coffee,Hypermarkets,Off-trade Volume,2023,19.6,903.8,million litres,177.1448
North America,RTD Coffee,Discounters,Off-trade Volume,2023,1.3,903.8,million litres,11.7494
North America,RTD Coffee,Warehouse Clubs,Off-trade Volume,2023,10.6,903.8,million litres,95.80279999999999
North America,RTD Coffee,Food/drink/tobacco specialists,Off-trade Volume,2023,0.0,903.8,million litres,0.0
North America,RTD Coffee,Small Local Grocers,Off-trade Volume,2023,3.6,903.8,million litres,32.5368
North America,RTD Coffee,Non-Grocery Retailers,Off-trade Volume,2023,4.8,903.8,million litres,43.3824
North America,RTD Coffee,General Merchandise Stores,Off-trade Volume,2023,3.6,903.8,million litres,32.5368
North America,RTD Coffee,Apparel and Footwear Specialists,Off-trade Volume,2023,0.0,903.8,million litres,0.0
North America,RTD Coffee,Appliances and Electronics Specialists,Off-trade Volume,2023,0.0,903.8,million litres,0.0
North America,RTD Coffee,Home Products Specialists,Off-trade Volume,2023,0.0,903.8,million litres,0.0
North America,RTD Coffee,Health and Beauty Specialists,Off-trade Volume,2023,1.1,903.8,million litres,9.9418
North America,RTD Coffee,Leisure and Personal Goods Specialists,Off-trade Volume,2023,0.0,903.8,million litres,0.0
North America,RTD Coffee,Other Non-Grocery Retailers,Off-trade Volume,2023,0.0,903.8,million litres,0.0
North America,RTD Coffee,Vending,Off-trade Volume,2023,2.4,903.8,million litres,21.6912
North America,RTD Coffee,Direct Selling,Off-trade Volume,2023,0.0,903.8,million litres,0.0
North America,RTD Coffee,Retail E-Commerce,Off-trade Volume,2023,12.5,903.8,million litres,112.975
USA,Coffee,Retail Channels,Retail Volume,2023,100.0,740939.5,Tonnes,740939.5
USA,Coffee,Retail Offline,Retail Volume,2023,77.0,740939.5,Tonnes,570523.415
USA,Coffee,Grocery Retailers,Retail Volume,2023,75.1,740939.5,Tonnes,556445.5644999999
USA,Coffee,Convenience Retailers,Retail Volume,2023,1.4,740939.5,Tonnes,10373.152999999998
USA,Coffee,Convenience Stores,Retail Volume,2023,0.2,740939.5,Tonnes,1481.8790000000001
USA,Coffee,Forecourt Retailers,Retail Volume,2023,1.2,740939.5,Tonnes,8891.274
USA,Coffee,Supermarkets,Retail Volume,2023,24.3,740939.5,Tonnes,180048.2985
USA,Coffee,Hypermarkets,Retail Volume,2023,20.4,740939.5,Tonnes,151151.658
USA,Coffee,Discounters,Retail Volume,2023,2.0,740939.5,Tonnes,14818.79
USA,Coffee,Warehouse Clubs,Retail Volume,2023,3.6,740939.5,Tonnes,26673.822000000004
USA,Coffee,Food/drink/tobacco specialists,Retail Volume,2023,5.0,740939.5,Tonnes,37046.975
USA,Coffee,Small Local Grocers,Retail Volume,2023,18.4,740939.5,Tonnes,136332.868
USA,Coffee,Non-Grocery Retailers,Retail Volume,2023,1.7,740939.5,Tonnes,12595.971500000001
USA,Coffee,General Merchandise Stores,Retail Volume,2023,1.2,740939.5,Tonnes,8891.274
USA,Coffee,Apparel and Footwear Specialists,Retail Volume,2023,0.0,740939.5,Tonnes,0.0
USA,Coffee,Appliances and Electronics Specialists,Retail Volume,2023,0.0,740939.5,Tonnes,0.0
USA,Coffee,Home Products Specialists,Retail Volume,2023,0.0,740939.5,Tonnes,0.0
USA,Coffee,Health and Beauty Specialists,Retail Volume,2023,0.5,740939.5,Tonnes,3704.6975
USA,Coffee,Leisure and Personal Goods Specialists,Retail Volume,2023,0.0,740939.5,Tonnes,0.0
USA,Coffee,Other Non-Grocery Retailers,Retail Volume,2023,0.0,740939.5,Tonnes,0.0
USA,Coffee,Vending,Retail Volume,2023,0.0,740939.5,Tonnes,0.0
USA,Coffee,Direct Selling,Retail Volume,2023,0.2,740939.5,Tonnes,1481.8790000000001
USA,Coffee,Retail E-Commerce,Retail Volume,2023,23.0,740939.5,Tonnes,170416.08500000002
USA,RTD Coffee,Retail Channels,Off-trade Volume,2023,100.0,889.8,million litres,889.8
USA,RTD Coffee,Retail Offline,Off-trade Volume,2023,87.4,889.8,million litres,777.6852
USA,RTD Coffee,Grocery Retailers,Off-trade Volume,2023,80.3,889.8,million litres,714.5093999999999
USA,RTD Coffee,Convenience Retailers,Off-trade Volume,2023,25.7,889.8,million litres,228.6786
USA,RTD Coffee,Convenience Stores,Off-trade Volume,2023,6.0,889.8,million litres,53.388
USA,RTD Coffee,Forecourt Retailers,Off-trade Volume,2023,19.7,889.8,million litres,175.29059999999998
USA,RTD Coffee,Supermarkets,Off-trade Volume,2023,19.5,889.8,million litres,173.511
USA,RTD Coffee,Hypermarkets,Off-trade Volume,2023,19.7,889.8,million litres,175.29059999999998
USA,RTD Coffee,Discounters,Off-trade Volume,2023,1.3,889.8,million litres,11.567400000000001
USA,RTD Coffee,Warehouse Clubs,Off-trade Volume,2023,10.6,889.8,million litres,94.3188
USA,RTD Coffee,Food/drink/tobacco specialists,Off-trade Volume,2023,0.0,889.8,million litres,0.0
USA,RTD Coffee,Small Local Grocers,Off-trade Volume,2023,3.6,889.8,million litres,32.0328
USA,RTD Coffee,Non-Grocery Retailers,Off-trade Volume,2023,4.6,889.8,million litres,40.9308
USA,RTD Coffee,General Merchandise Stores,Off-trade Volume,2023,3.7,889.8,million litres,32.9226
USA,RTD Coffee,Apparel and Footwear Specialists,Off-trade Volume,2023,0.0,889.8,million litres,0.0
USA,RTD Coffee,Appliances and Electronics Specialists,Off-trade Volume,2023,0.0,889.8,million litres,0.0
USA,RTD Coffee,Home Products Specialists,Off-trade Volume,2023,0.0,889.8,million litres,0.0
USA,RTD Coffee,Health and Beauty Specialists,Off-trade Volume,2023,1.0,889.8,million litres,8.898
USA,RTD Coffee,Leisure and Personal Goods Specialists,Off-trade Volume,2023,0.0,889.8,million litres,0.0
USA,RTD Coffee,Other Non-Grocery Retailers,Off-trade Volume,2023,0.0,889.8,million litres,0.0
USA,RTD Coffee,Vending,Off-trade Volume,2023,2.4,889.8,million litres,21.3552
USA,RTD Coffee,Direct Selling,Off-trade Volume,2023,0.0,889.8,million litres,0.0
USA,RTD Coffee,Retail E-Commerce,Off-trade Volume,2023,12.6,889.8,million litres,112.11479999999999
Western Europe,Coffee,Retail Channels,Retail Volume,2023,100.0,1332466.0,Tonnes,1332466.0
Western Europe,Coffee,Retail Offline,Retail Volume,2023,94.4,1332466.0,Tonnes,1257847.904
Western Europe,Coffee,Grocery Retailers,Retail Volume,2023,91.8,1332466.0,Tonnes,1223203.788
Western Europe,Coffee,Convenience Retailers,Retail Volume,2023,3.3,1332466.0,Tonnes,43971.378000000004
Western Europe,Coffee,Convenience Stores,Retail Volume,2023,3.0,1332466.0,Tonnes,39973.979999999996
Western Europe,Coffee,Forecourt Retailers,Retail Volume,2023,0.4,1332466.0,Tonnes,5329.8640000000005
Western Europe,Coffee,Supermarkets,Retail Volume,2023,37.6,1332466.0,Tonnes,501007.216
Western Europe,Coffee,Hypermarkets,Retail Volume,2023,19.0,1332466.0,Tonnes,253168.54
Western Europe,Coffee,Discounters,Retail Volume,2023,24.9,1332466.0,Tonnes,331784.034
Western Europe,Coffee,Warehouse Clubs,Retail Volume,2023,0.0,1332466.0,Tonnes,0.0
Western Europe,Coffee,Food/drink/tobacco specialists,Retail Volume,2023,4.1,1332466.0,Tonnes,54631.10599999999
Western Europe,Coffee,Small Local Grocers,Retail Volume,2023,3.0,1332466.0,Tonnes,39973.979999999996
Western Europe,Coffee,Non-Grocery Retailers,Retail Volume,2023,1.7,1332466.0,Tonnes,22651.922000000002
Western Europe,Coffee,General Merchandise Stores,Retail Volume,2023,0.7,1332466.0,Tonnes,9327.261999999999
Western Europe,Coffee,Apparel and Footwear Specialists,Retail Volume,2023,0.0,1332466.0,Tonnes,0.0
Western Europe,Coffee,Appliances and Electronics Specialists,Retail Volume,2023,0.0,1332466.0,Tonnes,0.0
Western Europe,Coffee,Home Products Specialists,Retail Volume,2023,0.0,1332466.0,Tonnes,0.0
Western Europe,Coffee,Health and Beauty Specialists,Retail Volume,2023,1.0,1332466.0,Tonnes,13324.66
Western Europe,Coffee,Leisure and Personal Goods Specialists,Retail Volume,2023,0.0,1332466.0,Tonnes,0.0
Western Europe,Coffee,Other Non-Grocery Retailers,Retail Volume,2023,0.0,1332466.0,Tonnes,0.0
Western Europe,Coffee,Vending,Retail Volume,2023,0.9,1332466.0,Tonnes,11992.194000000001
Western Europe,Coffee,Direct Selling,Retail Volume,2023,0.0,1332466.0,Tonnes,0.0
Western Europe,Coffee,Retail E-Commerce,Retail Volume,2023,5.6,1332466.0,Tonnes,74618.09599999999
Western Europe,RTD Coffee,Retail Channels,Off-trade Volume,2023,100.0,350.0,million litres,350.0
Western Europe,RTD Coffee,Retail Offline,Off-trade Volume,2023,96.6,350.0,million litres,338.09999999999997
Western Europe,RTD Coffee,Grocery Retailers,Off-trade Volume,2023,94.6,350.0,million litres,331.09999999999997
Western Europe,RTD Coffee,Convenience Retailers,Off-trade Volume,2023,13.7,350.0,million litres,47.949999999999996
Western Europe,RTD Coffee,Convenience Stores,Off-trade Volume,2023,6.5,350.0,million litres,22.75
Western Europe,RTD Coffee,Forecourt Retailers,Off-trade Volume,2023,7.2,350.0,million litres,25.200000000000003
Western Europe,RTD Coffee,Supermarkets,Off-trade Volume,2023,44.0,350.0,million litres,154.0
Western Europe,RTD Coffee,Hypermarkets,Off-trade Volume,2023,15.4,350.0,million litres,53.9
Western Europe,RTD Coffee,Discounters,Off-trade Volume,2023,15.5,350.0,million litres,54.25
Western Europe,RTD Coffee,Warehouse Clubs,Off-trade Volume,2023,0.0,350.0,million litres,0.0
Western Europe,RTD Coffee,Food/drink/tobacco specialists,Off-trade Volume,2023,0.2,350.0,million litres,0.7000000000000001
Western Europe,RTD Coffee,Small Local Grocers,Off-trade Volume,2023,5.8,350.0,million litres,20.299999999999997
Western Europe,RTD Coffee,Non-Grocery Retailers,Off-trade Volume,2023,1.5,350.0,million litres,5.25
Western Europe,RTD Coffee,General Merchandise Stores,Off-trade Volume,2023,0.0,350.0,million litres,0.0
Western Europe,RTD Coffee,Apparel and Footwear Specialists,Off-trade Volume,2023,0.0,350.0,million litres,0.0
Western Europe,RTD Coffee,Appliances and Electronics Specialists,Off-trade Volume,2023,0.0,350.0,million litres,0.0
Western Europe,RTD Coffee,Home Products Specialists,Off-trade Volume,2023,0.0,350.0,million litres,0.0
Western Europe,RTD Coffee,Health and Beauty Specialists,Off-trade Volume,2023,1.5,350.0,million litres,5.25
Western Europe,RTD Coffee,Leisure and Personal Goods Specialists,Off-trade Volume,2023,0.0,350.0,million litres,0.0
Western Europe,RTD Coffee,Other Non-Grocery Retailers,Off-trade Volume,2023,0.0,350.0,million litres,0.0
Western Europe,RTD Coffee,Vending,Off-trade Volume,2023,0.5,350.0,million litres,1.75
Western Europe,RTD Coffee,Direct Selling,Off-trade Volume,2023,0.0,350.0,million litres,0.0
Western Europe,RTD Coffee,Retail E-Commerce,Off-trade Volume,2023,3.4,350.0,million litres,11.9
France,Coffee,Retail Channels,Retail Volume,2023,100.0,183060.3,Tonnes,183060.3
France,Coffee,Retail Offline,Retail Volume,2023,86.4,183060.3,Tonnes,158164.0992
France,Coffee,Grocery Retailers,Retail Volume,2023,85.3,183060.3,Tonnes,156150.43589999998
France,Coffee,Convenience Retailers,Retail Volume,2023,1.3,183060.3,Tonnes,2379.7839
France,Coffee,Convenience Stores,Retail Volume,2023,1.3,183060.3,Tonnes,2379.7839
France,Coffee,Forecourt Retailers,Retail Volume,2023,0.0,183060.3,Tonnes,0.0
France,Coffee,Supermarkets,Retail Volume,2023,22.8,183060.3,Tonnes,41737.7484
France,Coffee,Hypermarkets,Retail Volume,2023,30.0,183060.3,Tonnes,54918.09
France,Coffee,Discounters,Retail Volume,2023,13.3,183060.3,Tonnes,24347.0199
France,Coffee,Warehouse Clubs,Retail Volume,2023,0.0,183060.3,Tonnes,0.0
France,Coffee,Food/drink/tobacco specialists,Retail Volume,2023,17.1,183060.3,Tonnes,31303.3113
France,Coffee,Small Local Grocers,Retail Volume,2023,0.8,183060.3,Tonnes,1464.4823999999999
France,Coffee,Non-Grocery Retailers,Retail Volume,2023,0.6,183060.3,Tonnes,1098.3618
France,Coffee,General Merchandise Stores,Retail Volume,2023,0.0,183060.3,Tonnes,0.0
France,Coffee,Apparel and Footwear Specialists,Retail Volume,2023,0.0,183060.3,Tonnes,0.0
France,Coffee,Appliances and Electronics Specialists,Retail Volume,2023,0.0,183060.3,Tonnes,0.0
France,Coffee,Home Products Specialists,Retail Volume,2023,0.0,183060.3,Tonnes,0.0
France,Coffee,Health and Beauty Specialists,Retail Volume,2023,0.6,183060.3,Tonnes,1098.3618
France,Coffee,Leisure and Personal Goods Specialists,Retail Volume,2023,0.0,183060.3,Tonnes,0.0
France,Coffee,Other Non-Grocery Retailers,Retail Volume,2023,0.0,183060.3,Tonnes,0.0
France,Coffee,Vending,Retail Volume,2023,0.5,183060.3,Tonnes,915.3014999999999
France,Coffee,Direct Selling,Retail Volume,2023,0.0,183060.3,Tonnes,0.0
France,Coffee,Retail E-Commerce,Retail Volume,2023,13.6,183060.3,Tonnes,24896.2008
France,RTD Coffee,Retail Channels,Off-trade Volume,2023,100.0,4.9,million litres,4.9
France,RTD Coffee,Retail Offline,Off-trade Volume,2023,98.1,4.9,million litres,4.806900000000001
France,RTD Coffee,Grocery Retailers,Off-trade Volume,2023,97.7,4.9,million litres,4.7873
France,RTD Coffee,Convenience Retailers,Off-trade Volume,2023,36.8,4.9,million litres,1.8032000000000001
France,RTD Coffee,Convenience Stores,Off-trade Volume,2023,17.0,4.9,million litres,0.8330000000000001
France,RTD Coffee,Forecourt Retailers,Off-trade Volume,2023,19.8,4.9,million litres,0.9702000000000001
France,RTD Coffee,Supermarkets,Off-trade Volume,2023,27.5,4.9,million litres,1.3475000000000001
France,RTD Coffee,Hypermarkets,Off-trade Volume,2023,28.9,4.9,million litres,1.4161
France,RTD Coffee,Discounters,Off-trade Volume,2023,2.8,4.9,million litres,0.1372
France,RTD Coffee,Warehouse Clubs,Off-trade Volume,2023,0.0,4.9,million litres,0.0
France,RTD Coffee,Food/drink/tobacco specialists,Off-trade Volume,2023,0.0,4.9,million litres,0.0
France,RTD Coffee,Small Local Grocers,Off-trade Volume,2023,1.7,4.9,million litres,0.08330000000000001
France,RTD Coffee,Non-Grocery Retailers,Off-trade Volume,2023,0.0,4.9,million litres,0.0
France,RTD Coffee,General Merchandise Stores,Off-trade Volume,2023,0.0,4.9,million litres,0.0
France,RTD Coffee,Apparel and Footwear Specialists,Off-trade Volume,2023,0.0,4.9,million litres,0.0
France,RTD Coffee,Appliances and Electronics Specialists,Off-trade Volume,2023,0.0,4.9,million litres,0.0
France,RTD Coffee,Home Products Specialists,Off-trade Volume,2023,0.0,4.9,million litres,0.0
France,RTD Coffee,Health and Beauty Specialists,Off-trade Volume,2023,0.0,4.9,million litres,0.0
France,RTD Coffee,Leisure and Personal Goods Specialists,Off-trade Volume,2023,0.0,4.9,million litres,0.0
France,RTD Coffee,Other Non-Grocery Retailers,Off-trade Volume,2023,0.0,4.9,million litres,0.0
France,RTD Coffee,Vending,Off-trade Volume,2023,0.5,4.9,million litres,0.0245
France,RTD Coffee,Direct Selling,Off-trade Volume,2023,0.0,4.9,million litres,0.0
France,RTD Coffee,Retail E-Commerce,Off-trade Volume,2023,1.9,4.9,million litres,0.0931
Germany,Coffee,Retail Channels,Retail Volume,2023,100.0,411862.9,Tonnes,411862.9
Germany,Coffee,Retail Offline,Retail Volume,2023,97.1,411862.9,Tonnes,399918.8759
Germany,Coffee,Grocery Retailers,Retail Volume,2023,94.3,411862.9,Tonnes,388386.7147
Germany,Coffee,Convenience Retailers,Retail Volume,2023,0.6,411862.9,Tonnes,2471.1774
Germany,Coffee,Convenience Stores,Retail Volume,2023,0.4,411862.9,Tonnes,1647.4516
Germany,Coffee,Forecourt Retailers,Retail Volume,2023,0.2,411862.9,Tonnes,823.7258
Germany,Coffee,Supermarkets,Retail Volume,2023,25.8,411862.9,Tonnes,106260.6282
Germany,Coffee,Hypermarkets,Retail Volume,2023,16.9,411862.9,Tonnes,69604.83009999999
Germany,Coffee,Discounters,Retail Volume,2023,47.9,411862.9,Tonnes,197282.3291
Germany,Coffee,Warehouse Clubs,Retail Volume,2023,0.0,411862.9,Tonnes,0.0
Germany,Coffee,Food/drink/tobacco specialists,Retail Volume,2023,2.4,411862.9,Tonnes,9884.7096
Germany,Coffee,Small Local Grocers,Retail Volume,2023,0.8,411862.9,Tonnes,3294.9032
Germany,Coffee,Non-Grocery Retailers,Retail Volume,2023,2.5,411862.9,Tonnes,10296.572500000002
Germany,Coffee,General Merchandise Stores,Retail Volume,2023,1.3,411862.9,Tonnes,5354.217700000001
Germany,Coffee,Apparel and Footwear Specialists,Retail Volume,2023,0.0,411862.9,Tonnes,0.0
Germany,Coffee,Appliances and Electronics Specialists,Retail Volume,2023,0.0,411862.9,Tonnes,0.0
Germany,Coffee,Home Products Specialists,Retail Volume,2023,0.0,411862.9,Tonnes,0.0
Germany,Coffee,Health and Beauty Specialists,Retail Volume,2023,1.2,411862.9,Tonnes,4942.3548
Germany,Coffee,Leisure and Personal Goods Specialists,Retail Volume,2023,0.0,411862.9,Tonnes,0.0
Germany,Coffee,Other Non-Grocery Retailers,Retail Volume,2023,0.0,411862.9,Tonnes,0.0
Germany,Coffee,Vending,Retail Volume,2023,0.3,411862.9,Tonnes,1235.5887
Germany,Coffee,Direct Selling,Retail Volume,2023,0.0,411862.9,Tonnes,0.0
Germany,Coffee,Retail E-Commerce,Retail Volume,2023,2.9,411862.9,Tonnes,11944.0241
Germany,RTD Coffee,Retail Channels,Off-trade Volume,2023,100.0,104.5,million litres,104.5
Germany,RTD Coffee,Retail Offline,Off-trade Volume,2023,98.7,104.5,million litres,103.1415
Germany,RTD Coffee,Grocery Retailers,Off-trade Volume,2023,94.2,104.5,million litres,98.43900000000001
Germany,RTD Coffee,Convenience Retailers,Off-trade Volume,2023,14.8,104.5,million litres,15.466000000000003
Germany,RTD Coffee,Convenience Stores,Off-trade Volume,2023,0.1,104.5,million litres,0.1045
Germany,RTD Coffee,Forecourt Retailers,Off-trade Volume,2023,14.7,104.5,million litres,15.3615
Germany,RTD Coffee,Supermarkets,Off-trade Volume,2023,31.4,104.5,million litres,32.813
Germany,RTD Coffee,Hypermarkets,Off-trade Volume,2023,14.6,104.5,million litres,15.257
Germany,RTD Coffee,Discounters,Off-trade Volume,2023,27.3,104.5,million litres,28.5285
Germany,RTD Coffee,Warehouse Clubs,Off-trade Volume,2023,0.0,104.5,million litres,0.0
Germany,RTD Coffee,Food/drink/tobacco specialists,Off-trade Volume,2023,0.1,104.5,million litres,0.1045
Germany,RTD Coffee,Small Local Grocers,Off-trade Volume,2023,6.0,104.5,million litres,6.27
Germany,RTD Coffee,Non-Grocery Retailers,Off-trade Volume,2023,4.2,104.5,million litres,4.389
Germany,RTD Coffee,General Merchandise Stores,Off-trade Volume,2023,0.0,104.5,million litres,0.0
Germany,RTD Coffee,Apparel and Footwear Specialists,Off-trade Volume,2023,0.0,104.5,million litres,0.0
Germany,RTD Coffee,Appliances and Electronics Specialists,Off-trade Volume,2023,0.0,104.5,million litres,0.0
Germany,RTD Coffee,Home Products Specialists,Off-trade Volume,2023,0.0,104.5,million litres,0.0
Germany,RTD Coffee,Health and Beauty Specialists,Off-trade Volume,2023,4.2,104.5,million litres,4.389
Germany,RTD Coffee,Leisure and Personal Goods Specialists,Off-trade Volume,2023,0.0,104.5,million litres,0.0
Germany,RTD Coffee,Other Non-Grocery Retailers,Off-trade Volume,2023,0.0,104.5,million litres,0.0
Germany,RTD Coffee,Vending,Off-trade Volume,2023,0.3,104.5,million litres,0.3135
Germany,RTD Coffee,Direct Selling,Off-trade Volume,2023,0.0,104.5,million litres,0.0
Germany,RTD Coffee,Retail E-Commerce,Off-trade Volume,2023,1.3,104.5,million litres,1.3585
United Kingdom,Coffee,Retail Channels,Retail Volume,2023,100.0,73708.2,Tonnes,73708.2
United Kingdom,Coffee,Retail Offline,Retail Volume,2023,87.9,73708.2,Tonnes,64789.5078
United Kingdom,Coffee,Grocery Retailers,Retail Volume,2023,85.1,73708.2,Tonnes,62725.678199999995
United Kingdom,Coffee,Convenience Retailers,Retail Volume,2023,5.2,73708.2,Tonnes,3832.8264000000004
United Kingdom,Coffee,Convenience Stores,Retail Volume,2023,4.9,73708.2,Tonnes,3611.7018
United Kingdom,Coffee,Forecourt Retailers,Retail Volume,2023,0.2,73708.2,Tonnes,147.4164
United Kingdom,Coffee,Supermarkets,Retail Volume,2023,36.2,73708.2,Tonnes,26682.368400000003
United Kingdom,Coffee,Hypermarkets,Retail Volume,2023,32.7,73708.2,Tonnes,24102.5814
United Kingdom,Coffee,Discounters,Retail Volume,2023,8.6,73708.2,Tonnes,6338.905199999999
United Kingdom,Coffee,Warehouse Clubs,Retail Volume,2023,0.1,73708.2,Tonnes,73.7082
United Kingdom,Coffee,Food/drink/tobacco specialists,Retail Volume,2023,1.3,73708.2,Tonnes,958.2066000000001
United Kingdom,Coffee,Small Local Grocers,Retail Volume,2023,1.0,73708.2,Tonnes,737.082
United Kingdom,Coffee,Non-Grocery Retailers,Retail Volume,2023,2.1,73708.2,Tonnes,1547.8722
United Kingdom,Coffee,General Merchandise Stores,Retail Volume,2023,2.1,73708.2,Tonnes,1547.8722
United Kingdom,Coffee,Apparel and Footwear Specialists,Retail Volume,2023,0.0,73708.2,Tonnes,0.0
United Kingdom,Coffee,Appliances and Electronics Specialists,Retail Volume,2023,0.0,73708.2,Tonnes,0.0
United Kingdom,Coffee,Home Products Specialists,Retail Volume,2023,0.0,73708.2,Tonnes,0.0
United Kingdom,Coffee,Health and Beauty Specialists,Retail Volume,2023,0.0,73708.2,Tonnes,0.0
United Kingdom,Coffee,Leisure and Personal Goods Specialists,Retail Volume,2023,0.0,73708.2,Tonnes,0.0
United Kingdom,Coffee,Other Non-Grocery Retailers,Retail Volume,2023,0.0,73708.2,Tonnes,0.0
United Kingdom,Coffee,Vending,Retail Volume,2023,0.7,73708.2,Tonnes,515.9573999999999
United Kingdom,Coffee,Direct Selling,Retail Volume,2023,0.0,73708.2,Tonnes,0.0
United Kingdom,Coffee,Retail E-Commerce,Retail Volume,2023,12.1,73708.2,Tonnes,8918.6922
United Kingdom,RTD Coffee,Retail Channels,Off-trade Volume,2023,100.0,61.7,million litres,61.7
United Kingdom,RTD Coffee,Retail Offline,Off-trade Volume,2023,90.9,61.7,million litres,56.085300000000004
United Kingdom,RTD Coffee,Grocery Retailers,Off-trade Volume,2023,90.1,61.7,million litres,55.591699999999996
United Kingdom,RTD Coffee,Convenience Retailers,Off-trade Volume,2023,12.5,61.7,million litres,7.7125
United Kingdom,RTD Coffee,Convenience Stores,Off-trade Volume,2023,9.5,61.7,million litres,5.8615
United Kingdom,RTD Coffee,Forecourt Retailers,Off-trade Volume,2023,3.0,61.7,million litres,1.851
United Kingdom,RTD Coffee,Supermarkets,Off-trade Volume,2023,33.2,61.7,million litres,20.4844
United Kingdom,RTD Coffee,Hypermarkets,Off-trade Volume,2023,29.7,61.7,million litres,18.3249
United Kingdom,RTD Coffee,Discounters,Off-trade Volume,2023,0.0,61.7,million litres,0.0
United Kingdom,RTD Coffee,Warehouse Clubs,Off-trade Volume,2023,0.0,61.7,million litres,0.0
United Kingdom,RTD Coffee,Food/drink/tobacco specialists,Off-trade Volume,2023,0.0,61.7,million litres,0.0
United Kingdom,RTD Coffee,Small Local Grocers,Off-trade Volume,2023,14.7,61.7,million litres,9.0699
United Kingdom,RTD Coffee,Non-Grocery Retailers,Off-trade Volume,2023,0.8,61.7,million litres,0.49360000000000004
United Kingdom,RTD Coffee,General Merchandise Stores,Off-trade Volume,2023,0.0,61.7,million litres,0.0
United Kingdom,RTD Coffee,Apparel and Footwear Specialists,Off-trade Volume,2023,0.0,61.7,million litres,0.0
United Kingdom,RTD Coffee,Appliances and Electronics Specialists,Off-trade Volume,2023,0.0,61.7,million litres,0.0
United Kingdom,RTD Coffee,Home Products Specialists,Off-trade Volume,2023,0.0,61.7,million litres,0.0
United Kingdom,RTD Coffee,Health and Beauty Specialists,Off-trade Volume,2023,0.8,61.7,million litres,0.49360000000000004
United Kingdom,RTD Coffee,Leisure and Personal Goods Specialists,Off-trade Volume,2023,0.0,61.7,million litres,0.0
United Kingdom,RTD Coffee,Other Non-Grocery Retailers,Off-trade Volume,2023,0.0,61.7,million litres,0.0
United Kingdom,RTD Coffee,Vending,Off-trade Volume,2023,0.0,61.7,million litres,0.0
United Kingdom,RTD Coffee,Direct Selling,Off-trade Volume,2023,0.0,61.7,million litres,0.0
United Kingdom,RTD Coffee,Retail E-Commerce,Off-trade Volume,2023,9.1,61.7,million litres,5.6147
World,Coffee,Retail Channels,Retail Volume,2024,100.0,6148465.5,Tonnes,6148465.5
World,Coffee,Retail Offline,Retail Volume,2024,91.8,6148465.5,Tonnes,5644291.329
World,Coffee,Grocery Retailers,Retail Volume,2024,89.6,6148465.5,Tonnes,5509025.0879999995
World,Coffee,Convenience Retailers,Retail Volume,2024,5.2,6148465.5,Tonnes,319720.206
World,Coffee,Convenience Stores,Retail Volume,2024,4.4,6148465.5,Tonnes,270532.482
World,Coffee,Forecourt Retailers,Retail Volume,2024,0.8,6148465.5,Tonnes,49187.724
World,Coffee,Supermarkets,Retail Volume,2024,28.1,6148465.5,Tonnes,1727718.8055000002
World,Coffee,Hypermarkets,Retail Volume,2024,15.9,6148465.5,Tonnes,977606.0145
World,Coffee,Discounters,Retail Volume,2024,8.4,6148465.5,Tonnes,516471.102
World,Coffee,Warehouse Clubs,Retail Volume,2024,1.4,6148465.5,Tonnes,86078.51699999999
World,Coffee,Food/drink/tobacco specialists,Retail Volume,2024,2.6,6148465.5,Tonnes,159860.103
World,Coffee,Small Local Grocers,Retail Volume,2024,27.9,6148465.5,Tonnes,1715421.8745
World,Coffee,Non-Grocery Retailers,Retail Volume,2024,1.6,6148465.5,Tonnes,98375.448
World,Coffee,General Merchandise Stores,Retail Volume,2024,0.9,6148465.5,Tonnes,55336.18950000001
World,Coffee,Apparel and Footwear Specialists,Retail Volume,2024,0.0,6148465.5,Tonnes,0.0
World,Coffee,Appliances and Electronics Specialists,Retail Volume,2024,0.0,6148465.5,Tonnes,0.0
World,Coffee,Home Products Specialists,Retail Volume,2024,0.0,6148465.5,Tonnes,0.0
World,Coffee,Health and Beauty Specialists,Retail Volume,2024,0.5,6148465.5,Tonnes,30742.3275
World,Coffee,Leisure and Personal Goods Specialists,Retail Volume,2024,0.0,6148465.5,Tonnes,0.0
World,Coffee,Other Non-Grocery Retailers,Retail Volume,2024,0.1,6148465.5,Tonnes,6148.4655
World,Coffee,Vending,Retail Volume,2024,0.5,6148465.5,Tonnes,30742.3275
World,Coffee,Direct Selling,Retail Volume,2024,0.1,6148465.5,Tonnes,6148.4655
World,Coffee,Retail E-Commerce,Retail Volume,2024,8.2,6148465.5,Tonnes,504174.1709999999
World,RTD Coffee,Retail Channels,Off-trade Volume,2024,100.0,5722.3,million litres,5722.3
World,RTD Coffee,Retail Offline,Off-trade Volume,2024,94.6,5722.3,million litres,5413.2958
World,RTD Coffee,Grocery Retailers,Off-trade Volume,2024,71.2,5722.3,million litres,4074.2776000000003
World,RTD Coffee,Convenience Retailers,Off-trade Volume,2024,26.1,5722.3,million litres,1493.5203000000001
World,RTD Coffee,Convenience Stores,Off-trade Volume,2024,21.6,5722.3,million litres,1236.0168
World,RTD Coffee,Forecourt Retailers,Off-trade Volume,2024,4.5,5722.3,million litres,257.5035
World,RTD Coffee,Supermarkets,Off-trade Volume,2024,21.9,5722.3,million litres,1253.1836999999998
World,RTD Coffee,Hypermarkets,Off-trade Volume,2024,9.3,5722.3,million litres,532.1739000000001
World,RTD Coffee,Discounters,Off-trade Volume,2024,1.4,5722.3,million litres,80.11219999999999
World,RTD Coffee,Warehouse Clubs,Off-trade Volume,2024,2.6,5722.3,million litres,148.77980000000002
World,RTD Coffee,Food/drink/tobacco specialists,Off-trade Volume,2024,0.0,5722.3,million litres,0.0
World,RTD Coffee,Small Local Grocers,Off-trade Volume,2024,9.9,5722.3,million litres,566.5077
World,RTD Coffee,Non-Grocery Retailers,Off-trade Volume,2024,10.6,5722.3,million litres,606.5638
World,RTD Coffee,General Merchandise Stores,Off-trade Volume,2024,4.6,5722.3,million litres,263.2258
World,RTD Coffee,Apparel and Footwear Specialists,Off-trade Volume,2024,0.0,5722.3,million litres,0.0
World,RTD Coffee,Appliances and Electronics Specialists,Off-trade Volume,2024,0.0,5722.3,million litres,0.0
World,RTD Coffee,Home Products Specialists,Off-trade Volume,2024,0.0,5722.3,million litres,0.0
World,RTD Coffee,Health and Beauty Specialists,Off-trade Volume,2024,6.0,5722.3,million litres,343.338
World,RTD Coffee,Leisure and Personal Goods Specialists,Off-trade Volume,2024,0.0,5722.3,million litres,0.0
World,RTD Coffee,Other Non-Grocery Retailers,Off-trade Volume,2024,0.0,5722.3,million litres,0.0
World,RTD Coffee,Vending,Off-trade Volume,2024,12.8,5722.3,million litres,732.4544000000001
World,RTD Coffee,Direct Selling,Off-trade Volume,2024,0.0,5722.3,million litres,0.0
World,RTD Coffee,Retail E-Commerce,Off-trade Volume,2024,5.4,5722.3,million litres,309.0042
Asia Pacific,Coffee,Retail Channels,Retail Volume,2024,100.0,1599417.9,Tonnes,1599417.9
Asia Pacific,Coffee,Retail Offline,Retail Volume,2024,90.5,1599417.9,Tonnes,1447473.1994999999
Asia Pacific,Coffee,Grocery Retailers,Retail Volume,2024,88.6,1599417.9,Tonnes,1417084.2593999999
Asia Pacific,Coffee,Convenience Retailers,Retail Volume,2024,8.6,1599417.9,Tonnes,137549.93939999997
Asia Pacific,Coffee,Convenience Stores,Retail Volume,2024,7.7,1599417.9,Tonnes,123155.17829999999
Asia Pacific,Coffee,Forecourt Retailers,Retail Volume,2024,0.9,1599417.9,Tonnes,14394.761100000002
Asia Pacific,Coffee,Supermarkets,Retail Volume,2024,16.0,1599417.9,Tonnes,255906.864
Asia Pacific,Coffee,Hypermarkets,Retail Volume,2024,9.1,1599417.9,Tonnes,145547.02889999998
Asia Pacific,Coffee,Discounters,Retail Volume,2024,0.1,1599417.9,Tonnes,1599.4179
Asia Pacific,Coffee,Warehouse Clubs,Retail Volume,2024,0.3,1599417.9,Tonnes,4798.2537
Asia Pacific,Coffee,Food/drink/tobacco specialists,Retail Volume,2024,0.7,1599417.9,Tonnes,11195.925299999999
Asia Pacific,Coffee,Small Local Grocers,Retail Volume,2024,53.9,1599417.9,Tonnes,862086.2481
Asia Pacific,Coffee,Non-Grocery Retailers,Retail Volume,2024,1.7,1599417.9,Tonnes,27190.1043
Asia Pacific,Coffee,General Merchandise Stores,Retail Volume,2024,1.1,1599417.9,Tonnes,17593.5969
Asia Pacific,Coffee,Apparel and Footwear Specialists,Retail Volume,2024,0.0,1599417.9,Tonnes,0.0
Asia Pacific,Coffee,Appliances and Electronics Specialists,Retail Volume,2024,0.0,1599417.9,Tonnes,0.0
Asia Pacific,Coffee,Home Products Specialists,Retail Volume,2024,0.0,1599417.9,Tonnes,0.0
Asia Pacific,Coffee,Health and Beauty Specialists,Retail Volume,2024,0.7,1599417.9,Tonnes,11195.925299999999
Asia Pacific,Coffee,Leisure and Personal Goods Specialists,Retail Volume,2024,0.0,1599417.9,Tonnes,0.0
Asia Pacific,Coffee,Other Non-Grocery Retailers,Retail Volume,2024,0.0,1599417.9,Tonnes,0.0
Asia Pacific,Coffee,Vending,Retail Volume,2024,0.1,1599417.9,Tonnes,1599.4179
Asia Pacific,Coffee,Direct Selling,Retail Volume,2024,0.1,1599417.9,Tonnes,1599.4179
Asia Pacific,Coffee,Retail E-Commerce,Retail Volume,2024,9.5,1599417.9,Tonnes,151944.7005
Asia Pacific,RTD Coffee,Retail Channels,Off-trade Volume,2024,100.0,4325.6,million litres,4325.6
Asia Pacific,RTD Coffee,Retail Offline,Off-trade Volume,2024,96.1,4325.6,million litres,4156.9016
Asia Pacific,RTD Coffee,Grocery Retailers,Off-trade Volume,2024,66.7,4325.6,million litres,2885.1752000000006
Asia Pacific,RTD Coffee,Convenience Retailers,Off-trade Volume,2024,27.5,4325.6,million litres,1189.5400000000002
Asia Pacific,RTD Coffee,Convenience Stores,Off-trade Volume,2024,26.5,4325.6,million litres,1146.284
Asia Pacific,RTD Coffee,Forecourt Retailers,Off-trade Volume,2024,0.9,4325.6,million litres,38.930400000000006
Asia Pacific,RTD Coffee,Supermarkets,Off-trade Volume,2024,20.3,4325.6,million litres,878.0968000000001
Asia Pacific,RTD Coffee,Hypermarkets,Off-trade Volume,2024,6.5,4325.6,million litres,281.16400000000004
Asia Pacific,RTD Coffee,Discounters,Off-trade Volume,2024,0.0,4325.6,million litres,0.0
Asia Pacific,RTD Coffee,Warehouse Clubs,Off-trade Volume,2024,1.2,4325.6,million litres,51.9072
Asia Pacific,RTD Coffee,Food/drink/tobacco specialists,Off-trade Volume,2024,0.0,4325.6,million litres,0.0
Asia Pacific,RTD Coffee,Small Local Grocers,Off-trade Volume,2024,11.2,4325.6,million litres,484.4672
Asia Pacific,RTD Coffee,Non-Grocery Retailers,Off-trade Volume,2024,13.0,4325.6,million litres,562.3280000000001
Asia Pacific,RTD Coffee,General Merchandise Stores,Off-trade Volume,2024,5.4,4325.6,million litres,233.58240000000004
Asia Pacific,RTD Coffee,Apparel and Footwear Specialists,Off-trade Volume,2024,0.0,4325.6,million litres,0.0
Asia Pacific,RTD Coffee,Appliances and Electronics Specialists,Off-trade Volume,2024,0.0,4325.6,million litres,0.0
Asia Pacific,RTD Coffee,Home Products Specialists,Off-trade Volume,2024,0.0,4325.6,million litres,0.0
Asia Pacific,RTD Coffee,Health and Beauty Specialists,Off-trade Volume,2024,7.6,4325.6,million litres,328.7456
Asia Pacific,RTD Coffee,Leisure and Personal Goods Specialists,Off-trade Volume,2024,0.0,4325.6,million litres,0.0
Asia Pacific,RTD Coffee,Other Non-Grocery Retailers,Off-trade Volume,2024,0.0,4325.6,million litres,0.0
Asia Pacific,RTD Coffee,Vending,Off-trade Volume,2024,16.4,4325.6,million litres,709.3983999999999
Asia Pacific,RTD Coffee,Direct Selling,Off-trade Volume,2024,0.0,4325.6,million litres,0.0
Asia Pacific,RTD Coffee,Retail E-Commerce,Off-trade Volume,2024,3.9,4325.6,million litres,168.69840000000002
China,Coffee,Retail Channels,Retail Volume,2024,100.0,63432.7,Tonnes,63432.7
China,Coffee,Retail Offline,Retail Volume,2024,53.6,63432.7,Tonnes,33999.9272
China,Coffee,Grocery Retailers,Retail Volume,2024,53.6,63432.7,Tonnes,33999.9272
China,Coffee,Convenience Retailers,Retail Volume,2024,5.5,63432.7,Tonnes,3488.7985
China,Coffee,Convenience Stores,Retail Volume,2024,5.5,63432.7,Tonnes,3488.7985
China,Coffee,Forecourt Retailers,Retail Volume,2024,0.0,63432.7,Tonnes,0.0
China,Coffee,Supermarkets,Retail Volume,2024,20.6,63432.7,Tonnes,13067.1362
China,Coffee,Hypermarkets,Retail Volume,2024,24.5,63432.7,Tonnes,15541.011499999999
China,Coffee,Discounters,Retail Volume,2024,0.0,63432.7,Tonnes,0.0
China,Coffee,Warehouse Clubs,Retail Volume,2024,0.0,63432.7,Tonnes,0.0
China,Coffee,Food/drink/tobacco specialists,Retail Volume,2024,0.0,63432.7,Tonnes,0.0
China,Coffee,Small Local Grocers,Retail Volume,2024,3.1,63432.7,Tonnes,1966.4136999999998
China,Coffee,Non-Grocery Retailers,Retail Volume,2024,0.0,63432.7,Tonnes,0.0
China,Coffee,General Merchandise Stores,Retail Volume,2024,0.0,63432.7,Tonnes,0.0
China,Coffee,Apparel and Footwear Specialists,Retail Volume,2024,0.0,63432.7,Tonnes,0.0
China,Coffee,Appliances and Electronics Specialists,Retail Volume,2024,0.0,63432.7,Tonnes,0.0
China,Coffee,Home Products Specialists,Retail Volume,2024,0.0,63432.7,Tonnes,0.0
China,Coffee,Health and Beauty Specialists,Retail Volume,2024,0.0,63432.7,Tonnes,0.0
China,Coffee,Leisure and Personal Goods Specialists,Retail Volume,2024,0.0,63432.7,Tonnes,0.0
China,Coffee,Other Non-Grocery Retailers,Retail Volume,2024,0.0,63432.7,Tonnes,0.0
China,Coffee,Vending,Retail Volume,2024,0.0,63432.7,Tonnes,0.0
China,Coffee,Direct Selling,Retail Volume,2024,0.0,63432.7,Tonnes,0.0
China,Coffee,Retail E-Commerce,Retail Volume,2024,46.4,63432.7,Tonnes,29432.772799999995
China,RTD Coffee,Retail Channels,Off-trade Volume,2024,100.0,295.4,million litres,295.4
China,RTD Coffee,Retail Offline,Off-trade Volume,2024,94.1,295.4,million litres,277.97139999999996
China,RTD Coffee,Grocery Retailers,Off-trade Volume,2024,91.3,295.4,million litres,269.70019999999994
China,RTD Coffee,Convenience Retailers,Off-trade Volume,2024,20.4,295.4,million litres,60.261599999999994
China,RTD Coffee,Convenience Stores,Off-trade Volume,2024,16.3,295.4,million litres,48.1502
China,RTD Coffee,Forecourt Retailers,Off-trade Volume,2024,4.2,295.4,million litres,12.4068
China,RTD Coffee,Supermarkets,Off-trade Volume,2024,19.7,295.4,million litres,58.19379999999999
China,RTD Coffee,Hypermarkets,Off-trade Volume,2024,8.1,295.4,million litres,23.9274
China,RTD Coffee,Discounters,Off-trade Volume,2024,0.5,295.4,million litres,1.4769999999999999
China,RTD Coffee,Warehouse Clubs,Off-trade Volume,2024,0.0,295.4,million litres,0.0
China,RTD Coffee,Food/drink/tobacco specialists,Off-trade Volume,2024,0.0,295.4,million litres,0.0
China,RTD Coffee,Small Local Grocers,Off-trade Volume,2024,42.6,295.4,million litres,125.84039999999999
China,RTD Coffee,Non-Grocery Retailers,Off-trade Volume,2024,0.0,295.4,million litres,0.0
China,RTD Coffee,General Merchandise Stores,Off-trade Volume,2024,0.0,295.4,million litres,0.0
China,RTD Coffee,Apparel and Footwear Specialists,Off-trade Volume,2024,0.0,295.4,million litres,0.0
China,RTD Coffee,Appliances and Electronics Specialists,Off-trade Volume,2024,0.0,295.4,million litres,0.0
China,RTD Coffee,Home Products Specialists,Off-trade Volume,2024,0.0,295.4,million litres,0.0
China,RTD Coffee,Health and Beauty Specialists,Off-trade Volume,2024,0.0,295.4,million litres,0.0
China,RTD Coffee,Leisure and Personal Goods Specialists,Off-trade Volume,2024,0.0,295.4,million litres,0.0
China,RTD Coffee,Other Non-Grocery Retailers,Off-trade Volume,2024,0.0,295.4,million litres,0.0
China,RTD Coffee,Vending,Off-trade Volume,2024,2.7,295.4,million litres,7.9758000000000004
China,RTD Coffee,Direct Selling,Off-trade Volume,2024,0.0,295.4,million litres,0.0
China,RTD Coffee,Retail E-Commerce,Off-trade Volume,2024,5.9,295.4,million litres,17.4286
India,Coffee,Retail Channels,Retail Volume,2024,100.0,97341.5,Tonnes,97341.5
India,Coffee,Retail Offline,Retail Volume,2024,94.6,97341.5,Tonnes,92085.059
India,Coffee,Grocery Retailers,Retail Volume,2024,94.6,97341.5,Tonnes,92085.059
India,Coffee,Convenience Retailers,Retail Volume,2024,1.6,97341.5,Tonnes,1557.464
India,Coffee,Convenience Stores,Retail Volume,2024,1.5,97341.5,Tonnes,1460.1225
India,Coffee,Forecourt Retailers,Retail Volume,2024,0.1,97341.5,Tonnes,97.3415
India,Coffee,Supermarkets,Retail Volume,2024,9.1,97341.5,Tonnes,8858.0765
India,Coffee,Hypermarkets,Retail Volume,2024,7.1,97341.5,Tonnes,6911.246499999999
India,Coffee,Discounters,Retail Volume,2024,0.0,97341.5,Tonnes,0.0
India,Coffee,Warehouse Clubs,Retail Volume,2024,0.0,97341.5,Tonnes,0.0
India,Coffee,Food/drink/tobacco specialists,Retail Volume,2024,0.0,97341.5,Tonnes,0.0
India,Coffee,Small Local Grocers,Retail Volume,2024,76.8,97341.5,Tonnes,74758.272
India,Coffee,Non-Grocery Retailers,Retail Volume,2024,0.0,97341.5,Tonnes,0.0
India,Coffee,General Merchandise Stores,Retail Volume,2024,0.0,97341.5,Tonnes,0.0
India,Coffee,Apparel and Footwear Specialists,Retail Volume,2024,0.0,97341.5,Tonnes,0.0
India,Coffee,Appliances and Electronics Specialists,Retail Volume,2024,0.0,97341.5,Tonnes,0.0
India,Coffee,Home Products Specialists,Retail Volume,2024,0.0,97341.5,Tonnes,0.0
India,Coffee,Health and Beauty Specialists,Retail Volume,2024,0.0,97341.5,Tonnes,0.0
India,Coffee,Leisure and Personal Goods Specialists,Retail Volume,2024,0.0,97341.5,Tonnes,0.0
India,Coffee,Other Non-Grocery Retailers,Retail Volume,2024,0.0,97341.5,Tonnes,0.0
India,Coffee,Vending,Retail Volume,2024,0.0,97341.5,Tonnes,0.0
India,Coffee,Direct Selling,Retail Volume,2024,0.0,97341.5,Tonnes,0.0
India,Coffee,Retail E-Commerce,Retail Volume,2024,5.4,97341.5,Tonnes,5256.441000000001
India,RTD Coffee,Retail Channels,Off-trade Volume,2024,0.0,,million litres,
India,RTD Coffee,Retail Offline,Off-trade Volume,2024,0.0,,million litres,
India,RTD Coffee,Grocery Retailers,Off-trade Volume,2024,0.0,,million litres,
India,RTD Coffee,Convenience Retailers,Off-trade Volume,2024,0.0,,million litres,
India,RTD Coffee,Convenience Stores,Off-trade Volume,2024,0.0,,million litres,
India,RTD Coffee,Forecourt Retailers,Off-trade Volume,2024,0.0,,million litres,
India,RTD Coffee,Supermarkets,Off-trade Volume,2024,0.0,,million litres,
India,RTD Coffee,Hypermarkets,Off-trade Volume,2024,0.0,,million litres,
India,RTD Coffee,Discounters,Off-trade Volume,2024,0.0,,million litres,
India,RTD Coffee,Warehouse Clubs,Off-trade Volume,2024,0.0,,million litres,
India,RTD Coffee,Food/drink/tobacco specialists,Off-trade Volume,2024,0.0,,million litres,
India,RTD Coffee,Small Local Grocers,Off-trade Volume,2024,0.0,,million litres,
India,RTD Coffee,Non-Grocery Retailers,Off-trade Volume,2024,0.0,,million litres,
India,RTD Coffee,General Merchandise Stores,Off-trade Volume,2024,0.0,,million litres,
India,RTD Coffee,Apparel and Footwear Specialists,Off-trade Volume,2024,0.0,,million litres,
India,RTD Coffee,Appliances and Electronics Specialists,Off-trade Volume,2024,0.0,,million litres,
India,RTD Coffee,Home Products Specialists,Off-trade Volume,2024,0.0,,million litres,
India,RTD Coffee,Health and Beauty Specialists,Off-trade Volume,2024,0.0,,million litres,
India,RTD Coffee,Leisure and Personal Goods Specialists,Off-trade Volume,2024,0.0,,million litres,
India,RTD Coffee,Other Non-Grocery Retailers,Off-trade Volume,2024,0.0,,million litres,
India,RTD Coffee,Vending,Off-trade Volume,2024,0.0,,million litres,
India,RTD Coffee,Direct Selling,Off-trade Volume,2024,0.0,,million litres,
India,RTD Coffee,Retail E-Commerce,Off-trade Volume,2024,0.0,,million litres,
Japan,Coffee,Retail Channels,Retail Volume,2024,100.0,108136.7,Tonnes,108136.7
Japan,Coffee,Retail Offline,Retail Volume,2024,87.9,108136.7,Tonnes,95052.1593
Japan,Coffee,Grocery Retailers,Retail Volume,2024,67.9,108136.7,Tonnes,73424.8193
Japan,Coffee,Convenience Retailers,Retail Volume,2024,2.9,108136.7,Tonnes,3135.9642999999996
Japan,Coffee,Convenience Stores,Retail Volume,2024,2.9,108136.7,Tonnes,3135.9642999999996
Japan,Coffee,Forecourt Retailers,Retail Volume,2024,0.0,108136.7,Tonnes,0.0
Japan,Coffee,Supermarkets,Retail Volume,2024,46.4,108136.7,Tonnes,50175.428799999994
Japan,Coffee,Hypermarkets,Retail Volume,2024,10.5,108136.7,Tonnes,11354.3535
Japan,Coffee,Discounters,Retail Volume,2024,0.0,108136.7,Tonnes,0.0
Japan,Coffee,Warehouse Clubs,Retail Volume,2024,2.8,108136.7,Tonnes,3027.8275999999996
Japan,Coffee,Food/drink/tobacco specialists,Retail Volume,2024,0.0,108136.7,Tonnes,0.0
Japan,Coffee,Small Local Grocers,Retail Volume,2024,5.3,108136.7,Tonnes,5731.2451
Japan,Coffee,Non-Grocery Retailers,Retail Volume,2024,19.3,108136.7,Tonnes,20870.3831
Japan,Coffee,General Merchandise Stores,Retail Volume,2024,12.6,108136.7,Tonnes,13625.2242
Japan,Coffee,Apparel and Footwear Specialists,Retail Volume,2024,0.0,108136.7,Tonnes,0.0
Japan,Coffee,Appliances and Electronics Specialists,Retail Volume,2024,0.0,108136.7,Tonnes,0.0
Japan,Coffee,Home Products Specialists,Retail Volume,2024,0.0,108136.7,Tonnes,0.0
Japan,Coffee,Health and Beauty Specialists,Retail Volume,2024,6.7,108136.7,Tonnes,7245.1589
Japan,Coffee,Leisure and Personal Goods Specialists,Retail Volume,2024,0.0,108136.7,Tonnes,0.0
Japan,Coffee,Other Non-Grocery Retailers,Retail Volume,2024,0.0,108136.7,Tonnes,0.0
Japan,Coffee,Vending,Retail Volume,2024,0.8,108136.7,Tonnes,865.0936
Japan,Coffee,Direct Selling,Retail Volume,2024,0.0,108136.7,Tonnes,0.0
Japan,Coffee,Retail E-Commerce,Retail Volume,2024,12.1,108136.7,Tonnes,13084.5407
Japan,RTD Coffee,Retail Channels,Off-trade Volume,2024,100.0,2926.1,million litres,2926.1
Japan,RTD Coffee,Retail Offline,Off-trade Volume,2024,99.0,2926.1,million litres,2896.839
Japan,RTD Coffee,Grocery Retailers,Off-trade Volume,2024,57.3,2926.1,million litres,1676.6553
Japan,RTD Coffee,Convenience Retailers,Off-trade Volume,2024,21.4,2926.1,million litres,626.1854
Japan,RTD Coffee,Convenience Stores,Off-trade Volume,2024,21.4,2926.1,million litres,626.1854
Japan,RTD Coffee,Forecourt Retailers,Off-trade Volume,2024,0.0,2926.1,million litres,0.0
Japan,RTD Coffee,Supermarkets,Off-trade Volume,2024,24.0,2926.1,million litres,702.2639999999999
Japan,RTD Coffee,Hypermarkets,Off-trade Volume,2024,6.2,2926.1,million litres,181.41819999999998
Japan,RTD Coffee,Discounters,Off-trade Volume,2024,0.0,2926.1,million litres,0.0
Japan,RTD Coffee,Warehouse Clubs,Off-trade Volume,2024,1.7,2926.1,million litres,49.743700000000004
Japan,RTD Coffee,Food/drink/tobacco specialists,Off-trade Volume,2024,0.0,2926.1,million litres,0.0
Japan,RTD Coffee,Small Local Grocers,Off-trade Volume,2024,4.1,2926.1,million litres,119.97009999999999
Japan,RTD Coffee,Non-Grocery Retailers,Off-trade Volume,2024,18.3,2926.1,million litres,535.4762999999999
Japan,RTD Coffee,General Merchandise Stores,Off-trade Volume,2024,7.4,2926.1,million litres,216.53140000000002
Japan,RTD Coffee,Apparel and Footwear Specialists,Off-trade Volume,2024,0.0,2926.1,million litres,0.0
Japan,RTD Coffee,Appliances and Electronics Specialists,Off-trade Volume,2024,0.0,2926.1,million litres,0.0
Japan,RTD Coffee,Home Products Specialists,Off-trade Volume,2024,0.0,2926.1,million litres,0.0
Japan,RTD Coffee,Health and Beauty Specialists,Off-trade Volume,2024,10.9,2926.1,million litres,318.94489999999996
Japan,RTD Coffee,Leisure and Personal Goods Specialists,Off-trade Volume,2024,0.0,2926.1,million litres,0.0
Japan,RTD Coffee,Other Non-Grocery Retailers,Off-trade Volume,2024,0.0,2926.1,million litres,0.0
Japan,RTD Coffee,Vending,Off-trade Volume,2024,23.4,2926.1,million litres,684.7073999999999
Japan,RTD Coffee,Direct Selling,Off-trade Volume,2024,0.0,2926.1,million litres,0.0
Japan,RTD Coffee,Retail E-Commerce,Off-trade Volume,2024,1.0,2926.1,million litres,29.261
Thailand,Coffee,Retail Channels,Retail Volume,2024,100.0,86288.9,Tonnes,86288.9
Thailand,Coffee,Retail Offline,Retail Volume,2024,97.0,86288.9,Tonnes,83700.233
Thailand,Coffee,Grocery Retailers,Retail Volume,2024,97.0,86288.9,Tonnes,83700.233
Thailand,Coffee,Convenience Retailers,Retail Volume,2024,29.5,86288.9,Tonnes,25455.225499999997
Thailand,Coffee,Convenience Stores,Retail Volume,2024,16.7,86288.9,Tonnes,14410.246299999997
Thailand,Coffee,Forecourt Retailers,Retail Volume,2024,12.9,86288.9,Tonnes,11131.2681
Thailand,Coffee,Supermarkets,Retail Volume,2024,7.0,86288.9,Tonnes,6040.223
Thailand,Coffee,Hypermarkets,Retail Volume,2024,24.6,86288.9,Tonnes,21227.0694
Thailand,Coffee,Discounters,Retail Volume,2024,0.0,86288.9,Tonnes,0.0
Thailand,Coffee,Warehouse Clubs,Retail Volume,2024,0.0,86288.9,Tonnes,0.0
Thailand,Coffee,Food/drink/tobacco specialists,Retail Volume,2024,0.0,86288.9,Tonnes,0.0
Thailand,Coffee,Small Local Grocers,Retail Volume,2024,35.9,86288.9,Tonnes,30977.715099999998
Thailand,Coffee,Non-Grocery Retailers,Retail Volume,2024,0.0,86288.9,Tonnes,0.0
Thailand,Coffee,General Merchandise Stores,Retail Volume,2024,0.0,86288.9,Tonnes,0.0
Thailand,Coffee,Apparel and Footwear Specialists,Retail Volume,2024,0.0,86288.9,Tonnes,0.0
Thailand,Coffee,Appliances and Electronics Specialists,Retail Volume,2024,0.0,86288.9,Tonnes,0.0
Thailand,Coffee,Home Products Specialists,Retail Volume,2024,0.0,86288.9,Tonnes,0.0
Thailand,Coffee,Health and Beauty Specialists,Retail Volume,2024,0.0,86288.9,Tonnes,0.0
Thailand,Coffee,Leisure and Personal Goods Specialists,Retail Volume,2024,0.0,86288.9,Tonnes,0.0
Thailand,Coffee,Other Non-Grocery Retailers,Retail Volume,2024,0.0,86288.9,Tonnes,0.0
Thailand,Coffee,Vending,Retail Volume,2024,0.0,86288.9,Tonnes,0.0
Thailand,Coffee,Direct Selling,Retail Volume,2024,0.0,86288.9,Tonnes,0.0
Thailand,Coffee,Retail E-Commerce,Retail Volume,2024,3.0,86288.9,Tonnes,2588.667
Thailand,RTD Coffee,Retail Channels,Off-trade Volume,2024,100.0,187.0,million litres,187.0
Thailand,RTD Coffee,Retail Offline,Off-trade Volume,2024,97.9,187.0,million litres,183.073
Thailand,RTD Coffee,Grocery Retailers,Off-trade Volume,2024,92.9,187.0,million litres,173.723
Thailand,RTD Coffee,Convenience Retailers,Off-trade Volume,2024,30.0,187.0,million litres,56.1
Thailand,RTD Coffee,Convenience Stores,Off-trade Volume,2024,18.6,187.0,million litres,34.782000000000004
Thailand,RTD Coffee,Forecourt Retailers,Off-trade Volume,2024,11.4,187.0,million litres,21.318
Thailand,RTD Coffee,Supermarkets,Off-trade Volume,2024,5.1,187.0,million litres,9.536999999999999
Thailand,RTD Coffee,Hypermarkets,Off-trade Volume,2024,22.2,187.0,million litres,41.514
Thailand,RTD Coffee,Discounters,Off-trade Volume,2024,0.0,187.0,million litres,0.0
Thailand,RTD Coffee,Warehouse Clubs,Off-trade Volume,2024,0.0,187.0,million litres,0.0
Thailand,RTD Coffee,Food/drink/tobacco specialists,Off-trade Volume,2024,0.0,187.0,million litres,0.0
Thailand,RTD Coffee,Small Local Grocers,Off-trade Volume,2024,35.5,187.0,million litres,66.38499999999999
Thailand,RTD Coffee,Non-Grocery Retailers,Off-trade Volume,2024,0.0,187.0,million litres,0.0
Thailand,RTD Coffee,General Merchandise Stores,Off-trade Volume,2024,0.0,187.0,million litres,0.0
Thailand,RTD Coffee,Apparel and Footwear Specialists,Off-trade Volume,2024,0.0,187.0,million litres,0.0
Thailand,RTD Coffee,Appliances and Electronics Specialists,Off-trade Volume,2024,0.0,187.0,million litres,0.0
Thailand,RTD Coffee,Home Products Specialists,Off-trade Volume,2024,0.0,187.0,million litres,0.0
Thailand,RTD Coffee,Health and Beauty Specialists,Off-trade Volume,2024,0.0,187.0,million litres,0.0
Thailand,RTD Coffee,Leisure and Personal Goods Specialists,Off-trade Volume,2024,0.0,187.0,million litres,0.0
Thailand,RTD Coffee,Other Non-Grocery Retailers,Off-trade Volume,2024,0.0,187.0,million litres,0.0
Thailand,RTD Coffee,Vending,Off-trade Volume,2024,5.1,187.0,million litres,9.536999999999999
Thailand,RTD Coffee,Direct Selling,Off-trade Volume,2024,0.0,187.0,million litres,0.0
Thailand,RTD Coffee,Retail E-Commerce,Off-trade Volume,2024,2.1,187.0,million litres,3.927
Australasia,Coffee,Retail Channels,Retail Volume,2024,100.0,46335.7,Tonnes,46335.7
Australasia,Coffee,Retail Offline,Retail Volume,2024,85.8,46335.7,Tonnes,39756.0306
Australasia,Coffee,Grocery Retailers,Retail Volume,2024,85.5,46335.7,Tonnes,39617.023499999996
Australasia,Coffee,Convenience Retailers,Retail Volume,2024,5.1,46335.7,Tonnes,2363.1206999999995
Australasia,Coffee,Convenience Stores,Retail Volume,2024,2.8,46335.7,Tonnes,1297.3995999999997
Australasia,Coffee,Forecourt Retailers,Retail Volume,2024,2.4,46335.7,Tonnes,1112.0568
Australasia,Coffee,Supermarkets,Retail Volume,2024,64.7,46335.7,Tonnes,29979.1979
Australasia,Coffee,Hypermarkets,Retail Volume,2024,0.0,46335.7,Tonnes,0.0
Australasia,Coffee,Discounters,Retail Volume,2024,12.4,46335.7,Tonnes,5745.6268
Australasia,Coffee,Warehouse Clubs,Retail Volume,2024,0.2,46335.7,Tonnes,92.67139999999999
Australasia,Coffee,Food/drink/tobacco specialists,Retail Volume,2024,0.0,46335.7,Tonnes,0.0
Australasia,Coffee,Small Local Grocers,Retail Volume,2024,3.1,46335.7,Tonnes,1436.4067
Australasia,Coffee,Non-Grocery Retailers,Retail Volume,2024,0.1,46335.7,Tonnes,46.335699999999996
Australasia,Coffee,General Merchandise Stores,Retail Volume,2024,0.0,46335.7,Tonnes,0.0
Australasia,Coffee,Apparel and Footwear Specialists,Retail Volume,2024,0.0,46335.7,Tonnes,0.0
Australasia,Coffee,Appliances and Electronics Specialists,Retail Volume,2024,0.0,46335.7,Tonnes,0.0
Australasia,Coffee,Home Products Specialists,Retail Volume,2024,0.0,46335.7,Tonnes,0.0
Australasia,Coffee,Health and Beauty Specialists,Retail Volume,2024,0.1,46335.7,Tonnes,46.335699999999996
Australasia,Coffee,Leisure and Personal Goods Specialists,Retail Volume,2024,0.0,46335.7,Tonnes,0.0
Australasia,Coffee,Other Non-Grocery Retailers,Retail Volume,2024,0.0,46335.7,Tonnes,0.0
Australasia,Coffee,Vending,Retail Volume,2024,0.3,46335.7,Tonnes,139.0071
Australasia,Coffee,Direct Selling,Retail Volume,2024,0.0,46335.7,Tonnes,0.0
Australasia,Coffee,Retail E-Commerce,Retail Volume,2024,14.2,46335.7,Tonnes,6579.669399999999
Australasia,RTD Coffee,Retail Channels,Off-trade Volume,2024,100.0,14.8,million litres,14.8
Australasia,RTD Coffee,Retail Offline,Off-trade Volume,2024,89.5,14.8,million litres,13.246
Australasia,RTD Coffee,Grocery Retailers,Off-trade Volume,2024,89.2,14.8,million litres,13.201600000000001
Australasia,RTD Coffee,Convenience Retailers,Off-trade Volume,2024,31.5,14.8,million litres,4.662
Australasia,RTD Coffee,Convenience Stores,Off-trade Volume,2024,5.3,14.8,million litres,0.7844
Australasia,RTD Coffee,Forecourt Retailers,Off-trade Volume,2024,26.2,14.8,million litres,3.8776
Australasia,RTD Coffee,Supermarkets,Off-trade Volume,2024,50.7,14.8,million litres,7.5036000000000005
Australasia,RTD Coffee,Hypermarkets,Off-trade Volume,2024,0.0,14.8,million litres,0.0
Australasia,RTD Coffee,Discounters,Off-trade Volume,2024,1.2,14.8,million litres,0.1776
Australasia,RTD Coffee,Warehouse Clubs,Off-trade Volume,2024,0.0,14.8,million litres,0.0
Australasia,RTD Coffee,Food/drink/tobacco specialists,Off-trade Volume,2024,0.0,14.8,million litres,0.0
Australasia,RTD Coffee,Small Local Grocers,Off-trade Volume,2024,5.8,14.8,million litres,0.8583999999999999
Australasia,RTD Coffee,Non-Grocery Retailers,Off-trade Volume,2024,0.0,14.8,million litres,0.0
Australasia,RTD Coffee,General Merchandise Stores,Off-trade Volume,2024,0.0,14.8,million litres,0.0
Australasia,RTD Coffee,Apparel and Footwear Specialists,Off-trade Volume,2024,0.0,14.8,million litres,0.0
Australasia,RTD Coffee,Appliances and Electronics Specialists,Off-trade Volume,2024,0.0,14.8,million litres,0.0
Australasia,RTD Coffee,Home Products Specialists,Off-trade Volume,2024,0.0,14.8,million litres,0.0
Australasia,RTD Coffee,Health and Beauty Specialists,Off-trade Volume,2024,0.0,14.8,million litres,0.0
Australasia,RTD Coffee,Leisure and Personal Goods Specialists,Off-trade Volume,2024,0.0,14.8,million litres,0.0
Australasia,RTD Coffee,Other Non-Grocery Retailers,Off-trade Volume,2024,0.0,14.8,million litres,0.0
Australasia,RTD Coffee,Vending,Off-trade Volume,2024,0.3,14.8,million litres,0.0444
Australasia,RTD Coffee,Direct Selling,Off-trade Volume,2024,0.0,14.8,million litres,0.0
Australasia,RTD Coffee,Retail E-Commerce,Off-trade Volume,2024,10.5,14.8,million litres,1.554
Australia,Coffee,Retail Channels,Retail Volume,2024,100.0,39313.0,Tonnes,39313.0
Australia,Coffee,Retail Offline,Retail Volume,2024,84.8,39313.0,Tonnes,33337.424
Australia,Coffee,Grocery Retailers,Retail Volume,2024,84.8,39313.0,Tonnes,33337.424
Australia,Coffee,Convenience Retailers,Retail Volume,2024,5.7,39313.0,Tonnes,2240.841
Australia,Coffee,Convenience Stores,Retail Volume,2024,3.0,39313.0,Tonnes,1179.3899999999999
Australia,Coffee,Forecourt Retailers,Retail Volume,2024,2.7,39313.0,Tonnes,1061.451
Australia,Coffee,Supermarkets,Retail Volume,2024,61.1,39313.0,Tonnes,24020.243
Australia,Coffee,Hypermarkets,Retail Volume,2024,0.0,39313.0,Tonnes,0.0
Australia,Coffee,Discounters,Retail Volume,2024,14.6,39313.0,Tonnes,5739.697999999999
Australia,Coffee,Warehouse Clubs,Retail Volume,2024,0.0,39313.0,Tonnes,0.0
Australia,Coffee,Food/drink/tobacco specialists,Retail Volume,2024,0.0,39313.0,Tonnes,0.0
Australia,Coffee,Small Local Grocers,Retail Volume,2024,3.4,39313.0,Tonnes,1336.642
Australia,Coffee,Non-Grocery Retailers,Retail Volume,2024,0.0,39313.0,Tonnes,0.0
Australia,Coffee,General Merchandise Stores,Retail Volume,2024,0.0,39313.0,Tonnes,0.0
Australia,Coffee,Apparel and Footwear Specialists,Retail Volume,2024,0.0,39313.0,Tonnes,0.0
Australia,Coffee,Appliances and Electronics Specialists,Retail Volume,2024,0.0,39313.0,Tonnes,0.0
Australia,Coffee,Home Products Specialists,Retail Volume,2024,0.0,39313.0,Tonnes,0.0
Australia,Coffee,Health and Beauty Specialists,Retail Volume,2024,0.0,39313.0,Tonnes,0.0
Australia,Coffee,Leisure and Personal Goods Specialists,Retail Volume,2024,0.0,39313.0,Tonnes,0.0
Australia,Coffee,Other Non-Grocery Retailers,Retail Volume,2024,0.0,39313.0,Tonnes,0.0
Australia,Coffee,Vending,Retail Volume,2024,0.0,39313.0,Tonnes,0.0
Australia,Coffee,Direct Selling,Retail Volume,2024,0.0,39313.0,Tonnes,0.0
Australia,Coffee,Retail E-Commerce,Retail Volume,2024,15.2,39313.0,Tonnes,5975.576
Australia,RTD Coffee,Retail Channels,Off-trade Volume,2024,100.0,13.9,million litres,13.9
Australia,RTD Coffee,Retail Offline,Off-trade Volume,2024,89.2,13.9,million litres,12.398800000000001
Australia,RTD Coffee,Grocery Retailers,Off-trade Volume,2024,88.8,13.9,million litres,12.343200000000001
Australia,RTD Coffee,Convenience Retailers,Off-trade Volume,2024,32.8,13.9,million litres,4.5592
Australia,RTD Coffee,Convenience Stores,Off-trade Volume,2024,5.3,13.9,million litres,0.7367
Australia,RTD Coffee,Forecourt Retailers,Off-trade Volume,2024,27.5,13.9,million litres,3.8225000000000002
Australia,RTD Coffee,Supermarkets,Off-trade Volume,2024,48.6,13.9,million litres,6.7554
Australia,RTD Coffee,Hypermarkets,Off-trade Volume,2024,0.0,13.9,million litres,0.0
Australia,RTD Coffee,Discounters,Off-trade Volume,2024,1.2,13.9,million litres,0.1668
Australia,RTD Coffee,Warehouse Clubs,Off-trade Volume,2024,0.0,13.9,million litres,0.0
Australia,RTD Coffee,Food/drink/tobacco specialists,Off-trade Volume,2024,0.0,13.9,million litres,0.0
Australia,RTD Coffee,Small Local Grocers,Off-trade Volume,2024,6.1,13.9,million litres,0.8479
Australia,RTD Coffee,Non-Grocery Retailers,Off-trade Volume,2024,0.0,13.9,million litres,0.0
Australia,RTD Coffee,General Merchandise Stores,Off-trade Volume,2024,0.0,13.9,million litres,0.0
Australia,RTD Coffee,Apparel and Footwear Specialists,Off-trade Volume,2024,0.0,13.9,million litres,0.0
Australia,RTD Coffee,Appliances and Electronics Specialists,Off-trade Volume,2024,0.0,13.9,million litres,0.0
Australia,RTD Coffee,Home Products Specialists,Off-trade Volume,2024,0.0,13.9,million litres,0.0
Australia,RTD Coffee,Health and Beauty Specialists,Off-trade Volume,2024,0.0,13.9,million litres,0.0
Australia,RTD Coffee,Leisure and Personal Goods Specialists,Off-trade Volume,2024,0.0,13.9,million litres,0.0
Australia,RTD Coffee,Other Non-Grocery Retailers,Off-trade Volume,2024,0.0,13.9,million litres,0.0
Australia,RTD Coffee,Vending,Off-trade Volume,2024,0.4,13.9,million litres,0.055600000000000004
Australia,RTD Coffee,Direct Selling,Off-trade Volume,2024,0.0,13.9,million litres,0.0
Australia,RTD Coffee,Retail E-Commerce,Off-trade Volume,2024,10.8,13.9,million litres,1.5012000000000003
Eastern Europe,Coffee,Retail Channels,Retail Volume,2024,100.0,514665.7,Tonnes,514665.7
Eastern Europe,Coffee,Retail Offline,Retail Volume,2024,92.9,514665.7,Tonnes,478124.4353
Eastern Europe,Coffee,Grocery Retailers,Retail Volume,2024,89.1,514665.7,Tonnes,458567.13869999995
Eastern Europe,Coffee,Convenience Retailers,Retail Volume,2024,15.2,514665.7,Tonnes,78229.1864
Eastern Europe,Coffee,Convenience Stores,Retail Volume,2024,14.3,514665.7,Tonnes,73597.19510000001
Eastern Europe,Coffee,Forecourt Retailers,Retail Volume,2024,0.9,514665.7,Tonnes,4631.991300000001
Eastern Europe,Coffee,Supermarkets,Retail Volume,2024,29.0,514665.7,Tonnes,149253.05299999999
Eastern Europe,Coffee,Hypermarkets,Retail Volume,2024,13.9,514665.7,Tonnes,71538.5323
Eastern Europe,Coffee,Discounters,Retail Volume,2024,16.4,514665.7,Tonnes,84405.1748
Eastern Europe,Coffee,Warehouse Clubs,Retail Volume,2024,0.0,514665.7,Tonnes,0.0
Eastern Europe,Coffee,Food/drink/tobacco specialists,Retail Volume,2024,2.1,514665.7,Tonnes,10807.979700000002
Eastern Europe,Coffee,Small Local Grocers,Retail Volume,2024,12.6,514665.7,Tonnes,64847.8782
Eastern Europe,Coffee,Non-Grocery Retailers,Retail Volume,2024,0.5,514665.7,Tonnes,2573.3285
Eastern Europe,Coffee,General Merchandise Stores,Retail Volume,2024,0.2,514665.7,Tonnes,1029.3314
Eastern Europe,Coffee,Apparel and Footwear Specialists,Retail Volume,2024,0.0,514665.7,Tonnes,0.0
Eastern Europe,Coffee,Appliances and Electronics Specialists,Retail Volume,2024,0.0,514665.7,Tonnes,0.0
Eastern Europe,Coffee,Home Products Specialists,Retail Volume,2024,0.0,514665.7,Tonnes,0.0
Eastern Europe,Coffee,Health and Beauty Specialists,Retail Volume,2024,0.4,514665.7,Tonnes,2058.6628
Eastern Europe,Coffee,Leisure and Personal Goods Specialists,Retail Volume,2024,0.0,514665.7,Tonnes,0.0
Eastern Europe,Coffee,Other Non-Grocery Retailers,Retail Volume,2024,0.0,514665.7,Tonnes,0.0
Eastern Europe,Coffee,Vending,Retail Volume,2024,3.2,514665.7,Tonnes,16469.3024
Eastern Europe,Coffee,Direct Selling,Retail Volume,2024,0.0,514665.7,Tonnes,0.0
Eastern Europe,Coffee,Retail E-Commerce,Retail Volume,2024,7.1,514665.7,Tonnes,36541.2647
Eastern Europe,RTD Coffee,Retail Channels,Off-trade Volume,2024,100.0,50.0,million litres,50.0
Eastern Europe,RTD Coffee,Retail Offline,Off-trade Volume,2024,98.1,50.0,million litres,49.05
Eastern Europe,RTD Coffee,Grocery Retailers,Off-trade Volume,2024,96.4,50.0,million litres,48.2
Eastern Europe,RTD Coffee,Convenience Retailers,Off-trade Volume,2024,36.6,50.0,million litres,18.3
Eastern Europe,RTD Coffee,Convenience Stores,Off-trade Volume,2024,16.8,50.0,million litres,8.4
Eastern Europe,RTD Coffee,Forecourt Retailers,Off-trade Volume,2024,19.8,50.0,million litres,9.9
Eastern Europe,RTD Coffee,Supermarkets,Off-trade Volume,2024,17.0,50.0,million litres,8.5
Eastern Europe,RTD Coffee,Hypermarkets,Off-trade Volume,2024,19.7,50.0,million litres,9.85
Eastern Europe,RTD Coffee,Discounters,Off-trade Volume,2024,17.0,50.0,million litres,8.5
Eastern Europe,RTD Coffee,Warehouse Clubs,Off-trade Volume,2024,0.0,50.0,million litres,0.0
Eastern Europe,RTD Coffee,Food/drink/tobacco specialists,Off-trade Volume,2024,1.1,50.0,million litres,0.55
Eastern Europe,RTD Coffee,Small Local Grocers,Off-trade Volume,2024,5.0,50.0,million litres,2.5
Eastern Europe,RTD Coffee,Non-Grocery Retailers,Off-trade Volume,2024,0.5,50.0,million litres,0.25
Eastern Europe,RTD Coffee,General Merchandise Stores,Off-trade Volume,2024,0.0,50.0,million litres,0.0
Eastern Europe,RTD Coffee,Apparel and Footwear Specialists,Off-trade Volume,2024,0.0,50.0,million litres,0.0
Eastern Europe,RTD Coffee,Appliances and Electronics Specialists,Off-trade Volume,2024,0.0,50.0,million litres,0.0
Eastern Europe,RTD Coffee,Home Products Specialists,Off-trade Volume,2024,0.0,50.0,million litres,0.0
Eastern Europe,RTD Coffee,Health and Beauty Specialists,Off-trade Volume,2024,0.5,50.0,million litres,0.25
Eastern Europe,RTD Coffee,Leisure and Personal Goods Specialists,Off-trade Volume,2024,0.0,50.0,million litres,0.0
Eastern Europe,RTD Coffee,Other Non-Grocery Retailers,Off-trade Volume,2024,0.0,50.0,million litres,0.0
Eastern Europe,RTD Coffee,Vending,Off-trade Volume,2024,1.2,50.0,million litres,0.6
Eastern Europe,RTD Coffee,Direct Selling,Off-trade Volume,2024,0.0,50.0,million litres,0.0
Eastern Europe,RTD Coffee,Retail E-Commerce,Off-trade Volume,2024,1.9,50.0,million litres,0.95
Latin America,Coffee,Retail Channels,Retail Volume,2024,100.0,1204409.9,Tonnes,1204409.9
Latin America,Coffee,Retail Offline,Retail Volume,2024,98.6,1204409.9,Tonnes,1187548.1613999999
Latin America,Coffee,Grocery Retailers,Retail Volume,2024,96.7,1204409.9,Tonnes,1164664.3733
Latin America,Coffee,Convenience Retailers,Retail Volume,2024,1.4,1204409.9,Tonnes,16861.738599999997
Latin America,Coffee,Convenience Stores,Retail Volume,2024,0.9,1204409.9,Tonnes,10839.6891
Latin America,Coffee,Forecourt Retailers,Retail Volume,2024,0.5,1204409.9,Tonnes,6022.0495
Latin America,Coffee,Supermarkets,Retail Volume,2024,34.2,1204409.9,Tonnes,411908.1858
Latin America,Coffee,Hypermarkets,Retail Volume,2024,25.3,1204409.9,Tonnes,304715.7047
Latin America,Coffee,Discounters,Retail Volume,2024,4.5,1204409.9,Tonnes,54198.445499999994
Latin America,Coffee,Warehouse Clubs,Retail Volume,2024,4.4,1204409.9,Tonnes,52994.0356
Latin America,Coffee,Food/drink/tobacco specialists,Retail Volume,2024,0.1,1204409.9,Tonnes,1204.4098999999999
Latin America,Coffee,Small Local Grocers,Retail Volume,2024,26.9,1204409.9,Tonnes,323986.2630999999
Latin America,Coffee,Non-Grocery Retailers,Retail Volume,2024,1.7,1204409.9,Tonnes,20474.9683
Latin America,Coffee,General Merchandise Stores,Retail Volume,2024,1.5,1204409.9,Tonnes,18066.1485
Latin America,Coffee,Apparel and Footwear Specialists,Retail Volume,2024,0.0,1204409.9,Tonnes,0.0
Latin America,Coffee,Appliances and Electronics Specialists,Retail Volume,2024,0.0,1204409.9,Tonnes,0.0
Latin America,Coffee,Home Products Specialists,Retail Volume,2024,0.0,1204409.9,Tonnes,0.0
Latin America,Coffee,Health and Beauty Specialists,Retail Volume,2024,0.1,1204409.9,Tonnes,1204.4098999999999
Latin America,Coffee,Leisure and Personal Goods Specialists,Retail Volume,2024,0.0,1204409.9,Tonnes,0.0
Latin America,Coffee,Other Non-Grocery Retailers,Retail Volume,2024,0.0,1204409.9,Tonnes,0.0
Latin America,Coffee,Vending,Retail Volume,2024,0.1,1204409.9,Tonnes,1204.4098999999999
Latin America,Coffee,Direct Selling,Retail Volume,2024,0.2,1204409.9,Tonnes,2408.8197999999998
Latin America,Coffee,Retail E-Commerce,Retail Volume,2024,1.4,1204409.9,Tonnes,16861.738599999997
Latin America,RTD Coffee,Retail Channels,Off-trade Volume,2024,100.0,24.0,million litres,24.0
Latin America,RTD Coffee,Retail Offline,Off-trade Volume,2024,99.8,24.0,million litres,23.951999999999998
Latin America,RTD Coffee,Grocery Retailers,Off-trade Volume,2024,98.7,24.0,million litres,23.688
Latin America,RTD Coffee,Convenience Retailers,Off-trade Volume,2024,16.3,24.0,million litres,3.912
Latin America,RTD Coffee,Convenience Stores,Off-trade Volume,2024,8.8,24.0,million litres,2.112
Latin America,RTD Coffee,Forecourt Retailers,Off-trade Volume,2024,7.5,24.0,million litres,1.7999999999999998
Latin America,RTD Coffee,Supermarkets,Off-trade Volume,2024,28.9,24.0,million litres,6.936
Latin America,RTD Coffee,Hypermarkets,Off-trade Volume,2024,9.7,24.0,million litres,2.328
Latin America,RTD Coffee,Discounters,Off-trade Volume,2024,2.3,24.0,million litres,0.552
Latin America,RTD Coffee,Warehouse Clubs,Off-trade Volume,2024,0.7,24.0,million litres,0.16799999999999998
Latin America,RTD Coffee,Food/drink/tobacco specialists,Off-trade Volume,2024,0.5,24.0,million litres,0.12
Latin America,RTD Coffee,Small Local Grocers,Off-trade Volume,2024,40.4,24.0,million litres,9.696
Latin America,RTD Coffee,Non-Grocery Retailers,Off-trade Volume,2024,1.1,24.0,million litres,0.264
Latin America,RTD Coffee,General Merchandise Stores,Off-trade Volume,2024,0.2,24.0,million litres,0.048
Latin America,RTD Coffee,Apparel and Footwear Specialists,Off-trade Volume,2024,0.0,24.0,million litres,0.0
Latin America,RTD Coffee,Appliances and Electronics Specialists,Off-trade Volume,2024,0.0,24.0,million litres,0.0
Latin America,RTD Coffee,Home Products Specialists,Off-trade Volume,2024,0.0,24.0,million litres,0.0
Latin America,RTD Coffee,Health and Beauty Specialists,Off-trade Volume,2024,0.9,24.0,million litres,0.21600000000000003
Latin America,RTD Coffee,Leisure and Personal Goods Specialists,Off-trade Volume,2024,0.0,24.0,million litres,0.0
Latin America,RTD Coffee,Other Non-Grocery Retailers,Off-trade Volume,2024,0.0,24.0,million litres,0.0
Latin America,RTD Coffee,Vending,Off-trade Volume,2024,0.0,24.0,million litres,0.0
Latin America,RTD Coffee,Direct Selling,Off-trade Volume,2024,0.0,24.0,million litres,0.0
Latin America,RTD Coffee,Retail E-Commerce,Off-trade Volume,2024,0.2,24.0,million litres,0.048
Brazil,Coffee,Retail Channels,Retail Volume,2024,100.0,826615.9,Tonnes,826615.9
Brazil,Coffee,Retail Offline,Retail Volume,2024,99.4,826615.9,Tonnes,821656.2046
Brazil,Coffee,Grocery Retailers,Retail Volume,2024,97.0,826615.9,Tonnes,801817.423
Brazil,Coffee,Convenience Retailers,Retail Volume,2024,1.0,826615.9,Tonnes,8266.159
Brazil,Coffee,Convenience Stores,Retail Volume,2024,0.4,826615.9,Tonnes,3306.4636
Brazil,Coffee,Forecourt Retailers,Retail Volume,2024,0.6,826615.9,Tonnes,4959.6954000000005
Brazil,Coffee,Supermarkets,Retail Volume,2024,40.2,826615.9,Tonnes,332299.59180000005
Brazil,Coffee,Hypermarkets,Retail Volume,2024,29.7,826615.9,Tonnes,245504.9223
Brazil,Coffee,Discounters,Retail Volume,2024,0.3,826615.9,Tonnes,2479.8477000000003
Brazil,Coffee,Warehouse Clubs,Retail Volume,2024,6.0,826615.9,Tonnes,49596.954
Brazil,Coffee,Food/drink/tobacco specialists,Retail Volume,2024,0.0,826615.9,Tonnes,0.0
Brazil,Coffee,Small Local Grocers,Retail Volume,2024,19.8,826615.9,Tonnes,163669.9482
Brazil,Coffee,Non-Grocery Retailers,Retail Volume,2024,2.1,826615.9,Tonnes,17358.9339
Brazil,Coffee,General Merchandise Stores,Retail Volume,2024,2.1,826615.9,Tonnes,17358.9339
Brazil,Coffee,Apparel and Footwear Specialists,Retail Volume,2024,0.0,826615.9,Tonnes,0.0
Brazil,Coffee,Appliances and Electronics Specialists,Retail Volume,2024,0.0,826615.9,Tonnes,0.0
Brazil,Coffee,Home Products Specialists,Retail Volume,2024,0.0,826615.9,Tonnes,0.0
Brazil,Coffee,Health and Beauty Specialists,Retail Volume,2024,0.0,826615.9,Tonnes,0.0
Brazil,Coffee,Leisure and Personal Goods Specialists,Retail Volume,2024,0.0,826615.9,Tonnes,0.0
Brazil,Coffee,Other Non-Grocery Retailers,Retail Volume,2024,0.0,826615.9,Tonnes,0.0
Brazil,Coffee,Vending,Retail Volume,2024,0.0,826615.9,Tonnes,0.0
Brazil,Coffee,Direct Selling,Retail Volume,2024,0.3,826615.9,Tonnes,2479.8477000000003
Brazil,Coffee,Retail E-Commerce,Retail Volume,2024,0.6,826615.9,Tonnes,4959.6954000000005
Brazil,RTD Coffee,Retail Channels,Off-trade Volume,2024,100.0,1.2,million litres,1.2
Brazil,RTD Coffee,Retail Offline,Off-trade Volume,2024,100.0,1.2,million litres,1.2
Brazil,RTD Coffee,Grocery Retailers,Off-trade Volume,2024,98.9,1.2,million litres,1.1868
Brazil,RTD Coffee,Convenience Retailers,Off-trade Volume,2024,53.6,1.2,million litres,0.6432
Brazil,RTD Coffee,Convenience Stores,Off-trade Volume,2024,2.1,1.2,million litres,0.0252
Brazil,RTD Coffee,Forecourt Retailers,Off-trade Volume,2024,51.4,1.2,million litres,0.6168
Brazil,RTD Coffee,Supermarkets,Off-trade Volume,2024,18.1,1.2,million litres,0.21720000000000003
Brazil,RTD Coffee,Hypermarkets,Off-trade Volume,2024,12.2,1.2,million litres,0.1464
Brazil,RTD Coffee,Discounters,Off-trade Volume,2024,0.0,1.2,million litres,0.0
Brazil,RTD Coffee,Warehouse Clubs,Off-trade Volume,2024,3.2,1.2,million litres,0.0384
Brazil,RTD Coffee,Food/drink/tobacco specialists,Off-trade Volume,2024,0.0,1.2,million litres,0.0
Brazil,RTD Coffee,Small Local Grocers,Off-trade Volume,2024,11.9,1.2,million litres,0.1428
Brazil,RTD Coffee,Non-Grocery Retailers,Off-trade Volume,2024,1.1,1.2,million litres,0.013200000000000002
Brazil,RTD Coffee,General Merchandise Stores,Off-trade Volume,2024,1.1,1.2,million litres,0.013200000000000002
Brazil,RTD Coffee,Apparel and Footwear Specialists,Off-trade Volume,2024,0.0,1.2,million litres,0.0
Brazil,RTD Coffee,Appliances and Electronics Specialists,Off-trade Volume,2024,0.0,1.2,million litres,0.0
Brazil,RTD Coffee,Home Products Specialists,Off-trade Volume,2024,0.0,1.2,million litres,0.0
Brazil,RTD Coffee,Health and Beauty Specialists,Off-trade Volume,2024,0.0,1.2,million litres,0.0
Brazil,RTD Coffee,Leisure and Personal Goods Specialists,Off-trade Volume,2024,0.0,1.2,million litres,0.0
Brazil,RTD Coffee,Other Non-Grocery Retailers,Off-trade Volume,2024,0.0,1.2,million litres,0.0
Brazil,RTD Coffee,Vending,Off-trade Volume,2024,0.0,1.2,million litres,0.0
Brazil,RTD Coffee,Direct Selling,Off-trade Volume,2024,0.0,1.2,million litres,0.0
Brazil,RTD Coffee,Retail E-Commerce,Off-trade Volume,2024,0.0,1.2,million litres,0.0
Middle East and Africa,Coffee,Retail Channels,Retail Volume,2024,100.0,642228.5,Tonnes,642228.5
Middle East and Africa,Coffee,Retail Offline,Retail Volume,2024,98.2,642228.5,Tonnes,630668.387
Middle East and Africa,Coffee,Grocery Retailers,Retail Volume,2024,96.7,642228.5,Tonnes,621034.9595
Middle East and Africa,Coffee,Convenience Retailers,Retail Volume,2024,4.9,642228.5,Tonnes,31469.196500000002
Middle East and Africa,Coffee,Convenience Stores,Retail Volume,2024,3.2,642228.5,Tonnes,20551.312
Middle East and Africa,Coffee,Forecourt Retailers,Retail Volume,2024,1.7,642228.5,Tonnes,10917.8845
Middle East and Africa,Coffee,Supermarkets,Retail Volume,2024,29.5,642228.5,Tonnes,189457.4075
Middle East and Africa,Coffee,Hypermarkets,Retail Volume,2024,7.5,642228.5,Tonnes,48167.1375
Middle East and Africa,Coffee,Discounters,Retail Volume,2024,2.2,642228.5,Tonnes,14129.027000000002
Middle East and Africa,Coffee,Warehouse Clubs,Retail Volume,2024,0.0,642228.5,Tonnes,0.0
Middle East and Africa,Coffee,Food/drink/tobacco specialists,Retail Volume,2024,7.9,642228.5,Tonnes,50736.0515
Middle East and Africa,Coffee,Small Local Grocers,Retail Volume,2024,44.7,642228.5,Tonnes,287076.1395
Middle East and Africa,Coffee,Non-Grocery Retailers,Retail Volume,2024,1.2,642228.5,Tonnes,7706.742
Middle East and Africa,Coffee,General Merchandise Stores,Retail Volume,2024,0.0,642228.5,Tonnes,0.0
Middle East and Africa,Coffee,Apparel and Footwear Specialists,Retail Volume,2024,0.0,642228.5,Tonnes,0.0
Middle East and Africa,Coffee,Appliances and Electronics Specialists,Retail Volume,2024,0.0,642228.5,Tonnes,0.0
Middle East and Africa,Coffee,Home Products Specialists,Retail Volume,2024,0.0,642228.5,Tonnes,0.0
Middle East and Africa,Coffee,Health and Beauty Specialists,Retail Volume,2024,0.0,642228.5,Tonnes,0.0
Middle East and Africa,Coffee,Leisure and Personal Goods Specialists,Retail Volume,2024,0.0,642228.5,Tonnes,0.0
Middle East and Africa,Coffee,Other Non-Grocery Retailers,Retail Volume,2024,1.2,642228.5,Tonnes,7706.742
Middle East and Africa,Coffee,Vending,Retail Volume,2024,0.2,642228.5,Tonnes,1284.457
Middle East and Africa,Coffee,Direct Selling,Retail Volume,2024,0.1,642228.5,Tonnes,642.2285
Middle East and Africa,Coffee,Retail E-Commerce,Retail Volume,2024,1.8,642228.5,Tonnes,11560.113000000001
Middle East and Africa,RTD Coffee,Retail Channels,Off-trade Volume,2024,100.0,49.8,million litres,49.8
Middle East and Africa,RTD Coffee,Retail Offline,Off-trade Volume,2024,97.9,49.8,million litres,48.754200000000004
Middle East and Africa,RTD Coffee,Grocery Retailers,Off-trade Volume,2024,97.4,49.8,million litres,48.5052
Middle East and Africa,RTD Coffee,Convenience Retailers,Off-trade Volume,2024,32.7,49.8,million litres,16.2846
Middle East and Africa,RTD Coffee,Convenience Stores,Off-trade Volume,2024,3.9,49.8,million litres,1.9422
Middle East and Africa,RTD Coffee,Forecourt Retailers,Off-trade Volume,2024,28.8,49.8,million litres,14.342400000000001
Middle East and Africa,RTD Coffee,Supermarkets,Off-trade Volume,2024,16.5,49.8,million litres,8.217
Middle East and Africa,RTD Coffee,Hypermarkets,Off-trade Volume,2024,17.0,49.8,million litres,8.466
Middle East and Africa,RTD Coffee,Discounters,Off-trade Volume,2024,0.9,49.8,million litres,0.44820000000000004
Middle East and Africa,RTD Coffee,Warehouse Clubs,Off-trade Volume,2024,0.1,49.8,million litres,0.0498
Middle East and Africa,RTD Coffee,Food/drink/tobacco specialists,Off-trade Volume,2024,0.5,49.8,million litres,0.249
Middle East and Africa,RTD Coffee,Small Local Grocers,Off-trade Volume,2024,29.7,49.8,million litres,14.790599999999998
Middle East and Africa,RTD Coffee,Non-Grocery Retailers,Off-trade Volume,2024,0.4,49.8,million litres,0.1992
Middle East and Africa,RTD Coffee,General Merchandise Stores,Off-trade Volume,2024,0.0,49.8,million litres,0.0
Middle East and Africa,RTD Coffee,Apparel and Footwear Specialists,Off-trade Volume,2024,0.0,49.8,million litres,0.0
Middle East and Africa,RTD Coffee,Appliances and Electronics Specialists,Off-trade Volume,2024,0.0,49.8,million litres,0.0
Middle East and Africa,RTD Coffee,Home Products Specialists,Off-trade Volume,2024,0.0,49.8,million litres,0.0
Middle East and Africa,RTD Coffee,Health and Beauty Specialists,Off-trade Volume,2024,0.4,49.8,million litres,0.1992
Middle East and Africa,RTD Coffee,Leisure and Personal Goods Specialists,Off-trade Volume,2024,0.0,49.8,million litres,0.0
Middle East and Africa,RTD Coffee,Other Non-Grocery Retailers,Off-trade Volume,2024,0.0,49.8,million litres,0.0
Middle East and Africa,RTD Coffee,Vending,Off-trade Volume,2024,0.0,49.8,million litres,0.0
Middle East and Africa,RTD Coffee,Direct Selling,Off-trade Volume,2024,0.1,49.8,million litres,0.0498
Middle East and Africa,RTD Coffee,Retail E-Commerce,Off-trade Volume,2024,2.1,49.8,million litres,1.0458
North America,Coffee,Retail Channels,Retail Volume,2024,100.0,814999.9,Tonnes,814999.9
North America,Coffee,Retail Offline,Retail Volume,2024,74.7,814999.9,Tonnes,608804.9253
North America,Coffee,Grocery Retailers,Retail Volume,2024,72.6,814999.9,Tonnes,591689.9274
North America,Coffee,Convenience Retailers,Retail Volume,2024,1.3,814999.9,Tonnes,10594.998700000002
North America,Coffee,Convenience Stores,Retail Volume,2024,0.2,814999.9,Tonnes,1629.9998
North America,Coffee,Forecourt Retailers,Retail Volume,2024,1.0,814999.9,Tonnes,8149.999000000001
North America,Coffee,Supermarkets,Retail Volume,2024,23.9,814999.9,Tonnes,194784.9761
North America,Coffee,Hypermarkets,Retail Volume,2024,19.8,814999.9,Tonnes,161369.98020000002
North America,Coffee,Discounters,Retail Volume,2024,3.1,814999.9,Tonnes,25264.996900000002
North America,Coffee,Warehouse Clubs,Retail Volume,2024,3.8,814999.9,Tonnes,30969.9962
North America,Coffee,Food/drink/tobacco specialists,Retail Volume,2024,4.2,814999.9,Tonnes,34229.995800000004
North America,Coffee,Small Local Grocers,Retail Volume,2024,16.5,814999.9,Tonnes,134474.9835
North America,Coffee,Non-Grocery Retailers,Retail Volume,2024,1.9,814999.9,Tonnes,15484.9981
North America,Coffee,General Merchandise Stores,Retail Volume,2024,1.2,814999.9,Tonnes,9779.998800000001
North America,Coffee,Apparel and Footwear Specialists,Retail Volume,2024,0.0,814999.9,Tonnes,0.0
North America,Coffee,Appliances and Electronics Specialists,Retail Volume,2024,0.0,814999.9,Tonnes,0.0
North America,Coffee,Home Products Specialists,Retail Volume,2024,0.0,814999.9,Tonnes,0.0
North America,Coffee,Health and Beauty Specialists,Retail Volume,2024,0.7,814999.9,Tonnes,5704.9992999999995
North America,Coffee,Leisure and Personal Goods Specialists,Retail Volume,2024,0.0,814999.9,Tonnes,0.0
North America,Coffee,Other Non-Grocery Retailers,Retail Volume,2024,0.0,814999.9,Tonnes,0.0
North America,Coffee,Vending,Retail Volume,2024,0.0,814999.9,Tonnes,0.0
North America,Coffee,Direct Selling,Retail Volume,2024,0.1,814999.9,Tonnes,814.9999
North America,Coffee,Retail E-Commerce,Retail Volume,2024,25.3,814999.9,Tonnes,206194.97470000002
North America,RTD Coffee,Retail Channels,Off-trade Volume,2024,100.0,879.3,million litres,879.3
North America,RTD Coffee,Retail Offline,Off-trade Volume,2024,86.3,879.3,million litres,758.8358999999999
North America,RTD Coffee,Grocery Retailers,Off-trade Volume,2024,79.2,879.3,million litres,696.4056
North America,RTD Coffee,Convenience Retailers,Off-trade Volume,2024,23.6,879.3,million litres,207.5148
North America,RTD Coffee,Convenience Stores,Off-trade Volume,2024,5.5,879.3,million litres,48.3615
North America,RTD Coffee,Forecourt Retailers,Off-trade Volume,2024,18.1,879.3,million litres,159.1533
North America,RTD Coffee,Supermarkets,Off-trade Volume,2024,20.1,879.3,million litres,176.73930000000001
North America,RTD Coffee,Hypermarkets,Off-trade Volume,2024,19.9,879.3,million litres,174.98069999999998
North America,RTD Coffee,Discounters,Off-trade Volume,2024,1.3,879.3,million litres,11.430900000000001
North America,RTD Coffee,Warehouse Clubs,Off-trade Volume,2024,10.7,879.3,million litres,94.0851
North America,RTD Coffee,Food/drink/tobacco specialists,Off-trade Volume,2024,0.0,879.3,million litres,0.0
North America,RTD Coffee,Small Local Grocers,Off-trade Volume,2024,3.6,879.3,million litres,31.6548
North America,RTD Coffee,Non-Grocery Retailers,Off-trade Volume,2024,4.7,879.3,million litres,41.3271
North America,RTD Coffee,General Merchandise Stores,Off-trade Volume,2024,3.7,879.3,million litres,32.5341
North America,RTD Coffee,Apparel and Footwear Specialists,Off-trade Volume,2024,0.0,879.3,million litres,0.0
North America,RTD Coffee,Appliances and Electronics Specialists,Off-trade Volume,2024,0.0,879.3,million litres,0.0
North America,RTD Coffee,Home Products Specialists,Off-trade Volume,2024,0.0,879.3,million litres,0.0
North America,RTD Coffee,Health and Beauty Specialists,Off-trade Volume,2024,1.0,879.3,million litres,8.793
North America,RTD Coffee,Leisure and Personal Goods Specialists,Off-trade Volume,2024,0.0,879.3,million litres,0.0
North America,RTD Coffee,Other Non-Grocery Retailers,Off-trade Volume,2024,0.0,879.3,million litres,0.0
North America,RTD Coffee,Vending,Off-trade Volume,2024,2.5,879.3,million litres,21.9825
North America,RTD Coffee,Direct Selling,Off-trade Volume,2024,0.0,879.3,million litres,0.0
North America,RTD Coffee,Retail E-Commerce,Off-trade Volume,2024,13.7,879.3,million litres,120.46409999999997
USA,Coffee,Retail Channels,Retail Volume,2024,100.0,738918.9,Tonnes,738918.9
USA,Coffee,Retail Offline,Retail Volume,2024,73.3,738918.9,Tonnes,541627.5537
USA,Coffee,Grocery Retailers,Retail Volume,2024,71.6,738918.9,Tonnes,529065.9324
USA,Coffee,Convenience Retailers,Retail Volume,2024,1.3,738918.9,Tonnes,9605.945700000002
USA,Coffee,Convenience Stores,Retail Volume,2024,0.2,738918.9,Tonnes,1477.8378
USA,Coffee,Forecourt Retailers,Retail Volume,2024,1.1,738918.9,Tonnes,8128.107900000001
USA,Coffee,Supermarkets,Retail Volume,2024,23.2,738918.9,Tonnes,171429.1848
USA,Coffee,Hypermarkets,Retail Volume,2024,20.1,738918.9,Tonnes,148522.69890000002
USA,Coffee,Discounters,Retail Volume,2024,1.8,738918.9,Tonnes,13300.540200000001
USA,Coffee,Warehouse Clubs,Retail Volume,2024,3.3,738918.9,Tonnes,24384.3237
USA,Coffee,Food/drink/tobacco specialists,Retail Volume,2024,4.7,738918.9,Tonnes,34729.1883
USA,Coffee,Small Local Grocers,Retail Volume,2024,17.2,738918.9,Tonnes,127094.0508
USA,Coffee,Non-Grocery Retailers,Retail Volume,2024,1.6,738918.9,Tonnes,11822.7024
USA,Coffee,General Merchandise Stores,Retail Volume,2024,1.1,738918.9,Tonnes,8128.107900000001
USA,Coffee,Apparel and Footwear Specialists,Retail Volume,2024,0.0,738918.9,Tonnes,0.0
USA,Coffee,Appliances and Electronics Specialists,Retail Volume,2024,0.0,738918.9,Tonnes,0.0
USA,Coffee,Home Products Specialists,Retail Volume,2024,0.0,738918.9,Tonnes,0.0
USA,Coffee,Health and Beauty Specialists,Retail Volume,2024,0.5,738918.9,Tonnes,3694.5945
USA,Coffee,Leisure and Personal Goods Specialists,Retail Volume,2024,0.0,738918.9,Tonnes,0.0
USA,Coffee,Other Non-Grocery Retailers,Retail Volume,2024,0.0,738918.9,Tonnes,0.0
USA,Coffee,Vending,Retail Volume,2024,0.0,738918.9,Tonnes,0.0
USA,Coffee,Direct Selling,Retail Volume,2024,0.2,738918.9,Tonnes,1477.8378
USA,Coffee,Retail E-Commerce,Retail Volume,2024,26.7,738918.9,Tonnes,197291.3463
USA,RTD Coffee,Retail Channels,Off-trade Volume,2024,100.0,865.3,million litres,865.3
USA,RTD Coffee,Retail Offline,Off-trade Volume,2024,86.2,865.3,million litres,745.8886
USA,RTD Coffee,Grocery Retailers,Off-trade Volume,2024,79.2,865.3,million litres,685.3176
USA,RTD Coffee,Convenience Retailers,Off-trade Volume,2024,23.7,865.3,million litres,205.07609999999997
USA,RTD Coffee,Convenience Stores,Off-trade Volume,2024,5.6,865.3,million litres,48.456799999999994
USA,RTD Coffee,Forecourt Retailers,Off-trade Volume,2024,18.2,865.3,million litres,157.4846
USA,RTD Coffee,Supermarkets,Off-trade Volume,2024,19.8,865.3,million litres,171.3294
USA,RTD Coffee,Hypermarkets,Off-trade Volume,2024,20.0,865.3,million litres,173.06
USA,RTD Coffee,Discounters,Off-trade Volume,2024,1.3,865.3,million litres,11.2489
USA,RTD Coffee,Warehouse Clubs,Off-trade Volume,2024,10.7,865.3,million litres,92.58709999999999
USA,RTD Coffee,Food/drink/tobacco specialists,Off-trade Volume,2024,0.0,865.3,million litres,0.0
USA,RTD Coffee,Small Local Grocers,Off-trade Volume,2024,3.7,865.3,million litres,32.0161
USA,RTD Coffee,Non-Grocery Retailers,Off-trade Volume,2024,4.5,865.3,million litres,38.9385
USA,RTD Coffee,General Merchandise Stores,Off-trade Volume,2024,3.7,865.3,million litres,32.0161
USA,RTD Coffee,Apparel and Footwear Specialists,Off-trade Volume,2024,0.0,865.3,million litres,0.0
USA,RTD Coffee,Appliances and Electronics Specialists,Off-trade Volume,2024,0.0,865.3,million litres,0.0
USA,RTD Coffee,Home Products Specialists,Off-trade Volume,2024,0.0,865.3,million litres,0.0
USA,RTD Coffee,Health and Beauty Specialists,Off-trade Volume,2024,0.8,865.3,million litres,6.9224
USA,RTD Coffee,Leisure and Personal Goods Specialists,Off-trade Volume,2024,0.0,865.3,million litres,0.0
USA,RTD Coffee,Other Non-Grocery Retailers,Off-trade Volume,2024,0.0,865.3,million litres,0.0
USA,RTD Coffee,Vending,Off-trade Volume,2024,2.5,865.3,million litres,21.6325
USA,RTD Coffee,Direct Selling,Off-trade Volume,2024,0.0,865.3,million litres,0.0
USA,RTD Coffee,Retail E-Commerce,Off-trade Volume,2024,13.8,865.3,million litres,119.4114
Western Europe,Coffee,Retail Channels,Retail Volume,2024,100.0,1326408.0,Tonnes,1326408.0
Western Europe,Coffee,Retail Offline,Retail Volume,2024,94.2,1326408.0,Tonnes,1249476.3360000001
Western Europe,Coffee,Grocery Retailers,Retail Volume,2024,91.6,1326408.0,Tonnes,1214989.728
Western Europe,Coffee,Convenience Retailers,Retail Volume,2024,3.3,1326408.0,Tonnes,43771.464
Western Europe,Coffee,Convenience Stores,Retail Volume,2024,3.0,1326408.0,Tonnes,39792.24
Western Europe,Coffee,Forecourt Retailers,Retail Volume,2024,0.4,1326408.0,Tonnes,5305.6320000000005
Western Europe,Coffee,Supermarkets,Retail Volume,2024,37.5,1326408.0,Tonnes,497403.0
Western Europe,Coffee,Hypermarkets,Retail Volume,2024,18.8,1326408.0,Tonnes,249364.704
Western Europe,Coffee,Discounters,Retail Volume,2024,25.0,1326408.0,Tonnes,331602.0
Western Europe,Coffee,Warehouse Clubs,Retail Volume,2024,0.0,1326408.0,Tonnes,0.0
Western Europe,Coffee,Food/drink/tobacco specialists,Retail Volume,2024,4.1,1326408.0,Tonnes,54382.727999999996
Western Europe,Coffee,Small Local Grocers,Retail Volume,2024,3.0,1326408.0,Tonnes,39792.24
Western Europe,Coffee,Non-Grocery Retailers,Retail Volume,2024,1.7,1326408.0,Tonnes,22548.936
Western Europe,Coffee,General Merchandise Stores,Retail Volume,2024,0.6,1326408.0,Tonnes,7958.448
Western Europe,Coffee,Apparel and Footwear Specialists,Retail Volume,2024,0.0,1326408.0,Tonnes,0.0
Western Europe,Coffee,Appliances and Electronics Specialists,Retail Volume,2024,0.0,1326408.0,Tonnes,0.0
Western Europe,Coffee,Home Products Specialists,Retail Volume,2024,0.0,1326408.0,Tonnes,0.0
Western Europe,Coffee,Health and Beauty Specialists,Retail Volume,2024,1.0,1326408.0,Tonnes,13264.08
Western Europe,Coffee,Leisure and Personal Goods Specialists,Retail Volume,2024,0.0,1326408.0,Tonnes,0.0
Western Europe,Coffee,Other Non-Grocery Retailers,Retail Volume,2024,0.0,1326408.0,Tonnes,0.0
Western Europe,Coffee,Vending,Retail Volume,2024,0.9,1326408.0,Tonnes,11937.672000000002
Western Europe,Coffee,Direct Selling,Retail Volume,2024,0.0,1326408.0,Tonnes,0.0
Western Europe,Coffee,Retail E-Commerce,Retail Volume,2024,5.8,1326408.0,Tonnes,76931.66399999999
Western Europe,RTD Coffee,Retail Channels,Off-trade Volume,2024,100.0,378.9,million litres,378.9
Western Europe,RTD Coffee,Retail Offline,Off-trade Volume,2024,96.4,378.9,million litres,365.25960000000003
Western Europe,RTD Coffee,Grocery Retailers,Off-trade Volume,2024,94.5,378.9,million litres,358.06049999999993
Western Europe,RTD Coffee,Convenience Retailers,Off-trade Volume,2024,13.9,378.9,million litres,52.667100000000005
Western Europe,RTD Coffee,Convenience Stores,Off-trade Volume,2024,6.5,378.9,million litres,24.6285
Western Europe,RTD Coffee,Forecourt Retailers,Off-trade Volume,2024,7.4,378.9,million litres,28.038600000000002
Western Europe,RTD Coffee,Supermarkets,Off-trade Volume,2024,44.4,378.9,million litres,168.2316
Western Europe,RTD Coffee,Hypermarkets,Off-trade Volume,2024,15.1,378.9,million litres,57.213899999999995
Western Europe,RTD Coffee,Discounters,Off-trade Volume,2024,15.4,378.9,million litres,58.35059999999999
Western Europe,RTD Coffee,Warehouse Clubs,Off-trade Volume,2024,0.0,378.9,million litres,0.0
Western Europe,RTD Coffee,Food/drink/tobacco specialists,Off-trade Volume,2024,0.2,378.9,million litres,0.7577999999999999
Western Europe,RTD Coffee,Small Local Grocers,Off-trade Volume,2024,5.6,378.9,million litres,21.218399999999995
Western Europe,RTD Coffee,Non-Grocery Retailers,Off-trade Volume,2024,1.4,378.9,million litres,5.304599999999999
Western Europe,RTD Coffee,General Merchandise Stores,Off-trade Volume,2024,0.0,378.9,million litres,0.0
Western Europe,RTD Coffee,Apparel and Footwear Specialists,Off-trade Volume,2024,0.0,378.9,million litres,0.0
Western Europe,RTD Coffee,Appliances and Electronics Specialists,Off-trade Volume,2024,0.0,378.9,million litres,0.0
Western Europe,RTD Coffee,Home Products Specialists,Off-trade Volume,2024,0.0,378.9,million litres,0.0
Western Europe,RTD Coffee,Health and Beauty Specialists,Off-trade Volume,2024,1.4,378.9,million litres,5.304599999999999
Western Europe,RTD Coffee,Leisure and Personal Goods Specialists,Off-trade Volume,2024,0.0,378.9,million litres,0.0
Western Europe,RTD Coffee,Other Non-Grocery Retailers,Off-trade Volume,2024,0.0,378.9,million litres,0.0
Western Europe,RTD Coffee,Vending,Off-trade Volume,2024,0.5,378.9,million litres,1.8944999999999999
Western Europe,RTD Coffee,Direct Selling,Off-trade Volume,2024,0.0,378.9,million litres,0.0
Western Europe,RTD Coffee,Retail E-Commerce,Off-trade Volume,2024,3.6,378.9,million litres,13.640400000000001
France,Coffee,Retail Channels,Retail Volume,2024,100.0,180283.2,Tonnes,180283.2
France,Coffee,Retail Offline,Retail Volume,2024,86.0,180283.2,Tonnes,155043.552
France,Coffee,Grocery Retailers,Retail Volume,2024,84.9,180283.2,Tonnes,153060.43680000002
France,Coffee,Convenience Retailers,Retail Volume,2024,1.4,180283.2,Tonnes,2523.9647999999997
France,Coffee,Convenience Stores,Retail Volume,2024,1.4,180283.2,Tonnes,2523.9647999999997
France,Coffee,Forecourt Retailers,Retail Volume,2024,0.0,180283.2,Tonnes,0.0
France,Coffee,Supermarkets,Retail Volume,2024,22.5,180283.2,Tonnes,40563.72
France,Coffee,Hypermarkets,Retail Volume,2024,29.4,180283.2,Tonnes,53003.260800000004
France,Coffee,Discounters,Retail Volume,2024,13.5,180283.2,Tonnes,24338.232000000004
France,Coffee,Warehouse Clubs,Retail Volume,2024,0.0,180283.2,Tonnes,0.0
France,Coffee,Food/drink/tobacco specialists,Retail Volume,2024,17.3,180283.2,Tonnes,31188.993600000005
France,Coffee,Small Local Grocers,Retail Volume,2024,0.8,180283.2,Tonnes,1442.2656000000002
France,Coffee,Non-Grocery Retailers,Retail Volume,2024,0.6,180283.2,Tonnes,1081.6992
France,Coffee,General Merchandise Stores,Retail Volume,2024,0.0,180283.2,Tonnes,0.0
France,Coffee,Apparel and Footwear Specialists,Retail Volume,2024,0.0,180283.2,Tonnes,0.0
France,Coffee,Appliances and Electronics Specialists,Retail Volume,2024,0.0,180283.2,Tonnes,0.0
France,Coffee,Home Products Specialists,Retail Volume,2024,0.0,180283.2,Tonnes,0.0
France,Coffee,Health and Beauty Specialists,Retail Volume,2024,0.6,180283.2,Tonnes,1081.6992
France,Coffee,Leisure and Personal Goods Specialists,Retail Volume,2024,0.0,180283.2,Tonnes,0.0
France,Coffee,Other Non-Grocery Retailers,Retail Volume,2024,0.0,180283.2,Tonnes,0.0
France,Coffee,Vending,Retail Volume,2024,0.6,180283.2,Tonnes,1081.6992
France,Coffee,Direct Selling,Retail Volume,2024,0.0,180283.2,Tonnes,0.0
France,Coffee,Retail E-Commerce,Retail Volume,2024,14.0,180283.2,Tonnes,25239.648000000005
France,RTD Coffee,Retail Channels,Off-trade Volume,2024,100.0,4.8,million litres,4.8
France,RTD Coffee,Retail Offline,Off-trade Volume,2024,97.9,4.8,million litres,4.6992
France,RTD Coffee,Grocery Retailers,Off-trade Volume,2024,97.4,4.8,million litres,4.6752
France,RTD Coffee,Convenience Retailers,Off-trade Volume,2024,37.6,4.8,million litres,1.8048
France,RTD Coffee,Convenience Stores,Off-trade Volume,2024,17.3,4.8,million litres,0.8304
France,RTD Coffee,Forecourt Retailers,Off-trade Volume,2024,20.3,4.8,million litres,0.9744
France,RTD Coffee,Supermarkets,Off-trade Volume,2024,27.0,4.8,million litres,1.296
France,RTD Coffee,Hypermarkets,Off-trade Volume,2024,28.3,4.8,million litres,1.3584
France,RTD Coffee,Discounters,Off-trade Volume,2024,2.9,4.8,million litres,0.1392
France,RTD Coffee,Warehouse Clubs,Off-trade Volume,2024,0.0,4.8,million litres,0.0
France,RTD Coffee,Food/drink/tobacco specialists,Off-trade Volume,2024,0.0,4.8,million litres,0.0
France,RTD Coffee,Small Local Grocers,Off-trade Volume,2024,1.6,4.8,million litres,0.0768
France,RTD Coffee,Non-Grocery Retailers,Off-trade Volume,2024,0.0,4.8,million litres,0.0
France,RTD Coffee,General Merchandise Stores,Off-trade Volume,2024,0.0,4.8,million litres,0.0
France,RTD Coffee,Apparel and Footwear Specialists,Off-trade Volume,2024,0.0,4.8,million litres,0.0
France,RTD Coffee,Appliances and Electronics Specialists,Off-trade Volume,2024,0.0,4.8,million litres,0.0
France,RTD Coffee,Home Products Specialists,Off-trade Volume,2024,0.0,4.8,million litres,0.0
France,RTD Coffee,Health and Beauty Specialists,Off-trade Volume,2024,0.0,4.8,million litres,0.0
France,RTD Coffee,Leisure and Personal Goods Specialists,Off-trade Volume,2024,0.0,4.8,million litres,0.0
France,RTD Coffee,Other Non-Grocery Retailers,Off-trade Volume,2024,0.0,4.8,million litres,0.0
France,RTD Coffee,Vending,Off-trade Volume,2024,0.5,4.8,million litres,0.024
France,RTD Coffee,Direct Selling,Off-trade Volume,2024,0.0,4.8,million litres,0.0
France,RTD Coffee,Retail E-Commerce,Off-trade Volume,2024,2.1,4.8,million litres,0.1008
Germany,Coffee,Retail Channels,Retail Volume,2024,100.0,407680.9,Tonnes,407680.9
Germany,Coffee,Retail Offline,Retail Volume,2024,97.1,407680.9,Tonnes,395858.15390000003
Germany,Coffee,Grocery Retailers,Retail Volume,2024,94.4,407680.9,Tonnes,384850.76960000006
Germany,Coffee,Convenience Retailers,Retail Volume,2024,0.6,407680.9,Tonnes,2446.0854000000004
Germany,Coffee,Convenience Stores,Retail Volume,2024,0.4,407680.9,Tonnes,1630.7236
Germany,Coffee,Forecourt Retailers,Retail Volume,2024,0.2,407680.9,Tonnes,815.3618
Germany,Coffee,Supermarkets,Retail Volume,2024,25.8,407680.9,Tonnes,105181.67220000002
Germany,Coffee,Hypermarkets,Retail Volume,2024,16.9,407680.9,Tonnes,68898.07209999999
Germany,Coffee,Discounters,Retail Volume,2024,47.9,407680.9,Tonnes,195279.15110000002
Germany,Coffee,Warehouse Clubs,Retail Volume,2024,0.0,407680.9,Tonnes,0.0
Germany,Coffee,Food/drink/tobacco specialists,Retail Volume,2024,2.4,407680.9,Tonnes,9784.341600000002
Germany,Coffee,Small Local Grocers,Retail Volume,2024,0.8,407680.9,Tonnes,3261.4472
Germany,Coffee,Non-Grocery Retailers,Retail Volume,2024,2.5,407680.9,Tonnes,10192.022500000001
Germany,Coffee,General Merchandise Stores,Retail Volume,2024,1.3,407680.9,Tonnes,5299.851700000001
Germany,Coffee,Apparel and Footwear Specialists,Retail Volume,2024,0.0,407680.9,Tonnes,0.0
Germany,Coffee,Appliances and Electronics Specialists,Retail Volume,2024,0.0,407680.9,Tonnes,0.0
Germany,Coffee,Home Products Specialists,Retail Volume,2024,0.0,407680.9,Tonnes,0.0
Germany,Coffee,Health and Beauty Specialists,Retail Volume,2024,1.2,407680.9,Tonnes,4892.170800000001
Germany,Coffee,Leisure and Personal Goods Specialists,Retail Volume,2024,0.0,407680.9,Tonnes,0.0
Germany,Coffee,Other Non-Grocery Retailers,Retail Volume,2024,0.0,407680.9,Tonnes,0.0
Germany,Coffee,Vending,Retail Volume,2024,0.2,407680.9,Tonnes,815.3618
Germany,Coffee,Direct Selling,Retail Volume,2024,0.0,407680.9,Tonnes,0.0
Germany,Coffee,Retail E-Commerce,Retail Volume,2024,2.9,407680.9,Tonnes,11822.7461
Germany,RTD Coffee,Retail Channels,Off-trade Volume,2024,100.0,109.0,million litres,109.0
Germany,RTD Coffee,Retail Offline,Off-trade Volume,2024,98.8,109.0,million litres,107.692
Germany,RTD Coffee,Grocery Retailers,Off-trade Volume,2024,94.6,109.0,million litres,103.11399999999999
Germany,RTD Coffee,Convenience Retailers,Off-trade Volume,2024,16.0,109.0,million litres,17.44
Germany,RTD Coffee,Convenience Stores,Off-trade Volume,2024,0.1,109.0,million litres,0.109
Germany,RTD Coffee,Forecourt Retailers,Off-trade Volume,2024,15.8,109.0,million litres,17.222
Germany,RTD Coffee,Supermarkets,Off-trade Volume,2024,31.6,109.0,million litres,34.444
Germany,RTD Coffee,Hypermarkets,Off-trade Volume,2024,13.8,109.0,million litres,15.042000000000002
Germany,RTD Coffee,Discounters,Off-trade Volume,2024,27.5,109.0,million litres,29.975
Germany,RTD Coffee,Warehouse Clubs,Off-trade Volume,2024,0.0,109.0,million litres,0.0
Germany,RTD Coffee,Food/drink/tobacco specialists,Off-trade Volume,2024,0.1,109.0,million litres,0.109
Germany,RTD Coffee,Small Local Grocers,Off-trade Volume,2024,5.6,109.0,million litres,6.103999999999999
Germany,RTD Coffee,Non-Grocery Retailers,Off-trade Volume,2024,4.0,109.0,million litres,4.36
Germany,RTD Coffee,General Merchandise Stores,Off-trade Volume,2024,0.0,109.0,million litres,0.0
Germany,RTD Coffee,Apparel and Footwear Specialists,Off-trade Volume,2024,0.0,109.0,million litres,0.0
Germany,RTD Coffee,Appliances and Electronics Specialists,Off-trade Volume,2024,0.0,109.0,million litres,0.0
Germany,RTD Coffee,Home Products Specialists,Off-trade Volume,2024,0.0,109.0,million litres,0.0
Germany,RTD Coffee,Health and Beauty Specialists,Off-trade Volume,2024,4.0,109.0,million litres,4.36
Germany,RTD Coffee,Leisure and Personal Goods Specialists,Off-trade Volume,2024,0.0,109.0,million litres,0.0
Germany,RTD Coffee,Other Non-Grocery Retailers,Off-trade Volume,2024,0.0,109.0,million litres,0.0
Germany,RTD Coffee,Vending,Off-trade Volume,2024,0.3,109.0,million litres,0.327
Germany,RTD Coffee,Direct Selling,Off-trade Volume,2024,0.0,109.0,million litres,0.0
Germany,RTD Coffee,Retail E-Commerce,Off-trade Volume,2024,1.2,109.0,million litres,1.308
United Kingdom,Coffee,Retail Channels,Retail Volume,2024,100.0,75035.2,Tonnes,75035.2
United Kingdom,Coffee,Retail Offline,Retail Volume,2024,87.8,75035.2,Tonnes,65880.9056
United Kingdom,Coffee,Grocery Retailers,Retail Volume,2024,85.0,75035.2,Tonnes,63779.92
United Kingdom,Coffee,Convenience Retailers,Retail Volume,2024,5.3,75035.2,Tonnes,3976.8655999999996
United Kingdom,Coffee,Convenience Stores,Retail Volume,2024,5.0,75035.2,Tonnes,3751.76
United Kingdom,Coffee,Forecourt Retailers,Retail Volume,2024,0.2,75035.2,Tonnes,150.0704
United Kingdom,Coffee,Supermarkets,Retail Volume,2024,36.4,75035.2,Tonnes,27312.8128
United Kingdom,Coffee,Hypermarkets,Retail Volume,2024,32.3,75035.2,Tonnes,24236.369599999995
United Kingdom,Coffee,Discounters,Retail Volume,2024,8.7,75035.2,Tonnes,6528.062399999999
United Kingdom,Coffee,Warehouse Clubs,Retail Volume,2024,0.1,75035.2,Tonnes,75.0352
United Kingdom,Coffee,Food/drink/tobacco specialists,Retail Volume,2024,1.3,75035.2,Tonnes,975.4576000000001
United Kingdom,Coffee,Small Local Grocers,Retail Volume,2024,1.0,75035.2,Tonnes,750.352
United Kingdom,Coffee,Non-Grocery Retailers,Retail Volume,2024,1.9,75035.2,Tonnes,1425.6688
United Kingdom,Coffee,General Merchandise Stores,Retail Volume,2024,1.9,75035.2,Tonnes,1425.6688
United Kingdom,Coffee,Apparel and Footwear Specialists,Retail Volume,2024,0.0,75035.2,Tonnes,0.0
United Kingdom,Coffee,Appliances and Electronics Specialists,Retail Volume,2024,0.0,75035.2,Tonnes,0.0
United Kingdom,Coffee,Home Products Specialists,Retail Volume,2024,0.0,75035.2,Tonnes,0.0
United Kingdom,Coffee,Health and Beauty Specialists,Retail Volume,2024,0.0,75035.2,Tonnes,0.0
United Kingdom,Coffee,Leisure and Personal Goods Specialists,Retail Volume,2024,0.0,75035.2,Tonnes,0.0
United Kingdom,Coffee,Other Non-Grocery Retailers,Retail Volume,2024,0.0,75035.2,Tonnes,0.0
United Kingdom,Coffee,Vending,Retail Volume,2024,0.8,75035.2,Tonnes,600.2816
United Kingdom,Coffee,Direct Selling,Retail Volume,2024,0.0,75035.2,Tonnes,0.0
United Kingdom,Coffee,Retail E-Commerce,Retail Volume,2024,12.2,75035.2,Tonnes,9154.294399999999
United Kingdom,RTD Coffee,Retail Channels,Off-trade Volume,2024,100.0,68.4,million litres,68.4
United Kingdom,RTD Coffee,Retail Offline,Off-trade Volume,2024,90.9,68.4,million litres,62.17560000000001
United Kingdom,RTD Coffee,Grocery Retailers,Off-trade Volume,2024,90.1,68.4,million litres,61.6284
United Kingdom,RTD Coffee,Convenience Retailers,Off-trade Volume,2024,12.6,68.4,million litres,8.618400000000001
United Kingdom,RTD Coffee,Convenience Stores,Off-trade Volume,2024,9.5,68.4,million litres,6.498
United Kingdom,RTD Coffee,Forecourt Retailers,Off-trade Volume,2024,3.1,68.4,million litres,2.1204
United Kingdom,RTD Coffee,Supermarkets,Off-trade Volume,2024,33.2,68.4,million litres,22.708800000000004
United Kingdom,RTD Coffee,Hypermarkets,Off-trade Volume,2024,29.7,68.4,million litres,20.3148
United Kingdom,RTD Coffee,Discounters,Off-trade Volume,2024,0.0,68.4,million litres,0.0
United Kingdom,RTD Coffee,Warehouse Clubs,Off-trade Volume,2024,0.0,68.4,million litres,0.0
United Kingdom,RTD Coffee,Food/drink/tobacco specialists,Off-trade Volume,2024,0.0,68.4,million litres,0.0
United Kingdom,RTD Coffee,Small Local Grocers,Off-trade Volume,2024,14.6,68.4,million litres,9.9864
United Kingdom,RTD Coffee,Non-Grocery Retailers,Off-trade Volume,2024,0.8,68.4,million litres,0.5472
United Kingdom,RTD Coffee,General Merchandise Stores,Off-trade Volume,2024,0.0,68.4,million litres,0.0
United Kingdom,RTD Coffee,Apparel and Footwear Specialists,Off-trade Volume,2024,0.0,68.4,million litres,0.0
United Kingdom,RTD Coffee,Appliances and Electronics Specialists,Off-trade Volume,2024,0.0,68.4,million litres,0.0
United Kingdom,RTD Coffee,Home Products Specialists,Off-trade Volume,2024,0.0,68.4,million litres,0.0
United Kingdom,RTD Coffee,Health and Beauty Specialists,Off-trade Volume,2024,0.8,68.4,million litres,0.5472
United Kingdom,RTD Coffee,Leisure and Personal Goods Specialists,Off-trade Volume,2024,0.0,68.4,million litres,0.0
United Kingdom,RTD Coffee,Other Non-Grocery Retailers,Off-trade Volume,2024,0.0,68.4,million litres,0.0
United Kingdom,RTD Coffee,Vending,Off-trade Volume,2024,0.0,68.4,million litres,0.0
United Kingdom,RTD Coffee,Direct Selling,Off-trade Volume,2024,0.0,68.4,million litres,0.0
United Kingdom,RTD Coffee,Retail E-Commerce,Off-trade Volume,2024,9.1,68.4,million litres,6.2244
World,Coffee,Retail Channels,Retail Volume,2025,100.0,6175791.8,Tonnes,6175791.8
World,Coffee,Retail Offline,Retail Volume,2025,91.4,6175791.8,Tonnes,5644673.7052
World,Coffee,Grocery Retailers,Retail Volume,2025,89.2,6175791.8,Tonnes,5508806.2856
World,Coffee,Convenience Retailers,Retail Volume,2025,5.1,6175791.8,Tonnes,314965.3818
World,Coffee,Convenience Stores,Retail Volume,2025,4.3,6175791.8,Tonnes,265559.0474
World,Coffee,Forecourt Retailers,Retail Volume,2025,0.8,6175791.8,Tonnes,49406.3344
World,Coffee,Supermarkets,Retail Volume,2025,28.1,6175791.8,Tonnes,1735397.4958000001
World,Coffee,Hypermarkets,Retail Volume,2025,15.6,6175791.8,Tonnes,963423.5207999999
World,Coffee,Discounters,Retail Volume,2025,8.4,6175791.8,Tonnes,518766.5112
World,Coffee,Warehouse Clubs,Retail Volume,2025,1.4,6175791.8,Tonnes,86461.08519999999
World,Coffee,Food/drink/tobacco specialists,Retail Volume,2025,2.6,6175791.8,Tonnes,160570.58680000002
World,Coffee,Small Local Grocers,Retail Volume,2025,27.9,6175791.8,Tonnes,1723045.9121999997
World,Coffee,Non-Grocery Retailers,Retail Volume,2025,1.5,6175791.8,Tonnes,92636.877
World,Coffee,General Merchandise Stores,Retail Volume,2025,0.9,6175791.8,Tonnes,55582.126200000006
World,Coffee,Apparel and Footwear Specialists,Retail Volume,2025,0.0,6175791.8,Tonnes,0.0
World,Coffee,Appliances and Electronics Specialists,Retail Volume,2025,0.0,6175791.8,Tonnes,0.0
World,Coffee,Home Products Specialists,Retail Volume,2025,0.0,6175791.8,Tonnes,0.0
World,Coffee,Health and Beauty Specialists,Retail Volume,2025,0.5,6175791.8,Tonnes,30878.959
World,Coffee,Leisure and Personal Goods Specialists,Retail Volume,2025,0.0,6175791.8,Tonnes,0.0
World,Coffee,Other Non-Grocery Retailers,Retail Volume,2025,0.1,6175791.8,Tonnes,6175.7918
World,Coffee,Vending,Retail Volume,2025,0.5,6175791.8,Tonnes,30878.959
World,Coffee,Direct Selling,Retail Volume,2025,0.1,6175791.8,Tonnes,6175.7918
World,Coffee,Retail E-Commerce,Retail Volume,2025,8.6,6175791.8,Tonnes,531118.0948
World,RTD Coffee,Retail Channels,Off-trade Volume,2025,100.0,5667.1,million litres,5667.1
World,RTD Coffee,Retail Offline,Off-trade Volume,2025,94.5,5667.1,million litres,5355.4095
World,RTD Coffee,Grocery Retailers,Off-trade Volume,2025,71.2,5667.1,million litres,4034.9752000000008
World,RTD Coffee,Convenience Retailers,Off-trade Volume,2025,26.4,5667.1,million litres,1496.1144000000002
World,RTD Coffee,Convenience Stores,Off-trade Volume,2025,21.9,5667.1,million litres,1241.0948999999998
World,RTD Coffee,Forecourt Retailers,Off-trade Volume,2025,4.5,5667.1,million litres,255.0195
World,RTD Coffee,Supermarkets,Off-trade Volume,2025,21.5,5667.1,million litres,1218.4265
World,RTD Coffee,Hypermarkets,Off-trade Volume,2025,9.2,5667.1,million litres,521.3732
World,RTD Coffee,Discounters,Off-trade Volume,2025,1.5,5667.1,million litres,85.0065
World,RTD Coffee,Warehouse Clubs,Off-trade Volume,2025,2.6,5667.1,million litres,147.3446
World,RTD Coffee,Food/drink/tobacco specialists,Off-trade Volume,2025,0.0,5667.1,million litres,0.0
World,RTD Coffee,Small Local Grocers,Off-trade Volume,2025,10.1,5667.1,million litres,572.3771
World,RTD Coffee,Non-Grocery Retailers,Off-trade Volume,2025,10.8,5667.1,million litres,612.0468000000001
World,RTD Coffee,General Merchandise Stores,Off-trade Volume,2025,4.7,5667.1,million litres,266.3537
World,RTD Coffee,Apparel and Footwear Specialists,Off-trade Volume,2025,0.0,5667.1,million litres,0.0
World,RTD Coffee,Appliances and Electronics Specialists,Off-trade Volume,2025,0.0,5667.1,million litres,0.0
World,RTD Coffee,Home Products Specialists,Off-trade Volume,2025,0.0,5667.1,million litres,0.0
World,RTD Coffee,Health and Beauty Specialists,Off-trade Volume,2025,6.1,5667.1,million litres,345.6931
World,RTD Coffee,Leisure and Personal Goods Specialists,Off-trade Volume,2025,0.0,5667.1,million litres,0.0
World,RTD Coffee,Other Non-Grocery Retailers,Off-trade Volume,2025,0.0,5667.1,million litres,0.0
World,RTD Coffee,Vending,Off-trade Volume,2025,12.4,5667.1,million litres,702.7204
World,RTD Coffee,Direct Selling,Off-trade Volume,2025,0.0,5667.1,million litres,0.0
World,RTD Coffee,Retail E-Commerce,Off-trade Volume,2025,5.5,5667.1,million litres,311.69050000000004
Asia Pacific,Coffee,Retail Channels,Retail Volume,2025,100.0,1599384.2,Tonnes,1599384.2
Asia Pacific,Coffee,Retail Offline,Retail Volume,2025,89.8,1599384.2,Tonnes,1436247.0116
Asia Pacific,Coffee,Grocery Retailers,Retail Volume,2025,88.0,1599384.2,Tonnes,1407458.096
Asia Pacific,Coffee,Convenience Retailers,Retail Volume,2025,8.2,1599384.2,Tonnes,131149.50439999998
Asia Pacific,Coffee,Convenience Stores,Retail Volume,2025,7.3,1599384.2,Tonnes,116755.04659999999
Asia Pacific,Coffee,Forecourt Retailers,Retail Volume,2025,0.9,1599384.2,Tonnes,14394.457800000002
Asia Pacific,Coffee,Supermarkets,Retail Volume,2025,15.7,1599384.2,Tonnes,251103.3194
Asia Pacific,Coffee,Hypermarkets,Retail Volume,2025,8.2,1599384.2,Tonnes,131149.50439999998
Asia Pacific,Coffee,Discounters,Retail Volume,2025,0.1,1599384.2,Tonnes,1599.3842
Asia Pacific,Coffee,Warehouse Clubs,Retail Volume,2025,0.3,1599384.2,Tonnes,4798.1526
Asia Pacific,Coffee,Food/drink/tobacco specialists,Retail Volume,2025,0.6,1599384.2,Tonnes,9596.3052
Asia Pacific,Coffee,Small Local Grocers,Retail Volume,2025,55.0,1599384.2,Tonnes,879661.31
Asia Pacific,Coffee,Non-Grocery Retailers,Retail Volume,2025,1.6,1599384.2,Tonnes,25590.1472
Asia Pacific,Coffee,General Merchandise Stores,Retail Volume,2025,1.0,1599384.2,Tonnes,15993.842
Asia Pacific,Coffee,Apparel and Footwear Specialists,Retail Volume,2025,0.0,1599384.2,Tonnes,0.0
Asia Pacific,Coffee,Appliances and Electronics Specialists,Retail Volume,2025,0.0,1599384.2,Tonnes,0.0
Asia Pacific,Coffee,Home Products Specialists,Retail Volume,2025,0.0,1599384.2,Tonnes,0.0
Asia Pacific,Coffee,Health and Beauty Specialists,Retail Volume,2025,0.6,1599384.2,Tonnes,9596.3052
Asia Pacific,Coffee,Leisure and Personal Goods Specialists,Retail Volume,2025,0.0,1599384.2,Tonnes,0.0
Asia Pacific,Coffee,Other Non-Grocery Retailers,Retail Volume,2025,0.0,1599384.2,Tonnes,0.0
Asia Pacific,Coffee,Vending,Retail Volume,2025,0.1,1599384.2,Tonnes,1599.3842
Asia Pacific,Coffee,Direct Selling,Retail Volume,2025,0.1,1599384.2,Tonnes,1599.3842
Asia Pacific,Coffee,Retail E-Commerce,Retail Volume,2025,10.2,1599384.2,Tonnes,163137.18839999998
Asia Pacific,RTD Coffee,Retail Channels,Off-trade Volume,2025,100.0,4256.9,million litres,4256.9
Asia Pacific,RTD Coffee,Retail Offline,Off-trade Volume,2025,95.8,4256.9,million litres,4078.1101999999996
Asia Pacific,RTD Coffee,Grocery Retailers,Off-trade Volume,2025,66.5,4256.9,million litres,2830.8385
Asia Pacific,RTD Coffee,Convenience Retailers,Off-trade Volume,2025,28.0,4256.9,million litres,1191.932
Asia Pacific,RTD Coffee,Convenience Stores,Off-trade Volume,2025,27.1,4256.9,million litres,1153.6199
Asia Pacific,RTD Coffee,Forecourt Retailers,Off-trade Volume,2025,0.9,4256.9,million litres,38.3121
Asia Pacific,RTD Coffee,Supermarkets,Off-trade Volume,2025,19.5,4256.9,million litres,830.0954999999999
Asia Pacific,RTD Coffee,Hypermarkets,Off-trade Volume,2025,6.3,4256.9,million litres,268.18469999999996
Asia Pacific,RTD Coffee,Discounters,Off-trade Volume,2025,0.0,4256.9,million litres,0.0
Asia Pacific,RTD Coffee,Warehouse Clubs,Off-trade Volume,2025,1.3,4256.9,million litres,55.3397
Asia Pacific,RTD Coffee,Food/drink/tobacco specialists,Off-trade Volume,2025,0.0,4256.9,million litres,0.0
Asia Pacific,RTD Coffee,Small Local Grocers,Off-trade Volume,2025,11.4,4256.9,million litres,485.28659999999996
Asia Pacific,RTD Coffee,Non-Grocery Retailers,Off-trade Volume,2025,13.4,4256.9,million litres,570.4245999999999
Asia Pacific,RTD Coffee,General Merchandise Stores,Off-trade Volume,2025,5.5,4256.9,million litres,234.12949999999998
Asia Pacific,RTD Coffee,Apparel and Footwear Specialists,Off-trade Volume,2025,0.0,4256.9,million litres,0.0
Asia Pacific,RTD Coffee,Appliances and Electronics Specialists,Off-trade Volume,2025,0.0,4256.9,million litres,0.0
Asia Pacific,RTD Coffee,Home Products Specialists,Off-trade Volume,2025,0.0,4256.9,million litres,0.0
Asia Pacific,RTD Coffee,Health and Beauty Specialists,Off-trade Volume,2025,7.9,4256.9,million litres,336.2951
Asia Pacific,RTD Coffee,Leisure and Personal Goods Specialists,Off-trade Volume,2025,0.0,4256.9,million litres,0.0
Asia Pacific,RTD Coffee,Other Non-Grocery Retailers,Off-trade Volume,2025,0.0,4256.9,million litres,0.0
Asia Pacific,RTD Coffee,Vending,Off-trade Volume,2025,16.0,4256.9,million litres,681.1039999999999
Asia Pacific,RTD Coffee,Direct Selling,Off-trade Volume,2025,0.0,4256.9,million litres,0.0
Asia Pacific,RTD Coffee,Retail E-Commerce,Off-trade Volume,2025,4.2,4256.9,million litres,178.78979999999999
China,Coffee,Retail Channels,Retail Volume,2025,100.0,61314.5,Tonnes,61314.5
China,Coffee,Retail Offline,Retail Volume,2025,53.3,61314.5,Tonnes,32680.628499999995
China,Coffee,Grocery Retailers,Retail Volume,2025,53.3,61314.5,Tonnes,32680.628499999995
China,Coffee,Convenience Retailers,Retail Volume,2025,5.5,61314.5,Tonnes,3372.2975
China,Coffee,Convenience Stores,Retail Volume,2025,5.5,61314.5,Tonnes,3372.2975
China,Coffee,Forecourt Retailers,Retail Volume,2025,0.0,61314.5,Tonnes,0.0
China,Coffee,Supermarkets,Retail Volume,2025,20.5,61314.5,Tonnes,12569.4725
China,Coffee,Hypermarkets,Retail Volume,2025,24.1,61314.5,Tonnes,14776.794500000002
China,Coffee,Discounters,Retail Volume,2025,0.0,61314.5,Tonnes,0.0
China,Coffee,Warehouse Clubs,Retail Volume,2025,0.0,61314.5,Tonnes,0.0
China,Coffee,Food/drink/tobacco specialists,Retail Volume,2025,0.0,61314.5,Tonnes,0.0
China,Coffee,Small Local Grocers,Retail Volume,2025,3.2,61314.5,Tonnes,1962.064
China,Coffee,Non-Grocery Retailers,Retail Volume,2025,0.0,61314.5,Tonnes,0.0
China,Coffee,General Merchandise Stores,Retail Volume,2025,0.0,61314.5,Tonnes,0.0
China,Coffee,Apparel and Footwear Specialists,Retail Volume,2025,0.0,61314.5,Tonnes,0.0
China,Coffee,Appliances and Electronics Specialists,Retail Volume,2025,0.0,61314.5,Tonnes,0.0
China,Coffee,Home Products Specialists,Retail Volume,2025,0.0,61314.5,Tonnes,0.0
China,Coffee,Health and Beauty Specialists,Retail Volume,2025,0.0,61314.5,Tonnes,0.0
China,Coffee,Leisure and Personal Goods Specialists,Retail Volume,2025,0.0,61314.5,Tonnes,0.0
China,Coffee,Other Non-Grocery Retailers,Retail Volume,2025,0.0,61314.5,Tonnes,0.0
China,Coffee,Vending,Retail Volume,2025,0.0,61314.5,Tonnes,0.0
China,Coffee,Direct Selling,Retail Volume,2025,0.0,61314.5,Tonnes,0.0
China,Coffee,Retail E-Commerce,Retail Volume,2025,46.7,61314.5,Tonnes,28633.8715
China,RTD Coffee,Retail Channels,Off-trade Volume,2025,100.0,301.3,million litres,301.3
China,RTD Coffee,Retail Offline,Off-trade Volume,2025,93.6,301.3,million litres,282.0168
China,RTD Coffee,Grocery Retailers,Off-trade Volume,2025,90.7,301.3,million litres,273.2791
China,RTD Coffee,Convenience Retailers,Off-trade Volume,2025,20.7,301.3,million litres,62.369099999999996
China,RTD Coffee,Convenience Stores,Off-trade Volume,2025,16.7,301.3,million litres,50.317099999999996
China,RTD Coffee,Forecourt Retailers,Off-trade Volume,2025,4.0,301.3,million litres,12.052000000000001
China,RTD Coffee,Supermarkets,Off-trade Volume,2025,18.9,301.3,million litres,56.945699999999995
China,RTD Coffee,Hypermarkets,Off-trade Volume,2025,8.0,301.3,million litres,24.104000000000003
China,RTD Coffee,Discounters,Off-trade Volume,2025,0.5,301.3,million litres,1.5065000000000002
China,RTD Coffee,Warehouse Clubs,Off-trade Volume,2025,0.0,301.3,million litres,0.0
China,RTD Coffee,Food/drink/tobacco specialists,Off-trade Volume,2025,0.0,301.3,million litres,0.0
China,RTD Coffee,Small Local Grocers,Off-trade Volume,2025,42.6,301.3,million litres,128.3538
China,RTD Coffee,Non-Grocery Retailers,Off-trade Volume,2025,0.0,301.3,million litres,0.0
China,RTD Coffee,General Merchandise Stores,Off-trade Volume,2025,0.0,301.3,million litres,0.0
China,RTD Coffee,Apparel and Footwear Specialists,Off-trade Volume,2025,0.0,301.3,million litres,0.0
China,RTD Coffee,Appliances and Electronics Specialists,Off-trade Volume,2025,0.0,301.3,million litres,0.0
China,RTD Coffee,Home Products Specialists,Off-trade Volume,2025,0.0,301.3,million litres,0.0
China,RTD Coffee,Health and Beauty Specialists,Off-trade Volume,2025,0.0,301.3,million litres,0.0
China,RTD Coffee,Leisure and Personal Goods Specialists,Off-trade Volume,2025,0.0,301.3,million litres,0.0
China,RTD Coffee,Other Non-Grocery Retailers,Off-trade Volume,2025,0.0,301.3,million litres,0.0
China,RTD Coffee,Vending,Off-trade Volume,2025,2.9,301.3,million litres,8.7377
China,RTD Coffee,Direct Selling,Off-trade Volume,2025,0.0,301.3,million litres,0.0
China,RTD Coffee,Retail E-Commerce,Off-trade Volume,2025,6.4,301.3,million litres,19.2832
India,Coffee,Retail Channels,Retail Volume,2025,100.0,104240.0,Tonnes,104240.0
India,Coffee,Retail Offline,Retail Volume,2025,93.3,104240.0,Tonnes,97255.92
India,Coffee,Grocery Retailers,Retail Volume,2025,93.3,104240.0,Tonnes,97255.92
India,Coffee,Convenience Retailers,Retail Volume,2025,1.6,104240.0,Tonnes,1667.8400000000001
India,Coffee,Convenience Stores,Retail Volume,2025,1.4,104240.0,Tonnes,1459.36
India,Coffee,Forecourt Retailers,Retail Volume,2025,0.1,104240.0,Tonnes,104.24000000000001
India,Coffee,Supermarkets,Retail Volume,2025,9.1,104240.0,Tonnes,9485.84
India,Coffee,Hypermarkets,Retail Volume,2025,7.1,104240.0,Tonnes,7401.039999999999
India,Coffee,Discounters,Retail Volume,2025,0.0,104240.0,Tonnes,0.0
India,Coffee,Warehouse Clubs,Retail Volume,2025,0.0,104240.0,Tonnes,0.0
India,Coffee,Food/drink/tobacco specialists,Retail Volume,2025,0.0,104240.0,Tonnes,0.0
India,Coffee,Small Local Grocers,Retail Volume,2025,75.5,104240.0,Tonnes,78701.2
India,Coffee,Non-Grocery Retailers,Retail Volume,2025,0.0,104240.0,Tonnes,0.0
India,Coffee,General Merchandise Stores,Retail Volume,2025,0.0,104240.0,Tonnes,0.0
India,Coffee,Apparel and Footwear Specialists,Retail Volume,2025,0.0,104240.0,Tonnes,0.0
India,Coffee,Appliances and Electronics Specialists,Retail Volume,2025,0.0,104240.0,Tonnes,0.0
India,Coffee,Home Products Specialists,Retail Volume,2025,0.0,104240.0,Tonnes,0.0
India,Coffee,Health and Beauty Specialists,Retail Volume,2025,0.0,104240.0,Tonnes,0.0
India,Coffee,Leisure and Personal Goods Specialists,Retail Volume,2025,0.0,104240.0,Tonnes,0.0
India,Coffee,Other Non-Grocery Retailers,Retail Volume,2025,0.0,104240.0,Tonnes,0.0
India,Coffee,Vending,Retail Volume,2025,0.0,104240.0,Tonnes,0.0
India,Coffee,Direct Selling,Retail Volume,2025,0.0,104240.0,Tonnes,0.0
India,Coffee,Retail E-Commerce,Retail Volume,2025,6.7,104240.0,Tonnes,6984.080000000001
India,RTD Coffee,Retail Channels,Off-trade Volume,2025,0.0,,million litres,
India,RTD Coffee,Retail Offline,Off-trade Volume,2025,0.0,,million litres,
India,RTD Coffee,Grocery Retailers,Off-trade Volume,2025,0.0,,million litres,
India,RTD Coffee,Convenience Retailers,Off-trade Volume,2025,0.0,,million litres,
India,RTD Coffee,Convenience Stores,Off-trade Volume,2025,0.0,,million litres,
India,RTD Coffee,Forecourt Retailers,Off-trade Volume,2025,0.0,,million litres,
India,RTD Coffee,Supermarkets,Off-trade Volume,2025,0.0,,million litres,
India,RTD Coffee,Hypermarkets,Off-trade Volume,2025,0.0,,million litres,
India,RTD Coffee,Discounters,Off-trade Volume,2025,0.0,,million litres,
India,RTD Coffee,Warehouse Clubs,Off-trade Volume,2025,0.0,,million litres,
India,RTD Coffee,Food/drink/tobacco specialists,Off-trade Volume,2025,0.0,,million litres,
India,RTD Coffee,Small Local Grocers,Off-trade Volume,2025,0.0,,million litres,
India,RTD Coffee,Non-Grocery Retailers,Off-trade Volume,2025,0.0,,million litres,
India,RTD Coffee,General Merchandise Stores,Off-trade Volume,2025,0.0,,million litres,
India,RTD Coffee,Apparel and Footwear Specialists,Off-trade Volume,2025,0.0,,million litres,
India,RTD Coffee,Appliances and Electronics Specialists,Off-trade Volume,2025,0.0,,million litres,
India,RTD Coffee,Home Products Specialists,Off-trade Volume,2025,0.0,,million litres,
India,RTD Coffee,Health and Beauty Specialists,Off-trade Volume,2025,0.0,,million litres,
India,RTD Coffee,Leisure and Personal Goods Specialists,Off-trade Volume,2025,0.0,,million litres,
India,RTD Coffee,Other Non-Grocery Retailers,Off-trade Volume,2025,0.0,,million litres,
India,RTD Coffee,Vending,Off-trade Volume,2025,0.0,,million litres,
India,RTD Coffee,Direct Selling,Off-trade Volume,2025,0.0,,million litres,
India,RTD Coffee,Retail E-Commerce,Off-trade Volume,2025,0.0,,million litres,
Japan,Coffee,Retail Channels,Retail Volume,2025,100.0,97775.2,Tonnes,97775.2
Japan,Coffee,Retail Offline,Retail Volume,2025,87.6,97775.2,Tonnes,85651.07519999999
Japan,Coffee,Grocery Retailers,Retail Volume,2025,67.7,97775.2,Tonnes,66193.8104
Japan,Coffee,Convenience Retailers,Retail Volume,2025,2.8,97775.2,Tonnes,2737.7056
Japan,Coffee,Convenience Stores,Retail Volume,2025,2.8,97775.2,Tonnes,2737.7056
Japan,Coffee,Forecourt Retailers,Retail Volume,2025,0.0,97775.2,Tonnes,0.0
Japan,Coffee,Supermarkets,Retail Volume,2025,46.4,97775.2,Tonnes,45367.6928
Japan,Coffee,Hypermarkets,Retail Volume,2025,10.5,97775.2,Tonnes,10266.395999999999
Japan,Coffee,Discounters,Retail Volume,2025,0.0,97775.2,Tonnes,0.0
Japan,Coffee,Warehouse Clubs,Retail Volume,2025,2.8,97775.2,Tonnes,2737.7056
Japan,Coffee,Food/drink/tobacco specialists,Retail Volume,2025,0.0,97775.2,Tonnes,0.0
Japan,Coffee,Small Local Grocers,Retail Volume,2025,5.3,97775.2,Tonnes,5182.085599999999
Japan,Coffee,Non-Grocery Retailers,Retail Volume,2025,19.2,97775.2,Tonnes,18772.8384
Japan,Coffee,General Merchandise Stores,Retail Volume,2025,12.4,97775.2,Tonnes,12124.1248
Japan,Coffee,Apparel and Footwear Specialists,Retail Volume,2025,0.0,97775.2,Tonnes,0.0
Japan,Coffee,Appliances and Electronics Specialists,Retail Volume,2025,0.0,97775.2,Tonnes,0.0
Japan,Coffee,Home Products Specialists,Retail Volume,2025,0.0,97775.2,Tonnes,0.0
Japan,Coffee,Health and Beauty Specialists,Retail Volume,2025,6.8,97775.2,Tonnes,6648.7136
Japan,Coffee,Leisure and Personal Goods Specialists,Retail Volume,2025,0.0,97775.2,Tonnes,0.0
Japan,Coffee,Other Non-Grocery Retailers,Retail Volume,2025,0.0,97775.2,Tonnes,0.0
Japan,Coffee,Vending,Retail Volume,2025,0.7,97775.2,Tonnes,684.4264
Japan,Coffee,Direct Selling,Retail Volume,2025,0.0,97775.2,Tonnes,0.0
Japan,Coffee,Retail E-Commerce,Retail Volume,2025,12.4,97775.2,Tonnes,12124.1248
Japan,RTD Coffee,Retail Channels,Off-trade Volume,2025,100.0,2846.4,million litres,2846.4
Japan,RTD Coffee,Retail Offline,Off-trade Volume,2025,98.8,2846.4,million litres,2812.2432
Japan,RTD Coffee,Grocery Retailers,Off-trade Volume,2025,56.8,2846.4,million litres,1616.7551999999998
Japan,RTD Coffee,Convenience Retailers,Off-trade Volume,2025,21.8,2846.4,million litres,620.5152
Japan,RTD Coffee,Convenience Stores,Off-trade Volume,2025,21.8,2846.4,million litres,620.5152
Japan,RTD Coffee,Forecourt Retailers,Off-trade Volume,2025,0.0,2846.4,million litres,0.0
Japan,RTD Coffee,Supermarkets,Off-trade Volume,2025,23.2,2846.4,million litres,660.3648
Japan,RTD Coffee,Hypermarkets,Off-trade Volume,2025,6.0,2846.4,million litres,170.784
Japan,RTD Coffee,Discounters,Off-trade Volume,2025,0.0,2846.4,million litres,0.0
Japan,RTD Coffee,Warehouse Clubs,Off-trade Volume,2025,1.7,2846.4,million litres,48.3888
Japan,RTD Coffee,Food/drink/tobacco specialists,Off-trade Volume,2025,0.0,2846.4,million litres,0.0
Japan,RTD Coffee,Small Local Grocers,Off-trade Volume,2025,4.1,2846.4,million litres,116.70239999999998
Japan,RTD Coffee,Non-Grocery Retailers,Off-trade Volume,2025,19.1,2846.4,million litres,543.6624
Japan,RTD Coffee,General Merchandise Stores,Off-trade Volume,2025,7.7,2846.4,million litres,219.1728
Japan,RTD Coffee,Apparel and Footwear Specialists,Off-trade Volume,2025,0.0,2846.4,million litres,0.0
Japan,RTD Coffee,Appliances and Electronics Specialists,Off-trade Volume,2025,0.0,2846.4,million litres,0.0
Japan,RTD Coffee,Home Products Specialists,Off-trade Volume,2025,0.0,2846.4,million litres,0.0
Japan,RTD Coffee,Health and Beauty Specialists,Off-trade Volume,2025,11.4,2846.4,million litres,324.4896
Japan,RTD Coffee,Leisure and Personal Goods Specialists,Off-trade Volume,2025,0.0,2846.4,million litres,0.0
Japan,RTD Coffee,Other Non-Grocery Retailers,Off-trade Volume,2025,0.0,2846.4,million litres,0.0
Japan,RTD Coffee,Vending,Off-trade Volume,2025,22.9,2846.4,million litres,651.8256
Japan,RTD Coffee,Direct Selling,Off-trade Volume,2025,0.0,2846.4,million litres,0.0
Japan,RTD Coffee,Retail E-Commerce,Off-trade Volume,2025,1.2,2846.4,million litres,34.156800000000004
Thailand,Coffee,Retail Channels,Retail Volume,2025,100.0,89133.0,Tonnes,89133.0
Thailand,Coffee,Retail Offline,Retail Volume,2025,96.5,89133.0,Tonnes,86013.345
Thailand,Coffee,Grocery Retailers,Retail Volume,2025,96.5,89133.0,Tonnes,86013.345
Thailand,Coffee,Convenience Retailers,Retail Volume,2025,29.0,89133.0,Tonnes,25848.57
Thailand,Coffee,Convenience Stores,Retail Volume,2025,16.3,89133.0,Tonnes,14528.679
Thailand,Coffee,Forecourt Retailers,Retail Volume,2025,12.7,89133.0,Tonnes,11319.891
Thailand,Coffee,Supermarkets,Retail Volume,2025,7.3,89133.0,Tonnes,6506.709
Thailand,Coffee,Hypermarkets,Retail Volume,2025,24.5,89133.0,Tonnes,21837.585
Thailand,Coffee,Discounters,Retail Volume,2025,0.0,89133.0,Tonnes,0.0
Thailand,Coffee,Warehouse Clubs,Retail Volume,2025,0.0,89133.0,Tonnes,0.0
Thailand,Coffee,Food/drink/tobacco specialists,Retail Volume,2025,0.0,89133.0,Tonnes,0.0
Thailand,Coffee,Small Local Grocers,Retail Volume,2025,35.6,89133.0,Tonnes,31731.348
Thailand,Coffee,Non-Grocery Retailers,Retail Volume,2025,0.0,89133.0,Tonnes,0.0
Thailand,Coffee,General Merchandise Stores,Retail Volume,2025,0.0,89133.0,Tonnes,0.0
Thailand,Coffee,Apparel and Footwear Specialists,Retail Volume,2025,0.0,89133.0,Tonnes,0.0
Thailand,Coffee,Appliances and Electronics Specialists,Retail Volume,2025,0.0,89133.0,Tonnes,0.0
Thailand,Coffee,Home Products Specialists,Retail Volume,2025,0.0,89133.0,Tonnes,0.0
Thailand,Coffee,Health and Beauty Specialists,Retail Volume,2025,0.0,89133.0,Tonnes,0.0
Thailand,Coffee,Leisure and Personal Goods Specialists,Retail Volume,2025,0.0,89133.0,Tonnes,0.0
Thailand,Coffee,Other Non-Grocery Retailers,Retail Volume,2025,0.0,89133.0,Tonnes,0.0
Thailand,Coffee,Vending,Retail Volume,2025,0.0,89133.0,Tonnes,0.0
Thailand,Coffee,Direct Selling,Retail Volume,2025,0.0,89133.0,Tonnes,0.0
Thailand,Coffee,Retail E-Commerce,Retail Volume,2025,3.5,89133.0,Tonnes,3119.655
Thailand,RTD Coffee,Retail Channels,Off-trade Volume,2025,100.0,182.8,million litres,182.8
Thailand,RTD Coffee,Retail Offline,Off-trade Volume,2025,97.9,182.8,million litres,178.96120000000002
Thailand,RTD Coffee,Grocery Retailers,Off-trade Volume,2025,91.5,182.8,million litres,167.26200000000003
Thailand,RTD Coffee,Convenience Retailers,Off-trade Volume,2025,30.1,182.8,million litres,55.022800000000004
Thailand,RTD Coffee,Convenience Stores,Off-trade Volume,2025,19.0,182.8,million litres,34.732
Thailand,RTD Coffee,Forecourt Retailers,Off-trade Volume,2025,11.0,182.8,million litres,20.108
Thailand,RTD Coffee,Supermarkets,Off-trade Volume,2025,5.0,182.8,million litres,9.14
Thailand,RTD Coffee,Hypermarkets,Off-trade Volume,2025,22.1,182.8,million litres,40.3988
Thailand,RTD Coffee,Discounters,Off-trade Volume,2025,0.0,182.8,million litres,0.0
Thailand,RTD Coffee,Warehouse Clubs,Off-trade Volume,2025,0.0,182.8,million litres,0.0
Thailand,RTD Coffee,Food/drink/tobacco specialists,Off-trade Volume,2025,0.0,182.8,million litres,0.0
Thailand,RTD Coffee,Small Local Grocers,Off-trade Volume,2025,34.3,182.8,million litres,62.7004
Thailand,RTD Coffee,Non-Grocery Retailers,Off-trade Volume,2025,0.0,182.8,million litres,0.0
Thailand,RTD Coffee,General Merchandise Stores,Off-trade Volume,2025,0.0,182.8,million litres,0.0
Thailand,RTD Coffee,Apparel and Footwear Specialists,Off-trade Volume,2025,0.0,182.8,million litres,0.0
Thailand,RTD Coffee,Appliances and Electronics Specialists,Off-trade Volume,2025,0.0,182.8,million litres,0.0
Thailand,RTD Coffee,Home Products Specialists,Off-trade Volume,2025,0.0,182.8,million litres,0.0
Thailand,RTD Coffee,Health and Beauty Specialists,Off-trade Volume,2025,0.0,182.8,million litres,0.0
Thailand,RTD Coffee,Leisure and Personal Goods Specialists,Off-trade Volume,2025,0.0,182.8,million litres,0.0
Thailand,RTD Coffee,Other Non-Grocery Retailers,Off-trade Volume,2025,0.0,182.8,million litres,0.0
Thailand,RTD Coffee,Vending,Off-trade Volume,2025,6.4,182.8,million litres,11.699200000000001
Thailand,RTD Coffee,Direct Selling,Off-trade Volume,2025,0.0,182.8,million litres,0.0
Thailand,RTD Coffee,Retail E-Commerce,Off-trade Volume,2025,2.1,182.8,million litres,3.8388000000000004
Australasia,Coffee,Retail Channels,Retail Volume,2025,100.0,47389.1,Tonnes,47389.1
Australasia,Coffee,Retail Offline,Retail Volume,2025,85.2,47389.1,Tonnes,40375.5132
Australasia,Coffee,Grocery Retailers,Retail Volume,2025,84.9,47389.1,Tonnes,40233.3459
Australasia,Coffee,Convenience Retailers,Retail Volume,2025,4.8,47389.1,Tonnes,2274.6768
Australasia,Coffee,Convenience Stores,Retail Volume,2025,2.4,47389.1,Tonnes,1137.3384
Australasia,Coffee,Forecourt Retailers,Retail Volume,2025,2.4,47389.1,Tonnes,1137.3384
Australasia,Coffee,Supermarkets,Retail Volume,2025,64.5,47389.1,Tonnes,30565.9695
Australasia,Coffee,Hypermarkets,Retail Volume,2025,0.0,47389.1,Tonnes,0.0
Australasia,Coffee,Discounters,Retail Volume,2025,12.6,47389.1,Tonnes,5971.0266
Australasia,Coffee,Warehouse Clubs,Retail Volume,2025,0.2,47389.1,Tonnes,94.7782
Australasia,Coffee,Food/drink/tobacco specialists,Retail Volume,2025,0.0,47389.1,Tonnes,0.0
Australasia,Coffee,Small Local Grocers,Retail Volume,2025,2.8,47389.1,Tonnes,1326.8947999999998
Australasia,Coffee,Non-Grocery Retailers,Retail Volume,2025,0.1,47389.1,Tonnes,47.3891
Australasia,Coffee,General Merchandise Stores,Retail Volume,2025,0.0,47389.1,Tonnes,0.0
Australasia,Coffee,Apparel and Footwear Specialists,Retail Volume,2025,0.0,47389.1,Tonnes,0.0
Australasia,Coffee,Appliances and Electronics Specialists,Retail Volume,2025,0.0,47389.1,Tonnes,0.0
Australasia,Coffee,Home Products Specialists,Retail Volume,2025,0.0,47389.1,Tonnes,0.0
Australasia,Coffee,Health and Beauty Specialists,Retail Volume,2025,0.1,47389.1,Tonnes,47.3891
Australasia,Coffee,Leisure and Personal Goods Specialists,Retail Volume,2025,0.0,47389.1,Tonnes,0.0
Australasia,Coffee,Other Non-Grocery Retailers,Retail Volume,2025,0.0,47389.1,Tonnes,0.0
Australasia,Coffee,Vending,Retail Volume,2025,0.3,47389.1,Tonnes,142.1673
Australasia,Coffee,Direct Selling,Retail Volume,2025,0.0,47389.1,Tonnes,0.0
Australasia,Coffee,Retail E-Commerce,Retail Volume,2025,14.8,47389.1,Tonnes,7013.586800000001
Australasia,RTD Coffee,Retail Channels,Off-trade Volume,2025,100.0,15.6,million litres,15.6
Australasia,RTD Coffee,Retail Offline,Off-trade Volume,2025,89.2,15.6,million litres,13.9152
Australasia,RTD Coffee,Grocery Retailers,Off-trade Volume,2025,88.9,15.6,million litres,13.8684
Australasia,RTD Coffee,Convenience Retailers,Off-trade Volume,2025,31.7,15.6,million litres,4.9452
Australasia,RTD Coffee,Convenience Stores,Off-trade Volume,2025,5.1,15.6,million litres,0.7956
Australasia,RTD Coffee,Forecourt Retailers,Off-trade Volume,2025,26.6,15.6,million litres,4.1496
Australasia,RTD Coffee,Supermarkets,Off-trade Volume,2025,50.9,15.6,million litres,7.9404
Australasia,RTD Coffee,Hypermarkets,Off-trade Volume,2025,0.0,15.6,million litres,0.0
Australasia,RTD Coffee,Discounters,Off-trade Volume,2025,1.1,15.6,million litres,0.1716
Australasia,RTD Coffee,Warehouse Clubs,Off-trade Volume,2025,0.0,15.6,million litres,0.0
Australasia,RTD Coffee,Food/drink/tobacco specialists,Off-trade Volume,2025,0.0,15.6,million litres,0.0
Australasia,RTD Coffee,Small Local Grocers,Off-trade Volume,2025,5.2,15.6,million litres,0.8112
Australasia,RTD Coffee,Non-Grocery Retailers,Off-trade Volume,2025,0.0,15.6,million litres,0.0
Australasia,RTD Coffee,General Merchandise Stores,Off-trade Volume,2025,0.0,15.6,million litres,0.0
Australasia,RTD Coffee,Apparel and Footwear Specialists,Off-trade Volume,2025,0.0,15.6,million litres,0.0
Australasia,RTD Coffee,Appliances and Electronics Specialists,Off-trade Volume,2025,0.0,15.6,million litres,0.0
Australasia,RTD Coffee,Home Products Specialists,Off-trade Volume,2025,0.0,15.6,million litres,0.0
Australasia,RTD Coffee,Health and Beauty Specialists,Off-trade Volume,2025,0.0,15.6,million litres,0.0
Australasia,RTD Coffee,Leisure and Personal Goods Specialists,Off-trade Volume,2025,0.0,15.6,million litres,0.0
Australasia,RTD Coffee,Other Non-Grocery Retailers,Off-trade Volume,2025,0.0,15.6,million litres,0.0
Australasia,RTD Coffee,Vending,Off-trade Volume,2025,0.3,15.6,million litres,0.0468
Australasia,RTD Coffee,Direct Selling,Off-trade Volume,2025,0.0,15.6,million litres,0.0
Australasia,RTD Coffee,Retail E-Commerce,Off-trade Volume,2025,10.8,15.6,million litres,1.6848
Australia,Coffee,Retail Channels,Retail Volume,2025,100.0,40315.7,Tonnes,40315.7
Australia,Coffee,Retail Offline,Retail Volume,2025,84.2,40315.7,Tonnes,33945.8194
Australia,Coffee,Grocery Retailers,Retail Volume,2025,84.2,40315.7,Tonnes,33945.8194
Australia,Coffee,Convenience Retailers,Retail Volume,2025,5.3,40315.7,Tonnes,2136.7320999999997
Australia,Coffee,Convenience Stores,Retail Volume,2025,2.6,40315.7,Tonnes,1048.2082
Australia,Coffee,Forecourt Retailers,Retail Volume,2025,2.7,40315.7,Tonnes,1088.5239000000001
Australia,Coffee,Supermarkets,Retail Volume,2025,61.1,40315.7,Tonnes,24632.892699999997
Australia,Coffee,Hypermarkets,Retail Volume,2025,0.0,40315.7,Tonnes,0.0
Australia,Coffee,Discounters,Retail Volume,2025,14.8,40315.7,Tonnes,5966.7236
Australia,Coffee,Warehouse Clubs,Retail Volume,2025,0.0,40315.7,Tonnes,0.0
Australia,Coffee,Food/drink/tobacco specialists,Retail Volume,2025,0.0,40315.7,Tonnes,0.0
Australia,Coffee,Small Local Grocers,Retail Volume,2025,2.9,40315.7,Tonnes,1169.1553
Australia,Coffee,Non-Grocery Retailers,Retail Volume,2025,0.0,40315.7,Tonnes,0.0
Australia,Coffee,General Merchandise Stores,Retail Volume,2025,0.0,40315.7,Tonnes,0.0
Australia,Coffee,Apparel and Footwear Specialists,Retail Volume,2025,0.0,40315.7,Tonnes,0.0
Australia,Coffee,Appliances and Electronics Specialists,Retail Volume,2025,0.0,40315.7,Tonnes,0.0
Australia,Coffee,Home Products Specialists,Retail Volume,2025,0.0,40315.7,Tonnes,0.0
Australia,Coffee,Health and Beauty Specialists,Retail Volume,2025,0.0,40315.7,Tonnes,0.0
Australia,Coffee,Leisure and Personal Goods Specialists,Retail Volume,2025,0.0,40315.7,Tonnes,0.0
Australia,Coffee,Other Non-Grocery Retailers,Retail Volume,2025,0.0,40315.7,Tonnes,0.0
Australia,Coffee,Vending,Retail Volume,2025,0.0,40315.7,Tonnes,0.0
Australia,Coffee,Direct Selling,Retail Volume,2025,0.0,40315.7,Tonnes,0.0
Australia,Coffee,Retail E-Commerce,Retail Volume,2025,15.8,40315.7,Tonnes,6369.8805999999995
Australia,RTD Coffee,Retail Channels,Off-trade Volume,2025,100.0,14.6,million litres,14.6
Australia,RTD Coffee,Retail Offline,Off-trade Volume,2025,88.9,14.6,million litres,12.9794
Australia,RTD Coffee,Grocery Retailers,Off-trade Volume,2025,88.5,14.6,million litres,12.921
Australia,RTD Coffee,Convenience Retailers,Off-trade Volume,2025,32.9,14.6,million litres,4.803399999999999
Australia,RTD Coffee,Convenience Stores,Off-trade Volume,2025,5.1,14.6,million litres,0.7445999999999999
Australia,RTD Coffee,Forecourt Retailers,Off-trade Volume,2025,27.8,14.6,million litres,4.058800000000001
Australia,RTD Coffee,Supermarkets,Off-trade Volume,2025,49.0,14.6,million litres,7.154
Australia,RTD Coffee,Hypermarkets,Off-trade Volume,2025,0.0,14.6,million litres,0.0
Australia,RTD Coffee,Discounters,Off-trade Volume,2025,1.2,14.6,million litres,0.1752
Australia,RTD Coffee,Warehouse Clubs,Off-trade Volume,2025,0.0,14.6,million litres,0.0
Australia,RTD Coffee,Food/drink/tobacco specialists,Off-trade Volume,2025,0.0,14.6,million litres,0.0
Australia,RTD Coffee,Small Local Grocers,Off-trade Volume,2025,5.4,14.6,million litres,0.7884000000000001
Australia,RTD Coffee,Non-Grocery Retailers,Off-trade Volume,2025,0.0,14.6,million litres,0.0
Australia,RTD Coffee,General Merchandise Stores,Off-trade Volume,2025,0.0,14.6,million litres,0.0
Australia,RTD Coffee,Apparel and Footwear Specialists,Off-trade Volume,2025,0.0,14.6,million litres,0.0
Australia,RTD Coffee,Appliances and Electronics Specialists,Off-trade Volume,2025,0.0,14.6,million litres,0.0
Australia,RTD Coffee,Home Products Specialists,Off-trade Volume,2025,0.0,14.6,million litres,0.0
Australia,RTD Coffee,Health and Beauty Specialists,Off-trade Volume,2025,0.0,14.6,million litres,0.0
Australia,RTD Coffee,Leisure and Personal Goods Specialists,Off-trade Volume,2025,0.0,14.6,million litres,0.0
Australia,RTD Coffee,Other Non-Grocery Retailers,Off-trade Volume,2025,0.0,14.6,million litres,0.0
Australia,RTD Coffee,Vending,Off-trade Volume,2025,0.3,14.6,million litres,0.0438
Australia,RTD Coffee,Direct Selling,Off-trade Volume,2025,0.0,14.6,million litres,0.0
Australia,RTD Coffee,Retail E-Commerce,Off-trade Volume,2025,11.1,14.6,million litres,1.6206
Eastern Europe,Coffee,Retail Channels,Retail Volume,2025,100.0,514074.6,Tonnes,514074.6
Eastern Europe,Coffee,Retail Offline,Retail Volume,2025,92.5,514074.6,Tonnes,475519.005
Eastern Europe,Coffee,Grocery Retailers,Retail Volume,2025,88.4,514074.6,Tonnes,454441.94639999996
Eastern Europe,Coffee,Convenience Retailers,Retail Volume,2025,15.5,514074.6,Tonnes,79681.563
Eastern Europe,Coffee,Convenience Stores,Retail Volume,2025,14.5,514074.6,Tonnes,74540.817
Eastern Europe,Coffee,Forecourt Retailers,Retail Volume,2025,0.9,514074.6,Tonnes,4626.6714
Eastern Europe,Coffee,Supermarkets,Retail Volume,2025,29.1,514074.6,Tonnes,149595.7086
Eastern Europe,Coffee,Hypermarkets,Retail Volume,2025,13.3,514074.6,Tonnes,68371.9218
Eastern Europe,Coffee,Discounters,Retail Volume,2025,16.6,514074.6,Tonnes,85336.3836
Eastern Europe,Coffee,Warehouse Clubs,Retail Volume,2025,0.0,514074.6,Tonnes,0.0
Eastern Europe,Coffee,Food/drink/tobacco specialists,Retail Volume,2025,2.1,514074.6,Tonnes,10795.5666
Eastern Europe,Coffee,Small Local Grocers,Retail Volume,2025,11.8,514074.6,Tonnes,60660.8028
Eastern Europe,Coffee,Non-Grocery Retailers,Retail Volume,2025,0.8,514074.6,Tonnes,4112.5968
Eastern Europe,Coffee,General Merchandise Stores,Retail Volume,2025,0.2,514074.6,Tonnes,1028.1492
Eastern Europe,Coffee,Apparel and Footwear Specialists,Retail Volume,2025,0.0,514074.6,Tonnes,0.0
Eastern Europe,Coffee,Appliances and Electronics Specialists,Retail Volume,2025,0.0,514074.6,Tonnes,0.0
Eastern Europe,Coffee,Home Products Specialists,Retail Volume,2025,0.0,514074.6,Tonnes,0.0
Eastern Europe,Coffee,Health and Beauty Specialists,Retail Volume,2025,0.6,514074.6,Tonnes,3084.4476
Eastern Europe,Coffee,Leisure and Personal Goods Specialists,Retail Volume,2025,0.0,514074.6,Tonnes,0.0
Eastern Europe,Coffee,Other Non-Grocery Retailers,Retail Volume,2025,0.0,514074.6,Tonnes,0.0
Eastern Europe,Coffee,Vending,Retail Volume,2025,3.3,514074.6,Tonnes,16964.4618
Eastern Europe,Coffee,Direct Selling,Retail Volume,2025,0.0,514074.6,Tonnes,0.0
Eastern Europe,Coffee,Retail E-Commerce,Retail Volume,2025,7.5,514074.6,Tonnes,38555.594999999994
Eastern Europe,RTD Coffee,Retail Channels,Off-trade Volume,2025,100.0,57.2,million litres,57.2
Eastern Europe,RTD Coffee,Retail Offline,Off-trade Volume,2025,97.9,57.2,million litres,55.99880000000001
Eastern Europe,RTD Coffee,Grocery Retailers,Off-trade Volume,2025,96.2,57.2,million litres,55.02640000000001
Eastern Europe,RTD Coffee,Convenience Retailers,Off-trade Volume,2025,37.0,57.2,million litres,21.164
Eastern Europe,RTD Coffee,Convenience Stores,Off-trade Volume,2025,17.1,57.2,million litres,9.781200000000002
Eastern Europe,RTD Coffee,Forecourt Retailers,Off-trade Volume,2025,19.9,57.2,million litres,11.3828
Eastern Europe,RTD Coffee,Supermarkets,Off-trade Volume,2025,17.1,57.2,million litres,9.781200000000002
Eastern Europe,RTD Coffee,Hypermarkets,Off-trade Volume,2025,19.3,57.2,million litres,11.0396
Eastern Europe,RTD Coffee,Discounters,Off-trade Volume,2025,17.0,57.2,million litres,9.724000000000002
Eastern Europe,RTD Coffee,Warehouse Clubs,Off-trade Volume,2025,0.0,57.2,million litres,0.0
Eastern Europe,RTD Coffee,Food/drink/tobacco specialists,Off-trade Volume,2025,1.1,57.2,million litres,0.6292000000000001
Eastern Europe,RTD Coffee,Small Local Grocers,Off-trade Volume,2025,4.7,57.2,million litres,2.6884
Eastern Europe,RTD Coffee,Non-Grocery Retailers,Off-trade Volume,2025,0.5,57.2,million litres,0.28600000000000003
Eastern Europe,RTD Coffee,General Merchandise Stores,Off-trade Volume,2025,0.0,57.2,million litres,0.0
Eastern Europe,RTD Coffee,Apparel and Footwear Specialists,Off-trade Volume,2025,0.0,57.2,million litres,0.0
Eastern Europe,RTD Coffee,Appliances and Electronics Specialists,Off-trade Volume,2025,0.0,57.2,million litres,0.0
Eastern Europe,RTD Coffee,Home Products Specialists,Off-trade Volume,2025,0.0,57.2,million litres,0.0
Eastern Europe,RTD Coffee,Health and Beauty Specialists,Off-trade Volume,2025,0.5,57.2,million litres,0.28600000000000003
Eastern Europe,RTD Coffee,Leisure and Personal Goods Specialists,Off-trade Volume,2025,0.0,57.2,million litres,0.0
Eastern Europe,RTD Coffee,Other Non-Grocery Retailers,Off-trade Volume,2025,0.0,57.2,million litres,0.0
Eastern Europe,RTD Coffee,Vending,Off-trade Volume,2025,1.2,57.2,million litres,0.6864
Eastern Europe,RTD Coffee,Direct Selling,Off-trade Volume,2025,0.0,57.2,million litres,0.0
Eastern Europe,RTD Coffee,Retail E-Commerce,Off-trade Volume,2025,2.1,57.2,million litres,1.2012
Latin America,Coffee,Retail Channels,Retail Volume,2025,100.0,1214379.9,Tonnes,1214379.9
Latin America,Coffee,Retail Offline,Retail Volume,2025,98.6,1214379.9,Tonnes,1197378.5813999998
Latin America,Coffee,Grocery Retailers,Retail Volume,2025,96.7,1214379.9,Tonnes,1174305.3633
Latin America,Coffee,Convenience Retailers,Retail Volume,2025,1.4,1214379.9,Tonnes,17001.3186
Latin America,Coffee,Convenience Stores,Retail Volume,2025,0.9,1214379.9,Tonnes,10929.419100000001
Latin America,Coffee,Forecourt Retailers,Retail Volume,2025,0.5,1214379.9,Tonnes,6071.8994999999995
Latin America,Coffee,Supermarkets,Retail Volume,2025,34.6,1214379.9,Tonnes,420175.4454
Latin America,Coffee,Hypermarkets,Retail Volume,2025,25.6,1214379.9,Tonnes,310881.2544
Latin America,Coffee,Discounters,Retail Volume,2025,4.7,1214379.9,Tonnes,57075.855299999996
Latin America,Coffee,Warehouse Clubs,Retail Volume,2025,4.5,1214379.9,Tonnes,54647.095499999996
Latin America,Coffee,Food/drink/tobacco specialists,Retail Volume,2025,0.1,1214379.9,Tonnes,1214.3799
Latin America,Coffee,Small Local Grocers,Retail Volume,2025,25.8,1214379.9,Tonnes,313310.0142
Latin America,Coffee,Non-Grocery Retailers,Retail Volume,2025,1.6,1214379.9,Tonnes,19430.0784
Latin America,Coffee,General Merchandise Stores,Retail Volume,2025,1.5,1214379.9,Tonnes,18215.6985
Latin America,Coffee,Apparel and Footwear Specialists,Retail Volume,2025,0.0,1214379.9,Tonnes,0.0
Latin America,Coffee,Appliances and Electronics Specialists,Retail Volume,2025,0.0,1214379.9,Tonnes,0.0
Latin America,Coffee,Home Products Specialists,Retail Volume,2025,0.0,1214379.9,Tonnes,0.0
Latin America,Coffee,Health and Beauty Specialists,Retail Volume,2025,0.1,1214379.9,Tonnes,1214.3799
Latin America,Coffee,Leisure and Personal Goods Specialists,Retail Volume,2025,0.0,1214379.9,Tonnes,0.0
Latin America,Coffee,Other Non-Grocery Retailers,Retail Volume,2025,0.0,1214379.9,Tonnes,0.0
Latin America,Coffee,Vending,Retail Volume,2025,0.1,1214379.9,Tonnes,1214.3799
Latin America,Coffee,Direct Selling,Retail Volume,2025,0.2,1214379.9,Tonnes,2428.7598
Latin America,Coffee,Retail E-Commerce,Retail Volume,2025,1.4,1214379.9,Tonnes,17001.3186
Latin America,RTD Coffee,Retail Channels,Off-trade Volume,2025,100.0,25.0,million litres,25.0
Latin America,RTD Coffee,Retail Offline,Off-trade Volume,2025,99.8,25.0,million litres,24.95
Latin America,RTD Coffee,Grocery Retailers,Off-trade Volume,2025,98.7,25.0,million litres,24.675
Latin America,RTD Coffee,Convenience Retailers,Off-trade Volume,2025,16.3,25.0,million litres,4.075
Latin America,RTD Coffee,Convenience Stores,Off-trade Volume,2025,9.1,25.0,million litres,2.275
Latin America,RTD Coffee,Forecourt Retailers,Off-trade Volume,2025,7.2,25.0,million litres,1.8000000000000003
Latin America,RTD Coffee,Supermarkets,Off-trade Volume,2025,27.2,25.0,million litres,6.800000000000001
Latin America,RTD Coffee,Hypermarkets,Off-trade Volume,2025,9.9,25.0,million litres,2.475
Latin America,RTD Coffee,Discounters,Off-trade Volume,2025,2.3,25.0,million litres,0.575
Latin America,RTD Coffee,Warehouse Clubs,Off-trade Volume,2025,0.6,25.0,million litres,0.15
Latin America,RTD Coffee,Food/drink/tobacco specialists,Off-trade Volume,2025,0.5,25.0,million litres,0.125
Latin America,RTD Coffee,Small Local Grocers,Off-trade Volume,2025,41.9,25.0,million litres,10.475
Latin America,RTD Coffee,Non-Grocery Retailers,Off-trade Volume,2025,1.1,25.0,million litres,0.275
Latin America,RTD Coffee,General Merchandise Stores,Off-trade Volume,2025,0.2,25.0,million litres,0.05
Latin America,RTD Coffee,Apparel and Footwear Specialists,Off-trade Volume,2025,0.0,25.0,million litres,0.0
Latin America,RTD Coffee,Appliances and Electronics Specialists,Off-trade Volume,2025,0.0,25.0,million litres,0.0
Latin America,RTD Coffee,Home Products Specialists,Off-trade Volume,2025,0.0,25.0,million litres,0.0
Latin America,RTD Coffee,Health and Beauty Specialists,Off-trade Volume,2025,0.9,25.0,million litres,0.22500000000000003
Latin America,RTD Coffee,Leisure and Personal Goods Specialists,Off-trade Volume,2025,0.0,25.0,million litres,0.0
Latin America,RTD Coffee,Other Non-Grocery Retailers,Off-trade Volume,2025,0.0,25.0,million litres,0.0
Latin America,RTD Coffee,Vending,Off-trade Volume,2025,0.0,25.0,million litres,0.0
Latin America,RTD Coffee,Direct Selling,Off-trade Volume,2025,0.0,25.0,million litres,0.0
Latin America,RTD Coffee,Retail E-Commerce,Off-trade Volume,2025,0.2,25.0,million litres,0.05
Brazil,Coffee,Retail Channels,Retail Volume,2025,100.0,830985.4,Tonnes,830985.4
Brazil,Coffee,Retail Offline,Retail Volume,2025,99.4,830985.4,Tonnes,825999.4876000001
Brazil,Coffee,Grocery Retailers,Retail Volume,2025,97.1,830985.4,Tonnes,806886.8234
Brazil,Coffee,Convenience Retailers,Retail Volume,2025,1.0,830985.4,Tonnes,8309.854000000001
Brazil,Coffee,Convenience Stores,Retail Volume,2025,0.4,830985.4,Tonnes,3323.9416
Brazil,Coffee,Forecourt Retailers,Retail Volume,2025,0.5,830985.4,Tonnes,4154.927000000001
Brazil,Coffee,Supermarkets,Retail Volume,2025,40.8,830985.4,Tonnes,339042.0432
Brazil,Coffee,Hypermarkets,Retail Volume,2025,30.2,830985.4,Tonnes,250957.5908
Brazil,Coffee,Discounters,Retail Volume,2025,0.4,830985.4,Tonnes,3323.9416
Brazil,Coffee,Warehouse Clubs,Retail Volume,2025,6.1,830985.4,Tonnes,50690.1094
Brazil,Coffee,Food/drink/tobacco specialists,Retail Volume,2025,0.0,830985.4,Tonnes,0.0
Brazil,Coffee,Small Local Grocers,Retail Volume,2025,18.5,830985.4,Tonnes,153732.299
Brazil,Coffee,Non-Grocery Retailers,Retail Volume,2025,2.1,830985.4,Tonnes,17450.6934
Brazil,Coffee,General Merchandise Stores,Retail Volume,2025,2.1,830985.4,Tonnes,17450.6934
Brazil,Coffee,Apparel and Footwear Specialists,Retail Volume,2025,0.0,830985.4,Tonnes,0.0
Brazil,Coffee,Appliances and Electronics Specialists,Retail Volume,2025,0.0,830985.4,Tonnes,0.0
Brazil,Coffee,Home Products Specialists,Retail Volume,2025,0.0,830985.4,Tonnes,0.0
Brazil,Coffee,Health and Beauty Specialists,Retail Volume,2025,0.0,830985.4,Tonnes,0.0
Brazil,Coffee,Leisure and Personal Goods Specialists,Retail Volume,2025,0.0,830985.4,Tonnes,0.0
Brazil,Coffee,Other Non-Grocery Retailers,Retail Volume,2025,0.0,830985.4,Tonnes,0.0
Brazil,Coffee,Vending,Retail Volume,2025,0.0,830985.4,Tonnes,0.0
Brazil,Coffee,Direct Selling,Retail Volume,2025,0.3,830985.4,Tonnes,2492.9562
Brazil,Coffee,Retail E-Commerce,Retail Volume,2025,0.6,830985.4,Tonnes,4985.9124
Brazil,RTD Coffee,Retail Channels,Off-trade Volume,2025,100.0,1.2,million litres,1.2
Brazil,RTD Coffee,Retail Offline,Off-trade Volume,2025,100.0,1.2,million litres,1.2
Brazil,RTD Coffee,Grocery Retailers,Off-trade Volume,2025,98.9,1.2,million litres,1.1868
Brazil,RTD Coffee,Convenience Retailers,Off-trade Volume,2025,51.4,1.2,million litres,0.6168
Brazil,RTD Coffee,Convenience Stores,Off-trade Volume,2025,2.2,1.2,million litres,0.026400000000000003
Brazil,RTD Coffee,Forecourt Retailers,Off-trade Volume,2025,49.2,1.2,million litres,0.5904
Brazil,RTD Coffee,Supermarkets,Off-trade Volume,2025,19.3,1.2,million litres,0.2316
Brazil,RTD Coffee,Hypermarkets,Off-trade Volume,2025,12.9,1.2,million litres,0.1548
Brazil,RTD Coffee,Discounters,Off-trade Volume,2025,0.0,1.2,million litres,0.0
Brazil,RTD Coffee,Warehouse Clubs,Off-trade Volume,2025,3.3,1.2,million litres,0.0396
Brazil,RTD Coffee,Food/drink/tobacco specialists,Off-trade Volume,2025,0.0,1.2,million litres,0.0
Brazil,RTD Coffee,Small Local Grocers,Off-trade Volume,2025,12.0,1.2,million litres,0.144
Brazil,RTD Coffee,Non-Grocery Retailers,Off-trade Volume,2025,1.1,1.2,million litres,0.013200000000000002
Brazil,RTD Coffee,General Merchandise Stores,Off-trade Volume,2025,1.1,1.2,million litres,0.013200000000000002
Brazil,RTD Coffee,Apparel and Footwear Specialists,Off-trade Volume,2025,0.0,1.2,million litres,0.0
Brazil,RTD Coffee,Appliances and Electronics Specialists,Off-trade Volume,2025,0.0,1.2,million litres,0.0
Brazil,RTD Coffee,Home Products Specialists,Off-trade Volume,2025,0.0,1.2,million litres,0.0
Brazil,RTD Coffee,Health and Beauty Specialists,Off-trade Volume,2025,0.0,1.2,million litres,0.0
Brazil,RTD Coffee,Leisure and Personal Goods Specialists,Off-trade Volume,2025,0.0,1.2,million litres,0.0
Brazil,RTD Coffee,Other Non-Grocery Retailers,Off-trade Volume,2025,0.0,1.2,million litres,0.0
Brazil,RTD Coffee,Vending,Off-trade Volume,2025,0.0,1.2,million litres,0.0
Brazil,RTD Coffee,Direct Selling,Off-trade Volume,2025,0.0,1.2,million litres,0.0
Brazil,RTD Coffee,Retail E-Commerce,Off-trade Volume,2025,0.0,1.2,million litres,0.0
Middle East and Africa,Coffee,Retail Channels,Retail Volume,2025,100.0,672798.1,Tonnes,672798.1
Middle East and Africa,Coffee,Retail Offline,Retail Volume,2025,98.1,672798.1,Tonnes,660014.9360999999
Middle East and Africa,Coffee,Grocery Retailers,Retail Volume,2025,96.5,672798.1,Tonnes,649250.1664999999
Middle East and Africa,Coffee,Convenience Retailers,Retail Volume,2025,4.9,672798.1,Tonnes,32967.1069
Middle East and Africa,Coffee,Convenience Stores,Retail Volume,2025,3.2,672798.1,Tonnes,21529.5392
Middle East and Africa,Coffee,Forecourt Retailers,Retail Volume,2025,1.7,672798.1,Tonnes,11437.5677
Middle East and Africa,Coffee,Supermarkets,Retail Volume,2025,29.2,672798.1,Tonnes,196457.0452
Middle East and Africa,Coffee,Hypermarkets,Retail Volume,2025,7.4,672798.1,Tonnes,49787.059400000006
Middle East and Africa,Coffee,Discounters,Retail Volume,2025,2.3,672798.1,Tonnes,15474.3563
Middle East and Africa,Coffee,Warehouse Clubs,Retail Volume,2025,0.0,672798.1,Tonnes,0.0
Middle East and Africa,Coffee,Food/drink/tobacco specialists,Retail Volume,2025,8.3,672798.1,Tonnes,55842.2423
Middle East and Africa,Coffee,Small Local Grocers,Retail Volume,2025,44.3,672798.1,Tonnes,298049.5583
Middle East and Africa,Coffee,Non-Grocery Retailers,Retail Volume,2025,1.3,672798.1,Tonnes,8746.3753
Middle East and Africa,Coffee,General Merchandise Stores,Retail Volume,2025,0.0,672798.1,Tonnes,0.0
Middle East and Africa,Coffee,Apparel and Footwear Specialists,Retail Volume,2025,0.0,672798.1,Tonnes,0.0
Middle East and Africa,Coffee,Appliances and Electronics Specialists,Retail Volume,2025,0.0,672798.1,Tonnes,0.0
Middle East and Africa,Coffee,Home Products Specialists,Retail Volume,2025,0.0,672798.1,Tonnes,0.0
Middle East and Africa,Coffee,Health and Beauty Specialists,Retail Volume,2025,0.0,672798.1,Tonnes,0.0
Middle East and Africa,Coffee,Leisure and Personal Goods Specialists,Retail Volume,2025,0.0,672798.1,Tonnes,0.0
Middle East and Africa,Coffee,Other Non-Grocery Retailers,Retail Volume,2025,1.3,672798.1,Tonnes,8746.3753
Middle East and Africa,Coffee,Vending,Retail Volume,2025,0.2,672798.1,Tonnes,1345.5962
Middle East and Africa,Coffee,Direct Selling,Retail Volume,2025,0.1,672798.1,Tonnes,672.7981
Middle East and Africa,Coffee,Retail E-Commerce,Retail Volume,2025,1.9,672798.1,Tonnes,12783.1639
Middle East and Africa,RTD Coffee,Retail Channels,Off-trade Volume,2025,100.0,58.5,million litres,58.5
Middle East and Africa,RTD Coffee,Retail Offline,Off-trade Volume,2025,97.8,58.5,million litres,57.213
Middle East and Africa,RTD Coffee,Grocery Retailers,Off-trade Volume,2025,97.3,58.5,million litres,56.9205
Middle East and Africa,RTD Coffee,Convenience Retailers,Off-trade Volume,2025,30.0,58.5,million litres,17.55
Middle East and Africa,RTD Coffee,Convenience Stores,Off-trade Volume,2025,3.8,58.5,million litres,2.223
Middle East and Africa,RTD Coffee,Forecourt Retailers,Off-trade Volume,2025,26.3,58.5,million litres,15.3855
Middle East and Africa,RTD Coffee,Supermarkets,Off-trade Volume,2025,16.1,58.5,million litres,9.4185
Middle East and Africa,RTD Coffee,Hypermarkets,Off-trade Volume,2025,16.5,58.5,million litres,9.6525
Middle East and Africa,RTD Coffee,Discounters,Off-trade Volume,2025,0.9,58.5,million litres,0.5265000000000001
Middle East and Africa,RTD Coffee,Warehouse Clubs,Off-trade Volume,2025,0.1,58.5,million litres,0.0585
Middle East and Africa,RTD Coffee,Food/drink/tobacco specialists,Off-trade Volume,2025,0.5,58.5,million litres,0.2925
Middle East and Africa,RTD Coffee,Small Local Grocers,Off-trade Volume,2025,33.1,58.5,million litres,19.363500000000002
Middle East and Africa,RTD Coffee,Non-Grocery Retailers,Off-trade Volume,2025,0.3,58.5,million litres,0.17550000000000002
Middle East and Africa,RTD Coffee,General Merchandise Stores,Off-trade Volume,2025,0.0,58.5,million litres,0.0
Middle East and Africa,RTD Coffee,Apparel and Footwear Specialists,Off-trade Volume,2025,0.0,58.5,million litres,0.0
Middle East and Africa,RTD Coffee,Appliances and Electronics Specialists,Off-trade Volume,2025,0.0,58.5,million litres,0.0
Middle East and Africa,RTD Coffee,Home Products Specialists,Off-trade Volume,2025,0.0,58.5,million litres,0.0
Middle East and Africa,RTD Coffee,Health and Beauty Specialists,Off-trade Volume,2025,0.3,58.5,million litres,0.17550000000000002
Middle East and Africa,RTD Coffee,Leisure and Personal Goods Specialists,Off-trade Volume,2025,0.0,58.5,million litres,0.0
Middle East and Africa,RTD Coffee,Other Non-Grocery Retailers,Off-trade Volume,2025,0.0,58.5,million litres,0.0
Middle East and Africa,RTD Coffee,Vending,Off-trade Volume,2025,0.0,58.5,million litres,0.0
Middle East and Africa,RTD Coffee,Direct Selling,Off-trade Volume,2025,0.1,58.5,million litres,0.0585
Middle East and Africa,RTD Coffee,Retail E-Commerce,Off-trade Volume,2025,2.2,58.5,million litres,1.2870000000000001
North America,Coffee,Retail Channels,Retail Volume,2025,100.0,809258.3,Tonnes,809258.3
North America,Coffee,Retail Offline,Retail Volume,2025,73.4,809258.3,Tonnes,593995.5922000001
North America,Coffee,Grocery Retailers,Retail Volume,2025,71.4,809258.3,Tonnes,577810.4262000001
North America,Coffee,Convenience Retailers,Retail Volume,2025,1.3,809258.3,Tonnes,10520.3579
North America,Coffee,Convenience Stores,Retail Volume,2025,0.2,809258.3,Tonnes,1618.5166000000002
North America,Coffee,Forecourt Retailers,Retail Volume,2025,1.0,809258.3,Tonnes,8092.5830000000005
North America,Coffee,Supermarkets,Retail Volume,2025,23.8,809258.3,Tonnes,192603.47540000002
North America,Coffee,Hypermarkets,Retail Volume,2025,19.6,809258.3,Tonnes,158614.62680000003
North America,Coffee,Discounters,Retail Volume,2025,3.1,809258.3,Tonnes,25087.0073
North America,Coffee,Warehouse Clubs,Retail Volume,2025,3.5,809258.3,Tonnes,28324.040500000003
North America,Coffee,Food/drink/tobacco specialists,Retail Volume,2025,3.9,809258.3,Tonnes,31561.0737
North America,Coffee,Small Local Grocers,Retail Volume,2025,16.4,809258.3,Tonnes,132718.36119999998
North America,Coffee,Non-Grocery Retailers,Retail Volume,2025,1.8,809258.3,Tonnes,14566.649400000002
North America,Coffee,General Merchandise Stores,Retail Volume,2025,1.2,809258.3,Tonnes,9711.099600000001
North America,Coffee,Apparel and Footwear Specialists,Retail Volume,2025,0.0,809258.3,Tonnes,0.0
North America,Coffee,Appliances and Electronics Specialists,Retail Volume,2025,0.0,809258.3,Tonnes,0.0
North America,Coffee,Home Products Specialists,Retail Volume,2025,0.0,809258.3,Tonnes,0.0
North America,Coffee,Health and Beauty Specialists,Retail Volume,2025,0.7,809258.3,Tonnes,5664.8081
North America,Coffee,Leisure and Personal Goods Specialists,Retail Volume,2025,0.0,809258.3,Tonnes,0.0
North America,Coffee,Other Non-Grocery Retailers,Retail Volume,2025,0.0,809258.3,Tonnes,0.0
North America,Coffee,Vending,Retail Volume,2025,0.0,809258.3,Tonnes,0.0
North America,Coffee,Direct Selling,Retail Volume,2025,0.1,809258.3,Tonnes,809.2583000000001
North America,Coffee,Retail E-Commerce,Retail Volume,2025,26.6,809258.3,Tonnes,215262.70780000003
North America,RTD Coffee,Retail Channels,Off-trade Volume,2025,100.0,849.0,million litres,849.0
North America,RTD Coffee,Retail Offline,Off-trade Volume,2025,86.3,849.0,million litres,732.687
North America,RTD Coffee,Grocery Retailers,Off-trade Volume,2025,79.3,849.0,million litres,673.257
North America,RTD Coffee,Convenience Retailers,Off-trade Volume,2025,23.4,849.0,million litres,198.666
North America,RTD Coffee,Convenience Stores,Off-trade Volume,2025,5.4,849.0,million litres,45.846000000000004
North America,RTD Coffee,Forecourt Retailers,Off-trade Volume,2025,18.0,849.0,million litres,152.82
North America,RTD Coffee,Supermarkets,Off-trade Volume,2025,20.2,849.0,million litres,171.498
North America,RTD Coffee,Hypermarkets,Off-trade Volume,2025,20.0,849.0,million litres,169.8
North America,RTD Coffee,Discounters,Off-trade Volume,2025,1.3,849.0,million litres,11.037
North America,RTD Coffee,Warehouse Clubs,Off-trade Volume,2025,10.7,849.0,million litres,90.843
North America,RTD Coffee,Food/drink/tobacco specialists,Off-trade Volume,2025,0.0,849.0,million litres,0.0
North America,RTD Coffee,Small Local Grocers,Off-trade Volume,2025,3.6,849.0,million litres,30.564000000000004
North America,RTD Coffee,Non-Grocery Retailers,Off-trade Volume,2025,4.5,849.0,million litres,38.205
North America,RTD Coffee,General Merchandise Stores,Off-trade Volume,2025,3.7,849.0,million litres,31.413000000000004
North America,RTD Coffee,Apparel and Footwear Specialists,Off-trade Volume,2025,0.0,849.0,million litres,0.0
North America,RTD Coffee,Appliances and Electronics Specialists,Off-trade Volume,2025,0.0,849.0,million litres,0.0
North America,RTD Coffee,Home Products Specialists,Off-trade Volume,2025,0.0,849.0,million litres,0.0
North America,RTD Coffee,Health and Beauty Specialists,Off-trade Volume,2025,0.9,849.0,million litres,7.641000000000001
North America,RTD Coffee,Leisure and Personal Goods Specialists,Off-trade Volume,2025,0.0,849.0,million litres,0.0
North America,RTD Coffee,Other Non-Grocery Retailers,Off-trade Volume,2025,0.0,849.0,million litres,0.0
North America,RTD Coffee,Vending,Off-trade Volume,2025,2.5,849.0,million litres,21.225
North America,RTD Coffee,Direct Selling,Off-trade Volume,2025,0.0,849.0,million litres,0.0
North America,RTD Coffee,Retail E-Commerce,Off-trade Volume,2025,13.7,849.0,million litres,116.31299999999999
USA,Coffee,Retail Channels,Retail Volume,2025,100.0,735187.2,Tonnes,735187.2
USA,Coffee,Retail Offline,Retail Volume,2025,71.9,735187.2,Tonnes,528599.5968
USA,Coffee,Grocery Retailers,Retail Volume,2025,70.3,735187.2,Tonnes,516836.60159999994
USA,Coffee,Convenience Retailers,Retail Volume,2025,1.2,735187.2,Tonnes,8822.2464
USA,Coffee,Convenience Stores,Retail Volume,2025,0.2,735187.2,Tonnes,1470.3744
USA,Coffee,Forecourt Retailers,Retail Volume,2025,1.1,735187.2,Tonnes,8087.059200000001
USA,Coffee,Supermarkets,Retail Volume,2025,23.1,735187.2,Tonnes,169828.2432
USA,Coffee,Hypermarkets,Retail Volume,2025,19.8,735187.2,Tonnes,145567.0656
USA,Coffee,Discounters,Retail Volume,2025,1.8,735187.2,Tonnes,13233.3696
USA,Coffee,Warehouse Clubs,Retail Volume,2025,3.0,735187.2,Tonnes,22055.615999999998
USA,Coffee,Food/drink/tobacco specialists,Retail Volume,2025,4.3,735187.2,Tonnes,31613.049599999995
USA,Coffee,Small Local Grocers,Retail Volume,2025,17.1,735187.2,Tonnes,125717.01120000001
USA,Coffee,Non-Grocery Retailers,Retail Volume,2025,1.5,735187.2,Tonnes,11027.807999999999
USA,Coffee,General Merchandise Stores,Retail Volume,2025,1.1,735187.2,Tonnes,8087.059200000001
USA,Coffee,Apparel and Footwear Specialists,Retail Volume,2025,0.0,735187.2,Tonnes,0.0
USA,Coffee,Appliances and Electronics Specialists,Retail Volume,2025,0.0,735187.2,Tonnes,0.0
USA,Coffee,Home Products Specialists,Retail Volume,2025,0.0,735187.2,Tonnes,0.0
USA,Coffee,Health and Beauty Specialists,Retail Volume,2025,0.4,735187.2,Tonnes,2940.7488
USA,Coffee,Leisure and Personal Goods Specialists,Retail Volume,2025,0.0,735187.2,Tonnes,0.0
USA,Coffee,Other Non-Grocery Retailers,Retail Volume,2025,0.0,735187.2,Tonnes,0.0
USA,Coffee,Vending,Retail Volume,2025,0.0,735187.2,Tonnes,0.0
USA,Coffee,Direct Selling,Retail Volume,2025,0.1,735187.2,Tonnes,735.1872
USA,Coffee,Retail E-Commerce,Retail Volume,2025,28.1,735187.2,Tonnes,206587.6032
USA,RTD Coffee,Retail Channels,Off-trade Volume,2025,100.0,835.2,million litres,835.2
USA,RTD Coffee,Retail Offline,Off-trade Volume,2025,86.2,835.2,million litres,719.9424
USA,RTD Coffee,Grocery Retailers,Off-trade Volume,2025,79.3,835.2,million litres,662.3136
USA,RTD Coffee,Convenience Retailers,Off-trade Volume,2025,23.6,835.2,million litres,197.10720000000003
USA,RTD Coffee,Convenience Stores,Off-trade Volume,2025,5.5,835.2,million litres,45.936
USA,RTD Coffee,Forecourt Retailers,Off-trade Volume,2025,18.1,835.2,million litres,151.17120000000003
USA,RTD Coffee,Supermarkets,Off-trade Volume,2025,19.9,835.2,million litres,166.2048
USA,RTD Coffee,Hypermarkets,Off-trade Volume,2025,20.1,835.2,million litres,167.8752
USA,RTD Coffee,Discounters,Off-trade Volume,2025,1.3,835.2,million litres,10.857600000000001
USA,RTD Coffee,Warehouse Clubs,Off-trade Volume,2025,10.8,835.2,million litres,90.20160000000001
USA,RTD Coffee,Food/drink/tobacco specialists,Off-trade Volume,2025,0.0,835.2,million litres,0.0
USA,RTD Coffee,Small Local Grocers,Off-trade Volume,2025,3.7,835.2,million litres,30.902400000000007
USA,RTD Coffee,Non-Grocery Retailers,Off-trade Volume,2025,4.4,835.2,million litres,36.7488
USA,RTD Coffee,General Merchandise Stores,Off-trade Volume,2025,3.7,835.2,million litres,30.902400000000007
USA,RTD Coffee,Apparel and Footwear Specialists,Off-trade Volume,2025,0.0,835.2,million litres,0.0
USA,RTD Coffee,Appliances and Electronics Specialists,Off-trade Volume,2025,0.0,835.2,million litres,0.0
USA,RTD Coffee,Home Products Specialists,Off-trade Volume,2025,0.0,835.2,million litres,0.0
USA,RTD Coffee,Health and Beauty Specialists,Off-trade Volume,2025,0.7,835.2,million litres,5.8464
USA,RTD Coffee,Leisure and Personal Goods Specialists,Off-trade Volume,2025,0.0,835.2,million litres,0.0
USA,RTD Coffee,Other Non-Grocery Retailers,Off-trade Volume,2025,0.0,835.2,million litres,0.0
USA,RTD Coffee,Vending,Off-trade Volume,2025,2.5,835.2,million litres,20.880000000000003
USA,RTD Coffee,Direct Selling,Off-trade Volume,2025,0.0,835.2,million litres,0.0
USA,RTD Coffee,Retail E-Commerce,Off-trade Volume,2025,13.8,835.2,million litres,115.25760000000001
Western Europe,Coffee,Retail Channels,Retail Volume,2025,100.0,1318507.5,Tonnes,1318507.5
Western Europe,Coffee,Retail Offline,Retail Volume,2025,94.0,1318507.5,Tonnes,1239397.0499999998
Western Europe,Coffee,Grocery Retailers,Retail Volume,2025,91.4,1318507.5,Tonnes,1205115.855
Western Europe,Coffee,Convenience Retailers,Retail Volume,2025,3.3,1318507.5,Tonnes,43510.747500000005
Western Europe,Coffee,Convenience Stores,Retail Volume,2025,2.9,1318507.5,Tonnes,38236.7175
Western Europe,Coffee,Forecourt Retailers,Retail Volume,2025,0.4,1318507.5,Tonnes,5274.03
Western Europe,Coffee,Supermarkets,Retail Volume,2025,37.4,1318507.5,Tonnes,493121.805
Western Europe,Coffee,Hypermarkets,Retail Volume,2025,18.5,1318507.5,Tonnes,243923.88749999998
Western Europe,Coffee,Discounters,Retail Volume,2025,25.2,1318507.5,Tonnes,332263.89
Western Europe,Coffee,Warehouse Clubs,Retail Volume,2025,0.0,1318507.5,Tonnes,0.0
Western Europe,Coffee,Food/drink/tobacco specialists,Retail Volume,2025,4.1,1318507.5,Tonnes,54058.807499999995
Western Europe,Coffee,Small Local Grocers,Retail Volume,2025,3.0,1318507.5,Tonnes,39555.225
Western Europe,Coffee,Non-Grocery Retailers,Retail Volume,2025,1.6,1318507.5,Tonnes,21096.12
Western Europe,Coffee,General Merchandise Stores,Retail Volume,2025,0.6,1318507.5,Tonnes,7911.045
Western Europe,Coffee,Apparel and Footwear Specialists,Retail Volume,2025,0.0,1318507.5,Tonnes,0.0
Western Europe,Coffee,Appliances and Electronics Specialists,Retail Volume,2025,0.0,1318507.5,Tonnes,0.0
Western Europe,Coffee,Home Products Specialists,Retail Volume,2025,0.0,1318507.5,Tonnes,0.0
Western Europe,Coffee,Health and Beauty Specialists,Retail Volume,2025,1.0,1318507.5,Tonnes,13185.075
Western Europe,Coffee,Leisure and Personal Goods Specialists,Retail Volume,2025,0.0,1318507.5,Tonnes,0.0
Western Europe,Coffee,Other Non-Grocery Retailers,Retail Volume,2025,0.0,1318507.5,Tonnes,0.0
Western Europe,Coffee,Vending,Retail Volume,2025,0.9,1318507.5,Tonnes,11866.567500000001
Western Europe,Coffee,Direct Selling,Retail Volume,2025,0.0,1318507.5,Tonnes,0.0
Western Europe,Coffee,Retail E-Commerce,Retail Volume,2025,6.0,1318507.5,Tonnes,79110.45
Western Europe,RTD Coffee,Retail Channels,Off-trade Volume,2025,100.0,405.0,million litres,405.0
Western Europe,RTD Coffee,Retail Offline,Off-trade Volume,2025,96.3,405.0,million litres,390.015
Western Europe,RTD Coffee,Grocery Retailers,Off-trade Volume,2025,94.4,405.0,million litres,382.32000000000005
Western Europe,RTD Coffee,Convenience Retailers,Off-trade Volume,2025,13.7,405.0,million litres,55.48499999999999
Western Europe,RTD Coffee,Convenience Stores,Off-trade Volume,2025,6.4,405.0,million litres,25.92
Western Europe,RTD Coffee,Forecourt Retailers,Off-trade Volume,2025,7.2,405.0,million litres,29.160000000000004
Western Europe,RTD Coffee,Supermarkets,Off-trade Volume,2025,44.8,405.0,million litres,181.43999999999997
Western Europe,RTD Coffee,Hypermarkets,Off-trade Volume,2025,15.0,405.0,million litres,60.75
Western Europe,RTD Coffee,Discounters,Off-trade Volume,2025,15.3,405.0,million litres,61.964999999999996
Western Europe,RTD Coffee,Warehouse Clubs,Off-trade Volume,2025,0.0,405.0,million litres,0.0
Western Europe,RTD Coffee,Food/drink/tobacco specialists,Off-trade Volume,2025,0.2,405.0,million litres,0.81
Western Europe,RTD Coffee,Small Local Grocers,Off-trade Volume,2025,5.5,405.0,million litres,22.275
Western Europe,RTD Coffee,Non-Grocery Retailers,Off-trade Volume,2025,1.4,405.0,million litres,5.669999999999999
Western Europe,RTD Coffee,General Merchandise Stores,Off-trade Volume,2025,0.0,405.0,million litres,0.0
Western Europe,RTD Coffee,Apparel and Footwear Specialists,Off-trade Volume,2025,0.0,405.0,million litres,0.0
Western Europe,RTD Coffee,Appliances and Electronics Specialists,Off-trade Volume,2025,0.0,405.0,million litres,0.0
Western Europe,RTD Coffee,Home Products Specialists,Off-trade Volume,2025,0.0,405.0,million litres,0.0
Western Europe,RTD Coffee,Health and Beauty Specialists,Off-trade Volume,2025,1.3,405.0,million litres,5.265000000000001
Western Europe,RTD Coffee,Leisure and Personal Goods Specialists,Off-trade Volume,2025,0.1,405.0,million litres,0.405
Western Europe,RTD Coffee,Other Non-Grocery Retailers,Off-trade Volume,2025,0.0,405.0,million litres,0.0
Western Europe,RTD Coffee,Vending,Off-trade Volume,2025,0.4,405.0,million litres,1.62
Western Europe,RTD Coffee,Direct Selling,Off-trade Volume,2025,0.0,405.0,million litres,0.0
Western Europe,RTD Coffee,Retail E-Commerce,Off-trade Volume,2025,3.7,405.0,million litres,14.985000000000001
France,Coffee,Retail Channels,Retail Volume,2025,100.0,178909.5,Tonnes,178909.5
France,Coffee,Retail Offline,Retail Volume,2025,85.7,178909.5,Tonnes,153325.4415
France,Coffee,Grocery Retailers,Retail Volume,2025,84.5,178909.5,Tonnes,151178.5275
France,Coffee,Convenience Retailers,Retail Volume,2025,1.4,178909.5,Tonnes,2504.7329999999997
France,Coffee,Convenience Stores,Retail Volume,2025,1.4,178909.5,Tonnes,2504.7329999999997
France,Coffee,Forecourt Retailers,Retail Volume,2025,0.0,178909.5,Tonnes,0.0
France,Coffee,Supermarkets,Retail Volume,2025,22.3,178909.5,Tonnes,39896.8185
France,Coffee,Hypermarkets,Retail Volume,2025,28.8,178909.5,Tonnes,51525.93600000001
France,Coffee,Discounters,Retail Volume,2025,13.7,178909.5,Tonnes,24510.601499999997
France,Coffee,Warehouse Clubs,Retail Volume,2025,0.0,178909.5,Tonnes,0.0
France,Coffee,Food/drink/tobacco specialists,Retail Volume,2025,17.5,178909.5,Tonnes,31309.1625
France,Coffee,Small Local Grocers,Retail Volume,2025,0.8,178909.5,Tonnes,1431.276
France,Coffee,Non-Grocery Retailers,Retail Volume,2025,0.6,178909.5,Tonnes,1073.457
France,Coffee,General Merchandise Stores,Retail Volume,2025,0.0,178909.5,Tonnes,0.0
France,Coffee,Apparel and Footwear Specialists,Retail Volume,2025,0.0,178909.5,Tonnes,0.0
France,Coffee,Appliances and Electronics Specialists,Retail Volume,2025,0.0,178909.5,Tonnes,0.0
France,Coffee,Home Products Specialists,Retail Volume,2025,0.0,178909.5,Tonnes,0.0
France,Coffee,Health and Beauty Specialists,Retail Volume,2025,0.6,178909.5,Tonnes,1073.457
France,Coffee,Leisure and Personal Goods Specialists,Retail Volume,2025,0.0,178909.5,Tonnes,0.0
France,Coffee,Other Non-Grocery Retailers,Retail Volume,2025,0.0,178909.5,Tonnes,0.0
France,Coffee,Vending,Retail Volume,2025,0.7,178909.5,Tonnes,1252.3664999999999
France,Coffee,Direct Selling,Retail Volume,2025,0.0,178909.5,Tonnes,0.0
France,Coffee,Retail E-Commerce,Retail Volume,2025,14.3,178909.5,Tonnes,25584.058500000003
France,RTD Coffee,Retail Channels,Off-trade Volume,2025,100.0,4.9,million litres,4.9
France,RTD Coffee,Retail Offline,Off-trade Volume,2025,97.8,4.9,million litres,4.7922
France,RTD Coffee,Grocery Retailers,Off-trade Volume,2025,97.3,4.9,million litres,4.7677000000000005
France,RTD Coffee,Convenience Retailers,Off-trade Volume,2025,38.3,4.9,million litres,1.8766999999999998
France,RTD Coffee,Convenience Stores,Off-trade Volume,2025,17.6,4.9,million litres,0.8624000000000002
France,RTD Coffee,Forecourt Retailers,Off-trade Volume,2025,20.7,4.9,million litres,1.0143
France,RTD Coffee,Supermarkets,Off-trade Volume,2025,27.3,4.9,million litres,1.3377000000000001
France,RTD Coffee,Hypermarkets,Off-trade Volume,2025,27.2,4.9,million litres,1.3328000000000002
France,RTD Coffee,Discounters,Off-trade Volume,2025,2.9,4.9,million litres,0.1421
France,RTD Coffee,Warehouse Clubs,Off-trade Volume,2025,0.0,4.9,million litres,0.0
France,RTD Coffee,Food/drink/tobacco specialists,Off-trade Volume,2025,0.0,4.9,million litres,0.0
France,RTD Coffee,Small Local Grocers,Off-trade Volume,2025,1.6,4.9,million litres,0.07840000000000001
France,RTD Coffee,Non-Grocery Retailers,Off-trade Volume,2025,0.0,4.9,million litres,0.0
France,RTD Coffee,General Merchandise Stores,Off-trade Volume,2025,0.0,4.9,million litres,0.0
France,RTD Coffee,Apparel and Footwear Specialists,Off-trade Volume,2025,0.0,4.9,million litres,0.0
France,RTD Coffee,Appliances and Electronics Specialists,Off-trade Volume,2025,0.0,4.9,million litres,0.0
France,RTD Coffee,Home Products Specialists,Off-trade Volume,2025,0.0,4.9,million litres,0.0
France,RTD Coffee,Health and Beauty Specialists,Off-trade Volume,2025,0.0,4.9,million litres,0.0
France,RTD Coffee,Leisure and Personal Goods Specialists,Off-trade Volume,2025,0.0,4.9,million litres,0.0
France,RTD Coffee,Other Non-Grocery Retailers,Off-trade Volume,2025,0.0,4.9,million litres,0.0
France,RTD Coffee,Vending,Off-trade Volume,2025,0.5,4.9,million litres,0.0245
France,RTD Coffee,Direct Selling,Off-trade Volume,2025,0.0,4.9,million litres,0.0
France,RTD Coffee,Retail E-Commerce,Off-trade Volume,2025,2.2,4.9,million litres,0.10780000000000002
Germany,Coffee,Retail Channels,Retail Volume,2025,100.0,405072.7,Tonnes,405072.7
Germany,Coffee,Retail Offline,Retail Volume,2025,97.1,405072.7,Tonnes,393325.5917
Germany,Coffee,Grocery Retailers,Retail Volume,2025,94.5,405072.7,Tonnes,382793.70149999997
Germany,Coffee,Convenience Retailers,Retail Volume,2025,0.6,405072.7,Tonnes,2430.4362
Germany,Coffee,Convenience Stores,Retail Volume,2025,0.4,405072.7,Tonnes,1620.2908
Germany,Coffee,Forecourt Retailers,Retail Volume,2025,0.2,405072.7,Tonnes,810.1454
Germany,Coffee,Supermarkets,Retail Volume,2025,25.7,405072.7,Tonnes,104103.6839
Germany,Coffee,Hypermarkets,Retail Volume,2025,16.9,405072.7,Tonnes,68457.28629999999
Germany,Coffee,Discounters,Retail Volume,2025,48.2,405072.7,Tonnes,195245.04140000002
Germany,Coffee,Warehouse Clubs,Retail Volume,2025,0.0,405072.7,Tonnes,0.0
Germany,Coffee,Food/drink/tobacco specialists,Retail Volume,2025,2.4,405072.7,Tonnes,9721.7448
Germany,Coffee,Small Local Grocers,Retail Volume,2025,0.8,405072.7,Tonnes,3240.5816
Germany,Coffee,Non-Grocery Retailers,Retail Volume,2025,2.5,405072.7,Tonnes,10126.817500000001
Germany,Coffee,General Merchandise Stores,Retail Volume,2025,1.3,405072.7,Tonnes,5265.945100000001
Germany,Coffee,Apparel and Footwear Specialists,Retail Volume,2025,0.0,405072.7,Tonnes,0.0
Germany,Coffee,Appliances and Electronics Specialists,Retail Volume,2025,0.0,405072.7,Tonnes,0.0
Germany,Coffee,Home Products Specialists,Retail Volume,2025,0.0,405072.7,Tonnes,0.0
Germany,Coffee,Health and Beauty Specialists,Retail Volume,2025,1.2,405072.7,Tonnes,4860.8724
Germany,Coffee,Leisure and Personal Goods Specialists,Retail Volume,2025,0.0,405072.7,Tonnes,0.0
Germany,Coffee,Other Non-Grocery Retailers,Retail Volume,2025,0.0,405072.7,Tonnes,0.0
Germany,Coffee,Vending,Retail Volume,2025,0.2,405072.7,Tonnes,810.1454
Germany,Coffee,Direct Selling,Retail Volume,2025,0.0,405072.7,Tonnes,0.0
Germany,Coffee,Retail E-Commerce,Retail Volume,2025,2.9,405072.7,Tonnes,11747.1083
Germany,RTD Coffee,Retail Channels,Off-trade Volume,2025,100.0,112.8,million litres,112.8
Germany,RTD Coffee,Retail Offline,Off-trade Volume,2025,98.9,112.8,million litres,111.5592
Germany,RTD Coffee,Grocery Retailers,Off-trade Volume,2025,94.6,112.8,million litres,106.7088
Germany,RTD Coffee,Convenience Retailers,Off-trade Volume,2025,16.0,112.8,million litres,18.048
Germany,RTD Coffee,Convenience Stores,Off-trade Volume,2025,0.1,112.8,million litres,0.1128
Germany,RTD Coffee,Forecourt Retailers,Off-trade Volume,2025,15.9,112.8,million litres,17.9352
Germany,RTD Coffee,Supermarkets,Off-trade Volume,2025,31.6,112.8,million litres,35.6448
Germany,RTD Coffee,Hypermarkets,Off-trade Volume,2025,13.7,112.8,million litres,15.453599999999998
Germany,RTD Coffee,Discounters,Off-trade Volume,2025,27.5,112.8,million litres,31.020000000000003
Germany,RTD Coffee,Warehouse Clubs,Off-trade Volume,2025,0.0,112.8,million litres,0.0
Germany,RTD Coffee,Food/drink/tobacco specialists,Off-trade Volume,2025,0.1,112.8,million litres,0.1128
Germany,RTD Coffee,Small Local Grocers,Off-trade Volume,2025,5.6,112.8,million litres,6.316799999999999
Germany,RTD Coffee,Non-Grocery Retailers,Off-trade Volume,2025,3.9,112.8,million litres,4.3991999999999996
Germany,RTD Coffee,General Merchandise Stores,Off-trade Volume,2025,0.0,112.8,million litres,0.0
Germany,RTD Coffee,Apparel and Footwear Specialists,Off-trade Volume,2025,0.0,112.8,million litres,0.0
Germany,RTD Coffee,Appliances and Electronics Specialists,Off-trade Volume,2025,0.0,112.8,million litres,0.0
Germany,RTD Coffee,Home Products Specialists,Off-trade Volume,2025,0.0,112.8,million litres,0.0
Germany,RTD Coffee,Health and Beauty Specialists,Off-trade Volume,2025,3.9,112.8,million litres,4.3991999999999996
Germany,RTD Coffee,Leisure and Personal Goods Specialists,Off-trade Volume,2025,0.0,112.8,million litres,0.0
Germany,RTD Coffee,Other Non-Grocery Retailers,Off-trade Volume,2025,0.0,112.8,million litres,0.0
Germany,RTD Coffee,Vending,Off-trade Volume,2025,0.3,112.8,million litres,0.3384
Germany,RTD Coffee,Direct Selling,Off-trade Volume,2025,0.0,112.8,million litres,0.0
Germany,RTD Coffee,Retail E-Commerce,Off-trade Volume,2025,1.1,112.8,million litres,1.2408000000000001
United Kingdom,Coffee,Retail Channels,Retail Volume,2025,100.0,74710.0,Tonnes,74710.0
United Kingdom,Coffee,Retail Offline,Retail Volume,2025,87.6,74710.0,Tonnes,65445.95999999999
United Kingdom,Coffee,Grocery Retailers,Retail Volume,2025,84.9,74710.0,Tonnes,63428.79000000001
United Kingdom,Coffee,Convenience Retailers,Retail Volume,2025,5.4,74710.0,Tonnes,4034.3400000000006
United Kingdom,Coffee,Convenience Stores,Retail Volume,2025,5.1,74710.0,Tonnes,3810.2099999999996
United Kingdom,Coffee,Forecourt Retailers,Retail Volume,2025,0.2,74710.0,Tonnes,149.42000000000002
United Kingdom,Coffee,Supermarkets,Retail Volume,2025,36.5,74710.0,Tonnes,27269.149999999998
United Kingdom,Coffee,Hypermarkets,Retail Volume,2025,31.9,74710.0,Tonnes,23832.49
United Kingdom,Coffee,Discounters,Retail Volume,2025,8.7,74710.0,Tonnes,6499.7699999999995
United Kingdom,Coffee,Warehouse Clubs,Retail Volume,2025,0.1,74710.0,Tonnes,74.71000000000001
United Kingdom,Coffee,Food/drink/tobacco specialists,Retail Volume,2025,1.3,74710.0,Tonnes,971.2300000000001
United Kingdom,Coffee,Small Local Grocers,Retail Volume,2025,1.0,74710.0,Tonnes,747.1
United Kingdom,Coffee,Non-Grocery Retailers,Retail Volume,2025,1.9,74710.0,Tonnes,1419.49
United Kingdom,Coffee,General Merchandise Stores,Retail Volume,2025,1.9,74710.0,Tonnes,1419.49
United Kingdom,Coffee,Apparel and Footwear Specialists,Retail Volume,2025,0.0,74710.0,Tonnes,0.0
United Kingdom,Coffee,Appliances and Electronics Specialists,Retail Volume,2025,0.0,74710.0,Tonnes,0.0
United Kingdom,Coffee,Home Products Specialists,Retail Volume,2025,0.0,74710.0,Tonnes,0.0
United Kingdom,Coffee,Health and Beauty Specialists,Retail Volume,2025,0.0,74710.0,Tonnes,0.0
United Kingdom,Coffee,Leisure and Personal Goods Specialists,Retail Volume,2025,0.0,74710.0,Tonnes,0.0
United Kingdom,Coffee,Other Non-Grocery Retailers,Retail Volume,2025,0.0,74710.0,Tonnes,0.0
United Kingdom,Coffee,Vending,Retail Volume,2025,0.8,74710.0,Tonnes,597.6800000000001
United Kingdom,Coffee,Direct Selling,Retail Volume,2025,0.0,74710.0,Tonnes,0.0
United Kingdom,Coffee,Retail E-Commerce,Retail Volume,2025,12.4,74710.0,Tonnes,9264.039999999999
United Kingdom,RTD Coffee,Retail Channels,Off-trade Volume,2025,100.0,73.5,million litres,73.5
United Kingdom,RTD Coffee,Retail Offline,Off-trade Volume,2025,90.9,73.5,million litres,66.8115
United Kingdom,RTD Coffee,Grocery Retailers,Off-trade Volume,2025,90.1,73.5,million litres,66.22349999999999
United Kingdom,RTD Coffee,Convenience Retailers,Off-trade Volume,2025,12.8,73.5,million litres,9.408
United Kingdom,RTD Coffee,Convenience Stores,Off-trade Volume,2025,9.5,73.5,million litres,6.9825
United Kingdom,RTD Coffee,Forecourt Retailers,Off-trade Volume,2025,3.3,73.5,million litres,2.4255
United Kingdom,RTD Coffee,Supermarkets,Off-trade Volume,2025,33.1,73.5,million litres,24.328500000000002
United Kingdom,RTD Coffee,Hypermarkets,Off-trade Volume,2025,29.6,73.5,million litres,21.756000000000004
United Kingdom,RTD Coffee,Discounters,Off-trade Volume,2025,0.0,73.5,million litres,0.0
United Kingdom,RTD Coffee,Warehouse Clubs,Off-trade Volume,2025,0.0,73.5,million litres,0.0
United Kingdom,RTD Coffee,Food/drink/tobacco specialists,Off-trade Volume,2025,0.0,73.5,million litres,0.0
United Kingdom,RTD Coffee,Small Local Grocers,Off-trade Volume,2025,14.5,73.5,million litres,10.657499999999999
United Kingdom,RTD Coffee,Non-Grocery Retailers,Off-trade Volume,2025,0.8,73.5,million litres,0.588
United Kingdom,RTD Coffee,General Merchandise Stores,Off-trade Volume,2025,0.0,73.5,million litres,0.0
United Kingdom,RTD Coffee,Apparel and Footwear Specialists,Off-trade Volume,2025,0.0,73.5,million litres,0.0
United Kingdom,RTD Coffee,Appliances and Electronics Specialists,Off-trade Volume,2025,0.0,73.5,million litres,0.0
United Kingdom,RTD Coffee,Home Products Specialists,Off-trade Volume,2025,0.0,73.5,million litres,0.0
United Kingdom,RTD Coffee,Health and Beauty Specialists,Off-trade Volume,2025,0.8,73.5,million litres,0.588
United Kingdom,RTD Coffee,Leisure and Personal Goods Specialists,Off-trade Volume,2025,0.0,73.5,million litres,0.0
United Kingdom,RTD Coffee,Other Non-Grocery Retailers,Off-trade Volume,2025,0.0,73.5,million litres,0.0
United Kingdom,RTD Coffee,Vending,Off-trade Volume,2025,0.0,73.5,million litres,0.0
United Kingdom,RTD Coffee,Direct Selling,Off-trade Volume,2025,0.0,73.5,million litres,0.0
United Kingdom,RTD Coffee,Retail E-Commerce,Off-trade Volume,2025,9.1,73.5,million litres,6.6884999999999994
