Geography,Category,Outlet Type,Data Type,Year,Channel_Share_Pct
World,Coffee,Retail Channels,Retail Volume,2015,100.0
World,Coffee,Retail Offline,Retail Volume,2015,97.8
World,Coffee,Grocery Retailers,Retail Volume,2015,95.1
World,Coffee,Convenience Retailers,Retail Volume,2015,5.3
World,Coffee,Convenience Stores,Retail Volume,2015,4.2
World,Coffee,Forecourt Retailers,Retail Volume,2015,1.1
World,Coffee,Supermarkets,Retail Volume,2015,30.3
World,Coffee,Hypermarkets,Retail Volume,2015,21.4
World,Coffee,Discounters,Retail Volume,2015,7.1
World,Coffee,Warehouse Clubs,Retail Volume,2015,1.2
World,Coffee,Food/drink/tobacco specialists,Retail Volume,2015,2.6
World,Coffee,Small Local Grocers,Retail Volume,2015,27.2
World,Coffee,Non-Grocery Retailers,Retail Volume,2015,1.9
World,Coffee,General Merchandise Stores,Retail Volume,2015,1.1
World,Coffee,Apparel and Footwear Specialists,Retail Volume,2015,0.0
World,Coffee,Appliances and Electronics Specialists,Retail Volume,2015,0.0
World,Coffee,Home Products Specialists,Retail Volume,2015,0.0
World,Coffee,Health and Beauty Specialists,Retail Volume,2015,0.7
World,Coffee,Leisure and Personal Goods Specialists,Retail Volume,2015,0.0
World,Coffee,Other Non-Grocery Retailers,Retail Volume,2015,0.1
World,Coffee,Vending,Retail Volume,2015,0.5
World,Coffee,Direct Selling,Retail Volume,2015,0.3
World,Coffee,Retail E-Commerce,Retail Volume,2015,2.2
World,RTD Coffee,Retail Channels,Off-trade Volume,2015,100.0
World,RTD Coffee,Retail Offline,Off-trade Volume,2015,98.9
World,RTD Coffee,Grocery Retailers,Off-trade Volume,2015,67.4
World,RTD Coffee,Convenience Retailers,Off-trade Volume,2015,22.7
World,RTD Coffee,Convenience Stores,Off-trade Volume,2015,19.1
World,RTD Coffee,Forecourt Retailers,Off-trade Volume,2015,3.6
World,RTD Coffee,Supermarkets,Off-trade Volume,2015,22.8
World,RTD Coffee,Hypermarkets,Off-trade Volume,2015,9.7
World,RTD Coffee,Discounters,Off-trade Volume,2015,0.7
World,RTD Coffee,Warehouse Clubs,Off-trade Volume,2015,2.1
World,RTD Coffee,Food/drink/tobacco specialists,Off-trade Volume,2015,0.0
World,RTD Coffee,Small Local Grocers,Off-trade Volume,2015,9.4
World,RTD Coffee,Non-Grocery Retailers,Off-trade Volume,2015,12.6
World,RTD Coffee,General Merchandise Stores,Off-trade Volume,2015,5.8
World,RTD Coffee,Apparel and Footwear Specialists,Off-trade Volume,2015,0.0
World,RTD Coffee,Appliances and Electronics Specialists,Off-trade Volume,2015,0.0
World,RTD Coffee,Home Products Specialists,Off-trade Volume,2015,0.0
World,RTD Coffee,Health and Beauty Specialists,Off-trade Volume,2015,6.8
World,RTD Coffee,Leisure and Personal Goods Specialists,Off-trade Volume,2015,0.0
World,RTD Coffee,Other Non-Grocery Retailers,Off-trade Volume,2015,0.0
World,RTD Coffee,Vending,Off-trade Volume,2015,18.9
World,RTD Coffee,Direct Selling,Off-trade Volume,2015,0.0
World,RTD Coffee,Retail E-Commerce,Off-trade Volume,2015,1.1
Asia Pacific,Coffee,Retail Channels,Retail Volume,2015,100.0
Asia Pacific,Coffee,Retail Offline,Retail Volume,2015,97.9
Asia Pacific,Coffee,Grocery Retailers,Retail Volume,2015,94.4
Asia Pacific,Coffee,Convenience Retailers,Retail Volume,2015,9.0
Asia Pacific,Coffee,Convenience Stores,Retail Volume,2015,7.7
Asia Pacific,Coffee,Forecourt Retailers,Retail Volume,2015,1.3
Asia Pacific,Coffee,Supermarkets,Retail Volume,2015,17.5
Asia Pacific,Coffee,Hypermarkets,Retail Volume,2015,17.6
Asia Pacific,Coffee,Discounters,Retail Volume,2015,0.0
Asia Pacific,Coffee,Warehouse Clubs,Retail Volume,2015,0.4
Asia Pacific,Coffee,Food/drink/tobacco specialists,Retail Volume,2015,0.7
Asia Pacific,Coffee,Small Local Grocers,Retail Volume,2015,49.2
Asia Pacific,Coffee,Non-Grocery Retailers,Retail Volume,2015,2.6
Asia Pacific,Coffee,General Merchandise Stores,Retail Volume,2015,1.8
Asia Pacific,Coffee,Apparel and Footwear Specialists,Retail Volume,2015,0.0
Asia Pacific,Coffee,Appliances and Electronics Specialists,Retail Volume,2015,0.0
Asia Pacific,Coffee,Home Products Specialists,Retail Volume,2015,0.0
Asia Pacific,Coffee,Health and Beauty Specialists,Retail Volume,2015,0.8
Asia Pacific,Coffee,Leisure and Personal Goods Specialists,Retail Volume,2015,0.0
Asia Pacific,Coffee,Other Non-Grocery Retailers,Retail Volume,2015,0.0
Asia Pacific,Coffee,Vending,Retail Volume,2015,0.1
Asia Pacific,Coffee,Direct Selling,Retail Volume,2015,0.7
Asia Pacific,Coffee,Retail E-Commerce,Retail Volume,2015,2.1
Asia Pacific,RTD Coffee,Retail Channels,Off-trade Volume,2015,100.0
Asia Pacific,RTD Coffee,Retail Offline,Off-trade Volume,2015,99.0
Asia Pacific,RTD Coffee,Grocery Retailers,Off-trade Volume,2015,63.4
Asia Pacific,RTD Coffee,Convenience Retailers,Off-trade Volume,2015,21.9
Asia Pacific,RTD Coffee,Convenience Stores,Off-trade Volume,2015,21.2
Asia Pacific,RTD Coffee,Forecourt Retailers,Off-trade Volume,2015,0.7
Asia Pacific,RTD Coffee,Supermarkets,Off-trade Volume,2015,22.2
Asia Pacific,RTD Coffee,Hypermarkets,Off-trade Volume,2015,8.1
Asia Pacific,RTD Coffee,Discounters,Off-trade Volume,2015,0.1
Asia Pacific,RTD Coffee,Warehouse Clubs,Off-trade Volume,2015,1.4
Asia Pacific,RTD Coffee,Food/drink/tobacco specialists,Off-trade Volume,2015,0.0
Asia Pacific,RTD Coffee,Small Local Grocers,Off-trade Volume,2015,9.8
Asia Pacific,RTD Coffee,Non-Grocery Retailers,Off-trade Volume,2015,14.0
Asia Pacific,RTD Coffee,General Merchandise Stores,Off-trade Volume,2015,6.4
Asia Pacific,RTD Coffee,Apparel and Footwear Specialists,Off-trade Volume,2015,0.0
Asia Pacific,RTD Coffee,Appliances and Electronics Specialists,Off-trade Volume,2015,0.0
Asia Pacific,RTD Coffee,Home Products Specialists,Off-trade Volume,2015,0.0
Asia Pacific,RTD Coffee,Health and Beauty Specialists,Off-trade Volume,2015,7.6
Asia Pacific,RTD Coffee,Leisure and Personal Goods Specialists,Off-trade Volume,2015,0.0
Asia Pacific,RTD Coffee,Other Non-Grocery Retailers,Off-trade Volume,2015,0.0
Asia Pacific,RTD Coffee,Vending,Off-trade Volume,2015,21.6
Asia Pacific,RTD Coffee,Direct Selling,Off-trade Volume,2015,0.0
Asia Pacific,RTD Coffee,Retail E-Commerce,Off-trade Volume,2015,1.0
China,Coffee,Retail Channels,Retail Volume,2015,100.0
China,Coffee,Retail Offline,Retail Volume,2015,89.2
China,Coffee,Grocery Retailers,Retail Volume,2015,89.2
China,Coffee,Convenience Retailers,Retail Volume,2015,5.4
China,Coffee,Convenience Stores,Retail Volume,2015,5.4
China,Coffee,Forecourt Retailers,Retail Volume,2015,0.0
China,Coffee,Supermarkets,Retail Volume,2015,31.6
China,Coffee,Hypermarkets,Retail Volume,2015,42.5
China,Coffee,Discounters,Retail Volume,2015,0.0
China,Coffee,Warehouse Clubs,Retail Volume,2015,0.0
China,Coffee,Food/drink/tobacco specialists,Retail Volume,2015,0.0
China,Coffee,Small Local Grocers,Retail Volume,2015,9.6
China,Coffee,Non-Grocery Retailers,Retail Volume,2015,0.0
China,Coffee,General Merchandise Stores,Retail Volume,2015,0.0
China,Coffee,Apparel and Footwear Specialists,Retail Volume,2015,0.0
China,Coffee,Appliances and Electronics Specialists,Retail Volume,2015,0.0
China,Coffee,Home Products Specialists,Retail Volume,2015,0.0
China,Coffee,Health and Beauty Specialists,Retail Volume,2015,0.0
China,Coffee,Leisure and Personal Goods Specialists,Retail Volume,2015,0.0
China,Coffee,Other Non-Grocery Retailers,Retail Volume,2015,0.0
China,Coffee,Vending,Retail Volume,2015,0.0
China,Coffee,Direct Selling,Retail Volume,2015,0.0
China,Coffee,Retail E-Commerce,Retail Volume,2015,10.8
China,RTD Coffee,Retail Channels,Off-trade Volume,2015,100.0
China,RTD Coffee,Retail Offline,Off-trade Volume,2015,98.1
China,RTD Coffee,Grocery Retailers,Off-trade Volume,2015,96.5
China,RTD Coffee,Convenience Retailers,Off-trade Volume,2015,9.2
China,RTD Coffee,Convenience Stores,Off-trade Volume,2015,6.5
China,RTD Coffee,Forecourt Retailers,Off-trade Volume,2015,2.7
China,RTD Coffee,Supermarkets,Off-trade Volume,2015,36.6
China,RTD Coffee,Hypermarkets,Off-trade Volume,2015,13.9
China,RTD Coffee,Discounters,Off-trade Volume,2015,0.9
China,RTD Coffee,Warehouse Clubs,Off-trade Volume,2015,0.0
China,RTD Coffee,Food/drink/tobacco specialists,Off-trade Volume,2015,0.0
China,RTD Coffee,Small Local Grocers,Off-trade Volume,2015,36.0
China,RTD Coffee,Non-Grocery Retailers,Off-trade Volume,2015,0.0
China,RTD Coffee,General Merchandise Stores,Off-trade Volume,2015,0.0
China,RTD Coffee,Apparel and Footwear Specialists,Off-trade Volume,2015,0.0
China,RTD Coffee,Appliances and Electronics Specialists,Off-trade Volume,2015,0.0
China,RTD Coffee,Home Products Specialists,Off-trade Volume,2015,0.0
China,RTD Coffee,Health and Beauty Specialists,Off-trade Volume,2015,0.0
China,RTD Coffee,Leisure and Personal Goods Specialists,Off-trade Volume,2015,0.0
China,RTD Coffee,Other Non-Grocery Retailers,Off-trade Volume,2015,0.0
China,RTD Coffee,Vending,Off-trade Volume,2015,1.6
China,RTD Coffee,Direct Selling,Off-trade Volume,2015,0.0
China,RTD Coffee,Retail E-Commerce,Off-trade Volume,2015,1.9
India,Coffee,Retail Channels,Retail Volume,2015,100.0
India,Coffee,Retail Offline,Retail Volume,2015,100.0
India,Coffee,Grocery Retailers,Retail Volume,2015,100.0
India,Coffee,Convenience Retailers,Retail Volume,2015,1.9
India,Coffee,Convenience Stores,Retail Volume,2015,1.7
India,Coffee,Forecourt Retailers,Retail Volume,2015,0.2
India,Coffee,Supermarkets,Retail Volume,2015,9.2
India,Coffee,Hypermarkets,Retail Volume,2015,6.9
India,Coffee,Discounters,Retail Volume,2015,0.0
India,Coffee,Warehouse Clubs,Retail Volume,2015,0.0
India,Coffee,Food/drink/tobacco specialists,Retail Volume,2015,0.0
India,Coffee,Small Local Grocers,Retail Volume,2015,82.0
India,Coffee,Non-Grocery Retailers,Retail Volume,2015,0.0
India,Coffee,General Merchandise Stores,Retail Volume,2015,0.0
India,Coffee,Apparel and Footwear Specialists,Retail Volume,2015,0.0
India,Coffee,Appliances and Electronics Specialists,Retail Volume,2015,0.0
India,Coffee,Home Products Specialists,Retail Volume,2015,0.0
India,Coffee,Health and Beauty Specialists,Retail Volume,2015,0.0
India,Coffee,Leisure and Personal Goods Specialists,Retail Volume,2015,0.0
India,Coffee,Other Non-Grocery Retailers,Retail Volume,2015,0.0
India,Coffee,Vending,Retail Volume,2015,0.0
India,Coffee,Direct Selling,Retail Volume,2015,0.0
India,Coffee,Retail E-Commerce,Retail Volume,2015,0.0
India,RTD Coffee,Retail Channels,Off-trade Volume,2015,0.0
India,RTD Coffee,Retail Offline,Off-trade Volume,2015,0.0
India,RTD Coffee,Grocery Retailers,Off-trade Volume,2015,0.0
India,RTD Coffee,Convenience Retailers,Off-trade Volume,2015,0.0
India,RTD Coffee,Convenience Stores,Off-trade Volume,2015,0.0
India,RTD Coffee,Forecourt Retailers,Off-trade Volume,2015,0.0
India,RTD Coffee,Supermarkets,Off-trade Volume,2015,0.0
India,RTD Coffee,Hypermarkets,Off-trade Volume,2015,0.0
India,RTD Coffee,Discounters,Off-trade Volume,2015,0.0
India,RTD Coffee,Warehouse Clubs,Off-trade Volume,2015,0.0
India,RTD Coffee,Food/drink/tobacco specialists,Off-trade Volume,2015,0.0
India,RTD Coffee,Small Local Grocers,Off-trade Volume,2015,0.0
India,RTD Coffee,Non-Grocery Retailers,Off-trade Volume,2015,0.0
India,RTD Coffee,General Merchandise Stores,Off-trade Volume,2015,0.0
India,RTD Coffee,Apparel and Footwear Specialists,Off-trade Volume,2015,0.0
India,RTD Coffee,Appliances and Electronics Specialists,Off-trade Volume,2015,0.0
India,RTD Coffee,Home Products Specialists,Off-trade Volume,2015,0.0
India,RTD Coffee,Health and Beauty Specialists,Off-trade Volume,2015,0.0
India,RTD Coffee,Leisure and Personal Goods Specialists,Off-trade Volume,2015,0.0
India,RTD Coffee,Other Non-Grocery Retailers,Off-trade Volume,2015,0.0
India,RTD Coffee,Vending,Off-trade Volume,2015,0.0
India,RTD Coffee,Direct Selling,Off-trade Volume,2015,0.0
India,RTD Coffee,Retail E-Commerce,Off-trade Volume,2015,0.0
Japan,Coffee,Retail Channels,Retail Volume,2015,100.0
Japan,Coffee,Retail Offline,Retail Volume,2015,91.3
Japan,Coffee,Grocery Retailers,Retail Volume,2015,69.9
Japan,Coffee,Convenience Retailers,Retail Volume,2015,2.9
Japan,Coffee,Convenience Stores,Retail Volume,2015,2.9
Japan,Coffee,Forecourt Retailers,Retail Volume,2015,0.0
Japan,Coffee,Supermarkets,Retail Volume,2015,45.9
Japan,Coffee,Hypermarkets,Retail Volume,2015,11.8
Japan,Coffee,Discounters,Retail Volume,2015,0.0
Japan,Coffee,Warehouse Clubs,Retail Volume,2015,2.9
Japan,Coffee,Food/drink/tobacco specialists,Retail Volume,2015,0.0
Japan,Coffee,Small Local Grocers,Retail Volume,2015,6.3
Japan,Coffee,Non-Grocery Retailers,Retail Volume,2015,20.6
Japan,Coffee,General Merchandise Stores,Retail Volume,2015,14.7
Japan,Coffee,Apparel and Footwear Specialists,Retail Volume,2015,0.0
Japan,Coffee,Appliances and Electronics Specialists,Retail Volume,2015,0.0
Japan,Coffee,Home Products Specialists,Retail Volume,2015,0.0
Japan,Coffee,Health and Beauty Specialists,Retail Volume,2015,5.9
Japan,Coffee,Leisure and Personal Goods Specialists,Retail Volume,2015,0.0
Japan,Coffee,Other Non-Grocery Retailers,Retail Volume,2015,0.0
Japan,Coffee,Vending,Retail Volume,2015,0.8
Japan,Coffee,Direct Selling,Retail Volume,2015,0.0
Japan,Coffee,Retail E-Commerce,Retail Volume,2015,8.7
Japan,RTD Coffee,Retail Channels,Off-trade Volume,2015,100.0
Japan,RTD Coffee,Retail Offline,Off-trade Volume,2015,99.5
Japan,RTD Coffee,Grocery Retailers,Off-trade Volume,2015,55.1
Japan,RTD Coffee,Convenience Retailers,Off-trade Volume,2015,18.8
Japan,RTD Coffee,Convenience Stores,Off-trade Volume,2015,18.8
Japan,RTD Coffee,Forecourt Retailers,Off-trade Volume,2015,0.0
Japan,RTD Coffee,Supermarkets,Off-trade Volume,2015,23.5
Japan,RTD Coffee,Hypermarkets,Off-trade Volume,2015,6.1
Japan,RTD Coffee,Discounters,Off-trade Volume,2015,0.0
Japan,RTD Coffee,Warehouse Clubs,Off-trade Volume,2015,1.5
Japan,RTD Coffee,Food/drink/tobacco specialists,Off-trade Volume,2015,0.0
Japan,RTD Coffee,Small Local Grocers,Off-trade Volume,2015,5.2
Japan,RTD Coffee,Non-Grocery Retailers,Off-trade Volume,2015,17.1
Japan,RTD Coffee,General Merchandise Stores,Off-trade Volume,2015,7.6
Japan,RTD Coffee,Apparel and Footwear Specialists,Off-trade Volume,2015,0.0
Japan,RTD Coffee,Appliances and Electronics Specialists,Off-trade Volume,2015,0.0
Japan,RTD Coffee,Home Products Specialists,Off-trade Volume,2015,0.0
Japan,RTD Coffee,Health and Beauty Specialists,Off-trade Volume,2015,9.5
Japan,RTD Coffee,Leisure and Personal Goods Specialists,Off-trade Volume,2015,0.0
Japan,RTD Coffee,Other Non-Grocery Retailers,Off-trade Volume,2015,0.0
Japan,RTD Coffee,Vending,Off-trade Volume,2015,27.3
Japan,RTD Coffee,Direct Selling,Off-trade Volume,2015,0.0
Japan,RTD Coffee,Retail E-Commerce,Off-trade Volume,2015,0.5
Thailand,Coffee,Retail Channels,Retail Volume,2015,100.0
Thailand,Coffee,Retail Offline,Retail Volume,2015,98.5
Thailand,Coffee,Grocery Retailers,Retail Volume,2015,98.5
Thailand,Coffee,Convenience Retailers,Retail Volume,2015,28.9
Thailand,Coffee,Convenience Stores,Retail Volume,2015,16.4
Thailand,Coffee,Forecourt Retailers,Retail Volume,2015,12.5
Thailand,Coffee,Supermarkets,Retail Volume,2015,5.7
Thailand,Coffee,Hypermarkets,Retail Volume,2015,23.3
Thailand,Coffee,Discounters,Retail Volume,2015,0.0
Thailand,Coffee,Warehouse Clubs,Retail Volume,2015,0.0
Thailand,Coffee,Food/drink/tobacco specialists,Retail Volume,2015,0.0
Thailand,Coffee,Small Local Grocers,Retail Volume,2015,40.6
Thailand,Coffee,Non-Grocery Retailers,Retail Volume,2015,0.0
Thailand,Coffee,General Merchandise Stores,Retail Volume,2015,0.0
Thailand,Coffee,Apparel and Footwear Specialists,Retail Volume,2015,0.0
Thailand,Coffee,Appliances and Electronics Specialists,Retail Volume,2015,0.0
Thailand,Coffee,Home Products Specialists,Retail Volume,2015,0.0
Thailand,Coffee,Health and Beauty Specialists,Retail Volume,2015,0.0
Thailand,Coffee,Leisure and Personal Goods Specialists,Retail Volume,2015,0.0
Thailand,Coffee,Other Non-Grocery Retailers,Retail Volume,2015,0.0
Thailand,Coffee,Vending,Retail Volume,2015,0.0
Thailand,Coffee,Direct Selling,Retail Volume,2015,0.0
Thailand,Coffee,Retail E-Commerce,Retail Volume,2015,1.5
Thailand,RTD Coffee,Retail Channels,Off-trade Volume,2015,100.0
Thailand,RTD Coffee,Retail Offline,Off-trade Volume,2015,98.6
Thailand,RTD Coffee,Grocery Retailers,Off-trade Volume,2015,91.2
Thailand,RTD Coffee,Convenience Retailers,Off-trade Volume,2015,29.1
Thailand,RTD Coffee,Convenience Stores,Off-trade Volume,2015,16.6
Thailand,RTD Coffee,Forecourt Retailers,Off-trade Volume,2015,12.5
Thailand,RTD Coffee,Supermarkets,Off-trade Volume,2015,5.6
Thailand,RTD Coffee,Hypermarkets,Off-trade Volume,2015,23.1
Thailand,RTD Coffee,Discounters,Off-trade Volume,2015,0.0
Thailand,RTD Coffee,Warehouse Clubs,Off-trade Volume,2015,0.0
Thailand,RTD Coffee,Food/drink/tobacco specialists,Off-trade Volume,2015,0.0
Thailand,RTD Coffee,Small Local Grocers,Off-trade Volume,2015,33.5
Thailand,RTD Coffee,Non-Grocery Retailers,Off-trade Volume,2015,0.0
Thailand,RTD Coffee,General Merchandise Stores,Off-trade Volume,2015,0.0
Thailand,RTD Coffee,Apparel and Footwear Specialists,Off-trade Volume,2015,0.0
Thailand,RTD Coffee,Appliances and Electronics Specialists,Off-trade Volume,2015,0.0
Thailand,RTD Coffee,Home Products Specialists,Off-trade Volume,2015,0.0
Thailand,RTD Coffee,Health and Beauty Specialists,Off-trade Volume,2015,0.0
Thailand,RTD Coffee,Leisure and Personal Goods Specialists,Off-trade Volume,2015,0.0
Thailand,RTD Coffee,Other Non-Grocery Retailers,Off-trade Volume,2015,0.0
Thailand,RTD Coffee,Vending,Off-trade Volume,2015,7.4
Thailand,RTD Coffee,Direct Selling,Off-trade Volume,2015,0.0
Thailand,RTD Coffee,Retail E-Commerce,Off-trade Volume,2015,1.3
Australasia,Coffee,Retail Channels,Retail Volume,2015,100.0
Australasia,Coffee,Retail Offline,Retail Volume,2015,95.4
Australasia,Coffee,Grocery Retailers,Retail Volume,2015,95.2
Australasia,Coffee,Convenience Retailers,Retail Volume,2015,5.1
Australasia,Coffee,Convenience Stores,Retail Volume,2015,2.4
Australasia,Coffee,Forecourt Retailers,Retail Volume,2015,2.7
Australasia,Coffee,Supermarkets,Retail Volume,2015,76.3
Australasia,Coffee,Hypermarkets,Retail Volume,2015,0.0
Australasia,Coffee,Discounters,Retail Volume,2015,11.5
Australasia,Coffee,Warehouse Clubs,Retail Volume,2015,0.0
Australasia,Coffee,Food/drink/tobacco specialists,Retail Volume,2015,0.0
Australasia,Coffee,Small Local Grocers,Retail Volume,2015,2.4
Australasia,Coffee,Non-Grocery Retailers,Retail Volume,2015,0.1
Australasia,Coffee,General Merchandise Stores,Retail Volume,2015,0.0
Australasia,Coffee,Apparel and Footwear Specialists,Retail Volume,2015,0.0
Australasia,Coffee,Appliances and Electronics Specialists,Retail Volume,2015,0.0
Australasia,Coffee,Home Products Specialists,Retail Volume,2015,0.0
Australasia,Coffee,Health and Beauty Specialists,Retail Volume,2015,0.1
Australasia,Coffee,Leisure and Personal Goods Specialists,Retail Volume,2015,0.0
Australasia,Coffee,Other Non-Grocery Retailers,Retail Volume,2015,0.0
Australasia,Coffee,Vending,Retail Volume,2015,0.1
Australasia,Coffee,Direct Selling,Retail Volume,2015,0.0
Australasia,Coffee,Retail E-Commerce,Retail Volume,2015,4.6
Australasia,RTD Coffee,Retail Channels,Off-trade Volume,2015,100.0
Australasia,RTD Coffee,Retail Offline,Off-trade Volume,2015,95.8
Australasia,RTD Coffee,Grocery Retailers,Off-trade Volume,2015,94.9
Australasia,RTD Coffee,Convenience Retailers,Off-trade Volume,2015,34.5
Australasia,RTD Coffee,Convenience Stores,Off-trade Volume,2015,8.1
Australasia,RTD Coffee,Forecourt Retailers,Off-trade Volume,2015,26.4
Australasia,RTD Coffee,Supermarkets,Off-trade Volume,2015,54.4
Australasia,RTD Coffee,Hypermarkets,Off-trade Volume,2015,0.0
Australasia,RTD Coffee,Discounters,Off-trade Volume,2015,1.2
Australasia,RTD Coffee,Warehouse Clubs,Off-trade Volume,2015,0.0
Australasia,RTD Coffee,Food/drink/tobacco specialists,Off-trade Volume,2015,0.0
Australasia,RTD Coffee,Small Local Grocers,Off-trade Volume,2015,4.8
Australasia,RTD Coffee,Non-Grocery Retailers,Off-trade Volume,2015,0.0
Australasia,RTD Coffee,General Merchandise Stores,Off-trade Volume,2015,0.0
Australasia,RTD Coffee,Apparel and Footwear Specialists,Off-trade Volume,2015,0.0
Australasia,RTD Coffee,Appliances and Electronics Specialists,Off-trade Volume,2015,0.0
Australasia,RTD Coffee,Home Products Specialists,Off-trade Volume,2015,0.0
Australasia,RTD Coffee,Health and Beauty Specialists,Off-trade Volume,2015,0.0
Australasia,RTD Coffee,Leisure and Personal Goods Specialists,Off-trade Volume,2015,0.0
Australasia,RTD Coffee,Other Non-Grocery Retailers,Off-trade Volume,2015,0.0
Australasia,RTD Coffee,Vending,Off-trade Volume,2015,0.9
Australasia,RTD Coffee,Direct Selling,Off-trade Volume,2015,0.0
Australasia,RTD Coffee,Retail E-Commerce,Off-trade Volume,2015,4.2
Australia,Coffee,Retail Channels,Retail Volume,2015,100.0
Australia,Coffee,Retail Offline,Retail Volume,2015,95.3
Australia,Coffee,Grocery Retailers,Retail Volume,2015,95.3
Australia,Coffee,Convenience Retailers,Retail Volume,2015,5.4
Australia,Coffee,Convenience Stores,Retail Volume,2015,2.4
Australia,Coffee,Forecourt Retailers,Retail Volume,2015,3.0
Australia,Coffee,Supermarkets,Retail Volume,2015,74.8
Australia,Coffee,Hypermarkets,Retail Volume,2015,0.0
Australia,Coffee,Discounters,Retail Volume,2015,13.0
Australia,Coffee,Warehouse Clubs,Retail Volume,2015,0.0
Australia,Coffee,Food/drink/tobacco specialists,Retail Volume,2015,0.0
Australia,Coffee,Small Local Grocers,Retail Volume,2015,2.1
Australia,Coffee,Non-Grocery Retailers,Retail Volume,2015,0.0
Australia,Coffee,General Merchandise Stores,Retail Volume,2015,0.0
Australia,Coffee,Apparel and Footwear Specialists,Retail Volume,2015,0.0
Australia,Coffee,Appliances and Electronics Specialists,Retail Volume,2015,0.0
Australia,Coffee,Home Products Specialists,Retail Volume,2015,0.0
Australia,Coffee,Health and Beauty Specialists,Retail Volume,2015,0.0
Australia,Coffee,Leisure and Personal Goods Specialists,Retail Volume,2015,0.0
Australia,Coffee,Other Non-Grocery Retailers,Retail Volume,2015,0.0
Australia,Coffee,Vending,Retail Volume,2015,0.0
Australia,Coffee,Direct Selling,Retail Volume,2015,0.0
Australia,Coffee,Retail E-Commerce,Retail Volume,2015,4.7
Australia,RTD Coffee,Retail Channels,Off-trade Volume,2015,100.0
Australia,RTD Coffee,Retail Offline,Off-trade Volume,2015,95.7
Australia,RTD Coffee,Grocery Retailers,Off-trade Volume,2015,94.8
Australia,RTD Coffee,Convenience Retailers,Off-trade Volume,2015,35.1
Australia,RTD Coffee,Convenience Stores,Off-trade Volume,2015,8.2
Australia,RTD Coffee,Forecourt Retailers,Off-trade Volume,2015,26.8
Australia,RTD Coffee,Supermarkets,Off-trade Volume,2015,53.6
Australia,RTD Coffee,Hypermarkets,Off-trade Volume,2015,0.0
Australia,RTD Coffee,Discounters,Off-trade Volume,2015,1.2
Australia,RTD Coffee,Warehouse Clubs,Off-trade Volume,2015,0.0
Australia,RTD Coffee,Food/drink/tobacco specialists,Off-trade Volume,2015,0.0
Australia,RTD Coffee,Small Local Grocers,Off-trade Volume,2015,4.9
Australia,RTD Coffee,Non-Grocery Retailers,Off-trade Volume,2015,0.0
Australia,RTD Coffee,General Merchandise Stores,Off-trade Volume,2015,0.0
Australia,RTD Coffee,Apparel and Footwear Specialists,Off-trade Volume,2015,0.0
Australia,RTD Coffee,Appliances and Electronics Specialists,Off-trade Volume,2015,0.0
Australia,RTD Coffee,Home Products Specialists,Off-trade Volume,2015,0.0
Australia,RTD Coffee,Health and Beauty Specialists,Off-trade Volume,2015,0.0
Australia,RTD Coffee,Leisure and Personal Goods Specialists,Off-trade Volume,2015,0.0
Australia,RTD Coffee,Other Non-Grocery Retailers,Off-trade Volume,2015,0.0
Australia,RTD Coffee,Vending,Off-trade Volume,2015,1.0
Australia,RTD Coffee,Direct Selling,Off-trade Volume,2015,0.0
Australia,RTD Coffee,Retail E-Commerce,Off-trade Volume,2015,4.3
Eastern Europe,Coffee,Retail Channels,Retail Volume,2015,100.0
Eastern Europe,Coffee,Retail Offline,Retail Volume,2015,99.5
Eastern Europe,Coffee,Grocery Retailers,Retail Volume,2015,96.7
Eastern Europe,Coffee,Convenience Retailers,Retail Volume,2015,12.8
Eastern Europe,Coffee,Convenience Stores,Retail Volume,2015,11.9
Eastern Europe,Coffee,Forecourt Retailers,Retail Volume,2015,0.9
Eastern Europe,Coffee,Supermarkets,Retail Volume,2015,28.5
Eastern Europe,Coffee,Hypermarkets,Retail Volume,2015,17.7
Eastern Europe,Coffee,Discounters,Retail Volume,2015,9.4
Eastern Europe,Coffee,Warehouse Clubs,Retail Volume,2015,0.0
Eastern Europe,Coffee,Food/drink/tobacco specialists,Retail Volume,2015,1.6
Eastern Europe,Coffee,Small Local Grocers,Retail Volume,2015,26.6
Eastern Europe,Coffee,Non-Grocery Retailers,Retail Volume,2015,0.5
Eastern Europe,Coffee,General Merchandise Stores,Retail Volume,2015,0.2
Eastern Europe,Coffee,Apparel and Footwear Specialists,Retail Volume,2015,0.0
Eastern Europe,Coffee,Appliances and Electronics Specialists,Retail Volume,2015,0.0
Eastern Europe,Coffee,Home Products Specialists,Retail Volume,2015,0.0
Eastern Europe,Coffee,Health and Beauty Specialists,Retail Volume,2015,0.3
Eastern Europe,Coffee,Leisure and Personal Goods Specialists,Retail Volume,2015,0.0
Eastern Europe,Coffee,Other Non-Grocery Retailers,Retail Volume,2015,0.0
Eastern Europe,Coffee,Vending,Retail Volume,2015,2.2
Eastern Europe,Coffee,Direct Selling,Retail Volume,2015,0.0
Eastern Europe,Coffee,Retail E-Commerce,Retail Volume,2015,0.5
Eastern Europe,RTD Coffee,Retail Channels,Off-trade Volume,2015,100.0
Eastern Europe,RTD Coffee,Retail Offline,Off-trade Volume,2015,99.8
Eastern Europe,RTD Coffee,Grocery Retailers,Off-trade Volume,2015,98.2
Eastern Europe,RTD Coffee,Convenience Retailers,Off-trade Volume,2015,45.9
Eastern Europe,RTD Coffee,Convenience Stores,Off-trade Volume,2015,12.0
Eastern Europe,RTD Coffee,Forecourt Retailers,Off-trade Volume,2015,33.9
Eastern Europe,RTD Coffee,Supermarkets,Off-trade Volume,2015,12.2
Eastern Europe,RTD Coffee,Hypermarkets,Off-trade Volume,2015,21.4
Eastern Europe,RTD Coffee,Discounters,Off-trade Volume,2015,9.5
Eastern Europe,RTD Coffee,Warehouse Clubs,Off-trade Volume,2015,0.0
Eastern Europe,RTD Coffee,Food/drink/tobacco specialists,Off-trade Volume,2015,1.0
Eastern Europe,RTD Coffee,Small Local Grocers,Off-trade Volume,2015,8.2
Eastern Europe,RTD Coffee,Non-Grocery Retailers,Off-trade Volume,2015,0.6
Eastern Europe,RTD Coffee,General Merchandise Stores,Off-trade Volume,2015,0.3
Eastern Europe,RTD Coffee,Apparel and Footwear Specialists,Off-trade Volume,2015,0.0
Eastern Europe,RTD Coffee,Appliances and Electronics Specialists,Off-trade Volume,2015,0.0
Eastern Europe,RTD Coffee,Home Products Specialists,Off-trade Volume,2015,0.0
Eastern Europe,RTD Coffee,Health and Beauty Specialists,Off-trade Volume,2015,0.3
Eastern Europe,RTD Coffee,Leisure and Personal Goods Specialists,Off-trade Volume,2015,0.0
Eastern Europe,RTD Coffee,Other Non-Grocery Retailers,Off-trade Volume,2015,0.0
Eastern Europe,RTD Coffee,Vending,Off-trade Volume,2015,1.0
Eastern Europe,RTD Coffee,Direct Selling,Off-trade Volume,2015,0.0
Eastern Europe,RTD Coffee,Retail E-Commerce,Off-trade Volume,2015,0.2
Latin America,Coffee,Retail Channels,Retail Volume,2015,100.0
Latin America,Coffee,Retail Offline,Retail Volume,2015,99.7
Latin America,Coffee,Grocery Retailers,Retail Volume,2015,97.8
Latin America,Coffee,Convenience Retailers,Retail Volume,2015,1.1
Latin America,Coffee,Convenience Stores,Retail Volume,2015,0.6
Latin America,Coffee,Forecourt Retailers,Retail Volume,2015,0.5
Latin America,Coffee,Supermarkets,Retail Volume,2015,32.9
Latin America,Coffee,Hypermarkets,Retail Volume,2015,30.3
Latin America,Coffee,Discounters,Retail Volume,2015,2.5
Latin America,Coffee,Warehouse Clubs,Retail Volume,2015,2.7
Latin America,Coffee,Food/drink/tobacco specialists,Retail Volume,2015,0.0
Latin America,Coffee,Small Local Grocers,Retail Volume,2015,28.2
Latin America,Coffee,Non-Grocery Retailers,Retail Volume,2015,1.5
Latin America,Coffee,General Merchandise Stores,Retail Volume,2015,1.3
Latin America,Coffee,Apparel and Footwear Specialists,Retail Volume,2015,0.0
Latin America,Coffee,Appliances and Electronics Specialists,Retail Volume,2015,0.0
Latin America,Coffee,Home Products Specialists,Retail Volume,2015,0.0
Latin America,Coffee,Health and Beauty Specialists,Retail Volume,2015,0.1
Latin America,Coffee,Leisure and Personal Goods Specialists,Retail Volume,2015,0.0
Latin America,Coffee,Other Non-Grocery Retailers,Retail Volume,2015,0.0
Latin America,Coffee,Vending,Retail Volume,2015,0.2
Latin America,Coffee,Direct Selling,Retail Volume,2015,0.3
Latin America,Coffee,Retail E-Commerce,Retail Volume,2015,0.3
Latin America,RTD Coffee,Retail Channels,Off-trade Volume,2015,100.0
Latin America,RTD Coffee,Retail Offline,Off-trade Volume,2015,100.0
Latin America,RTD Coffee,Grocery Retailers,Off-trade Volume,2015,98.9
Latin America,RTD Coffee,Convenience Retailers,Off-trade Volume,2015,20.3
Latin America,RTD Coffee,Convenience Stores,Off-trade Volume,2015,8.4
Latin America,RTD Coffee,Forecourt Retailers,Off-trade Volume,2015,11.9
Latin America,RTD Coffee,Supermarkets,Off-trade Volume,2015,26.1
Latin America,RTD Coffee,Hypermarkets,Off-trade Volume,2015,10.1
Latin America,RTD Coffee,Discounters,Off-trade Volume,2015,2.2
Latin America,RTD Coffee,Warehouse Clubs,Off-trade Volume,2015,0.4
Latin America,RTD Coffee,Food/drink/tobacco specialists,Off-trade Volume,2015,0.4
Latin America,RTD Coffee,Small Local Grocers,Off-trade Volume,2015,39.4
Latin America,RTD Coffee,Non-Grocery Retailers,Off-trade Volume,2015,1.1
Latin America,RTD Coffee,General Merchandise Stores,Off-trade Volume,2015,0.2
Latin America,RTD Coffee,Apparel and Footwear Specialists,Off-trade Volume,2015,0.0
Latin America,RTD Coffee,Appliances and Electronics Specialists,Off-trade Volume,2015,0.0
Latin America,RTD Coffee,Home Products Specialists,Off-trade Volume,2015,0.0
Latin America,RTD Coffee,Health and Beauty Specialists,Off-trade Volume,2015,0.9
Latin America,RTD Coffee,Leisure and Personal Goods Specialists,Off-trade Volume,2015,0.0
Latin America,RTD Coffee,Other Non-Grocery Retailers,Off-trade Volume,2015,0.0
Latin America,RTD Coffee,Vending,Off-trade Volume,2015,0.0
Latin America,RTD Coffee,Direct Selling,Off-trade Volume,2015,0.0
Latin America,RTD Coffee,Retail E-Commerce,Off-trade Volume,2015,0.0
Brazil,Coffee,Retail Channels,Retail Volume,2015,100.0
Brazil,Coffee,Retail Offline,Retail Volume,2015,99.7
Brazil,Coffee,Grocery Retailers,Retail Volume,2015,97.5
Brazil,Coffee,Convenience Retailers,Retail Volume,2015,0.6
Brazil,Coffee,Convenience Stores,Retail Volume,2015,0.0
Brazil,Coffee,Forecourt Retailers,Retail Volume,2015,0.6
Brazil,Coffee,Supermarkets,Retail Volume,2015,37.9
Brazil,Coffee,Hypermarkets,Retail Volume,2015,36.3
Brazil,Coffee,Discounters,Retail Volume,2015,0.3
Brazil,Coffee,Warehouse Clubs,Retail Volume,2015,3.6
Brazil,Coffee,Food/drink/tobacco specialists,Retail Volume,2015,0.0
Brazil,Coffee,Small Local Grocers,Retail Volume,2015,18.7
Brazil,Coffee,Non-Grocery Retailers,Retail Volume,2015,1.8
Brazil,Coffee,General Merchandise Stores,Retail Volume,2015,1.8
Brazil,Coffee,Apparel and Footwear Specialists,Retail Volume,2015,0.0
Brazil,Coffee,Appliances and Electronics Specialists,Retail Volume,2015,0.0
Brazil,Coffee,Home Products Specialists,Retail Volume,2015,0.0
Brazil,Coffee,Health and Beauty Specialists,Retail Volume,2015,0.0
Brazil,Coffee,Leisure and Personal Goods Specialists,Retail Volume,2015,0.0
Brazil,Coffee,Other Non-Grocery Retailers,Retail Volume,2015,0.0
Brazil,Coffee,Vending,Retail Volume,2015,0.0
Brazil,Coffee,Direct Selling,Retail Volume,2015,0.4
Brazil,Coffee,Retail E-Commerce,Retail Volume,2015,0.3
Brazil,RTD Coffee,Retail Channels,Off-trade Volume,2015,100.0
Brazil,RTD Coffee,Retail Offline,Off-trade Volume,2015,100.0
Brazil,RTD Coffee,Grocery Retailers,Off-trade Volume,2015,99.3
Brazil,RTD Coffee,Convenience Retailers,Off-trade Volume,2015,65.6
Brazil,RTD Coffee,Convenience Stores,Off-trade Volume,2015,1.1
Brazil,RTD Coffee,Forecourt Retailers,Off-trade Volume,2015,64.6
Brazil,RTD Coffee,Supermarkets,Off-trade Volume,2015,10.6
Brazil,RTD Coffee,Hypermarkets,Off-trade Volume,2015,10.2
Brazil,RTD Coffee,Discounters,Off-trade Volume,2015,0.0
Brazil,RTD Coffee,Warehouse Clubs,Off-trade Volume,2015,1.3
Brazil,RTD Coffee,Food/drink/tobacco specialists,Off-trade Volume,2015,0.0
Brazil,RTD Coffee,Small Local Grocers,Off-trade Volume,2015,11.6
Brazil,RTD Coffee,Non-Grocery Retailers,Off-trade Volume,2015,0.7
Brazil,RTD Coffee,General Merchandise Stores,Off-trade Volume,2015,0.7
Brazil,RTD Coffee,Apparel and Footwear Specialists,Off-trade Volume,2015,0.0
Brazil,RTD Coffee,Appliances and Electronics Specialists,Off-trade Volume,2015,0.0
Brazil,RTD Coffee,Home Products Specialists,Off-trade Volume,2015,0.0
Brazil,RTD Coffee,Health and Beauty Specialists,Off-trade Volume,2015,0.0
Brazil,RTD Coffee,Leisure and Personal Goods Specialists,Off-trade Volume,2015,0.0
Brazil,RTD Coffee,Other Non-Grocery Retailers,Off-trade Volume,2015,0.0
Brazil,RTD Coffee,Vending,Off-trade Volume,2015,0.0
Brazil,RTD Coffee,Direct Selling,Off-trade Volume,2015,0.0
Brazil,RTD Coffee,Retail E-Commerce,Off-trade Volume,2015,0.0
Middle East and Africa,Coffee,Retail Channels,Retail Volume,2015,100.0
Middle East and Africa,Coffee,Retail Offline,Retail Volume,2015,99.7
Middle East and Africa,Coffee,Grocery Retailers,Retail Volume,2015,98.1
Middle East and Africa,Coffee,Convenience Retailers,Retail Volume,2015,5.2
Middle East and Africa,Coffee,Convenience Stores,Retail Volume,2015,3.3
Middle East and Africa,Coffee,Forecourt Retailers,Retail Volume,2015,1.9
Middle East and Africa,Coffee,Supermarkets,Retail Volume,2015,30.5
Middle East and Africa,Coffee,Hypermarkets,Retail Volume,2015,9.2
Middle East and Africa,Coffee,Discounters,Retail Volume,2015,1.7
Middle East and Africa,Coffee,Warehouse Clubs,Retail Volume,2015,0.0
Middle East and Africa,Coffee,Food/drink/tobacco specialists,Retail Volume,2015,6.1
Middle East and Africa,Coffee,Small Local Grocers,Retail Volume,2015,45.4
Middle East and Africa,Coffee,Non-Grocery Retailers,Retail Volume,2015,1.4
Middle East and Africa,Coffee,General Merchandise Stores,Retail Volume,2015,0.0
Middle East and Africa,Coffee,Apparel and Footwear Specialists,Retail Volume,2015,0.0
Middle East and Africa,Coffee,Appliances and Electronics Specialists,Retail Volume,2015,0.0
Middle East and Africa,Coffee,Home Products Specialists,Retail Volume,2015,0.0
Middle East and Africa,Coffee,Health and Beauty Specialists,Retail Volume,2015,0.0
Middle East and Africa,Coffee,Leisure and Personal Goods Specialists,Retail Volume,2015,0.0
Middle East and Africa,Coffee,Other Non-Grocery Retailers,Retail Volume,2015,1.4
Middle East and Africa,Coffee,Vending,Retail Volume,2015,0.1
Middle East and Africa,Coffee,Direct Selling,Retail Volume,2015,0.1
Middle East and Africa,Coffee,Retail E-Commerce,Retail Volume,2015,0.3
Middle East and Africa,RTD Coffee,Retail Channels,Off-trade Volume,2015,100.0
Middle East and Africa,RTD Coffee,Retail Offline,Off-trade Volume,2015,100.0
Middle East and Africa,RTD Coffee,Grocery Retailers,Off-trade Volume,2015,99.8
Middle East and Africa,RTD Coffee,Convenience Retailers,Off-trade Volume,2015,55.3
Middle East and Africa,RTD Coffee,Convenience Stores,Off-trade Volume,2015,2.9
Middle East and Africa,RTD Coffee,Forecourt Retailers,Off-trade Volume,2015,52.4
Middle East and Africa,RTD Coffee,Supermarkets,Off-trade Volume,2015,19.7
Middle East and Africa,RTD Coffee,Hypermarkets,Off-trade Volume,2015,18.0
Middle East and Africa,RTD Coffee,Discounters,Off-trade Volume,2015,0.6
Middle East and Africa,RTD Coffee,Warehouse Clubs,Off-trade Volume,2015,0.0
Middle East and Africa,RTD Coffee,Food/drink/tobacco specialists,Off-trade Volume,2015,0.4
Middle East and Africa,RTD Coffee,Small Local Grocers,Off-trade Volume,2015,5.9
Middle East and Africa,RTD Coffee,Non-Grocery Retailers,Off-trade Volume,2015,0.0
Middle East and Africa,RTD Coffee,General Merchandise Stores,Off-trade Volume,2015,0.0
Middle East and Africa,RTD Coffee,Apparel and Footwear Specialists,Off-trade Volume,2015,0.0
Middle East and Africa,RTD Coffee,Appliances and Electronics Specialists,Off-trade Volume,2015,0.0
Middle East and Africa,RTD Coffee,Home Products Specialists,Off-trade Volume,2015,0.0
Middle East and Africa,RTD Coffee,Health and Beauty Specialists,Off-trade Volume,2015,0.0
Middle East and Africa,RTD Coffee,Leisure and Personal Goods Specialists,Off-trade Volume,2015,0.0
Middle East and Africa,RTD Coffee,Other Non-Grocery Retailers,Off-trade Volume,2015,0.0
Middle East and Africa,RTD Coffee,Vending,Off-trade Volume,2015,0.2
Middle East and Africa,RTD Coffee,Direct Selling,Off-trade Volume,2015,0.0
Middle East and Africa,RTD Coffee,Retail E-Commerce,Off-trade Volume,2015,0.0
North America,Coffee,Retail Channels,Retail Volume,2015,100.0
North America,Coffee,Retail Offline,Retail Volume,2015,94.2
North America,Coffee,Grocery Retailers,Retail Volume,2015,91.5
North America,Coffee,Convenience Retailers,Retail Volume,2015,2.5
North America,Coffee,Convenience Stores,Retail Volume,2015,0.4
North America,Coffee,Forecourt Retailers,Retail Volume,2015,2.1
North America,Coffee,Supermarkets,Retail Volume,2015,32.5
North America,Coffee,Hypermarkets,Retail Volume,2015,25.2
North America,Coffee,Discounters,Retail Volume,2015,2.9
North America,Coffee,Warehouse Clubs,Retail Volume,2015,4.0
North America,Coffee,Food/drink/tobacco specialists,Retail Volume,2015,4.9
North America,Coffee,Small Local Grocers,Retail Volume,2015,19.5
North America,Coffee,Non-Grocery Retailers,Retail Volume,2015,2.5
North America,Coffee,General Merchandise Stores,Retail Volume,2015,1.4
North America,Coffee,Apparel and Footwear Specialists,Retail Volume,2015,0.0
North America,Coffee,Appliances and Electronics Specialists,Retail Volume,2015,0.0
North America,Coffee,Home Products Specialists,Retail Volume,2015,0.0
North America,Coffee,Health and Beauty Specialists,Retail Volume,2015,1.1
North America,Coffee,Leisure and Personal Goods Specialists,Retail Volume,2015,0.0
North America,Coffee,Other Non-Grocery Retailers,Retail Volume,2015,0.0
North America,Coffee,Vending,Retail Volume,2015,0.1
North America,Coffee,Direct Selling,Retail Volume,2015,0.2
North America,Coffee,Retail E-Commerce,Retail Volume,2015,5.8
North America,RTD Coffee,Retail Channels,Off-trade Volume,2015,100.0
North America,RTD Coffee,Retail Offline,Off-trade Volume,2015,97.7
North America,RTD Coffee,Grocery Retailers,Off-trade Volume,2015,88.5
North America,RTD Coffee,Convenience Retailers,Off-trade Volume,2015,29.9
North America,RTD Coffee,Convenience Stores,Off-trade Volume,2015,6.6
North America,RTD Coffee,Forecourt Retailers,Off-trade Volume,2015,23.3
North America,RTD Coffee,Supermarkets,Off-trade Volume,2015,22.0
North America,RTD Coffee,Hypermarkets,Off-trade Volume,2015,21.0
North America,RTD Coffee,Discounters,Off-trade Volume,2015,0.6
North America,RTD Coffee,Warehouse Clubs,Off-trade Volume,2015,9.9
North America,RTD Coffee,Food/drink/tobacco specialists,Off-trade Volume,2015,0.0
North America,RTD Coffee,Small Local Grocers,Off-trade Volume,2015,5.1
North America,RTD Coffee,Non-Grocery Retailers,Off-trade Volume,2015,5.6
North America,RTD Coffee,General Merchandise Stores,Off-trade Volume,2015,3.3
North America,RTD Coffee,Apparel and Footwear Specialists,Off-trade Volume,2015,0.0
North America,RTD Coffee,Appliances and Electronics Specialists,Off-trade Volume,2015,0.0
North America,RTD Coffee,Home Products Specialists,Off-trade Volume,2015,0.0
North America,RTD Coffee,Health and Beauty Specialists,Off-trade Volume,2015,2.3
North America,RTD Coffee,Leisure and Personal Goods Specialists,Off-trade Volume,2015,0.0
North America,RTD Coffee,Other Non-Grocery Retailers,Off-trade Volume,2015,0.0
North America,RTD Coffee,Vending,Off-trade Volume,2015,3.6
North America,RTD Coffee,Direct Selling,Off-trade Volume,2015,0.0
North America,RTD Coffee,Retail E-Commerce,Off-trade Volume,2015,2.3
USA,Coffee,Retail Channels,Retail Volume,2015,100.0
USA,Coffee,Retail Offline,Retail Volume,2015,93.8
USA,Coffee,Grocery Retailers,Retail Volume,2015,91.4
USA,Coffee,Convenience Retailers,Retail Volume,2015,2.6
USA,Coffee,Convenience Stores,Retail Volume,2015,0.3
USA,Coffee,Forecourt Retailers,Retail Volume,2015,2.2
USA,Coffee,Supermarkets,Retail Volume,2015,32.0
USA,Coffee,Hypermarkets,Retail Volume,2015,25.8
USA,Coffee,Discounters,Retail Volume,2015,1.9
USA,Coffee,Warehouse Clubs,Retail Volume,2015,3.8
USA,Coffee,Food/drink/tobacco specialists,Retail Volume,2015,5.3
USA,Coffee,Small Local Grocers,Retail Volume,2015,20.2
USA,Coffee,Non-Grocery Retailers,Retail Volume,2015,2.2
USA,Coffee,General Merchandise Stores,Retail Volume,2015,1.3
USA,Coffee,Apparel and Footwear Specialists,Retail Volume,2015,0.0
USA,Coffee,Appliances and Electronics Specialists,Retail Volume,2015,0.0
USA,Coffee,Home Products Specialists,Retail Volume,2015,0.0
USA,Coffee,Health and Beauty Specialists,Retail Volume,2015,0.9
USA,Coffee,Leisure and Personal Goods Specialists,Retail Volume,2015,0.0
USA,Coffee,Other Non-Grocery Retailers,Retail Volume,2015,0.0
USA,Coffee,Vending,Retail Volume,2015,0.0
USA,Coffee,Direct Selling,Retail Volume,2015,0.2
USA,Coffee,Retail E-Commerce,Retail Volume,2015,6.2
USA,RTD Coffee,Retail Channels,Off-trade Volume,2015,100.0
USA,RTD Coffee,Retail Offline,Off-trade Volume,2015,97.7
USA,RTD Coffee,Grocery Retailers,Off-trade Volume,2015,88.6
USA,RTD Coffee,Convenience Retailers,Off-trade Volume,2015,30.1
USA,RTD Coffee,Convenience Stores,Off-trade Volume,2015,6.7
USA,RTD Coffee,Forecourt Retailers,Off-trade Volume,2015,23.4
USA,RTD Coffee,Supermarkets,Off-trade Volume,2015,21.8
USA,RTD Coffee,Hypermarkets,Off-trade Volume,2015,21.1
USA,RTD Coffee,Discounters,Off-trade Volume,2015,0.6
USA,RTD Coffee,Warehouse Clubs,Off-trade Volume,2015,9.9
USA,RTD Coffee,Food/drink/tobacco specialists,Off-trade Volume,2015,0.0
USA,RTD Coffee,Small Local Grocers,Off-trade Volume,2015,5.1
USA,RTD Coffee,Non-Grocery Retailers,Off-trade Volume,2015,5.5
USA,RTD Coffee,General Merchandise Stores,Off-trade Volume,2015,3.4
USA,RTD Coffee,Apparel and Footwear Specialists,Off-trade Volume,2015,0.0
USA,RTD Coffee,Appliances and Electronics Specialists,Off-trade Volume,2015,0.0
USA,RTD Coffee,Home Products Specialists,Off-trade Volume,2015,0.0
USA,RTD Coffee,Health and Beauty Specialists,Off-trade Volume,2015,2.2
USA,RTD Coffee,Leisure and Personal Goods Specialists,Off-trade Volume,2015,0.0
USA,RTD Coffee,Other Non-Grocery Retailers,Off-trade Volume,2015,0.0
USA,RTD Coffee,Vending,Off-trade Volume,2015,3.6
USA,RTD Coffee,Direct Selling,Off-trade Volume,2015,0.0
USA,RTD Coffee,Retail E-Commerce,Off-trade Volume,2015,2.3
Western Europe,Coffee,Retail Channels,Retail Volume,2015,100.0
Western Europe,Coffee,Retail Offline,Retail Volume,2015,97.3
Western Europe,Coffee,Grocery Retailers,Retail Volume,2015,94.3
Western Europe,Coffee,Convenience Retailers,Retail Volume,2015,4.0
Western Europe,Coffee,Convenience Stores,Retail Volume,2015,3.4
Western Europe,Coffee,Forecourt Retailers,Retail Volume,2015,0.5
Western Europe,Coffee,Supermarkets,Retail Volume,2015,39.0
Western Europe,Coffee,Hypermarkets,Retail Volume,2015,22.4
Western Europe,Coffee,Discounters,Retail Volume,2015,21.7
Western Europe,Coffee,Warehouse Clubs,Retail Volume,2015,0.0
Western Europe,Coffee,Food/drink/tobacco specialists,Retail Volume,2015,4.0
Western Europe,Coffee,Small Local Grocers,Retail Volume,2015,3.3
Western Europe,Coffee,Non-Grocery Retailers,Retail Volume,2015,2.0
Western Europe,Coffee,General Merchandise Stores,Retail Volume,2015,0.8
Western Europe,Coffee,Apparel and Footwear Specialists,Retail Volume,2015,0.0
Western Europe,Coffee,Appliances and Electronics Specialists,Retail Volume,2015,0.0
Western Europe,Coffee,Home Products Specialists,Retail Volume,2015,0.0
Western Europe,Coffee,Health and Beauty Specialists,Retail Volume,2015,1.1
Western Europe,Coffee,Leisure and Personal Goods Specialists,Retail Volume,2015,0.0
Western Europe,Coffee,Other Non-Grocery Retailers,Retail Volume,2015,0.0
Western Europe,Coffee,Vending,Retail Volume,2015,1.0
Western Europe,Coffee,Direct Selling,Retail Volume,2015,0.0
Western Europe,Coffee,Retail E-Commerce,Retail Volume,2015,2.7
Western Europe,RTD Coffee,Retail Channels,Off-trade Volume,2015,100.0
Western Europe,RTD Coffee,Retail Offline,Off-trade Volume,2015,99.2
Western Europe,RTD Coffee,Grocery Retailers,Off-trade Volume,2015,96.4
Western Europe,RTD Coffee,Convenience Retailers,Off-trade Volume,2015,14.2
Western Europe,RTD Coffee,Convenience Stores,Off-trade Volume,2015,5.3
Western Europe,RTD Coffee,Forecourt Retailers,Off-trade Volume,2015,8.9
Western Europe,RTD Coffee,Supermarkets,Off-trade Volume,2015,41.3
Western Europe,RTD Coffee,Hypermarkets,Off-trade Volume,2015,16.6
Western Europe,RTD Coffee,Discounters,Off-trade Volume,2015,16.2
Western Europe,RTD Coffee,Warehouse Clubs,Off-trade Volume,2015,0.0
Western Europe,RTD Coffee,Food/drink/tobacco specialists,Off-trade Volume,2015,0.2
Western Europe,RTD Coffee,Small Local Grocers,Off-trade Volume,2015,7.9
Western Europe,RTD Coffee,Non-Grocery Retailers,Off-trade Volume,2015,2.1
Western Europe,RTD Coffee,General Merchandise Stores,Off-trade Volume,2015,0.0
Western Europe,RTD Coffee,Apparel and Footwear Specialists,Off-trade Volume,2015,0.0
Western Europe,RTD Coffee,Appliances and Electronics Specialists,Off-trade Volume,2015,0.0
Western Europe,RTD Coffee,Home Products Specialists,Off-trade Volume,2015,0.0
Western Europe,RTD Coffee,Health and Beauty Specialists,Off-trade Volume,2015,2.1
Western Europe,RTD Coffee,Leisure and Personal Goods Specialists,Off-trade Volume,2015,0.0
Western Europe,RTD Coffee,Other Non-Grocery Retailers,Off-trade Volume,2015,0.0
Western Europe,RTD Coffee,Vending,Off-trade Volume,2015,0.7
Western Europe,RTD Coffee,Direct Selling,Off-trade Volume,2015,0.0
Western Europe,RTD Coffee,Retail E-Commerce,Off-trade Volume,2015,0.8
France,Coffee,Retail Channels,Retail Volume,2015,100.0
France,Coffee,Retail Offline,Retail Volume,2015,95.0
France,Coffee,Grocery Retailers,Retail Volume,2015,94.1
France,Coffee,Convenience Retailers,Retail Volume,2015,1.1
France,Coffee,Convenience Stores,Retail Volume,2015,1.1
France,Coffee,Forecourt Retailers,Retail Volume,2015,0.0
France,Coffee,Supermarkets,Retail Volume,2015,25.7
France,Coffee,Hypermarkets,Retail Volume,2015,38.1
France,Coffee,Discounters,Retail Volume,2015,12.4
France,Coffee,Warehouse Clubs,Retail Volume,2015,0.0
France,Coffee,Food/drink/tobacco specialists,Retail Volume,2015,16.2
France,Coffee,Small Local Grocers,Retail Volume,2015,0.6
France,Coffee,Non-Grocery Retailers,Retail Volume,2015,0.6
France,Coffee,General Merchandise Stores,Retail Volume,2015,0.0
France,Coffee,Apparel and Footwear Specialists,Retail Volume,2015,0.0
France,Coffee,Appliances and Electronics Specialists,Retail Volume,2015,0.0
France,Coffee,Home Products Specialists,Retail Volume,2015,0.0
France,Coffee,Health and Beauty Specialists,Retail Volume,2015,0.6
France,Coffee,Leisure and Personal Goods Specialists,Retail Volume,2015,0.0
France,Coffee,Other Non-Grocery Retailers,Retail Volume,2015,0.0
France,Coffee,Vending,Retail Volume,2015,0.4
France,Coffee,Direct Selling,Retail Volume,2015,0.0
France,Coffee,Retail E-Commerce,Retail Volume,2015,5.0
France,RTD Coffee,Retail Channels,Off-trade Volume,2015,100.0
France,RTD Coffee,Retail Offline,Off-trade Volume,2015,99.3
France,RTD Coffee,Grocery Retailers,Off-trade Volume,2015,99.0
France,RTD Coffee,Convenience Retailers,Off-trade Volume,2015,36.6
France,RTD Coffee,Convenience Stores,Off-trade Volume,2015,15.5
France,RTD Coffee,Forecourt Retailers,Off-trade Volume,2015,21.1
France,RTD Coffee,Supermarkets,Off-trade Volume,2015,24.6
France,RTD Coffee,Hypermarkets,Off-trade Volume,2015,30.7
France,RTD Coffee,Discounters,Off-trade Volume,2015,0.0
France,RTD Coffee,Warehouse Clubs,Off-trade Volume,2015,0.0
France,RTD Coffee,Food/drink/tobacco specialists,Off-trade Volume,2015,0.0
France,RTD Coffee,Small Local Grocers,Off-trade Volume,2015,7.0
France,RTD Coffee,Non-Grocery Retailers,Off-trade Volume,2015,0.0
France,RTD Coffee,General Merchandise Stores,Off-trade Volume,2015,0.0
France,RTD Coffee,Apparel and Footwear Specialists,Off-trade Volume,2015,0.0
France,RTD Coffee,Appliances and Electronics Specialists,Off-trade Volume,2015,0.0
France,RTD Coffee,Home Products Specialists,Off-trade Volume,2015,0.0
France,RTD Coffee,Health and Beauty Specialists,Off-trade Volume,2015,0.0
France,RTD Coffee,Leisure and Personal Goods Specialists,Off-trade Volume,2015,0.0
France,RTD Coffee,Other Non-Grocery Retailers,Off-trade Volume,2015,0.0
France,RTD Coffee,Vending,Off-trade Volume,2015,0.3
France,RTD Coffee,Direct Selling,Off-trade Volume,2015,0.0
France,RTD Coffee,Retail E-Commerce,Off-trade Volume,2015,0.8
Germany,Coffee,Retail Channels,Retail Volume,2015,100.0
Germany,Coffee,Retail Offline,Retail Volume,2015,97.8
Germany,Coffee,Grocery Retailers,Retail Volume,2015,94.2
Germany,Coffee,Convenience Retailers,Retail Volume,2015,0.9
Germany,Coffee,Convenience Stores,Retail Volume,2015,0.4
Germany,Coffee,Forecourt Retailers,Retail Volume,2015,0.4
Germany,Coffee,Supermarkets,Retail Volume,2015,24.4
Germany,Coffee,Hypermarkets,Retail Volume,2015,19.5
Germany,Coffee,Discounters,Retail Volume,2015,45.5
Germany,Coffee,Warehouse Clubs,Retail Volume,2015,0.0
Germany,Coffee,Food/drink/tobacco specialists,Retail Volume,2015,2.8
Germany,Coffee,Small Local Grocers,Retail Volume,2015,1.1
Germany,Coffee,Non-Grocery Retailers,Retail Volume,2015,3.1
Germany,Coffee,General Merchandise Stores,Retail Volume,2015,1.9
Germany,Coffee,Apparel and Footwear Specialists,Retail Volume,2015,0.0
Germany,Coffee,Appliances and Electronics Specialists,Retail Volume,2015,0.0
Germany,Coffee,Home Products Specialists,Retail Volume,2015,0.0
Germany,Coffee,Health and Beauty Specialists,Retail Volume,2015,1.2
Germany,Coffee,Leisure and Personal Goods Specialists,Retail Volume,2015,0.0
Germany,Coffee,Other Non-Grocery Retailers,Retail Volume,2015,0.0
Germany,Coffee,Vending,Retail Volume,2015,0.5
Germany,Coffee,Direct Selling,Retail Volume,2015,0.0
Germany,Coffee,Retail E-Commerce,Retail Volume,2015,2.2
Germany,RTD Coffee,Retail Channels,Off-trade Volume,2015,100.0
Germany,RTD Coffee,Retail Offline,Off-trade Volume,2015,99.0
Germany,RTD Coffee,Grocery Retailers,Off-trade Volume,2015,94.0
Germany,RTD Coffee,Convenience Retailers,Off-trade Volume,2015,13.3
Germany,RTD Coffee,Convenience Stores,Off-trade Volume,2015,0.1
Germany,RTD Coffee,Forecourt Retailers,Off-trade Volume,2015,13.2
Germany,RTD Coffee,Supermarkets,Off-trade Volume,2015,29.1
Germany,RTD Coffee,Hypermarkets,Off-trade Volume,2015,17.4
Germany,RTD Coffee,Discounters,Off-trade Volume,2015,22.9
Germany,RTD Coffee,Warehouse Clubs,Off-trade Volume,2015,0.0
Germany,RTD Coffee,Food/drink/tobacco specialists,Off-trade Volume,2015,0.2
Germany,RTD Coffee,Small Local Grocers,Off-trade Volume,2015,11.2
Germany,RTD Coffee,Non-Grocery Retailers,Off-trade Volume,2015,4.4
Germany,RTD Coffee,General Merchandise Stores,Off-trade Volume,2015,0.0
Germany,RTD Coffee,Apparel and Footwear Specialists,Off-trade Volume,2015,0.0
Germany,RTD Coffee,Appliances and Electronics Specialists,Off-trade Volume,2015,0.0
Germany,RTD Coffee,Home Products Specialists,Off-trade Volume,2015,0.0
Germany,RTD Coffee,Health and Beauty Specialists,Off-trade Volume,2015,4.4
Germany,RTD Coffee,Leisure and Personal Goods Specialists,Off-trade Volume,2015,0.0
Germany,RTD Coffee,Other Non-Grocery Retailers,Off-trade Volume,2015,0.0
Germany,RTD Coffee,Vending,Off-trade Volume,2015,0.5
Germany,RTD Coffee,Direct Selling,Off-trade Volume,2015,0.0
Germany,RTD Coffee,Retail E-Commerce,Off-trade Volume,2015,1.0
United Kingdom,Coffee,Retail Channels,Retail Volume,2015,100.0
United Kingdom,Coffee,Retail Offline,Retail Volume,2015,93.2
United Kingdom,Coffee,Grocery Retailers,Retail Volume,2015,90.3
United Kingdom,Coffee,Convenience Retailers,Retail Volume,2015,5.0
United Kingdom,Coffee,Convenience Stores,Retail Volume,2015,4.7
United Kingdom,Coffee,Forecourt Retailers,Retail Volume,2015,0.2
United Kingdom,Coffee,Supermarkets,Retail Volume,2015,40.9
United Kingdom,Coffee,Hypermarkets,Retail Volume,2015,37.2
United Kingdom,Coffee,Discounters,Retail Volume,2015,5.0
United Kingdom,Coffee,Warehouse Clubs,Retail Volume,2015,0.1
United Kingdom,Coffee,Food/drink/tobacco specialists,Retail Volume,2015,0.8
United Kingdom,Coffee,Small Local Grocers,Retail Volume,2015,1.3
United Kingdom,Coffee,Non-Grocery Retailers,Retail Volume,2015,2.3
United Kingdom,Coffee,General Merchandise Stores,Retail Volume,2015,2.3
United Kingdom,Coffee,Apparel and Footwear Specialists,Retail Volume,2015,0.0
United Kingdom,Coffee,Appliances and Electronics Specialists,Retail Volume,2015,0.0
United Kingdom,Coffee,Home Products Specialists,Retail Volume,2015,0.0
United Kingdom,Coffee,Health and Beauty Specialists,Retail Volume,2015,0.0
United Kingdom,Coffee,Leisure and Personal Goods Specialists,Retail Volume,2015,0.0
United Kingdom,Coffee,Other Non-Grocery Retailers,Retail Volume,2015,0.0
United Kingdom,Coffee,Vending,Retail Volume,2015,0.5
United Kingdom,Coffee,Direct Selling,Retail Volume,2015,0.0
United Kingdom,Coffee,Retail E-Commerce,Retail Volume,2015,6.8
United Kingdom,RTD Coffee,Retail Channels,Off-trade Volume,2015,100.0
United Kingdom,RTD Coffee,Retail Offline,Off-trade Volume,2015,99.0
United Kingdom,RTD Coffee,Grocery Retailers,Off-trade Volume,2015,98.8
United Kingdom,RTD Coffee,Convenience Retailers,Off-trade Volume,2015,11.5
United Kingdom,RTD Coffee,Convenience Stores,Off-trade Volume,2015,8.0
United Kingdom,RTD Coffee,Forecourt Retailers,Off-trade Volume,2015,3.6
United Kingdom,RTD Coffee,Supermarkets,Off-trade Volume,2015,33.2
United Kingdom,RTD Coffee,Hypermarkets,Off-trade Volume,2015,38.7
United Kingdom,RTD Coffee,Discounters,Off-trade Volume,2015,0.0
United Kingdom,RTD Coffee,Warehouse Clubs,Off-trade Volume,2015,0.0
United Kingdom,RTD Coffee,Food/drink/tobacco specialists,Off-trade Volume,2015,0.0
United Kingdom,RTD Coffee,Small Local Grocers,Off-trade Volume,2015,15.4
United Kingdom,RTD Coffee,Non-Grocery Retailers,Off-trade Volume,2015,0.2
United Kingdom,RTD Coffee,General Merchandise Stores,Off-trade Volume,2015,0.0
United Kingdom,RTD Coffee,Apparel and Footwear Specialists,Off-trade Volume,2015,0.0
United Kingdom,RTD Coffee,Appliances and Electronics Specialists,Off-trade Volume,2015,0.0
United Kingdom,RTD Coffee,Home Products Specialists,Off-trade Volume,2015,0.0
United Kingdom,RTD Coffee,Health and Beauty Specialists,Off-trade Volume,2015,0.2
United Kingdom,RTD Coffee,Leisure and Personal Goods Specialists,Off-trade Volume,2015,0.0
United Kingdom,RTD Coffee,Other Non-Grocery Retailers,Off-trade Volume,2015,0.0
United Kingdom,RTD Coffee,Vending,Off-trade Volume,2015,0.0
United Kingdom,RTD Coffee,Direct Selling,Off-trade Volume,2015,0.0
United Kingdom,RTD Coffee,Retail E-Commerce,Off-trade Volume,2015,1.0
World,Coffee,Retail Channels,Retail Volume,2016,100.0
World,Coffee,Retail Offline,Retail Volume,2016,97.6
World,Coffee,Grocery Retailers,Retail Volume,2016,95.0
World,Coffee,Convenience Retailers,Retail Volume,2016,5.4
World,Coffee,Convenience Stores,Retail Volume,2016,4.3
World,Coffee,Forecourt Retailers,Retail Volume,2016,1.1
World,Coffee,Supermarkets,Retail Volume,2016,29.9
World,Coffee,Hypermarkets,Retail Volume,2016,21.3
World,Coffee,Discounters,Retail Volume,2016,7.1
World,Coffee,Warehouse Clubs,Retail Volume,2016,1.2
World,Coffee,Food/drink/tobacco specialists,Retail Volume,2016,2.6
World,Coffee,Small Local Grocers,Retail Volume,2016,27.5
World,Coffee,Non-Grocery Retailers,Retail Volume,2016,1.9
World,Coffee,General Merchandise Stores,Retail Volume,2016,1.1
World,Coffee,Apparel and Footwear Specialists,Retail Volume,2016,0.0
World,Coffee,Appliances and Electronics Specialists,Retail Volume,2016,0.0
World,Coffee,Home Products Specialists,Retail Volume,2016,0.0
World,Coffee,Health and Beauty Specialists,Retail Volume,2016,0.7
World,Coffee,Leisure and Personal Goods Specialists,Retail Volume,2016,0.0
World,Coffee,Other Non-Grocery Retailers,Retail Volume,2016,0.1
World,Coffee,Vending,Retail Volume,2016,0.5
World,Coffee,Direct Selling,Retail Volume,2016,0.2
World,Coffee,Retail E-Commerce,Retail Volume,2016,2.4
World,RTD Coffee,Retail Channels,Off-trade Volume,2016,100.0
World,RTD Coffee,Retail Offline,Off-trade Volume,2016,98.7
World,RTD Coffee,Grocery Retailers,Off-trade Volume,2016,67.9
World,RTD Coffee,Convenience Retailers,Off-trade Volume,2016,23.0
World,RTD Coffee,Convenience Stores,Off-trade Volume,2016,19.2
World,RTD Coffee,Forecourt Retailers,Off-trade Volume,2016,3.8
World,RTD Coffee,Supermarkets,Off-trade Volume,2016,22.8
World,RTD Coffee,Hypermarkets,Off-trade Volume,2016,9.9
World,RTD Coffee,Discounters,Off-trade Volume,2016,0.8
World,RTD Coffee,Warehouse Clubs,Off-trade Volume,2016,2.1
World,RTD Coffee,Food/drink/tobacco specialists,Off-trade Volume,2016,0.0
World,RTD Coffee,Small Local Grocers,Off-trade Volume,2016,9.3
World,RTD Coffee,Non-Grocery Retailers,Off-trade Volume,2016,12.6
World,RTD Coffee,General Merchandise Stores,Off-trade Volume,2016,5.7
World,RTD Coffee,Apparel and Footwear Specialists,Off-trade Volume,2016,0.0
World,RTD Coffee,Appliances and Electronics Specialists,Off-trade Volume,2016,0.0
World,RTD Coffee,Home Products Specialists,Off-trade Volume,2016,0.0
World,RTD Coffee,Health and Beauty Specialists,Off-trade Volume,2016,6.9
World,RTD Coffee,Leisure and Personal Goods Specialists,Off-trade Volume,2016,0.0
World,RTD Coffee,Other Non-Grocery Retailers,Off-trade Volume,2016,0.0
World,RTD Coffee,Vending,Off-trade Volume,2016,18.2
World,RTD Coffee,Direct Selling,Off-trade Volume,2016,0.0
World,RTD Coffee,Retail E-Commerce,Off-trade Volume,2016,1.3
Asia Pacific,Coffee,Retail Channels,Retail Volume,2016,100.0
Asia Pacific,Coffee,Retail Offline,Retail Volume,2016,97.7
Asia Pacific,Coffee,Grocery Retailers,Retail Volume,2016,94.7
Asia Pacific,Coffee,Convenience Retailers,Retail Volume,2016,9.0
Asia Pacific,Coffee,Convenience Stores,Retail Volume,2016,7.8
Asia Pacific,Coffee,Forecourt Retailers,Retail Volume,2016,1.2
Asia Pacific,Coffee,Supermarkets,Retail Volume,2016,17.2
Asia Pacific,Coffee,Hypermarkets,Retail Volume,2016,17.9
Asia Pacific,Coffee,Discounters,Retail Volume,2016,0.0
Asia Pacific,Coffee,Warehouse Clubs,Retail Volume,2016,0.4
Asia Pacific,Coffee,Food/drink/tobacco specialists,Retail Volume,2016,0.7
Asia Pacific,Coffee,Small Local Grocers,Retail Volume,2016,49.5
Asia Pacific,Coffee,Non-Grocery Retailers,Retail Volume,2016,2.6
Asia Pacific,Coffee,General Merchandise Stores,Retail Volume,2016,1.7
Asia Pacific,Coffee,Apparel and Footwear Specialists,Retail Volume,2016,0.0
Asia Pacific,Coffee,Appliances and Electronics Specialists,Retail Volume,2016,0.0
Asia Pacific,Coffee,Home Products Specialists,Retail Volume,2016,0.0
Asia Pacific,Coffee,Health and Beauty Specialists,Retail Volume,2016,0.8
Asia Pacific,Coffee,Leisure and Personal Goods Specialists,Retail Volume,2016,0.0
Asia Pacific,Coffee,Other Non-Grocery Retailers,Retail Volume,2016,0.0
Asia Pacific,Coffee,Vending,Retail Volume,2016,0.1
Asia Pacific,Coffee,Direct Selling,Retail Volume,2016,0.3
Asia Pacific,Coffee,Retail E-Commerce,Retail Volume,2016,2.3
Asia Pacific,RTD Coffee,Retail Channels,Off-trade Volume,2016,100.0
Asia Pacific,RTD Coffee,Retail Offline,Off-trade Volume,2016,98.8
Asia Pacific,RTD Coffee,Grocery Retailers,Off-trade Volume,2016,63.8
Asia Pacific,RTD Coffee,Convenience Retailers,Off-trade Volume,2016,22.2
Asia Pacific,RTD Coffee,Convenience Stores,Off-trade Volume,2016,21.5
Asia Pacific,RTD Coffee,Forecourt Retailers,Off-trade Volume,2016,0.8
Asia Pacific,RTD Coffee,Supermarkets,Off-trade Volume,2016,22.3
Asia Pacific,RTD Coffee,Hypermarkets,Off-trade Volume,2016,8.1
Asia Pacific,RTD Coffee,Discounters,Off-trade Volume,2016,0.0
Asia Pacific,RTD Coffee,Warehouse Clubs,Off-trade Volume,2016,1.3
Asia Pacific,RTD Coffee,Food/drink/tobacco specialists,Off-trade Volume,2016,0.0
Asia Pacific,RTD Coffee,Small Local Grocers,Off-trade Volume,2016,9.8
Asia Pacific,RTD Coffee,Non-Grocery Retailers,Off-trade Volume,2016,14.1
Asia Pacific,RTD Coffee,General Merchandise Stores,Off-trade Volume,2016,6.3
Asia Pacific,RTD Coffee,Apparel and Footwear Specialists,Off-trade Volume,2016,0.0
Asia Pacific,RTD Coffee,Appliances and Electronics Specialists,Off-trade Volume,2016,0.0
Asia Pacific,RTD Coffee,Home Products Specialists,Off-trade Volume,2016,0.0
Asia Pacific,RTD Coffee,Health and Beauty Specialists,Off-trade Volume,2016,7.8
Asia Pacific,RTD Coffee,Leisure and Personal Goods Specialists,Off-trade Volume,2016,0.0
Asia Pacific,RTD Coffee,Other Non-Grocery Retailers,Off-trade Volume,2016,0.0
Asia Pacific,RTD Coffee,Vending,Off-trade Volume,2016,20.9
Asia Pacific,RTD Coffee,Direct Selling,Off-trade Volume,2016,0.0
Asia Pacific,RTD Coffee,Retail E-Commerce,Off-trade Volume,2016,1.2
China,Coffee,Retail Channels,Retail Volume,2016,100.0
China,Coffee,Retail Offline,Retail Volume,2016,85.9
China,Coffee,Grocery Retailers,Retail Volume,2016,85.9
China,Coffee,Convenience Retailers,Retail Volume,2016,5.5
China,Coffee,Convenience Stores,Retail Volume,2016,5.5
China,Coffee,Forecourt Retailers,Retail Volume,2016,0.0
China,Coffee,Supermarkets,Retail Volume,2016,30.8
China,Coffee,Hypermarkets,Retail Volume,2016,40.9
China,Coffee,Discounters,Retail Volume,2016,0.0
China,Coffee,Warehouse Clubs,Retail Volume,2016,0.0
China,Coffee,Food/drink/tobacco specialists,Retail Volume,2016,0.0
China,Coffee,Small Local Grocers,Retail Volume,2016,8.7
China,Coffee,Non-Grocery Retailers,Retail Volume,2016,0.0
China,Coffee,General Merchandise Stores,Retail Volume,2016,0.0
China,Coffee,Apparel and Footwear Specialists,Retail Volume,2016,0.0
China,Coffee,Appliances and Electronics Specialists,Retail Volume,2016,0.0
China,Coffee,Home Products Specialists,Retail Volume,2016,0.0
China,Coffee,Health and Beauty Specialists,Retail Volume,2016,0.0
China,Coffee,Leisure and Personal Goods Specialists,Retail Volume,2016,0.0
China,Coffee,Other Non-Grocery Retailers,Retail Volume,2016,0.0
China,Coffee,Vending,Retail Volume,2016,0.0
China,Coffee,Direct Selling,Retail Volume,2016,0.0
China,Coffee,Retail E-Commerce,Retail Volume,2016,14.1
China,RTD Coffee,Retail Channels,Off-trade Volume,2016,100.0
China,RTD Coffee,Retail Offline,Off-trade Volume,2016,98.0
China,RTD Coffee,Grocery Retailers,Off-trade Volume,2016,96.2
China,RTD Coffee,Convenience Retailers,Off-trade Volume,2016,9.7
China,RTD Coffee,Convenience Stores,Off-trade Volume,2016,7.2
China,RTD Coffee,Forecourt Retailers,Off-trade Volume,2016,2.6
China,RTD Coffee,Supermarkets,Off-trade Volume,2016,36.5
China,RTD Coffee,Hypermarkets,Off-trade Volume,2016,13.8
China,RTD Coffee,Discounters,Off-trade Volume,2016,0.6
China,RTD Coffee,Warehouse Clubs,Off-trade Volume,2016,0.0
China,RTD Coffee,Food/drink/tobacco specialists,Off-trade Volume,2016,0.0
China,RTD Coffee,Small Local Grocers,Off-trade Volume,2016,35.7
China,RTD Coffee,Non-Grocery Retailers,Off-trade Volume,2016,0.0
China,RTD Coffee,General Merchandise Stores,Off-trade Volume,2016,0.0
China,RTD Coffee,Apparel and Footwear Specialists,Off-trade Volume,2016,0.0
China,RTD Coffee,Appliances and Electronics Specialists,Off-trade Volume,2016,0.0
China,RTD Coffee,Home Products Specialists,Off-trade Volume,2016,0.0
China,RTD Coffee,Health and Beauty Specialists,Off-trade Volume,2016,0.0
China,RTD Coffee,Leisure and Personal Goods Specialists,Off-trade Volume,2016,0.0
China,RTD Coffee,Other Non-Grocery Retailers,Off-trade Volume,2016,0.0
China,RTD Coffee,Vending,Off-trade Volume,2016,1.7
China,RTD Coffee,Direct Selling,Off-trade Volume,2016,0.0
China,RTD Coffee,Retail E-Commerce,Off-trade Volume,2016,2.0
India,Coffee,Retail Channels,Retail Volume,2016,100.0
India,Coffee,Retail Offline,Retail Volume,2016,100.0
India,Coffee,Grocery Retailers,Retail Volume,2016,100.0
India,Coffee,Convenience Retailers,Retail Volume,2016,2.0
India,Coffee,Convenience Stores,Retail Volume,2016,1.8
India,Coffee,Forecourt Retailers,Retail Volume,2016,0.2
India,Coffee,Supermarkets,Retail Volume,2016,9.2
India,Coffee,Hypermarkets,Retail Volume,2016,7.0
India,Coffee,Discounters,Retail Volume,2016,0.0
India,Coffee,Warehouse Clubs,Retail Volume,2016,0.0
India,Coffee,Food/drink/tobacco specialists,Retail Volume,2016,0.0
India,Coffee,Small Local Grocers,Retail Volume,2016,81.9
India,Coffee,Non-Grocery Retailers,Retail Volume,2016,0.0
India,Coffee,General Merchandise Stores,Retail Volume,2016,0.0
India,Coffee,Apparel and Footwear Specialists,Retail Volume,2016,0.0
India,Coffee,Appliances and Electronics Specialists,Retail Volume,2016,0.0
India,Coffee,Home Products Specialists,Retail Volume,2016,0.0
India,Coffee,Health and Beauty Specialists,Retail Volume,2016,0.0
India,Coffee,Leisure and Personal Goods Specialists,Retail Volume,2016,0.0
India,Coffee,Other Non-Grocery Retailers,Retail Volume,2016,0.0
India,Coffee,Vending,Retail Volume,2016,0.0
India,Coffee,Direct Selling,Retail Volume,2016,0.0
India,Coffee,Retail E-Commerce,Retail Volume,2016,0.0
India,RTD Coffee,Retail Channels,Off-trade Volume,2016,0.0
India,RTD Coffee,Retail Offline,Off-trade Volume,2016,0.0
India,RTD Coffee,Grocery Retailers,Off-trade Volume,2016,0.0
India,RTD Coffee,Convenience Retailers,Off-trade Volume,2016,0.0
India,RTD Coffee,Convenience Stores,Off-trade Volume,2016,0.0
India,RTD Coffee,Forecourt Retailers,Off-trade Volume,2016,0.0
India,RTD Coffee,Supermarkets,Off-trade Volume,2016,0.0
India,RTD Coffee,Hypermarkets,Off-trade Volume,2016,0.0
India,RTD Coffee,Discounters,Off-trade Volume,2016,0.0
India,RTD Coffee,Warehouse Clubs,Off-trade Volume,2016,0.0
India,RTD Coffee,Food/drink/tobacco specialists,Off-trade Volume,2016,0.0
India,RTD Coffee,Small Local Grocers,Off-trade Volume,2016,0.0
India,RTD Coffee,Non-Grocery Retailers,Off-trade Volume,2016,0.0
India,RTD Coffee,General Merchandise Stores,Off-trade Volume,2016,0.0
India,RTD Coffee,Apparel and Footwear Specialists,Off-trade Volume,2016,0.0
India,RTD Coffee,Appliances and Electronics Specialists,Off-trade Volume,2016,0.0
India,RTD Coffee,Home Products Specialists,Off-trade Volume,2016,0.0
India,RTD Coffee,Health and Beauty Specialists,Off-trade Volume,2016,0.0
India,RTD Coffee,Leisure and Personal Goods Specialists,Off-trade Volume,2016,0.0
India,RTD Coffee,Other Non-Grocery Retailers,Off-trade Volume,2016,0.0
India,RTD Coffee,Vending,Off-trade Volume,2016,0.0
India,RTD Coffee,Direct Selling,Off-trade Volume,2016,0.0
India,RTD Coffee,Retail E-Commerce,Off-trade Volume,2016,0.0
Japan,Coffee,Retail Channels,Retail Volume,2016,100.0
Japan,Coffee,Retail Offline,Retail Volume,2016,91.0
Japan,Coffee,Grocery Retailers,Retail Volume,2016,69.4
Japan,Coffee,Convenience Retailers,Retail Volume,2016,3.1
Japan,Coffee,Convenience Stores,Retail Volume,2016,3.1
Japan,Coffee,Forecourt Retailers,Retail Volume,2016,0.0
Japan,Coffee,Supermarkets,Retail Volume,2016,45.6
Japan,Coffee,Hypermarkets,Retail Volume,2016,11.7
Japan,Coffee,Discounters,Retail Volume,2016,0.0
Japan,Coffee,Warehouse Clubs,Retail Volume,2016,2.9
Japan,Coffee,Food/drink/tobacco specialists,Retail Volume,2016,0.0
Japan,Coffee,Small Local Grocers,Retail Volume,2016,6.1
Japan,Coffee,Non-Grocery Retailers,Retail Volume,2016,20.8
Japan,Coffee,General Merchandise Stores,Retail Volume,2016,14.7
Japan,Coffee,Apparel and Footwear Specialists,Retail Volume,2016,0.0
Japan,Coffee,Appliances and Electronics Specialists,Retail Volume,2016,0.0
Japan,Coffee,Home Products Specialists,Retail Volume,2016,0.0
Japan,Coffee,Health and Beauty Specialists,Retail Volume,2016,6.2
Japan,Coffee,Leisure and Personal Goods Specialists,Retail Volume,2016,0.0
Japan,Coffee,Other Non-Grocery Retailers,Retail Volume,2016,0.0
Japan,Coffee,Vending,Retail Volume,2016,0.8
Japan,Coffee,Direct Selling,Retail Volume,2016,0.0
Japan,Coffee,Retail E-Commerce,Retail Volume,2016,9.0
Japan,RTD Coffee,Retail Channels,Off-trade Volume,2016,100.0
Japan,RTD Coffee,Retail Offline,Off-trade Volume,2016,99.4
Japan,RTD Coffee,Grocery Retailers,Off-trade Volume,2016,55.1
Japan,RTD Coffee,Convenience Retailers,Off-trade Volume,2016,19.0
Japan,RTD Coffee,Convenience Stores,Off-trade Volume,2016,19.0
Japan,RTD Coffee,Forecourt Retailers,Off-trade Volume,2016,0.0
Japan,RTD Coffee,Supermarkets,Off-trade Volume,2016,23.6
Japan,RTD Coffee,Hypermarkets,Off-trade Volume,2016,6.1
Japan,RTD Coffee,Discounters,Off-trade Volume,2016,0.0
Japan,RTD Coffee,Warehouse Clubs,Off-trade Volume,2016,1.5
Japan,RTD Coffee,Food/drink/tobacco specialists,Off-trade Volume,2016,0.0
Japan,RTD Coffee,Small Local Grocers,Off-trade Volume,2016,4.9
Japan,RTD Coffee,Non-Grocery Retailers,Off-trade Volume,2016,17.4
Japan,RTD Coffee,General Merchandise Stores,Off-trade Volume,2016,7.6
Japan,RTD Coffee,Apparel and Footwear Specialists,Off-trade Volume,2016,0.0
Japan,RTD Coffee,Appliances and Electronics Specialists,Off-trade Volume,2016,0.0
Japan,RTD Coffee,Home Products Specialists,Off-trade Volume,2016,0.0
Japan,RTD Coffee,Health and Beauty Specialists,Off-trade Volume,2016,9.8
Japan,RTD Coffee,Leisure and Personal Goods Specialists,Off-trade Volume,2016,0.0
Japan,RTD Coffee,Other Non-Grocery Retailers,Off-trade Volume,2016,0.0
Japan,RTD Coffee,Vending,Off-trade Volume,2016,26.9
Japan,RTD Coffee,Direct Selling,Off-trade Volume,2016,0.0
Japan,RTD Coffee,Retail E-Commerce,Off-trade Volume,2016,0.6
Thailand,Coffee,Retail Channels,Retail Volume,2016,100.0
Thailand,Coffee,Retail Offline,Retail Volume,2016,98.5
Thailand,Coffee,Grocery Retailers,Retail Volume,2016,98.5
Thailand,Coffee,Convenience Retailers,Retail Volume,2016,29.0
Thailand,Coffee,Convenience Stores,Retail Volume,2016,16.5
Thailand,Coffee,Forecourt Retailers,Retail Volume,2016,12.6
Thailand,Coffee,Supermarkets,Retail Volume,2016,5.7
Thailand,Coffee,Hypermarkets,Retail Volume,2016,23.3
Thailand,Coffee,Discounters,Retail Volume,2016,0.0
Thailand,Coffee,Warehouse Clubs,Retail Volume,2016,0.0
Thailand,Coffee,Food/drink/tobacco specialists,Retail Volume,2016,0.0
Thailand,Coffee,Small Local Grocers,Retail Volume,2016,40.4
Thailand,Coffee,Non-Grocery Retailers,Retail Volume,2016,0.0
Thailand,Coffee,General Merchandise Stores,Retail Volume,2016,0.0
Thailand,Coffee,Apparel and Footwear Specialists,Retail Volume,2016,0.0
Thailand,Coffee,Appliances and Electronics Specialists,Retail Volume,2016,0.0
Thailand,Coffee,Home Products Specialists,Retail Volume,2016,0.0
Thailand,Coffee,Health and Beauty Specialists,Retail Volume,2016,0.0
Thailand,Coffee,Leisure and Personal Goods Specialists,Retail Volume,2016,0.0
Thailand,Coffee,Other Non-Grocery Retailers,Retail Volume,2016,0.0
Thailand,Coffee,Vending,Retail Volume,2016,0.0
Thailand,Coffee,Direct Selling,Retail Volume,2016,0.0
Thailand,Coffee,Retail E-Commerce,Retail Volume,2016,1.5
Thailand,RTD Coffee,Retail Channels,Off-trade Volume,2016,100.0
Thailand,RTD Coffee,Retail Offline,Off-trade Volume,2016,98.6
Thailand,RTD Coffee,Grocery Retailers,Off-trade Volume,2016,91.2
Thailand,RTD Coffee,Convenience Retailers,Off-trade Volume,2016,29.1
Thailand,RTD Coffee,Convenience Stores,Off-trade Volume,2016,16.6
Thailand,RTD Coffee,Forecourt Retailers,Off-trade Volume,2016,12.5
Thailand,RTD Coffee,Supermarkets,Off-trade Volume,2016,5.6
Thailand,RTD Coffee,Hypermarkets,Off-trade Volume,2016,23.1
Thailand,RTD Coffee,Discounters,Off-trade Volume,2016,0.0
Thailand,RTD Coffee,Warehouse Clubs,Off-trade Volume,2016,0.0
Thailand,RTD Coffee,Food/drink/tobacco specialists,Off-trade Volume,2016,0.0
Thailand,RTD Coffee,Small Local Grocers,Off-trade Volume,2016,33.4
Thailand,RTD Coffee,Non-Grocery Retailers,Off-trade Volume,2016,0.0
Thailand,RTD Coffee,General Merchandise Stores,Off-trade Volume,2016,0.0
Thailand,RTD Coffee,Apparel and Footwear Specialists,Off-trade Volume,2016,0.0
Thailand,RTD Coffee,Appliances and Electronics Specialists,Off-trade Volume,2016,0.0
Thailand,RTD Coffee,Home Products Specialists,Off-trade Volume,2016,0.0
Thailand,RTD Coffee,Health and Beauty Specialists,Off-trade Volume,2016,0.0
Thailand,RTD Coffee,Leisure and Personal Goods Specialists,Off-trade Volume,2016,0.0
Thailand,RTD Coffee,Other Non-Grocery Retailers,Off-trade Volume,2016,0.0
Thailand,RTD Coffee,Vending,Off-trade Volume,2016,7.4
Thailand,RTD Coffee,Direct Selling,Off-trade Volume,2016,0.0
Thailand,RTD Coffee,Retail E-Commerce,Off-trade Volume,2016,1.4
Australasia,Coffee,Retail Channels,Retail Volume,2016,100.0
Australasia,Coffee,Retail Offline,Retail Volume,2016,94.9
Australasia,Coffee,Grocery Retailers,Retail Volume,2016,94.7
Australasia,Coffee,Convenience Retailers,Retail Volume,2016,5.4
Australasia,Coffee,Convenience Stores,Retail Volume,2016,2.6
Australasia,Coffee,Forecourt Retailers,Retail Volume,2016,2.8
Australasia,Coffee,Supermarkets,Retail Volume,2016,74.6
Australasia,Coffee,Hypermarkets,Retail Volume,2016,0.0
Australasia,Coffee,Discounters,Retail Volume,2016,12.3
Australasia,Coffee,Warehouse Clubs,Retail Volume,2016,0.0
Australasia,Coffee,Food/drink/tobacco specialists,Retail Volume,2016,0.0
Australasia,Coffee,Small Local Grocers,Retail Volume,2016,2.5
Australasia,Coffee,Non-Grocery Retailers,Retail Volume,2016,0.1
Australasia,Coffee,General Merchandise Stores,Retail Volume,2016,0.0
Australasia,Coffee,Apparel and Footwear Specialists,Retail Volume,2016,0.0
Australasia,Coffee,Appliances and Electronics Specialists,Retail Volume,2016,0.0
Australasia,Coffee,Home Products Specialists,Retail Volume,2016,0.0
Australasia,Coffee,Health and Beauty Specialists,Retail Volume,2016,0.1
Australasia,Coffee,Leisure and Personal Goods Specialists,Retail Volume,2016,0.0
Australasia,Coffee,Other Non-Grocery Retailers,Retail Volume,2016,0.0
Australasia,Coffee,Vending,Retail Volume,2016,0.1
Australasia,Coffee,Direct Selling,Retail Volume,2016,0.0
Australasia,Coffee,Retail E-Commerce,Retail Volume,2016,5.1
Australasia,RTD Coffee,Retail Channels,Off-trade Volume,2016,100.0
Australasia,RTD Coffee,Retail Offline,Off-trade Volume,2016,95.6
Australasia,RTD Coffee,Grocery Retailers,Off-trade Volume,2016,94.7
Australasia,RTD Coffee,Convenience Retailers,Off-trade Volume,2016,34.1
Australasia,RTD Coffee,Convenience Stores,Off-trade Volume,2016,8.0
Australasia,RTD Coffee,Forecourt Retailers,Off-trade Volume,2016,26.1
Australasia,RTD Coffee,Supermarkets,Off-trade Volume,2016,55.1
Australasia,RTD Coffee,Hypermarkets,Off-trade Volume,2016,0.0
Australasia,RTD Coffee,Discounters,Off-trade Volume,2016,1.2
Australasia,RTD Coffee,Warehouse Clubs,Off-trade Volume,2016,0.0
Australasia,RTD Coffee,Food/drink/tobacco specialists,Off-trade Volume,2016,0.0
Australasia,RTD Coffee,Small Local Grocers,Off-trade Volume,2016,4.3
Australasia,RTD Coffee,Non-Grocery Retailers,Off-trade Volume,2016,0.0
Australasia,RTD Coffee,General Merchandise Stores,Off-trade Volume,2016,0.0
Australasia,RTD Coffee,Apparel and Footwear Specialists,Off-trade Volume,2016,0.0
Australasia,RTD Coffee,Appliances and Electronics Specialists,Off-trade Volume,2016,0.0
Australasia,RTD Coffee,Home Products Specialists,Off-trade Volume,2016,0.0
Australasia,RTD Coffee,Health and Beauty Specialists,Off-trade Volume,2016,0.0
Australasia,RTD Coffee,Leisure and Personal Goods Specialists,Off-trade Volume,2016,0.0
Australasia,RTD Coffee,Other Non-Grocery Retailers,Off-trade Volume,2016,0.0
Australasia,RTD Coffee,Vending,Off-trade Volume,2016,0.9
Australasia,RTD Coffee,Direct Selling,Off-trade Volume,2016,0.0
Australasia,RTD Coffee,Retail E-Commerce,Off-trade Volume,2016,4.4
Australia,Coffee,Retail Channels,Retail Volume,2016,100.0
Australia,Coffee,Retail Offline,Retail Volume,2016,94.7
Australia,Coffee,Grocery Retailers,Retail Volume,2016,94.7
Australia,Coffee,Convenience Retailers,Retail Volume,2016,5.7
Australia,Coffee,Convenience Stores,Retail Volume,2016,2.7
Australia,Coffee,Forecourt Retailers,Retail Volume,2016,3.0
Australia,Coffee,Supermarkets,Retail Volume,2016,72.7
Australia,Coffee,Hypermarkets,Retail Volume,2016,0.0
Australia,Coffee,Discounters,Retail Volume,2016,14.0
Australia,Coffee,Warehouse Clubs,Retail Volume,2016,0.0
Australia,Coffee,Food/drink/tobacco specialists,Retail Volume,2016,0.0
Australia,Coffee,Small Local Grocers,Retail Volume,2016,2.3
Australia,Coffee,Non-Grocery Retailers,Retail Volume,2016,0.0
Australia,Coffee,General Merchandise Stores,Retail Volume,2016,0.0
Australia,Coffee,Apparel and Footwear Specialists,Retail Volume,2016,0.0
Australia,Coffee,Appliances and Electronics Specialists,Retail Volume,2016,0.0
Australia,Coffee,Home Products Specialists,Retail Volume,2016,0.0
Australia,Coffee,Health and Beauty Specialists,Retail Volume,2016,0.0
Australia,Coffee,Leisure and Personal Goods Specialists,Retail Volume,2016,0.0
Australia,Coffee,Other Non-Grocery Retailers,Retail Volume,2016,0.0
Australia,Coffee,Vending,Retail Volume,2016,0.0
Australia,Coffee,Direct Selling,Retail Volume,2016,0.0
Australia,Coffee,Retail E-Commerce,Retail Volume,2016,5.3
Australia,RTD Coffee,Retail Channels,Off-trade Volume,2016,100.0
Australia,RTD Coffee,Retail Offline,Off-trade Volume,2016,95.5
Australia,RTD Coffee,Grocery Retailers,Off-trade Volume,2016,94.6
Australia,RTD Coffee,Convenience Retailers,Off-trade Volume,2016,35.0
Australia,RTD Coffee,Convenience Stores,Off-trade Volume,2016,8.1
Australia,RTD Coffee,Forecourt Retailers,Off-trade Volume,2016,26.8
Australia,RTD Coffee,Supermarkets,Off-trade Volume,2016,54.0
Australia,RTD Coffee,Hypermarkets,Off-trade Volume,2016,0.0
Australia,RTD Coffee,Discounters,Off-trade Volume,2016,1.2
Australia,RTD Coffee,Warehouse Clubs,Off-trade Volume,2016,0.0
Australia,RTD Coffee,Food/drink/tobacco specialists,Off-trade Volume,2016,0.0
Australia,RTD Coffee,Small Local Grocers,Off-trade Volume,2016,4.4
Australia,RTD Coffee,Non-Grocery Retailers,Off-trade Volume,2016,0.0
Australia,RTD Coffee,General Merchandise Stores,Off-trade Volume,2016,0.0
Australia,RTD Coffee,Apparel and Footwear Specialists,Off-trade Volume,2016,0.0
Australia,RTD Coffee,Appliances and Electronics Specialists,Off-trade Volume,2016,0.0
Australia,RTD Coffee,Home Products Specialists,Off-trade Volume,2016,0.0
Australia,RTD Coffee,Health and Beauty Specialists,Off-trade Volume,2016,0.0
Australia,RTD Coffee,Leisure and Personal Goods Specialists,Off-trade Volume,2016,0.0
Australia,RTD Coffee,Other Non-Grocery Retailers,Off-trade Volume,2016,0.0
Australia,RTD Coffee,Vending,Off-trade Volume,2016,1.0
Australia,RTD Coffee,Direct Selling,Off-trade Volume,2016,0.0
Australia,RTD Coffee,Retail E-Commerce,Off-trade Volume,2016,4.5
Eastern Europe,Coffee,Retail Channels,Retail Volume,2016,100.0
Eastern Europe,Coffee,Retail Offline,Retail Volume,2016,99.4
Eastern Europe,Coffee,Grocery Retailers,Retail Volume,2016,96.4
Eastern Europe,Coffee,Convenience Retailers,Retail Volume,2016,13.1
Eastern Europe,Coffee,Convenience Stores,Retail Volume,2016,12.1
Eastern Europe,Coffee,Forecourt Retailers,Retail Volume,2016,0.9
Eastern Europe,Coffee,Supermarkets,Retail Volume,2016,28.4
Eastern Europe,Coffee,Hypermarkets,Retail Volume,2016,18.0
Eastern Europe,Coffee,Discounters,Retail Volume,2016,10.1
Eastern Europe,Coffee,Warehouse Clubs,Retail Volume,2016,0.0
Eastern Europe,Coffee,Food/drink/tobacco specialists,Retail Volume,2016,1.6
Eastern Europe,Coffee,Small Local Grocers,Retail Volume,2016,25.3
Eastern Europe,Coffee,Non-Grocery Retailers,Retail Volume,2016,0.5
Eastern Europe,Coffee,General Merchandise Stores,Retail Volume,2016,0.2
Eastern Europe,Coffee,Apparel and Footwear Specialists,Retail Volume,2016,0.0
Eastern Europe,Coffee,Appliances and Electronics Specialists,Retail Volume,2016,0.0
Eastern Europe,Coffee,Home Products Specialists,Retail Volume,2016,0.0
Eastern Europe,Coffee,Health and Beauty Specialists,Retail Volume,2016,0.3
Eastern Europe,Coffee,Leisure and Personal Goods Specialists,Retail Volume,2016,0.0
Eastern Europe,Coffee,Other Non-Grocery Retailers,Retail Volume,2016,0.0
Eastern Europe,Coffee,Vending,Retail Volume,2016,2.4
Eastern Europe,Coffee,Direct Selling,Retail Volume,2016,0.0
Eastern Europe,Coffee,Retail E-Commerce,Retail Volume,2016,0.6
Eastern Europe,RTD Coffee,Retail Channels,Off-trade Volume,2016,100.0
Eastern Europe,RTD Coffee,Retail Offline,Off-trade Volume,2016,99.7
Eastern Europe,RTD Coffee,Grocery Retailers,Off-trade Volume,2016,98.1
Eastern Europe,RTD Coffee,Convenience Retailers,Off-trade Volume,2016,47.1
Eastern Europe,RTD Coffee,Convenience Stores,Off-trade Volume,2016,12.5
Eastern Europe,RTD Coffee,Forecourt Retailers,Off-trade Volume,2016,34.6
Eastern Europe,RTD Coffee,Supermarkets,Off-trade Volume,2016,12.3
Eastern Europe,RTD Coffee,Hypermarkets,Off-trade Volume,2016,20.8
Eastern Europe,RTD Coffee,Discounters,Off-trade Volume,2016,9.6
Eastern Europe,RTD Coffee,Warehouse Clubs,Off-trade Volume,2016,0.0
Eastern Europe,RTD Coffee,Food/drink/tobacco specialists,Off-trade Volume,2016,1.0
Eastern Europe,RTD Coffee,Small Local Grocers,Off-trade Volume,2016,7.2
Eastern Europe,RTD Coffee,Non-Grocery Retailers,Off-trade Volume,2016,0.6
Eastern Europe,RTD Coffee,General Merchandise Stores,Off-trade Volume,2016,0.2
Eastern Europe,RTD Coffee,Apparel and Footwear Specialists,Off-trade Volume,2016,0.0
Eastern Europe,RTD Coffee,Appliances and Electronics Specialists,Off-trade Volume,2016,0.0
Eastern Europe,RTD Coffee,Home Products Specialists,Off-trade Volume,2016,0.0
Eastern Europe,RTD Coffee,Health and Beauty Specialists,Off-trade Volume,2016,0.3
Eastern Europe,RTD Coffee,Leisure and Personal Goods Specialists,Off-trade Volume,2016,0.0
Eastern Europe,RTD Coffee,Other Non-Grocery Retailers,Off-trade Volume,2016,0.0
Eastern Europe,RTD Coffee,Vending,Off-trade Volume,2016,1.1
Eastern Europe,RTD Coffee,Direct Selling,Off-trade Volume,2016,0.0
Eastern Europe,RTD Coffee,Retail E-Commerce,Off-trade Volume,2016,0.3
Latin America,Coffee,Retail Channels,Retail Volume,2016,100.0
Latin America,Coffee,Retail Offline,Retail Volume,2016,99.7
Latin America,Coffee,Grocery Retailers,Retail Volume,2016,97.7
Latin America,Coffee,Convenience Retailers,Retail Volume,2016,1.1
Latin America,Coffee,Convenience Stores,Retail Volume,2016,0.6
Latin America,Coffee,Forecourt Retailers,Retail Volume,2016,0.5
Latin America,Coffee,Supermarkets,Retail Volume,2016,32.7
Latin America,Coffee,Hypermarkets,Retail Volume,2016,30.2
Latin America,Coffee,Discounters,Retail Volume,2016,2.5
Latin America,Coffee,Warehouse Clubs,Retail Volume,2016,2.8
Latin America,Coffee,Food/drink/tobacco specialists,Retail Volume,2016,0.1
Latin America,Coffee,Small Local Grocers,Retail Volume,2016,28.2
Latin America,Coffee,Non-Grocery Retailers,Retail Volume,2016,1.5
Latin America,Coffee,General Merchandise Stores,Retail Volume,2016,1.4
Latin America,Coffee,Apparel and Footwear Specialists,Retail Volume,2016,0.0
Latin America,Coffee,Appliances and Electronics Specialists,Retail Volume,2016,0.0
Latin America,Coffee,Home Products Specialists,Retail Volume,2016,0.0
Latin America,Coffee,Health and Beauty Specialists,Retail Volume,2016,0.1
Latin America,Coffee,Leisure and Personal Goods Specialists,Retail Volume,2016,0.0
Latin America,Coffee,Other Non-Grocery Retailers,Retail Volume,2016,0.0
Latin America,Coffee,Vending,Retail Volume,2016,0.2
Latin America,Coffee,Direct Selling,Retail Volume,2016,0.3
Latin America,Coffee,Retail E-Commerce,Retail Volume,2016,0.3
Latin America,RTD Coffee,Retail Channels,Off-trade Volume,2016,100.0
Latin America,RTD Coffee,Retail Offline,Off-trade Volume,2016,100.0
Latin America,RTD Coffee,Grocery Retailers,Off-trade Volume,2016,98.9
Latin America,RTD Coffee,Convenience Retailers,Off-trade Volume,2016,18.9
Latin America,RTD Coffee,Convenience Stores,Off-trade Volume,2016,8.5
Latin America,RTD Coffee,Forecourt Retailers,Off-trade Volume,2016,10.4
Latin America,RTD Coffee,Supermarkets,Off-trade Volume,2016,27.4
Latin America,RTD Coffee,Hypermarkets,Off-trade Volume,2016,10.3
Latin America,RTD Coffee,Discounters,Off-trade Volume,2016,2.2
Latin America,RTD Coffee,Warehouse Clubs,Off-trade Volume,2016,0.7
Latin America,RTD Coffee,Food/drink/tobacco specialists,Off-trade Volume,2016,0.4
Latin America,RTD Coffee,Small Local Grocers,Off-trade Volume,2016,39.0
Latin America,RTD Coffee,Non-Grocery Retailers,Off-trade Volume,2016,1.1
Latin America,RTD Coffee,General Merchandise Stores,Off-trade Volume,2016,0.2
Latin America,RTD Coffee,Apparel and Footwear Specialists,Off-trade Volume,2016,0.0
Latin America,RTD Coffee,Appliances and Electronics Specialists,Off-trade Volume,2016,0.0
Latin America,RTD Coffee,Home Products Specialists,Off-trade Volume,2016,0.0
Latin America,RTD Coffee,Health and Beauty Specialists,Off-trade Volume,2016,0.9
Latin America,RTD Coffee,Leisure and Personal Goods Specialists,Off-trade Volume,2016,0.0
Latin America,RTD Coffee,Other Non-Grocery Retailers,Off-trade Volume,2016,0.0
Latin America,RTD Coffee,Vending,Off-trade Volume,2016,0.0
Latin America,RTD Coffee,Direct Selling,Off-trade Volume,2016,0.0
Latin America,RTD Coffee,Retail E-Commerce,Off-trade Volume,2016,0.0
Brazil,Coffee,Retail Channels,Retail Volume,2016,100.0
Brazil,Coffee,Retail Offline,Retail Volume,2016,99.7
Brazil,Coffee,Grocery Retailers,Retail Volume,2016,97.4
Brazil,Coffee,Convenience Retailers,Retail Volume,2016,0.6
Brazil,Coffee,Convenience Stores,Retail Volume,2016,0.0
Brazil,Coffee,Forecourt Retailers,Retail Volume,2016,0.6
Brazil,Coffee,Supermarkets,Retail Volume,2016,37.8
Brazil,Coffee,Hypermarkets,Retail Volume,2016,36.3
Brazil,Coffee,Discounters,Retail Volume,2016,0.3
Brazil,Coffee,Warehouse Clubs,Retail Volume,2016,3.7
Brazil,Coffee,Food/drink/tobacco specialists,Retail Volume,2016,0.0
Brazil,Coffee,Small Local Grocers,Retail Volume,2016,18.7
Brazil,Coffee,Non-Grocery Retailers,Retail Volume,2016,1.9
Brazil,Coffee,General Merchandise Stores,Retail Volume,2016,1.9
Brazil,Coffee,Apparel and Footwear Specialists,Retail Volume,2016,0.0
Brazil,Coffee,Appliances and Electronics Specialists,Retail Volume,2016,0.0
Brazil,Coffee,Home Products Specialists,Retail Volume,2016,0.0
Brazil,Coffee,Health and Beauty Specialists,Retail Volume,2016,0.0
Brazil,Coffee,Leisure and Personal Goods Specialists,Retail Volume,2016,0.0
Brazil,Coffee,Other Non-Grocery Retailers,Retail Volume,2016,0.0
Brazil,Coffee,Vending,Retail Volume,2016,0.0
Brazil,Coffee,Direct Selling,Retail Volume,2016,0.4
Brazil,Coffee,Retail E-Commerce,Retail Volume,2016,0.3
Brazil,RTD Coffee,Retail Channels,Off-trade Volume,2016,100.0
Brazil,RTD Coffee,Retail Offline,Off-trade Volume,2016,100.0
Brazil,RTD Coffee,Grocery Retailers,Off-trade Volume,2016,99.1
Brazil,RTD Coffee,Convenience Retailers,Off-trade Volume,2016,64.8
Brazil,RTD Coffee,Convenience Stores,Off-trade Volume,2016,1.5
Brazil,RTD Coffee,Forecourt Retailers,Off-trade Volume,2016,63.4
Brazil,RTD Coffee,Supermarkets,Off-trade Volume,2016,10.6
Brazil,RTD Coffee,Hypermarkets,Off-trade Volume,2016,10.9
Brazil,RTD Coffee,Discounters,Off-trade Volume,2016,0.0
Brazil,RTD Coffee,Warehouse Clubs,Off-trade Volume,2016,1.9
Brazil,RTD Coffee,Food/drink/tobacco specialists,Off-trade Volume,2016,0.0
Brazil,RTD Coffee,Small Local Grocers,Off-trade Volume,2016,10.9
Brazil,RTD Coffee,Non-Grocery Retailers,Off-trade Volume,2016,0.9
Brazil,RTD Coffee,General Merchandise Stores,Off-trade Volume,2016,0.9
Brazil,RTD Coffee,Apparel and Footwear Specialists,Off-trade Volume,2016,0.0
Brazil,RTD Coffee,Appliances and Electronics Specialists,Off-trade Volume,2016,0.0
Brazil,RTD Coffee,Home Products Specialists,Off-trade Volume,2016,0.0
Brazil,RTD Coffee,Health and Beauty Specialists,Off-trade Volume,2016,0.0
Brazil,RTD Coffee,Leisure and Personal Goods Specialists,Off-trade Volume,2016,0.0
Brazil,RTD Coffee,Other Non-Grocery Retailers,Off-trade Volume,2016,0.0
Brazil,RTD Coffee,Vending,Off-trade Volume,2016,0.0
Brazil,RTD Coffee,Direct Selling,Off-trade Volume,2016,0.0
Brazil,RTD Coffee,Retail E-Commerce,Off-trade Volume,2016,0.0
Middle East and Africa,Coffee,Retail Channels,Retail Volume,2016,100.0
Middle East and Africa,Coffee,Retail Offline,Retail Volume,2016,99.6
Middle East and Africa,Coffee,Grocery Retailers,Retail Volume,2016,98.0
Middle East and Africa,Coffee,Convenience Retailers,Retail Volume,2016,5.4
Middle East and Africa,Coffee,Convenience Stores,Retail Volume,2016,3.4
Middle East and Africa,Coffee,Forecourt Retailers,Retail Volume,2016,1.9
Middle East and Africa,Coffee,Supermarkets,Retail Volume,2016,30.5
Middle East and Africa,Coffee,Hypermarkets,Retail Volume,2016,9.4
Middle East and Africa,Coffee,Discounters,Retail Volume,2016,1.7
Middle East and Africa,Coffee,Warehouse Clubs,Retail Volume,2016,0.0
Middle East and Africa,Coffee,Food/drink/tobacco specialists,Retail Volume,2016,6.1
Middle East and Africa,Coffee,Small Local Grocers,Retail Volume,2016,44.9
Middle East and Africa,Coffee,Non-Grocery Retailers,Retail Volume,2016,1.4
Middle East and Africa,Coffee,General Merchandise Stores,Retail Volume,2016,0.0
Middle East and Africa,Coffee,Apparel and Footwear Specialists,Retail Volume,2016,0.0
Middle East and Africa,Coffee,Appliances and Electronics Specialists,Retail Volume,2016,0.0
Middle East and Africa,Coffee,Home Products Specialists,Retail Volume,2016,0.0
Middle East and Africa,Coffee,Health and Beauty Specialists,Retail Volume,2016,0.0
Middle East and Africa,Coffee,Leisure and Personal Goods Specialists,Retail Volume,2016,0.0
Middle East and Africa,Coffee,Other Non-Grocery Retailers,Retail Volume,2016,1.4
Middle East and Africa,Coffee,Vending,Retail Volume,2016,0.1
Middle East and Africa,Coffee,Direct Selling,Retail Volume,2016,0.1
Middle East and Africa,Coffee,Retail E-Commerce,Retail Volume,2016,0.4
Middle East and Africa,RTD Coffee,Retail Channels,Off-trade Volume,2016,100.0
Middle East and Africa,RTD Coffee,Retail Offline,Off-trade Volume,2016,100.0
Middle East and Africa,RTD Coffee,Grocery Retailers,Off-trade Volume,2016,99.8
Middle East and Africa,RTD Coffee,Convenience Retailers,Off-trade Volume,2016,54.0
Middle East and Africa,RTD Coffee,Convenience Stores,Off-trade Volume,2016,3.2
Middle East and Africa,RTD Coffee,Forecourt Retailers,Off-trade Volume,2016,50.8
Middle East and Africa,RTD Coffee,Supermarkets,Off-trade Volume,2016,23.1
Middle East and Africa,RTD Coffee,Hypermarkets,Off-trade Volume,2016,14.9
Middle East and Africa,RTD Coffee,Discounters,Off-trade Volume,2016,0.5
Middle East and Africa,RTD Coffee,Warehouse Clubs,Off-trade Volume,2016,0.0
Middle East and Africa,RTD Coffee,Food/drink/tobacco specialists,Off-trade Volume,2016,0.4
Middle East and Africa,RTD Coffee,Small Local Grocers,Off-trade Volume,2016,6.8
Middle East and Africa,RTD Coffee,Non-Grocery Retailers,Off-trade Volume,2016,0.0
Middle East and Africa,RTD Coffee,General Merchandise Stores,Off-trade Volume,2016,0.0
Middle East and Africa,RTD Coffee,Apparel and Footwear Specialists,Off-trade Volume,2016,0.0
Middle East and Africa,RTD Coffee,Appliances and Electronics Specialists,Off-trade Volume,2016,0.0
Middle East and Africa,RTD Coffee,Home Products Specialists,Off-trade Volume,2016,0.0
Middle East and Africa,RTD Coffee,Health and Beauty Specialists,Off-trade Volume,2016,0.0
Middle East and Africa,RTD Coffee,Leisure and Personal Goods Specialists,Off-trade Volume,2016,0.0
Middle East and Africa,RTD Coffee,Other Non-Grocery Retailers,Off-trade Volume,2016,0.0
Middle East and Africa,RTD Coffee,Vending,Off-trade Volume,2016,0.2
Middle East and Africa,RTD Coffee,Direct Selling,Off-trade Volume,2016,0.0
Middle East and Africa,RTD Coffee,Retail E-Commerce,Off-trade Volume,2016,0.0
North America,Coffee,Retail Channels,Retail Volume,2016,100.0
North America,Coffee,Retail Offline,Retail Volume,2016,93.9
North America,Coffee,Grocery Retailers,Retail Volume,2016,91.2
North America,Coffee,Convenience Retailers,Retail Volume,2016,2.4
North America,Coffee,Convenience Stores,Retail Volume,2016,0.4
North America,Coffee,Forecourt Retailers,Retail Volume,2016,2.0
North America,Coffee,Supermarkets,Retail Volume,2016,32.6
North America,Coffee,Hypermarkets,Retail Volume,2016,24.8
North America,Coffee,Discounters,Retail Volume,2016,3.0
North America,Coffee,Warehouse Clubs,Retail Volume,2016,4.0
North America,Coffee,Food/drink/tobacco specialists,Retail Volume,2016,5.1
North America,Coffee,Small Local Grocers,Retail Volume,2016,19.4
North America,Coffee,Non-Grocery Retailers,Retail Volume,2016,2.4
North America,Coffee,General Merchandise Stores,Retail Volume,2016,1.3
North America,Coffee,Apparel and Footwear Specialists,Retail Volume,2016,0.0
North America,Coffee,Appliances and Electronics Specialists,Retail Volume,2016,0.0
North America,Coffee,Home Products Specialists,Retail Volume,2016,0.0
North America,Coffee,Health and Beauty Specialists,Retail Volume,2016,1.1
North America,Coffee,Leisure and Personal Goods Specialists,Retail Volume,2016,0.0
North America,Coffee,Other Non-Grocery Retailers,Retail Volume,2016,0.0
North America,Coffee,Vending,Retail Volume,2016,0.1
North America,Coffee,Direct Selling,Retail Volume,2016,0.2
North America,Coffee,Retail E-Commerce,Retail Volume,2016,6.1
North America,RTD Coffee,Retail Channels,Off-trade Volume,2016,100.0
North America,RTD Coffee,Retail Offline,Off-trade Volume,2016,96.9
North America,RTD Coffee,Grocery Retailers,Off-trade Volume,2016,87.8
North America,RTD Coffee,Convenience Retailers,Off-trade Volume,2016,29.8
North America,RTD Coffee,Convenience Stores,Off-trade Volume,2016,6.6
North America,RTD Coffee,Forecourt Retailers,Off-trade Volume,2016,23.2
North America,RTD Coffee,Supermarkets,Off-trade Volume,2016,20.7
North America,RTD Coffee,Hypermarkets,Off-trade Volume,2016,21.2
North America,RTD Coffee,Discounters,Off-trade Volume,2016,1.0
North America,RTD Coffee,Warehouse Clubs,Off-trade Volume,2016,9.8
North America,RTD Coffee,Food/drink/tobacco specialists,Off-trade Volume,2016,0.0
North America,RTD Coffee,Small Local Grocers,Off-trade Volume,2016,5.2
North America,RTD Coffee,Non-Grocery Retailers,Off-trade Volume,2016,5.5
North America,RTD Coffee,General Merchandise Stores,Off-trade Volume,2016,3.3
North America,RTD Coffee,Apparel and Footwear Specialists,Off-trade Volume,2016,0.0
North America,RTD Coffee,Appliances and Electronics Specialists,Off-trade Volume,2016,0.0
North America,RTD Coffee,Home Products Specialists,Off-trade Volume,2016,0.0
North America,RTD Coffee,Health and Beauty Specialists,Off-trade Volume,2016,2.2
North America,RTD Coffee,Leisure and Personal Goods Specialists,Off-trade Volume,2016,0.0
North America,RTD Coffee,Other Non-Grocery Retailers,Off-trade Volume,2016,0.0
North America,RTD Coffee,Vending,Off-trade Volume,2016,3.6
North America,RTD Coffee,Direct Selling,Off-trade Volume,2016,0.0
North America,RTD Coffee,Retail E-Commerce,Off-trade Volume,2016,3.1
USA,Coffee,Retail Channels,Retail Volume,2016,100.0
USA,Coffee,Retail Offline,Retail Volume,2016,93.5
USA,Coffee,Grocery Retailers,Retail Volume,2016,91.2
USA,Coffee,Convenience Retailers,Retail Volume,2016,2.4
USA,Coffee,Convenience Stores,Retail Volume,2016,0.3
USA,Coffee,Forecourt Retailers,Retail Volume,2016,2.1
USA,Coffee,Supermarkets,Retail Volume,2016,32.1
USA,Coffee,Hypermarkets,Retail Volume,2016,25.3
USA,Coffee,Discounters,Retail Volume,2016,2.0
USA,Coffee,Warehouse Clubs,Retail Volume,2016,3.7
USA,Coffee,Food/drink/tobacco specialists,Retail Volume,2016,5.5
USA,Coffee,Small Local Grocers,Retail Volume,2016,20.1
USA,Coffee,Non-Grocery Retailers,Retail Volume,2016,2.1
USA,Coffee,General Merchandise Stores,Retail Volume,2016,1.3
USA,Coffee,Apparel and Footwear Specialists,Retail Volume,2016,0.0
USA,Coffee,Appliances and Electronics Specialists,Retail Volume,2016,0.0
USA,Coffee,Home Products Specialists,Retail Volume,2016,0.0
USA,Coffee,Health and Beauty Specialists,Retail Volume,2016,0.8
USA,Coffee,Leisure and Personal Goods Specialists,Retail Volume,2016,0.0
USA,Coffee,Other Non-Grocery Retailers,Retail Volume,2016,0.0
USA,Coffee,Vending,Retail Volume,2016,0.0
USA,Coffee,Direct Selling,Retail Volume,2016,0.2
USA,Coffee,Retail E-Commerce,Retail Volume,2016,6.5
USA,RTD Coffee,Retail Channels,Off-trade Volume,2016,100.0
USA,RTD Coffee,Retail Offline,Off-trade Volume,2016,96.9
USA,RTD Coffee,Grocery Retailers,Off-trade Volume,2016,87.9
USA,RTD Coffee,Convenience Retailers,Off-trade Volume,2016,30.0
USA,RTD Coffee,Convenience Stores,Off-trade Volume,2016,6.6
USA,RTD Coffee,Forecourt Retailers,Off-trade Volume,2016,23.4
USA,RTD Coffee,Supermarkets,Off-trade Volume,2016,20.5
USA,RTD Coffee,Hypermarkets,Off-trade Volume,2016,21.3
USA,RTD Coffee,Discounters,Off-trade Volume,2016,1.0
USA,RTD Coffee,Warehouse Clubs,Off-trade Volume,2016,9.9
USA,RTD Coffee,Food/drink/tobacco specialists,Off-trade Volume,2016,0.0
USA,RTD Coffee,Small Local Grocers,Off-trade Volume,2016,5.2
USA,RTD Coffee,Non-Grocery Retailers,Off-trade Volume,2016,5.4
USA,RTD Coffee,General Merchandise Stores,Off-trade Volume,2016,3.3
USA,RTD Coffee,Apparel and Footwear Specialists,Off-trade Volume,2016,0.0
USA,RTD Coffee,Appliances and Electronics Specialists,Off-trade Volume,2016,0.0
USA,RTD Coffee,Home Products Specialists,Off-trade Volume,2016,0.0
USA,RTD Coffee,Health and Beauty Specialists,Off-trade Volume,2016,2.0
USA,RTD Coffee,Leisure and Personal Goods Specialists,Off-trade Volume,2016,0.0
USA,RTD Coffee,Other Non-Grocery Retailers,Off-trade Volume,2016,0.0
USA,RTD Coffee,Vending,Off-trade Volume,2016,3.6
USA,RTD Coffee,Direct Selling,Off-trade Volume,2016,0.0
USA,RTD Coffee,Retail E-Commerce,Off-trade Volume,2016,3.1
Western Europe,Coffee,Retail Channels,Retail Volume,2016,100.0
Western Europe,Coffee,Retail Offline,Retail Volume,2016,97.1
Western Europe,Coffee,Grocery Retailers,Retail Volume,2016,94.0
Western Europe,Coffee,Convenience Retailers,Retail Volume,2016,3.9
Western Europe,Coffee,Convenience Stores,Retail Volume,2016,3.4
Western Europe,Coffee,Forecourt Retailers,Retail Volume,2016,0.5
Western Europe,Coffee,Supermarkets,Retail Volume,2016,38.7
Western Europe,Coffee,Hypermarkets,Retail Volume,2016,22.1
Western Europe,Coffee,Discounters,Retail Volume,2016,21.9
Western Europe,Coffee,Warehouse Clubs,Retail Volume,2016,0.0
Western Europe,Coffee,Food/drink/tobacco specialists,Retail Volume,2016,4.1
Western Europe,Coffee,Small Local Grocers,Retail Volume,2016,3.3
Western Europe,Coffee,Non-Grocery Retailers,Retail Volume,2016,2.0
Western Europe,Coffee,General Merchandise Stores,Retail Volume,2016,0.9
Western Europe,Coffee,Apparel and Footwear Specialists,Retail Volume,2016,0.0
Western Europe,Coffee,Appliances and Electronics Specialists,Retail Volume,2016,0.0
Western Europe,Coffee,Home Products Specialists,Retail Volume,2016,0.0
Western Europe,Coffee,Health and Beauty Specialists,Retail Volume,2016,1.1
Western Europe,Coffee,Leisure and Personal Goods Specialists,Retail Volume,2016,0.0
Western Europe,Coffee,Other Non-Grocery Retailers,Retail Volume,2016,0.0
Western Europe,Coffee,Vending,Retail Volume,2016,1.0
Western Europe,Coffee,Direct Selling,Retail Volume,2016,0.0
Western Europe,Coffee,Retail E-Commerce,Retail Volume,2016,2.9
Western Europe,RTD Coffee,Retail Channels,Off-trade Volume,2016,100.0
Western Europe,RTD Coffee,Retail Offline,Off-trade Volume,2016,99.2
Western Europe,RTD Coffee,Grocery Retailers,Off-trade Volume,2016,96.2
Western Europe,RTD Coffee,Convenience Retailers,Off-trade Volume,2016,14.6
Western Europe,RTD Coffee,Convenience Stores,Off-trade Volume,2016,5.6
Western Europe,RTD Coffee,Forecourt Retailers,Off-trade Volume,2016,9.1
Western Europe,RTD Coffee,Supermarkets,Off-trade Volume,2016,41.4
Western Europe,RTD Coffee,Hypermarkets,Off-trade Volume,2016,16.8
Western Europe,RTD Coffee,Discounters,Off-trade Volume,2016,16.1
Western Europe,RTD Coffee,Warehouse Clubs,Off-trade Volume,2016,0.0
Western Europe,RTD Coffee,Food/drink/tobacco specialists,Off-trade Volume,2016,0.2
Western Europe,RTD Coffee,Small Local Grocers,Off-trade Volume,2016,7.1
Western Europe,RTD Coffee,Non-Grocery Retailers,Off-trade Volume,2016,2.2
Western Europe,RTD Coffee,General Merchandise Stores,Off-trade Volume,2016,0.0
Western Europe,RTD Coffee,Apparel and Footwear Specialists,Off-trade Volume,2016,0.0
Western Europe,RTD Coffee,Appliances and Electronics Specialists,Off-trade Volume,2016,0.0
Western Europe,RTD Coffee,Home Products Specialists,Off-trade Volume,2016,0.0
Western Europe,RTD Coffee,Health and Beauty Specialists,Off-trade Volume,2016,2.2
Western Europe,RTD Coffee,Leisure and Personal Goods Specialists,Off-trade Volume,2016,0.0
Western Europe,RTD Coffee,Other Non-Grocery Retailers,Off-trade Volume,2016,0.0
Western Europe,RTD Coffee,Vending,Off-trade Volume,2016,0.7
Western Europe,RTD Coffee,Direct Selling,Off-trade Volume,2016,0.0
Western Europe,RTD Coffee,Retail E-Commerce,Off-trade Volume,2016,0.8
France,Coffee,Retail Channels,Retail Volume,2016,100.0
France,Coffee,Retail Offline,Retail Volume,2016,94.4
France,Coffee,Grocery Retailers,Retail Volume,2016,93.4
France,Coffee,Convenience Retailers,Retail Volume,2016,1.1
France,Coffee,Convenience Stores,Retail Volume,2016,1.1
France,Coffee,Forecourt Retailers,Retail Volume,2016,0.0
France,Coffee,Supermarkets,Retail Volume,2016,25.7
France,Coffee,Hypermarkets,Retail Volume,2016,37.1
France,Coffee,Discounters,Retail Volume,2016,12.5
France,Coffee,Warehouse Clubs,Retail Volume,2016,0.0
France,Coffee,Food/drink/tobacco specialists,Retail Volume,2016,16.4
France,Coffee,Small Local Grocers,Retail Volume,2016,0.6
France,Coffee,Non-Grocery Retailers,Retail Volume,2016,0.7
France,Coffee,General Merchandise Stores,Retail Volume,2016,0.0
France,Coffee,Apparel and Footwear Specialists,Retail Volume,2016,0.0
France,Coffee,Appliances and Electronics Specialists,Retail Volume,2016,0.0
France,Coffee,Home Products Specialists,Retail Volume,2016,0.0
France,Coffee,Health and Beauty Specialists,Retail Volume,2016,0.7
France,Coffee,Leisure and Personal Goods Specialists,Retail Volume,2016,0.0
France,Coffee,Other Non-Grocery Retailers,Retail Volume,2016,0.0
France,Coffee,Vending,Retail Volume,2016,0.3
France,Coffee,Direct Selling,Retail Volume,2016,0.0
France,Coffee,Retail E-Commerce,Retail Volume,2016,5.6
France,RTD Coffee,Retail Channels,Off-trade Volume,2016,100.0
France,RTD Coffee,Retail Offline,Off-trade Volume,2016,99.2
France,RTD Coffee,Grocery Retailers,Off-trade Volume,2016,98.9
France,RTD Coffee,Convenience Retailers,Off-trade Volume,2016,37.9
France,RTD Coffee,Convenience Stores,Off-trade Volume,2016,16.7
France,RTD Coffee,Forecourt Retailers,Off-trade Volume,2016,21.2
France,RTD Coffee,Supermarkets,Off-trade Volume,2016,25.5
France,RTD Coffee,Hypermarkets,Off-trade Volume,2016,31.9
France,RTD Coffee,Discounters,Off-trade Volume,2016,0.0
France,RTD Coffee,Warehouse Clubs,Off-trade Volume,2016,0.0
France,RTD Coffee,Food/drink/tobacco specialists,Off-trade Volume,2016,0.0
France,RTD Coffee,Small Local Grocers,Off-trade Volume,2016,3.6
France,RTD Coffee,Non-Grocery Retailers,Off-trade Volume,2016,0.0
France,RTD Coffee,General Merchandise Stores,Off-trade Volume,2016,0.0
France,RTD Coffee,Apparel and Footwear Specialists,Off-trade Volume,2016,0.0
France,RTD Coffee,Appliances and Electronics Specialists,Off-trade Volume,2016,0.0
France,RTD Coffee,Home Products Specialists,Off-trade Volume,2016,0.0
France,RTD Coffee,Health and Beauty Specialists,Off-trade Volume,2016,0.0
France,RTD Coffee,Leisure and Personal Goods Specialists,Off-trade Volume,2016,0.0
France,RTD Coffee,Other Non-Grocery Retailers,Off-trade Volume,2016,0.0
France,RTD Coffee,Vending,Off-trade Volume,2016,0.3
France,RTD Coffee,Direct Selling,Off-trade Volume,2016,0.0
France,RTD Coffee,Retail E-Commerce,Off-trade Volume,2016,0.8
Germany,Coffee,Retail Channels,Retail Volume,2016,100.0
Germany,Coffee,Retail Offline,Retail Volume,2016,97.8
Germany,Coffee,Grocery Retailers,Retail Volume,2016,94.2
Germany,Coffee,Convenience Retailers,Retail Volume,2016,0.9
Germany,Coffee,Convenience Stores,Retail Volume,2016,0.4
Germany,Coffee,Forecourt Retailers,Retail Volume,2016,0.4
Germany,Coffee,Supermarkets,Retail Volume,2016,24.5
Germany,Coffee,Hypermarkets,Retail Volume,2016,19.5
Germany,Coffee,Discounters,Retail Volume,2016,45.5
Germany,Coffee,Warehouse Clubs,Retail Volume,2016,0.0
Germany,Coffee,Food/drink/tobacco specialists,Retail Volume,2016,2.8
Germany,Coffee,Small Local Grocers,Retail Volume,2016,1.0
Germany,Coffee,Non-Grocery Retailers,Retail Volume,2016,3.1
Germany,Coffee,General Merchandise Stores,Retail Volume,2016,1.9
Germany,Coffee,Apparel and Footwear Specialists,Retail Volume,2016,0.0
Germany,Coffee,Appliances and Electronics Specialists,Retail Volume,2016,0.0
Germany,Coffee,Home Products Specialists,Retail Volume,2016,0.0
Germany,Coffee,Health and Beauty Specialists,Retail Volume,2016,1.2
Germany,Coffee,Leisure and Personal Goods Specialists,Retail Volume,2016,0.0
Germany,Coffee,Other Non-Grocery Retailers,Retail Volume,2016,0.0
Germany,Coffee,Vending,Retail Volume,2016,0.5
Germany,Coffee,Direct Selling,Retail Volume,2016,0.0
Germany,Coffee,Retail E-Commerce,Retail Volume,2016,2.2
Germany,RTD Coffee,Retail Channels,Off-trade Volume,2016,100.0
Germany,RTD Coffee,Retail Offline,Off-trade Volume,2016,99.0
Germany,RTD Coffee,Grocery Retailers,Off-trade Volume,2016,93.7
Germany,RTD Coffee,Convenience Retailers,Off-trade Volume,2016,14.0
Germany,RTD Coffee,Convenience Stores,Off-trade Volume,2016,0.1
Germany,RTD Coffee,Forecourt Retailers,Off-trade Volume,2016,13.9
Germany,RTD Coffee,Supermarkets,Off-trade Volume,2016,28.3
Germany,RTD Coffee,Hypermarkets,Off-trade Volume,2016,17.6
Germany,RTD Coffee,Discounters,Off-trade Volume,2016,23.5
Germany,RTD Coffee,Warehouse Clubs,Off-trade Volume,2016,0.0
Germany,RTD Coffee,Food/drink/tobacco specialists,Off-trade Volume,2016,0.2
Germany,RTD Coffee,Small Local Grocers,Off-trade Volume,2016,10.1
Germany,RTD Coffee,Non-Grocery Retailers,Off-trade Volume,2016,4.8
Germany,RTD Coffee,General Merchandise Stores,Off-trade Volume,2016,0.0
Germany,RTD Coffee,Apparel and Footwear Specialists,Off-trade Volume,2016,0.0
Germany,RTD Coffee,Appliances and Electronics Specialists,Off-trade Volume,2016,0.0
Germany,RTD Coffee,Home Products Specialists,Off-trade Volume,2016,0.0
Germany,RTD Coffee,Health and Beauty Specialists,Off-trade Volume,2016,4.8
Germany,RTD Coffee,Leisure and Personal Goods Specialists,Off-trade Volume,2016,0.0
Germany,RTD Coffee,Other Non-Grocery Retailers,Off-trade Volume,2016,0.0
Germany,RTD Coffee,Vending,Off-trade Volume,2016,0.5
Germany,RTD Coffee,Direct Selling,Off-trade Volume,2016,0.0
Germany,RTD Coffee,Retail E-Commerce,Off-trade Volume,2016,1.0
United Kingdom,Coffee,Retail Channels,Retail Volume,2016,100.0
United Kingdom,Coffee,Retail Offline,Retail Volume,2016,92.0
United Kingdom,Coffee,Grocery Retailers,Retail Volume,2016,89.0
United Kingdom,Coffee,Convenience Retailers,Retail Volume,2016,5.0
United Kingdom,Coffee,Convenience Stores,Retail Volume,2016,4.8
United Kingdom,Coffee,Forecourt Retailers,Retail Volume,2016,0.2
United Kingdom,Coffee,Supermarkets,Retail Volume,2016,38.9
United Kingdom,Coffee,Hypermarkets,Retail Volume,2016,36.5
United Kingdom,Coffee,Discounters,Retail Volume,2016,6.3
United Kingdom,Coffee,Warehouse Clubs,Retail Volume,2016,0.1
United Kingdom,Coffee,Food/drink/tobacco specialists,Retail Volume,2016,1.1
United Kingdom,Coffee,Small Local Grocers,Retail Volume,2016,1.2
United Kingdom,Coffee,Non-Grocery Retailers,Retail Volume,2016,2.5
United Kingdom,Coffee,General Merchandise Stores,Retail Volume,2016,2.5
United Kingdom,Coffee,Apparel and Footwear Specialists,Retail Volume,2016,0.0
United Kingdom,Coffee,Appliances and Electronics Specialists,Retail Volume,2016,0.0
United Kingdom,Coffee,Home Products Specialists,Retail Volume,2016,0.0
United Kingdom,Coffee,Health and Beauty Specialists,Retail Volume,2016,0.0
United Kingdom,Coffee,Leisure and Personal Goods Specialists,Retail Volume,2016,0.0
United Kingdom,Coffee,Other Non-Grocery Retailers,Retail Volume,2016,0.0
United Kingdom,Coffee,Vending,Retail Volume,2016,0.5
United Kingdom,Coffee,Direct Selling,Retail Volume,2016,0.0
United Kingdom,Coffee,Retail E-Commerce,Retail Volume,2016,8.0
United Kingdom,RTD Coffee,Retail Channels,Off-trade Volume,2016,100.0
United Kingdom,RTD Coffee,Retail Offline,Off-trade Volume,2016,98.4
United Kingdom,RTD Coffee,Grocery Retailers,Off-trade Volume,2016,98.2
United Kingdom,RTD Coffee,Convenience Retailers,Off-trade Volume,2016,11.5
United Kingdom,RTD Coffee,Convenience Stores,Off-trade Volume,2016,8.0
United Kingdom,RTD Coffee,Forecourt Retailers,Off-trade Volume,2016,3.5
United Kingdom,RTD Coffee,Supermarkets,Off-trade Volume,2016,33.1
United Kingdom,RTD Coffee,Hypermarkets,Off-trade Volume,2016,38.2
United Kingdom,RTD Coffee,Discounters,Off-trade Volume,2016,0.0
United Kingdom,RTD Coffee,Warehouse Clubs,Off-trade Volume,2016,0.0
United Kingdom,RTD Coffee,Food/drink/tobacco specialists,Off-trade Volume,2016,0.0
United Kingdom,RTD Coffee,Small Local Grocers,Off-trade Volume,2016,15.4
United Kingdom,RTD Coffee,Non-Grocery Retailers,Off-trade Volume,2016,0.2
United Kingdom,RTD Coffee,General Merchandise Stores,Off-trade Volume,2016,0.0
United Kingdom,RTD Coffee,Apparel and Footwear Specialists,Off-trade Volume,2016,0.0
United Kingdom,RTD Coffee,Appliances and Electronics Specialists,Off-trade Volume,2016,0.0
United Kingdom,RTD Coffee,Home Products Specialists,Off-trade Volume,2016,0.0
United Kingdom,RTD Coffee,Health and Beauty Specialists,Off-trade Volume,2016,0.2
United Kingdom,RTD Coffee,Leisure and Personal Goods Specialists,Off-trade Volume,2016,0.0
United Kingdom,RTD Coffee,Other Non-Grocery Retailers,Off-trade Volume,2016,0.0
United Kingdom,RTD Coffee,Vending,Off-trade Volume,2016,0.0
United Kingdom,RTD Coffee,Direct Selling,Off-trade Volume,2016,0.0
United Kingdom,RTD Coffee,Retail E-Commerce,Off-trade Volume,2016,1.6
World,Coffee,Retail Channels,Retail Volume,2017,100.0
World,Coffee,Retail Offline,Retail Volume,2017,97.5
World,Coffee,Grocery Retailers,Retail Volume,2017,94.9
World,Coffee,Convenience Retailers,Retail Volume,2017,5.4
World,Coffee,Convenience Stores,Retail Volume,2017,4.3
World,Coffee,Forecourt Retailers,Retail Volume,2017,1.0
World,Coffee,Supermarkets,Retail Volume,2017,29.5
World,Coffee,Hypermarkets,Retail Volume,2017,21.0
World,Coffee,Discounters,Retail Volume,2017,7.2
World,Coffee,Warehouse Clubs,Retail Volume,2017,1.2
World,Coffee,Food/drink/tobacco specialists,Retail Volume,2017,2.6
World,Coffee,Small Local Grocers,Retail Volume,2017,28.0
World,Coffee,Non-Grocery Retailers,Retail Volume,2017,1.9
World,Coffee,General Merchandise Stores,Retail Volume,2017,1.1
World,Coffee,Apparel and Footwear Specialists,Retail Volume,2017,0.0
World,Coffee,Appliances and Electronics Specialists,Retail Volume,2017,0.0
World,Coffee,Home Products Specialists,Retail Volume,2017,0.0
World,Coffee,Health and Beauty Specialists,Retail Volume,2017,0.7
World,Coffee,Leisure and Personal Goods Specialists,Retail Volume,2017,0.0
World,Coffee,Other Non-Grocery Retailers,Retail Volume,2017,0.1
World,Coffee,Vending,Retail Volume,2017,0.5
World,Coffee,Direct Selling,Retail Volume,2017,0.1
World,Coffee,Retail E-Commerce,Retail Volume,2017,2.5
World,RTD Coffee,Retail Channels,Off-trade Volume,2017,100.0
World,RTD Coffee,Retail Offline,Off-trade Volume,2017,98.5
World,RTD Coffee,Grocery Retailers,Off-trade Volume,2017,68.9
World,RTD Coffee,Convenience Retailers,Off-trade Volume,2017,23.6
World,RTD Coffee,Convenience Stores,Off-trade Volume,2017,19.6
World,RTD Coffee,Forecourt Retailers,Off-trade Volume,2017,4.0
World,RTD Coffee,Supermarkets,Off-trade Volume,2017,22.8
World,RTD Coffee,Hypermarkets,Off-trade Volume,2017,10.0
World,RTD Coffee,Discounters,Off-trade Volume,2017,0.8
World,RTD Coffee,Warehouse Clubs,Off-trade Volume,2017,2.2
World,RTD Coffee,Food/drink/tobacco specialists,Off-trade Volume,2017,0.0
World,RTD Coffee,Small Local Grocers,Off-trade Volume,2017,9.4
World,RTD Coffee,Non-Grocery Retailers,Off-trade Volume,2017,12.4
World,RTD Coffee,General Merchandise Stores,Off-trade Volume,2017,5.6
World,RTD Coffee,Apparel and Footwear Specialists,Off-trade Volume,2017,0.0
World,RTD Coffee,Appliances and Electronics Specialists,Off-trade Volume,2017,0.0
World,RTD Coffee,Home Products Specialists,Off-trade Volume,2017,0.0
World,RTD Coffee,Health and Beauty Specialists,Off-trade Volume,2017,6.8
World,RTD Coffee,Leisure and Personal Goods Specialists,Off-trade Volume,2017,0.0
World,RTD Coffee,Other Non-Grocery Retailers,Off-trade Volume,2017,0.0
World,RTD Coffee,Vending,Off-trade Volume,2017,17.2
World,RTD Coffee,Direct Selling,Off-trade Volume,2017,0.0
World,RTD Coffee,Retail E-Commerce,Off-trade Volume,2017,1.5
Asia Pacific,Coffee,Retail Channels,Retail Volume,2017,100.0
Asia Pacific,Coffee,Retail Offline,Retail Volume,2017,97.4
Asia Pacific,Coffee,Grocery Retailers,Retail Volume,2017,94.8
Asia Pacific,Coffee,Convenience Retailers,Retail Volume,2017,9.0
Asia Pacific,Coffee,Convenience Stores,Retail Volume,2017,7.9
Asia Pacific,Coffee,Forecourt Retailers,Retail Volume,2017,1.1
Asia Pacific,Coffee,Supermarkets,Retail Volume,2017,17.0
Asia Pacific,Coffee,Hypermarkets,Retail Volume,2017,17.6
Asia Pacific,Coffee,Discounters,Retail Volume,2017,0.0
Asia Pacific,Coffee,Warehouse Clubs,Retail Volume,2017,0.4
Asia Pacific,Coffee,Food/drink/tobacco specialists,Retail Volume,2017,0.7
Asia Pacific,Coffee,Small Local Grocers,Retail Volume,2017,50.1
Asia Pacific,Coffee,Non-Grocery Retailers,Retail Volume,2017,2.4
Asia Pacific,Coffee,General Merchandise Stores,Retail Volume,2017,1.6
Asia Pacific,Coffee,Apparel and Footwear Specialists,Retail Volume,2017,0.0
Asia Pacific,Coffee,Appliances and Electronics Specialists,Retail Volume,2017,0.0
Asia Pacific,Coffee,Home Products Specialists,Retail Volume,2017,0.0
Asia Pacific,Coffee,Health and Beauty Specialists,Retail Volume,2017,0.8
Asia Pacific,Coffee,Leisure and Personal Goods Specialists,Retail Volume,2017,0.0
Asia Pacific,Coffee,Other Non-Grocery Retailers,Retail Volume,2017,0.0
Asia Pacific,Coffee,Vending,Retail Volume,2017,0.1
Asia Pacific,Coffee,Direct Selling,Retail Volume,2017,0.2
Asia Pacific,Coffee,Retail E-Commerce,Retail Volume,2017,2.6
Asia Pacific,RTD Coffee,Retail Channels,Off-trade Volume,2017,100.0
Asia Pacific,RTD Coffee,Retail Offline,Off-trade Volume,2017,98.8
Asia Pacific,RTD Coffee,Grocery Retailers,Off-trade Volume,2017,64.7
Asia Pacific,RTD Coffee,Convenience Retailers,Off-trade Volume,2017,22.9
Asia Pacific,RTD Coffee,Convenience Stores,Off-trade Volume,2017,22.1
Asia Pacific,RTD Coffee,Forecourt Retailers,Off-trade Volume,2017,0.8
Asia Pacific,RTD Coffee,Supermarkets,Off-trade Volume,2017,22.2
Asia Pacific,RTD Coffee,Hypermarkets,Off-trade Volume,2017,8.2
Asia Pacific,RTD Coffee,Discounters,Off-trade Volume,2017,0.0
Asia Pacific,RTD Coffee,Warehouse Clubs,Off-trade Volume,2017,1.3
Asia Pacific,RTD Coffee,Food/drink/tobacco specialists,Off-trade Volume,2017,0.0
Asia Pacific,RTD Coffee,Small Local Grocers,Off-trade Volume,2017,10.1
Asia Pacific,RTD Coffee,Non-Grocery Retailers,Off-trade Volume,2017,14.0
Asia Pacific,RTD Coffee,General Merchandise Stores,Off-trade Volume,2017,6.2
Asia Pacific,RTD Coffee,Apparel and Footwear Specialists,Off-trade Volume,2017,0.0
Asia Pacific,RTD Coffee,Appliances and Electronics Specialists,Off-trade Volume,2017,0.0
Asia Pacific,RTD Coffee,Home Products Specialists,Off-trade Volume,2017,0.0
Asia Pacific,RTD Coffee,Health and Beauty Specialists,Off-trade Volume,2017,7.8
Asia Pacific,RTD Coffee,Leisure and Personal Goods Specialists,Off-trade Volume,2017,0.0
Asia Pacific,RTD Coffee,Other Non-Grocery Retailers,Off-trade Volume,2017,0.0
Asia Pacific,RTD Coffee,Vending,Off-trade Volume,2017,20.0
Asia Pacific,RTD Coffee,Direct Selling,Off-trade Volume,2017,0.0
Asia Pacific,RTD Coffee,Retail E-Commerce,Off-trade Volume,2017,1.2
China,Coffee,Retail Channels,Retail Volume,2017,100.0
China,Coffee,Retail Offline,Retail Volume,2017,82.2
China,Coffee,Grocery Retailers,Retail Volume,2017,82.1
China,Coffee,Convenience Retailers,Retail Volume,2017,5.5
China,Coffee,Convenience Stores,Retail Volume,2017,5.5
China,Coffee,Forecourt Retailers,Retail Volume,2017,0.0
China,Coffee,Supermarkets,Retail Volume,2017,30.1
China,Coffee,Hypermarkets,Retail Volume,2017,39.3
China,Coffee,Discounters,Retail Volume,2017,0.0
China,Coffee,Warehouse Clubs,Retail Volume,2017,0.0
China,Coffee,Food/drink/tobacco specialists,Retail Volume,2017,0.0
China,Coffee,Small Local Grocers,Retail Volume,2017,7.3
China,Coffee,Non-Grocery Retailers,Retail Volume,2017,0.0
China,Coffee,General Merchandise Stores,Retail Volume,2017,0.0
China,Coffee,Apparel and Footwear Specialists,Retail Volume,2017,0.0
China,Coffee,Appliances and Electronics Specialists,Retail Volume,2017,0.0
China,Coffee,Home Products Specialists,Retail Volume,2017,0.0
China,Coffee,Health and Beauty Specialists,Retail Volume,2017,0.0
China,Coffee,Leisure and Personal Goods Specialists,Retail Volume,2017,0.0
China,Coffee,Other Non-Grocery Retailers,Retail Volume,2017,0.0
China,Coffee,Vending,Retail Volume,2017,0.0
China,Coffee,Direct Selling,Retail Volume,2017,0.0
China,Coffee,Retail E-Commerce,Retail Volume,2017,17.8
China,RTD Coffee,Retail Channels,Off-trade Volume,2017,100.0
China,RTD Coffee,Retail Offline,Off-trade Volume,2017,97.8
China,RTD Coffee,Grocery Retailers,Off-trade Volume,2017,96.0
China,RTD Coffee,Convenience Retailers,Off-trade Volume,2017,10.1
China,RTD Coffee,Convenience Stores,Off-trade Volume,2017,7.5
China,RTD Coffee,Forecourt Retailers,Off-trade Volume,2017,2.5
China,RTD Coffee,Supermarkets,Off-trade Volume,2017,36.4
China,RTD Coffee,Hypermarkets,Off-trade Volume,2017,13.7
China,RTD Coffee,Discounters,Off-trade Volume,2017,0.5
China,RTD Coffee,Warehouse Clubs,Off-trade Volume,2017,0.0
China,RTD Coffee,Food/drink/tobacco specialists,Off-trade Volume,2017,0.0
China,RTD Coffee,Small Local Grocers,Off-trade Volume,2017,35.3
China,RTD Coffee,Non-Grocery Retailers,Off-trade Volume,2017,0.0
China,RTD Coffee,General Merchandise Stores,Off-trade Volume,2017,0.0
China,RTD Coffee,Apparel and Footwear Specialists,Off-trade Volume,2017,0.0
China,RTD Coffee,Appliances and Electronics Specialists,Off-trade Volume,2017,0.0
China,RTD Coffee,Home Products Specialists,Off-trade Volume,2017,0.0
China,RTD Coffee,Health and Beauty Specialists,Off-trade Volume,2017,0.0
China,RTD Coffee,Leisure and Personal Goods Specialists,Off-trade Volume,2017,0.0
China,RTD Coffee,Other Non-Grocery Retailers,Off-trade Volume,2017,0.0
China,RTD Coffee,Vending,Off-trade Volume,2017,1.9
China,RTD Coffee,Direct Selling,Off-trade Volume,2017,0.0
China,RTD Coffee,Retail E-Commerce,Off-trade Volume,2017,2.2
India,Coffee,Retail Channels,Retail Volume,2017,100.0
India,Coffee,Retail Offline,Retail Volume,2017,99.8
India,Coffee,Grocery Retailers,Retail Volume,2017,99.8
India,Coffee,Convenience Retailers,Retail Volume,2017,2.0
India,Coffee,Convenience Stores,Retail Volume,2017,1.8
India,Coffee,Forecourt Retailers,Retail Volume,2017,0.2
India,Coffee,Supermarkets,Retail Volume,2017,9.2
India,Coffee,Hypermarkets,Retail Volume,2017,7.1
India,Coffee,Discounters,Retail Volume,2017,0.0
India,Coffee,Warehouse Clubs,Retail Volume,2017,0.0
India,Coffee,Food/drink/tobacco specialists,Retail Volume,2017,0.0
India,Coffee,Small Local Grocers,Retail Volume,2017,81.6
India,Coffee,Non-Grocery Retailers,Retail Volume,2017,0.0
India,Coffee,General Merchandise Stores,Retail Volume,2017,0.0
India,Coffee,Apparel and Footwear Specialists,Retail Volume,2017,0.0
India,Coffee,Appliances and Electronics Specialists,Retail Volume,2017,0.0
India,Coffee,Home Products Specialists,Retail Volume,2017,0.0
India,Coffee,Health and Beauty Specialists,Retail Volume,2017,0.0
India,Coffee,Leisure and Personal Goods Specialists,Retail Volume,2017,0.0
India,Coffee,Other Non-Grocery Retailers,Retail Volume,2017,0.0
India,Coffee,Vending,Retail Volume,2017,0.0
India,Coffee,Direct Selling,Retail Volume,2017,0.0
India,Coffee,Retail E-Commerce,Retail Volume,2017,0.2
India,RTD Coffee,Retail Channels,Off-trade Volume,2017,0.0
India,RTD Coffee,Retail Offline,Off-trade Volume,2017,0.0
India,RTD Coffee,Grocery Retailers,Off-trade Volume,2017,0.0
India,RTD Coffee,Convenience Retailers,Off-trade Volume,2017,0.0
India,RTD Coffee,Convenience Stores,Off-trade Volume,2017,0.0
India,RTD Coffee,Forecourt Retailers,Off-trade Volume,2017,0.0
India,RTD Coffee,Supermarkets,Off-trade Volume,2017,0.0
India,RTD Coffee,Hypermarkets,Off-trade Volume,2017,0.0
India,RTD Coffee,Discounters,Off-trade Volume,2017,0.0
India,RTD Coffee,Warehouse Clubs,Off-trade Volume,2017,0.0
India,RTD Coffee,Food/drink/tobacco specialists,Off-trade Volume,2017,0.0
India,RTD Coffee,Small Local Grocers,Off-trade Volume,2017,0.0
India,RTD Coffee,Non-Grocery Retailers,Off-trade Volume,2017,0.0
India,RTD Coffee,General Merchandise Stores,Off-trade Volume,2017,0.0
India,RTD Coffee,Apparel and Footwear Specialists,Off-trade Volume,2017,0.0
India,RTD Coffee,Appliances and Electronics Specialists,Off-trade Volume,2017,0.0
India,RTD Coffee,Home Products Specialists,Off-trade Volume,2017,0.0
India,RTD Coffee,Health and Beauty Specialists,Off-trade Volume,2017,0.0
India,RTD Coffee,Leisure and Personal Goods Specialists,Off-trade Volume,2017,0.0
India,RTD Coffee,Other Non-Grocery Retailers,Off-trade Volume,2017,0.0
India,RTD Coffee,Vending,Off-trade Volume,2017,0.0
India,RTD Coffee,Direct Selling,Off-trade Volume,2017,0.0
India,RTD Coffee,Retail E-Commerce,Off-trade Volume,2017,0.0
Japan,Coffee,Retail Channels,Retail Volume,2017,100.0
Japan,Coffee,Retail Offline,Retail Volume,2017,90.7
Japan,Coffee,Grocery Retailers,Retail Volume,2017,69.3
Japan,Coffee,Convenience Retailers,Retail Volume,2017,3.1
Japan,Coffee,Convenience Stores,Retail Volume,2017,3.1
Japan,Coffee,Forecourt Retailers,Retail Volume,2017,0.0
Japan,Coffee,Supermarkets,Retail Volume,2017,46.0
Japan,Coffee,Hypermarkets,Retail Volume,2017,11.4
Japan,Coffee,Discounters,Retail Volume,2017,0.0
Japan,Coffee,Warehouse Clubs,Retail Volume,2017,2.9
Japan,Coffee,Food/drink/tobacco specialists,Retail Volume,2017,0.0
Japan,Coffee,Small Local Grocers,Retail Volume,2017,5.9
Japan,Coffee,Non-Grocery Retailers,Retail Volume,2017,20.5
Japan,Coffee,General Merchandise Stores,Retail Volume,2017,14.3
Japan,Coffee,Apparel and Footwear Specialists,Retail Volume,2017,0.0
Japan,Coffee,Appliances and Electronics Specialists,Retail Volume,2017,0.0
Japan,Coffee,Home Products Specialists,Retail Volume,2017,0.0
Japan,Coffee,Health and Beauty Specialists,Retail Volume,2017,6.2
Japan,Coffee,Leisure and Personal Goods Specialists,Retail Volume,2017,0.0
Japan,Coffee,Other Non-Grocery Retailers,Retail Volume,2017,0.0
Japan,Coffee,Vending,Retail Volume,2017,0.8
Japan,Coffee,Direct Selling,Retail Volume,2017,0.0
Japan,Coffee,Retail E-Commerce,Retail Volume,2017,9.3
Japan,RTD Coffee,Retail Channels,Off-trade Volume,2017,100.0
Japan,RTD Coffee,Retail Offline,Off-trade Volume,2017,99.4
Japan,RTD Coffee,Grocery Retailers,Off-trade Volume,2017,55.3
Japan,RTD Coffee,Convenience Retailers,Off-trade Volume,2017,19.2
Japan,RTD Coffee,Convenience Stores,Off-trade Volume,2017,19.2
Japan,RTD Coffee,Forecourt Retailers,Off-trade Volume,2017,0.0
Japan,RTD Coffee,Supermarkets,Off-trade Volume,2017,23.6
Japan,RTD Coffee,Hypermarkets,Off-trade Volume,2017,6.1
Japan,RTD Coffee,Discounters,Off-trade Volume,2017,0.0
Japan,RTD Coffee,Warehouse Clubs,Off-trade Volume,2017,1.5
Japan,RTD Coffee,Food/drink/tobacco specialists,Off-trade Volume,2017,0.0
Japan,RTD Coffee,Small Local Grocers,Off-trade Volume,2017,4.9
Japan,RTD Coffee,Non-Grocery Retailers,Off-trade Volume,2017,17.7
Japan,RTD Coffee,General Merchandise Stores,Off-trade Volume,2017,7.6
Japan,RTD Coffee,Apparel and Footwear Specialists,Off-trade Volume,2017,0.0
Japan,RTD Coffee,Appliances and Electronics Specialists,Off-trade Volume,2017,0.0
Japan,RTD Coffee,Home Products Specialists,Off-trade Volume,2017,0.0
Japan,RTD Coffee,Health and Beauty Specialists,Off-trade Volume,2017,10.1
Japan,RTD Coffee,Leisure and Personal Goods Specialists,Off-trade Volume,2017,0.0
Japan,RTD Coffee,Other Non-Grocery Retailers,Off-trade Volume,2017,0.0
Japan,RTD Coffee,Vending,Off-trade Volume,2017,26.3
Japan,RTD Coffee,Direct Selling,Off-trade Volume,2017,0.0
Japan,RTD Coffee,Retail E-Commerce,Off-trade Volume,2017,0.6
Thailand,Coffee,Retail Channels,Retail Volume,2017,100.0
Thailand,Coffee,Retail Offline,Retail Volume,2017,98.5
Thailand,Coffee,Grocery Retailers,Retail Volume,2017,98.5
Thailand,Coffee,Convenience Retailers,Retail Volume,2017,29.0
Thailand,Coffee,Convenience Stores,Retail Volume,2017,16.5
Thailand,Coffee,Forecourt Retailers,Retail Volume,2017,12.5
Thailand,Coffee,Supermarkets,Retail Volume,2017,5.8
Thailand,Coffee,Hypermarkets,Retail Volume,2017,23.3
Thailand,Coffee,Discounters,Retail Volume,2017,0.0
Thailand,Coffee,Warehouse Clubs,Retail Volume,2017,0.0
Thailand,Coffee,Food/drink/tobacco specialists,Retail Volume,2017,0.0
Thailand,Coffee,Small Local Grocers,Retail Volume,2017,40.4
Thailand,Coffee,Non-Grocery Retailers,Retail Volume,2017,0.0
Thailand,Coffee,General Merchandise Stores,Retail Volume,2017,0.0
Thailand,Coffee,Apparel and Footwear Specialists,Retail Volume,2017,0.0
Thailand,Coffee,Appliances and Electronics Specialists,Retail Volume,2017,0.0
Thailand,Coffee,Home Products Specialists,Retail Volume,2017,0.0
Thailand,Coffee,Health and Beauty Specialists,Retail Volume,2017,0.0
Thailand,Coffee,Leisure and Personal Goods Specialists,Retail Volume,2017,0.0
Thailand,Coffee,Other Non-Grocery Retailers,Retail Volume,2017,0.0
Thailand,Coffee,Vending,Retail Volume,2017,0.0
Thailand,Coffee,Direct Selling,Retail Volume,2017,0.0
Thailand,Coffee,Retail E-Commerce,Retail Volume,2017,1.5
Thailand,RTD Coffee,Retail Channels,Off-trade Volume,2017,100.0
Thailand,RTD Coffee,Retail Offline,Off-trade Volume,2017,98.6
Thailand,RTD Coffee,Grocery Retailers,Off-trade Volume,2017,91.3
Thailand,RTD Coffee,Convenience Retailers,Off-trade Volume,2017,28.8
Thailand,RTD Coffee,Convenience Stores,Off-trade Volume,2017,16.6
Thailand,RTD Coffee,Forecourt Retailers,Off-trade Volume,2017,12.2
Thailand,RTD Coffee,Supermarkets,Off-trade Volume,2017,5.5
Thailand,RTD Coffee,Hypermarkets,Off-trade Volume,2017,23.6
Thailand,RTD Coffee,Discounters,Off-trade Volume,2017,0.0
Thailand,RTD Coffee,Warehouse Clubs,Off-trade Volume,2017,0.0
Thailand,RTD Coffee,Food/drink/tobacco specialists,Off-trade Volume,2017,0.0
Thailand,RTD Coffee,Small Local Grocers,Off-trade Volume,2017,33.4
Thailand,RTD Coffee,Non-Grocery Retailers,Off-trade Volume,2017,0.0
Thailand,RTD Coffee,General Merchandise Stores,Off-trade Volume,2017,0.0
Thailand,RTD Coffee,Apparel and Footwear Specialists,Off-trade Volume,2017,0.0
Thailand,RTD Coffee,Appliances and Electronics Specialists,Off-trade Volume,2017,0.0
Thailand,RTD Coffee,Home Products Specialists,Off-trade Volume,2017,0.0
Thailand,RTD Coffee,Health and Beauty Specialists,Off-trade Volume,2017,0.0
Thailand,RTD Coffee,Leisure and Personal Goods Specialists,Off-trade Volume,2017,0.0
Thailand,RTD Coffee,Other Non-Grocery Retailers,Off-trade Volume,2017,0.0
Thailand,RTD Coffee,Vending,Off-trade Volume,2017,7.3
Thailand,RTD Coffee,Direct Selling,Off-trade Volume,2017,0.0
Thailand,RTD Coffee,Retail E-Commerce,Off-trade Volume,2017,1.4
Australasia,Coffee,Retail Channels,Retail Volume,2017,100.0
Australasia,Coffee,Retail Offline,Retail Volume,2017,94.4
Australasia,Coffee,Grocery Retailers,Retail Volume,2017,94.2
Australasia,Coffee,Convenience Retailers,Retail Volume,2017,5.7
Australasia,Coffee,Convenience Stores,Retail Volume,2017,2.8
Australasia,Coffee,Forecourt Retailers,Retail Volume,2017,2.8
Australasia,Coffee,Supermarkets,Retail Volume,2017,73.3
Australasia,Coffee,Hypermarkets,Retail Volume,2017,0.0
Australasia,Coffee,Discounters,Retail Volume,2017,12.6
Australasia,Coffee,Warehouse Clubs,Retail Volume,2017,0.0
Australasia,Coffee,Food/drink/tobacco specialists,Retail Volume,2017,0.0
Australasia,Coffee,Small Local Grocers,Retail Volume,2017,2.6
Australasia,Coffee,Non-Grocery Retailers,Retail Volume,2017,0.1
Australasia,Coffee,General Merchandise Stores,Retail Volume,2017,0.0
Australasia,Coffee,Apparel and Footwear Specialists,Retail Volume,2017,0.0
Australasia,Coffee,Appliances and Electronics Specialists,Retail Volume,2017,0.0
Australasia,Coffee,Home Products Specialists,Retail Volume,2017,0.0
Australasia,Coffee,Health and Beauty Specialists,Retail Volume,2017,0.1
Australasia,Coffee,Leisure and Personal Goods Specialists,Retail Volume,2017,0.0
Australasia,Coffee,Other Non-Grocery Retailers,Retail Volume,2017,0.0
Australasia,Coffee,Vending,Retail Volume,2017,0.1
Australasia,Coffee,Direct Selling,Retail Volume,2017,0.0
Australasia,Coffee,Retail E-Commerce,Retail Volume,2017,5.6
Australasia,RTD Coffee,Retail Channels,Off-trade Volume,2017,100.0
Australasia,RTD Coffee,Retail Offline,Off-trade Volume,2017,94.7
Australasia,RTD Coffee,Grocery Retailers,Off-trade Volume,2017,93.7
Australasia,RTD Coffee,Convenience Retailers,Off-trade Volume,2017,33.5
Australasia,RTD Coffee,Convenience Stores,Off-trade Volume,2017,8.1
Australasia,RTD Coffee,Forecourt Retailers,Off-trade Volume,2017,25.4
Australasia,RTD Coffee,Supermarkets,Off-trade Volume,2017,54.9
Australasia,RTD Coffee,Hypermarkets,Off-trade Volume,2017,0.0
Australasia,RTD Coffee,Discounters,Off-trade Volume,2017,1.2
Australasia,RTD Coffee,Warehouse Clubs,Off-trade Volume,2017,0.0
Australasia,RTD Coffee,Food/drink/tobacco specialists,Off-trade Volume,2017,0.0
Australasia,RTD Coffee,Small Local Grocers,Off-trade Volume,2017,4.2
Australasia,RTD Coffee,Non-Grocery Retailers,Off-trade Volume,2017,0.0
Australasia,RTD Coffee,General Merchandise Stores,Off-trade Volume,2017,0.0
Australasia,RTD Coffee,Apparel and Footwear Specialists,Off-trade Volume,2017,0.0
Australasia,RTD Coffee,Appliances and Electronics Specialists,Off-trade Volume,2017,0.0
Australasia,RTD Coffee,Home Products Specialists,Off-trade Volume,2017,0.0
Australasia,RTD Coffee,Health and Beauty Specialists,Off-trade Volume,2017,0.0
Australasia,RTD Coffee,Leisure and Personal Goods Specialists,Off-trade Volume,2017,0.0
Australasia,RTD Coffee,Other Non-Grocery Retailers,Off-trade Volume,2017,0.0
Australasia,RTD Coffee,Vending,Off-trade Volume,2017,0.9
Australasia,RTD Coffee,Direct Selling,Off-trade Volume,2017,0.0
Australasia,RTD Coffee,Retail E-Commerce,Off-trade Volume,2017,5.3
Australia,Coffee,Retail Channels,Retail Volume,2017,100.0
Australia,Coffee,Retail Offline,Retail Volume,2017,94.1
Australia,Coffee,Grocery Retailers,Retail Volume,2017,94.1
Australia,Coffee,Convenience Retailers,Retail Volume,2017,6.1
Australia,Coffee,Convenience Stores,Retail Volume,2017,2.9
Australia,Coffee,Forecourt Retailers,Retail Volume,2017,3.2
Australia,Coffee,Supermarkets,Retail Volume,2017,71.2
Australia,Coffee,Hypermarkets,Retail Volume,2017,0.0
Australia,Coffee,Discounters,Retail Volume,2017,14.5
Australia,Coffee,Warehouse Clubs,Retail Volume,2017,0.0
Australia,Coffee,Food/drink/tobacco specialists,Retail Volume,2017,0.0
Australia,Coffee,Small Local Grocers,Retail Volume,2017,2.3
Australia,Coffee,Non-Grocery Retailers,Retail Volume,2017,0.0
Australia,Coffee,General Merchandise Stores,Retail Volume,2017,0.0
Australia,Coffee,Apparel and Footwear Specialists,Retail Volume,2017,0.0
Australia,Coffee,Appliances and Electronics Specialists,Retail Volume,2017,0.0
Australia,Coffee,Home Products Specialists,Retail Volume,2017,0.0
Australia,Coffee,Health and Beauty Specialists,Retail Volume,2017,0.0
Australia,Coffee,Leisure and Personal Goods Specialists,Retail Volume,2017,0.0
Australia,Coffee,Other Non-Grocery Retailers,Retail Volume,2017,0.0
Australia,Coffee,Vending,Retail Volume,2017,0.0
Australia,Coffee,Direct Selling,Retail Volume,2017,0.0
Australia,Coffee,Retail E-Commerce,Retail Volume,2017,5.9
Australia,RTD Coffee,Retail Channels,Off-trade Volume,2017,100.0
Australia,RTD Coffee,Retail Offline,Off-trade Volume,2017,94.5
Australia,RTD Coffee,Grocery Retailers,Off-trade Volume,2017,93.6
Australia,RTD Coffee,Convenience Retailers,Off-trade Volume,2017,34.1
Australia,RTD Coffee,Convenience Stores,Off-trade Volume,2017,8.2
Australia,RTD Coffee,Forecourt Retailers,Off-trade Volume,2017,25.8
Australia,RTD Coffee,Supermarkets,Off-trade Volume,2017,54.0
Australia,RTD Coffee,Hypermarkets,Off-trade Volume,2017,0.0
Australia,RTD Coffee,Discounters,Off-trade Volume,2017,1.2
Australia,RTD Coffee,Warehouse Clubs,Off-trade Volume,2017,0.0
Australia,RTD Coffee,Food/drink/tobacco specialists,Off-trade Volume,2017,0.0
Australia,RTD Coffee,Small Local Grocers,Off-trade Volume,2017,4.3
Australia,RTD Coffee,Non-Grocery Retailers,Off-trade Volume,2017,0.0
Australia,RTD Coffee,General Merchandise Stores,Off-trade Volume,2017,0.0
Australia,RTD Coffee,Apparel and Footwear Specialists,Off-trade Volume,2017,0.0
Australia,RTD Coffee,Appliances and Electronics Specialists,Off-trade Volume,2017,0.0
Australia,RTD Coffee,Home Products Specialists,Off-trade Volume,2017,0.0
Australia,RTD Coffee,Health and Beauty Specialists,Off-trade Volume,2017,0.0
Australia,RTD Coffee,Leisure and Personal Goods Specialists,Off-trade Volume,2017,0.0
Australia,RTD Coffee,Other Non-Grocery Retailers,Off-trade Volume,2017,0.0
Australia,RTD Coffee,Vending,Off-trade Volume,2017,0.9
Australia,RTD Coffee,Direct Selling,Off-trade Volume,2017,0.0
Australia,RTD Coffee,Retail E-Commerce,Off-trade Volume,2017,5.5
Eastern Europe,Coffee,Retail Channels,Retail Volume,2017,100.0
Eastern Europe,Coffee,Retail Offline,Retail Volume,2017,99.4
Eastern Europe,Coffee,Grocery Retailers,Retail Volume,2017,96.3
Eastern Europe,Coffee,Convenience Retailers,Retail Volume,2017,13.3
Eastern Europe,Coffee,Convenience Stores,Retail Volume,2017,12.3
Eastern Europe,Coffee,Forecourt Retailers,Retail Volume,2017,1.0
Eastern Europe,Coffee,Supermarkets,Retail Volume,2017,28.7
Eastern Europe,Coffee,Hypermarkets,Retail Volume,2017,18.0
Eastern Europe,Coffee,Discounters,Retail Volume,2017,10.9
Eastern Europe,Coffee,Warehouse Clubs,Retail Volume,2017,0.0
Eastern Europe,Coffee,Food/drink/tobacco specialists,Retail Volume,2017,1.7
Eastern Europe,Coffee,Small Local Grocers,Retail Volume,2017,23.7
Eastern Europe,Coffee,Non-Grocery Retailers,Retail Volume,2017,0.5
Eastern Europe,Coffee,General Merchandise Stores,Retail Volume,2017,0.2
Eastern Europe,Coffee,Apparel and Footwear Specialists,Retail Volume,2017,0.0
Eastern Europe,Coffee,Appliances and Electronics Specialists,Retail Volume,2017,0.0
Eastern Europe,Coffee,Home Products Specialists,Retail Volume,2017,0.0
Eastern Europe,Coffee,Health and Beauty Specialists,Retail Volume,2017,0.3
Eastern Europe,Coffee,Leisure and Personal Goods Specialists,Retail Volume,2017,0.0
Eastern Europe,Coffee,Other Non-Grocery Retailers,Retail Volume,2017,0.0
Eastern Europe,Coffee,Vending,Retail Volume,2017,2.5
Eastern Europe,Coffee,Direct Selling,Retail Volume,2017,0.0
Eastern Europe,Coffee,Retail E-Commerce,Retail Volume,2017,0.6
Eastern Europe,RTD Coffee,Retail Channels,Off-trade Volume,2017,100.0
Eastern Europe,RTD Coffee,Retail Offline,Off-trade Volume,2017,99.6
Eastern Europe,RTD Coffee,Grocery Retailers,Off-trade Volume,2017,98.0
Eastern Europe,RTD Coffee,Convenience Retailers,Off-trade Volume,2017,46.6
Eastern Europe,RTD Coffee,Convenience Stores,Off-trade Volume,2017,12.8
Eastern Europe,RTD Coffee,Forecourt Retailers,Off-trade Volume,2017,33.8
Eastern Europe,RTD Coffee,Supermarkets,Off-trade Volume,2017,12.8
Eastern Europe,RTD Coffee,Hypermarkets,Off-trade Volume,2017,20.9
Eastern Europe,RTD Coffee,Discounters,Off-trade Volume,2017,10.0
Eastern Europe,RTD Coffee,Warehouse Clubs,Off-trade Volume,2017,0.0
Eastern Europe,RTD Coffee,Food/drink/tobacco specialists,Off-trade Volume,2017,1.0
Eastern Europe,RTD Coffee,Small Local Grocers,Off-trade Volume,2017,6.7
Eastern Europe,RTD Coffee,Non-Grocery Retailers,Off-trade Volume,2017,0.6
Eastern Europe,RTD Coffee,General Merchandise Stores,Off-trade Volume,2017,0.2
Eastern Europe,RTD Coffee,Apparel and Footwear Specialists,Off-trade Volume,2017,0.0
Eastern Europe,RTD Coffee,Appliances and Electronics Specialists,Off-trade Volume,2017,0.0
Eastern Europe,RTD Coffee,Home Products Specialists,Off-trade Volume,2017,0.0
Eastern Europe,RTD Coffee,Health and Beauty Specialists,Off-trade Volume,2017,0.4
Eastern Europe,RTD Coffee,Leisure and Personal Goods Specialists,Off-trade Volume,2017,0.0
Eastern Europe,RTD Coffee,Other Non-Grocery Retailers,Off-trade Volume,2017,0.0
Eastern Europe,RTD Coffee,Vending,Off-trade Volume,2017,1.1
Eastern Europe,RTD Coffee,Direct Selling,Off-trade Volume,2017,0.0
Eastern Europe,RTD Coffee,Retail E-Commerce,Off-trade Volume,2017,0.4
Latin America,Coffee,Retail Channels,Retail Volume,2017,100.0
Latin America,Coffee,Retail Offline,Retail Volume,2017,99.7
Latin America,Coffee,Grocery Retailers,Retail Volume,2017,97.6
Latin America,Coffee,Convenience Retailers,Retail Volume,2017,1.1
Latin America,Coffee,Convenience Stores,Retail Volume,2017,0.6
Latin America,Coffee,Forecourt Retailers,Retail Volume,2017,0.5
Latin America,Coffee,Supermarkets,Retail Volume,2017,32.7
Latin America,Coffee,Hypermarkets,Retail Volume,2017,30.2
Latin America,Coffee,Discounters,Retail Volume,2017,2.5
Latin America,Coffee,Warehouse Clubs,Retail Volume,2017,2.9
Latin America,Coffee,Food/drink/tobacco specialists,Retail Volume,2017,0.1
Latin America,Coffee,Small Local Grocers,Retail Volume,2017,28.2
Latin America,Coffee,Non-Grocery Retailers,Retail Volume,2017,1.6
Latin America,Coffee,General Merchandise Stores,Retail Volume,2017,1.4
Latin America,Coffee,Apparel and Footwear Specialists,Retail Volume,2017,0.0
Latin America,Coffee,Appliances and Electronics Specialists,Retail Volume,2017,0.0
Latin America,Coffee,Home Products Specialists,Retail Volume,2017,0.0
Latin America,Coffee,Health and Beauty Specialists,Retail Volume,2017,0.1
Latin America,Coffee,Leisure and Personal Goods Specialists,Retail Volume,2017,0.0
Latin America,Coffee,Other Non-Grocery Retailers,Retail Volume,2017,0.0
Latin America,Coffee,Vending,Retail Volume,2017,0.1
Latin America,Coffee,Direct Selling,Retail Volume,2017,0.3
Latin America,Coffee,Retail E-Commerce,Retail Volume,2017,0.3
Latin America,RTD Coffee,Retail Channels,Off-trade Volume,2017,100.0
Latin America,RTD Coffee,Retail Offline,Off-trade Volume,2017,100.0
Latin America,RTD Coffee,Grocery Retailers,Off-trade Volume,2017,98.9
Latin America,RTD Coffee,Convenience Retailers,Off-trade Volume,2017,17.9
Latin America,RTD Coffee,Convenience Stores,Off-trade Volume,2017,8.4
Latin America,RTD Coffee,Forecourt Retailers,Off-trade Volume,2017,9.5
Latin America,RTD Coffee,Supermarkets,Off-trade Volume,2017,29.4
Latin America,RTD Coffee,Hypermarkets,Off-trade Volume,2017,10.2
Latin America,RTD Coffee,Discounters,Off-trade Volume,2017,2.1
Latin America,RTD Coffee,Warehouse Clubs,Off-trade Volume,2017,0.8
Latin America,RTD Coffee,Food/drink/tobacco specialists,Off-trade Volume,2017,0.4
Latin America,RTD Coffee,Small Local Grocers,Off-trade Volume,2017,38.0
Latin America,RTD Coffee,Non-Grocery Retailers,Off-trade Volume,2017,1.1
Latin America,RTD Coffee,General Merchandise Stores,Off-trade Volume,2017,0.2
Latin America,RTD Coffee,Apparel and Footwear Specialists,Off-trade Volume,2017,0.0
Latin America,RTD Coffee,Appliances and Electronics Specialists,Off-trade Volume,2017,0.0
Latin America,RTD Coffee,Home Products Specialists,Off-trade Volume,2017,0.0
Latin America,RTD Coffee,Health and Beauty Specialists,Off-trade Volume,2017,0.9
Latin America,RTD Coffee,Leisure and Personal Goods Specialists,Off-trade Volume,2017,0.0
Latin America,RTD Coffee,Other Non-Grocery Retailers,Off-trade Volume,2017,0.0
Latin America,RTD Coffee,Vending,Off-trade Volume,2017,0.0
Latin America,RTD Coffee,Direct Selling,Off-trade Volume,2017,0.0
Latin America,RTD Coffee,Retail E-Commerce,Off-trade Volume,2017,0.0
Brazil,Coffee,Retail Channels,Retail Volume,2017,100.0
Brazil,Coffee,Retail Offline,Retail Volume,2017,99.7
Brazil,Coffee,Grocery Retailers,Retail Volume,2017,97.3
Brazil,Coffee,Convenience Retailers,Retail Volume,2017,0.6
Brazil,Coffee,Convenience Stores,Retail Volume,2017,0.0
Brazil,Coffee,Forecourt Retailers,Retail Volume,2017,0.6
Brazil,Coffee,Supermarkets,Retail Volume,2017,37.8
Brazil,Coffee,Hypermarkets,Retail Volume,2017,36.2
Brazil,Coffee,Discounters,Retail Volume,2017,0.3
Brazil,Coffee,Warehouse Clubs,Retail Volume,2017,3.9
Brazil,Coffee,Food/drink/tobacco specialists,Retail Volume,2017,0.0
Brazil,Coffee,Small Local Grocers,Retail Volume,2017,18.6
Brazil,Coffee,Non-Grocery Retailers,Retail Volume,2017,1.9
Brazil,Coffee,General Merchandise Stores,Retail Volume,2017,1.9
Brazil,Coffee,Apparel and Footwear Specialists,Retail Volume,2017,0.0
Brazil,Coffee,Appliances and Electronics Specialists,Retail Volume,2017,0.0
Brazil,Coffee,Home Products Specialists,Retail Volume,2017,0.0
Brazil,Coffee,Health and Beauty Specialists,Retail Volume,2017,0.0
Brazil,Coffee,Leisure and Personal Goods Specialists,Retail Volume,2017,0.0
Brazil,Coffee,Other Non-Grocery Retailers,Retail Volume,2017,0.0
Brazil,Coffee,Vending,Retail Volume,2017,0.0
Brazil,Coffee,Direct Selling,Retail Volume,2017,0.4
Brazil,Coffee,Retail E-Commerce,Retail Volume,2017,0.3
Brazil,RTD Coffee,Retail Channels,Off-trade Volume,2017,100.0
Brazil,RTD Coffee,Retail Offline,Off-trade Volume,2017,100.0
Brazil,RTD Coffee,Grocery Retailers,Off-trade Volume,2017,98.9
Brazil,RTD Coffee,Convenience Retailers,Off-trade Volume,2017,63.9
Brazil,RTD Coffee,Convenience Stores,Off-trade Volume,2017,1.8
Brazil,RTD Coffee,Forecourt Retailers,Off-trade Volume,2017,62.1
Brazil,RTD Coffee,Supermarkets,Off-trade Volume,2017,10.8
Brazil,RTD Coffee,Hypermarkets,Off-trade Volume,2017,10.9
Brazil,RTD Coffee,Discounters,Off-trade Volume,2017,0.0
Brazil,RTD Coffee,Warehouse Clubs,Off-trade Volume,2017,2.1
Brazil,RTD Coffee,Food/drink/tobacco specialists,Off-trade Volume,2017,0.0
Brazil,RTD Coffee,Small Local Grocers,Off-trade Volume,2017,11.2
Brazil,RTD Coffee,Non-Grocery Retailers,Off-trade Volume,2017,1.1
Brazil,RTD Coffee,General Merchandise Stores,Off-trade Volume,2017,1.1
Brazil,RTD Coffee,Apparel and Footwear Specialists,Off-trade Volume,2017,0.0
Brazil,RTD Coffee,Appliances and Electronics Specialists,Off-trade Volume,2017,0.0
Brazil,RTD Coffee,Home Products Specialists,Off-trade Volume,2017,0.0
Brazil,RTD Coffee,Health and Beauty Specialists,Off-trade Volume,2017,0.0
Brazil,RTD Coffee,Leisure and Personal Goods Specialists,Off-trade Volume,2017,0.0
Brazil,RTD Coffee,Other Non-Grocery Retailers,Off-trade Volume,2017,0.0
Brazil,RTD Coffee,Vending,Off-trade Volume,2017,0.0
Brazil,RTD Coffee,Direct Selling,Off-trade Volume,2017,0.0
Brazil,RTD Coffee,Retail E-Commerce,Off-trade Volume,2017,0.0
Middle East and Africa,Coffee,Retail Channels,Retail Volume,2017,100.0
Middle East and Africa,Coffee,Retail Offline,Retail Volume,2017,99.6
Middle East and Africa,Coffee,Grocery Retailers,Retail Volume,2017,98.1
Middle East and Africa,Coffee,Convenience Retailers,Retail Volume,2017,5.3
Middle East and Africa,Coffee,Convenience Stores,Retail Volume,2017,3.5
Middle East and Africa,Coffee,Forecourt Retailers,Retail Volume,2017,1.8
Middle East and Africa,Coffee,Supermarkets,Retail Volume,2017,30.5
Middle East and Africa,Coffee,Hypermarkets,Retail Volume,2017,9.4
Middle East and Africa,Coffee,Discounters,Retail Volume,2017,1.8
Middle East and Africa,Coffee,Warehouse Clubs,Retail Volume,2017,0.0
Middle East and Africa,Coffee,Food/drink/tobacco specialists,Retail Volume,2017,6.0
Middle East and Africa,Coffee,Small Local Grocers,Retail Volume,2017,45.1
Middle East and Africa,Coffee,Non-Grocery Retailers,Retail Volume,2017,1.4
Middle East and Africa,Coffee,General Merchandise Stores,Retail Volume,2017,0.0
Middle East and Africa,Coffee,Apparel and Footwear Specialists,Retail Volume,2017,0.0
Middle East and Africa,Coffee,Appliances and Electronics Specialists,Retail Volume,2017,0.0
Middle East and Africa,Coffee,Home Products Specialists,Retail Volume,2017,0.0
Middle East and Africa,Coffee,Health and Beauty Specialists,Retail Volume,2017,0.0
Middle East and Africa,Coffee,Leisure and Personal Goods Specialists,Retail Volume,2017,0.0
Middle East and Africa,Coffee,Other Non-Grocery Retailers,Retail Volume,2017,1.3
Middle East and Africa,Coffee,Vending,Retail Volume,2017,0.1
Middle East and Africa,Coffee,Direct Selling,Retail Volume,2017,0.1
Middle East and Africa,Coffee,Retail E-Commerce,Retail Volume,2017,0.4
Middle East and Africa,RTD Coffee,Retail Channels,Off-trade Volume,2017,100.0
Middle East and Africa,RTD Coffee,Retail Offline,Off-trade Volume,2017,99.9
Middle East and Africa,RTD Coffee,Grocery Retailers,Off-trade Volume,2017,99.7
Middle East and Africa,RTD Coffee,Convenience Retailers,Off-trade Volume,2017,52.5
Middle East and Africa,RTD Coffee,Convenience Stores,Off-trade Volume,2017,3.7
Middle East and Africa,RTD Coffee,Forecourt Retailers,Off-trade Volume,2017,48.8
Middle East and Africa,RTD Coffee,Supermarkets,Off-trade Volume,2017,23.6
Middle East and Africa,RTD Coffee,Hypermarkets,Off-trade Volume,2017,15.0
Middle East and Africa,RTD Coffee,Discounters,Off-trade Volume,2017,0.6
Middle East and Africa,RTD Coffee,Warehouse Clubs,Off-trade Volume,2017,0.0
Middle East and Africa,RTD Coffee,Food/drink/tobacco specialists,Off-trade Volume,2017,0.4
Middle East and Africa,RTD Coffee,Small Local Grocers,Off-trade Volume,2017,7.6
Middle East and Africa,RTD Coffee,Non-Grocery Retailers,Off-trade Volume,2017,0.0
Middle East and Africa,RTD Coffee,General Merchandise Stores,Off-trade Volume,2017,0.0
Middle East and Africa,RTD Coffee,Apparel and Footwear Specialists,Off-trade Volume,2017,0.0
Middle East and Africa,RTD Coffee,Appliances and Electronics Specialists,Off-trade Volume,2017,0.0
Middle East and Africa,RTD Coffee,Home Products Specialists,Off-trade Volume,2017,0.0
Middle East and Africa,RTD Coffee,Health and Beauty Specialists,Off-trade Volume,2017,0.0
Middle East and Africa,RTD Coffee,Leisure and Personal Goods Specialists,Off-trade Volume,2017,0.0
Middle East and Africa,RTD Coffee,Other Non-Grocery Retailers,Off-trade Volume,2017,0.0
Middle East and Africa,RTD Coffee,Vending,Off-trade Volume,2017,0.2
Middle East and Africa,RTD Coffee,Direct Selling,Off-trade Volume,2017,0.0
Middle East and Africa,RTD Coffee,Retail E-Commerce,Off-trade Volume,2017,0.1
North America,Coffee,Retail Channels,Retail Volume,2017,100.0
North America,Coffee,Retail Offline,Retail Volume,2017,93.4
North America,Coffee,Grocery Retailers,Retail Volume,2017,90.8
North America,Coffee,Convenience Retailers,Retail Volume,2017,2.4
North America,Coffee,Convenience Stores,Retail Volume,2017,0.4
North America,Coffee,Forecourt Retailers,Retail Volume,2017,2.0
North America,Coffee,Supermarkets,Retail Volume,2017,31.1
North America,Coffee,Hypermarkets,Retail Volume,2017,24.1
North America,Coffee,Discounters,Retail Volume,2017,3.1
North America,Coffee,Warehouse Clubs,Retail Volume,2017,4.0
North America,Coffee,Food/drink/tobacco specialists,Retail Volume,2017,5.6
North America,Coffee,Small Local Grocers,Retail Volume,2017,20.7
North America,Coffee,Non-Grocery Retailers,Retail Volume,2017,2.4
North America,Coffee,General Merchandise Stores,Retail Volume,2017,1.3
North America,Coffee,Apparel and Footwear Specialists,Retail Volume,2017,0.0
North America,Coffee,Appliances and Electronics Specialists,Retail Volume,2017,0.0
North America,Coffee,Home Products Specialists,Retail Volume,2017,0.0
North America,Coffee,Health and Beauty Specialists,Retail Volume,2017,1.1
North America,Coffee,Leisure and Personal Goods Specialists,Retail Volume,2017,0.0
North America,Coffee,Other Non-Grocery Retailers,Retail Volume,2017,0.0
North America,Coffee,Vending,Retail Volume,2017,0.1
North America,Coffee,Direct Selling,Retail Volume,2017,0.2
North America,Coffee,Retail E-Commerce,Retail Volume,2017,6.6
North America,RTD Coffee,Retail Channels,Off-trade Volume,2017,100.0
North America,RTD Coffee,Retail Offline,Off-trade Volume,2017,96.4
North America,RTD Coffee,Grocery Retailers,Off-trade Volume,2017,87.6
North America,RTD Coffee,Convenience Retailers,Off-trade Volume,2017,29.8
North America,RTD Coffee,Convenience Stores,Off-trade Volume,2017,6.5
North America,RTD Coffee,Forecourt Retailers,Off-trade Volume,2017,23.3
North America,RTD Coffee,Supermarkets,Off-trade Volume,2017,20.9
North America,RTD Coffee,Hypermarkets,Off-trade Volume,2017,21.1
North America,RTD Coffee,Discounters,Off-trade Volume,2017,1.2
North America,RTD Coffee,Warehouse Clubs,Off-trade Volume,2017,9.9
North America,RTD Coffee,Food/drink/tobacco specialists,Off-trade Volume,2017,0.0
North America,RTD Coffee,Small Local Grocers,Off-trade Volume,2017,4.6
North America,RTD Coffee,Non-Grocery Retailers,Off-trade Volume,2017,5.3
North America,RTD Coffee,General Merchandise Stores,Off-trade Volume,2017,3.3
North America,RTD Coffee,Apparel and Footwear Specialists,Off-trade Volume,2017,0.0
North America,RTD Coffee,Appliances and Electronics Specialists,Off-trade Volume,2017,0.0
North America,RTD Coffee,Home Products Specialists,Off-trade Volume,2017,0.0
North America,RTD Coffee,Health and Beauty Specialists,Off-trade Volume,2017,1.9
North America,RTD Coffee,Leisure and Personal Goods Specialists,Off-trade Volume,2017,0.0
North America,RTD Coffee,Other Non-Grocery Retailers,Off-trade Volume,2017,0.0
North America,RTD Coffee,Vending,Off-trade Volume,2017,3.6
North America,RTD Coffee,Direct Selling,Off-trade Volume,2017,0.0
North America,RTD Coffee,Retail E-Commerce,Off-trade Volume,2017,3.6
USA,Coffee,Retail Channels,Retail Volume,2017,100.0
USA,Coffee,Retail Offline,Retail Volume,2017,93.1
USA,Coffee,Grocery Retailers,Retail Volume,2017,90.7
USA,Coffee,Convenience Retailers,Retail Volume,2017,2.4
USA,Coffee,Convenience Stores,Retail Volume,2017,0.3
USA,Coffee,Forecourt Retailers,Retail Volume,2017,2.1
USA,Coffee,Supermarkets,Retail Volume,2017,30.5
USA,Coffee,Hypermarkets,Retail Volume,2017,24.5
USA,Coffee,Discounters,Retail Volume,2017,2.0
USA,Coffee,Warehouse Clubs,Retail Volume,2017,3.7
USA,Coffee,Food/drink/tobacco specialists,Retail Volume,2017,6.0
USA,Coffee,Small Local Grocers,Retail Volume,2017,21.6
USA,Coffee,Non-Grocery Retailers,Retail Volume,2017,2.1
USA,Coffee,General Merchandise Stores,Retail Volume,2017,1.2
USA,Coffee,Apparel and Footwear Specialists,Retail Volume,2017,0.0
USA,Coffee,Appliances and Electronics Specialists,Retail Volume,2017,0.0
USA,Coffee,Home Products Specialists,Retail Volume,2017,0.0
USA,Coffee,Health and Beauty Specialists,Retail Volume,2017,0.8
USA,Coffee,Leisure and Personal Goods Specialists,Retail Volume,2017,0.0
USA,Coffee,Other Non-Grocery Retailers,Retail Volume,2017,0.0
USA,Coffee,Vending,Retail Volume,2017,0.0
USA,Coffee,Direct Selling,Retail Volume,2017,0.2
USA,Coffee,Retail E-Commerce,Retail Volume,2017,6.9
USA,RTD Coffee,Retail Channels,Off-trade Volume,2017,100.0
USA,RTD Coffee,Retail Offline,Off-trade Volume,2017,96.3
USA,RTD Coffee,Grocery Retailers,Off-trade Volume,2017,87.6
USA,RTD Coffee,Convenience Retailers,Off-trade Volume,2017,30.0
USA,RTD Coffee,Convenience Stores,Off-trade Volume,2017,6.6
USA,RTD Coffee,Forecourt Retailers,Off-trade Volume,2017,23.4
USA,RTD Coffee,Supermarkets,Off-trade Volume,2017,20.6
USA,RTD Coffee,Hypermarkets,Off-trade Volume,2017,21.2
USA,RTD Coffee,Discounters,Off-trade Volume,2017,1.2
USA,RTD Coffee,Warehouse Clubs,Off-trade Volume,2017,9.9
USA,RTD Coffee,Food/drink/tobacco specialists,Off-trade Volume,2017,0.0
USA,RTD Coffee,Small Local Grocers,Off-trade Volume,2017,4.6
USA,RTD Coffee,Non-Grocery Retailers,Off-trade Volume,2017,5.1
USA,RTD Coffee,General Merchandise Stores,Off-trade Volume,2017,3.4
USA,RTD Coffee,Apparel and Footwear Specialists,Off-trade Volume,2017,0.0
USA,RTD Coffee,Appliances and Electronics Specialists,Off-trade Volume,2017,0.0
USA,RTD Coffee,Home Products Specialists,Off-trade Volume,2017,0.0
USA,RTD Coffee,Health and Beauty Specialists,Off-trade Volume,2017,1.8
USA,RTD Coffee,Leisure and Personal Goods Specialists,Off-trade Volume,2017,0.0
USA,RTD Coffee,Other Non-Grocery Retailers,Off-trade Volume,2017,0.0
USA,RTD Coffee,Vending,Off-trade Volume,2017,3.6
USA,RTD Coffee,Direct Selling,Off-trade Volume,2017,0.0
USA,RTD Coffee,Retail E-Commerce,Off-trade Volume,2017,3.7
Western Europe,Coffee,Retail Channels,Retail Volume,2017,100.0
Western Europe,Coffee,Retail Offline,Retail Volume,2017,96.8
Western Europe,Coffee,Grocery Retailers,Retail Volume,2017,93.8
Western Europe,Coffee,Convenience Retailers,Retail Volume,2017,3.8
Western Europe,Coffee,Convenience Stores,Retail Volume,2017,3.3
Western Europe,Coffee,Forecourt Retailers,Retail Volume,2017,0.5
Western Europe,Coffee,Supermarkets,Retail Volume,2017,38.4
Western Europe,Coffee,Hypermarkets,Retail Volume,2017,21.8
Western Europe,Coffee,Discounters,Retail Volume,2017,22.2
Western Europe,Coffee,Warehouse Clubs,Retail Volume,2017,0.0
Western Europe,Coffee,Food/drink/tobacco specialists,Retail Volume,2017,4.2
Western Europe,Coffee,Small Local Grocers,Retail Volume,2017,3.4
Western Europe,Coffee,Non-Grocery Retailers,Retail Volume,2017,2.0
Western Europe,Coffee,General Merchandise Stores,Retail Volume,2017,0.9
Western Europe,Coffee,Apparel and Footwear Specialists,Retail Volume,2017,0.0
Western Europe,Coffee,Appliances and Electronics Specialists,Retail Volume,2017,0.0
Western Europe,Coffee,Home Products Specialists,Retail Volume,2017,0.0
Western Europe,Coffee,Health and Beauty Specialists,Retail Volume,2017,1.1
Western Europe,Coffee,Leisure and Personal Goods Specialists,Retail Volume,2017,0.0
Western Europe,Coffee,Other Non-Grocery Retailers,Retail Volume,2017,0.0
Western Europe,Coffee,Vending,Retail Volume,2017,1.0
Western Europe,Coffee,Direct Selling,Retail Volume,2017,0.0
Western Europe,Coffee,Retail E-Commerce,Retail Volume,2017,3.2
Western Europe,RTD Coffee,Retail Channels,Off-trade Volume,2017,100.0
Western Europe,RTD Coffee,Retail Offline,Off-trade Volume,2017,99.1
Western Europe,RTD Coffee,Grocery Retailers,Off-trade Volume,2017,96.5
Western Europe,RTD Coffee,Convenience Retailers,Off-trade Volume,2017,14.5
Western Europe,RTD Coffee,Convenience Stores,Off-trade Volume,2017,5.7
Western Europe,RTD Coffee,Forecourt Retailers,Off-trade Volume,2017,8.8
Western Europe,RTD Coffee,Supermarkets,Off-trade Volume,2017,42.4
Western Europe,RTD Coffee,Hypermarkets,Off-trade Volume,2017,17.0
Western Europe,RTD Coffee,Discounters,Off-trade Volume,2017,15.8
Western Europe,RTD Coffee,Warehouse Clubs,Off-trade Volume,2017,0.0
Western Europe,RTD Coffee,Food/drink/tobacco specialists,Off-trade Volume,2017,0.2
Western Europe,RTD Coffee,Small Local Grocers,Off-trade Volume,2017,6.7
Western Europe,RTD Coffee,Non-Grocery Retailers,Off-trade Volume,2017,2.0
Western Europe,RTD Coffee,General Merchandise Stores,Off-trade Volume,2017,0.0
Western Europe,RTD Coffee,Apparel and Footwear Specialists,Off-trade Volume,2017,0.0
Western Europe,RTD Coffee,Appliances and Electronics Specialists,Off-trade Volume,2017,0.0
Western Europe,RTD Coffee,Home Products Specialists,Off-trade Volume,2017,0.0
Western Europe,RTD Coffee,Health and Beauty Specialists,Off-trade Volume,2017,2.0
Western Europe,RTD Coffee,Leisure and Personal Goods Specialists,Off-trade Volume,2017,0.0
Western Europe,RTD Coffee,Other Non-Grocery Retailers,Off-trade Volume,2017,0.0
Western Europe,RTD Coffee,Vending,Off-trade Volume,2017,0.7
Western Europe,RTD Coffee,Direct Selling,Off-trade Volume,2017,0.0
Western Europe,RTD Coffee,Retail E-Commerce,Off-trade Volume,2017,0.9
France,Coffee,Retail Channels,Retail Volume,2017,100.0
France,Coffee,Retail Offline,Retail Volume,2017,93.4
France,Coffee,Grocery Retailers,Retail Volume,2017,92.4
France,Coffee,Convenience Retailers,Retail Volume,2017,1.1
France,Coffee,Convenience Stores,Retail Volume,2017,1.0
France,Coffee,Forecourt Retailers,Retail Volume,2017,0.0
France,Coffee,Supermarkets,Retail Volume,2017,25.6
France,Coffee,Hypermarkets,Retail Volume,2017,36.2
France,Coffee,Discounters,Retail Volume,2017,12.4
France,Coffee,Warehouse Clubs,Retail Volume,2017,0.0
France,Coffee,Food/drink/tobacco specialists,Retail Volume,2017,16.5
France,Coffee,Small Local Grocers,Retail Volume,2017,0.6
France,Coffee,Non-Grocery Retailers,Retail Volume,2017,0.7
France,Coffee,General Merchandise Stores,Retail Volume,2017,0.0
France,Coffee,Apparel and Footwear Specialists,Retail Volume,2017,0.0
France,Coffee,Appliances and Electronics Specialists,Retail Volume,2017,0.0
France,Coffee,Home Products Specialists,Retail Volume,2017,0.0
France,Coffee,Health and Beauty Specialists,Retail Volume,2017,0.7
France,Coffee,Leisure and Personal Goods Specialists,Retail Volume,2017,0.0
France,Coffee,Other Non-Grocery Retailers,Retail Volume,2017,0.0
France,Coffee,Vending,Retail Volume,2017,0.3
France,Coffee,Direct Selling,Retail Volume,2017,0.0
France,Coffee,Retail E-Commerce,Retail Volume,2017,6.6
France,RTD Coffee,Retail Channels,Off-trade Volume,2017,100.0
France,RTD Coffee,Retail Offline,Off-trade Volume,2017,99.2
France,RTD Coffee,Grocery Retailers,Off-trade Volume,2017,98.9
France,RTD Coffee,Convenience Retailers,Off-trade Volume,2017,38.4
France,RTD Coffee,Convenience Stores,Off-trade Volume,2017,17.2
France,RTD Coffee,Forecourt Retailers,Off-trade Volume,2017,21.2
France,RTD Coffee,Supermarkets,Off-trade Volume,2017,25.6
France,RTD Coffee,Hypermarkets,Off-trade Volume,2017,31.9
France,RTD Coffee,Discounters,Off-trade Volume,2017,0.3
France,RTD Coffee,Warehouse Clubs,Off-trade Volume,2017,0.0
France,RTD Coffee,Food/drink/tobacco specialists,Off-trade Volume,2017,0.0
France,RTD Coffee,Small Local Grocers,Off-trade Volume,2017,2.6
France,RTD Coffee,Non-Grocery Retailers,Off-trade Volume,2017,0.0
France,RTD Coffee,General Merchandise Stores,Off-trade Volume,2017,0.0
France,RTD Coffee,Apparel and Footwear Specialists,Off-trade Volume,2017,0.0
France,RTD Coffee,Appliances and Electronics Specialists,Off-trade Volume,2017,0.0
France,RTD Coffee,Home Products Specialists,Off-trade Volume,2017,0.0
France,RTD Coffee,Health and Beauty Specialists,Off-trade Volume,2017,0.0
France,RTD Coffee,Leisure and Personal Goods Specialists,Off-trade Volume,2017,0.0
France,RTD Coffee,Other Non-Grocery Retailers,Off-trade Volume,2017,0.0
France,RTD Coffee,Vending,Off-trade Volume,2017,0.4
France,RTD Coffee,Direct Selling,Off-trade Volume,2017,0.0
France,RTD Coffee,Retail E-Commerce,Off-trade Volume,2017,0.8
Germany,Coffee,Retail Channels,Retail Volume,2017,100.0
Germany,Coffee,Retail Offline,Retail Volume,2017,97.8
Germany,Coffee,Grocery Retailers,Retail Volume,2017,94.2
Germany,Coffee,Convenience Retailers,Retail Volume,2017,0.9
Germany,Coffee,Convenience Stores,Retail Volume,2017,0.5
Germany,Coffee,Forecourt Retailers,Retail Volume,2017,0.4
Germany,Coffee,Supermarkets,Retail Volume,2017,24.6
Germany,Coffee,Hypermarkets,Retail Volume,2017,19.4
Germany,Coffee,Discounters,Retail Volume,2017,45.6
Germany,Coffee,Warehouse Clubs,Retail Volume,2017,0.0
Germany,Coffee,Food/drink/tobacco specialists,Retail Volume,2017,2.7
Germany,Coffee,Small Local Grocers,Retail Volume,2017,1.0
Germany,Coffee,Non-Grocery Retailers,Retail Volume,2017,3.1
Germany,Coffee,General Merchandise Stores,Retail Volume,2017,1.9
Germany,Coffee,Apparel and Footwear Specialists,Retail Volume,2017,0.0
Germany,Coffee,Appliances and Electronics Specialists,Retail Volume,2017,0.0
Germany,Coffee,Home Products Specialists,Retail Volume,2017,0.0
Germany,Coffee,Health and Beauty Specialists,Retail Volume,2017,1.2
Germany,Coffee,Leisure and Personal Goods Specialists,Retail Volume,2017,0.0
Germany,Coffee,Other Non-Grocery Retailers,Retail Volume,2017,0.0
Germany,Coffee,Vending,Retail Volume,2017,0.5
Germany,Coffee,Direct Selling,Retail Volume,2017,0.0
Germany,Coffee,Retail E-Commerce,Retail Volume,2017,2.2
Germany,RTD Coffee,Retail Channels,Off-trade Volume,2017,100.0
Germany,RTD Coffee,Retail Offline,Off-trade Volume,2017,99.0
Germany,RTD Coffee,Grocery Retailers,Off-trade Volume,2017,94.0
Germany,RTD Coffee,Convenience Retailers,Off-trade Volume,2017,14.0
Germany,RTD Coffee,Convenience Stores,Off-trade Volume,2017,0.1
Germany,RTD Coffee,Forecourt Retailers,Off-trade Volume,2017,14.0
Germany,RTD Coffee,Supermarkets,Off-trade Volume,2017,28.5
Germany,RTD Coffee,Hypermarkets,Off-trade Volume,2017,17.8
Germany,RTD Coffee,Discounters,Off-trade Volume,2017,24.1
Germany,RTD Coffee,Warehouse Clubs,Off-trade Volume,2017,0.0
Germany,RTD Coffee,Food/drink/tobacco specialists,Off-trade Volume,2017,0.2
Germany,RTD Coffee,Small Local Grocers,Off-trade Volume,2017,9.4
Germany,RTD Coffee,Non-Grocery Retailers,Off-trade Volume,2017,4.6
Germany,RTD Coffee,General Merchandise Stores,Off-trade Volume,2017,0.0
Germany,RTD Coffee,Apparel and Footwear Specialists,Off-trade Volume,2017,0.0
Germany,RTD Coffee,Appliances and Electronics Specialists,Off-trade Volume,2017,0.0
Germany,RTD Coffee,Home Products Specialists,Off-trade Volume,2017,0.0
Germany,RTD Coffee,Health and Beauty Specialists,Off-trade Volume,2017,4.6
Germany,RTD Coffee,Leisure and Personal Goods Specialists,Off-trade Volume,2017,0.0
Germany,RTD Coffee,Other Non-Grocery Retailers,Off-trade Volume,2017,0.0
Germany,RTD Coffee,Vending,Off-trade Volume,2017,0.5
Germany,RTD Coffee,Direct Selling,Off-trade Volume,2017,0.0
Germany,RTD Coffee,Retail E-Commerce,Off-trade Volume,2017,1.0
United Kingdom,Coffee,Retail Channels,Retail Volume,2017,100.0
United Kingdom,Coffee,Retail Offline,Retail Volume,2017,91.6
United Kingdom,Coffee,Grocery Retailers,Retail Volume,2017,88.5
United Kingdom,Coffee,Convenience Retailers,Retail Volume,2017,4.9
United Kingdom,Coffee,Convenience Stores,Retail Volume,2017,4.7
United Kingdom,Coffee,Forecourt Retailers,Retail Volume,2017,0.2
United Kingdom,Coffee,Supermarkets,Retail Volume,2017,38.2
United Kingdom,Coffee,Hypermarkets,Retail Volume,2017,36.0
United Kingdom,Coffee,Discounters,Retail Volume,2017,7.0
United Kingdom,Coffee,Warehouse Clubs,Retail Volume,2017,0.1
United Kingdom,Coffee,Food/drink/tobacco specialists,Retail Volume,2017,1.2
United Kingdom,Coffee,Small Local Grocers,Retail Volume,2017,1.1
United Kingdom,Coffee,Non-Grocery Retailers,Retail Volume,2017,2.5
United Kingdom,Coffee,General Merchandise Stores,Retail Volume,2017,2.5
United Kingdom,Coffee,Apparel and Footwear Specialists,Retail Volume,2017,0.0
United Kingdom,Coffee,Appliances and Electronics Specialists,Retail Volume,2017,0.0
United Kingdom,Coffee,Home Products Specialists,Retail Volume,2017,0.0
United Kingdom,Coffee,Health and Beauty Specialists,Retail Volume,2017,0.0
United Kingdom,Coffee,Leisure and Personal Goods Specialists,Retail Volume,2017,0.0
United Kingdom,Coffee,Other Non-Grocery Retailers,Retail Volume,2017,0.0
United Kingdom,Coffee,Vending,Retail Volume,2017,0.5
United Kingdom,Coffee,Direct Selling,Retail Volume,2017,0.0
United Kingdom,Coffee,Retail E-Commerce,Retail Volume,2017,8.4
United Kingdom,RTD Coffee,Retail Channels,Off-trade Volume,2017,100.0
United Kingdom,RTD Coffee,Retail Offline,Off-trade Volume,2017,98.3
United Kingdom,RTD Coffee,Grocery Retailers,Off-trade Volume,2017,98.1
United Kingdom,RTD Coffee,Convenience Retailers,Off-trade Volume,2017,11.6
United Kingdom,RTD Coffee,Convenience Stores,Off-trade Volume,2017,8.2
United Kingdom,RTD Coffee,Forecourt Retailers,Off-trade Volume,2017,3.5
United Kingdom,RTD Coffee,Supermarkets,Off-trade Volume,2017,33.0
United Kingdom,RTD Coffee,Hypermarkets,Off-trade Volume,2017,38.0
United Kingdom,RTD Coffee,Discounters,Off-trade Volume,2017,0.0
United Kingdom,RTD Coffee,Warehouse Clubs,Off-trade Volume,2017,0.0
United Kingdom,RTD Coffee,Food/drink/tobacco specialists,Off-trade Volume,2017,0.0
United Kingdom,RTD Coffee,Small Local Grocers,Off-trade Volume,2017,15.5
United Kingdom,RTD Coffee,Non-Grocery Retailers,Off-trade Volume,2017,0.2
United Kingdom,RTD Coffee,General Merchandise Stores,Off-trade Volume,2017,0.0
United Kingdom,RTD Coffee,Apparel and Footwear Specialists,Off-trade Volume,2017,0.0
United Kingdom,RTD Coffee,Appliances and Electronics Specialists,Off-trade Volume,2017,0.0
United Kingdom,RTD Coffee,Home Products Specialists,Off-trade Volume,2017,0.0
United Kingdom,RTD Coffee,Health and Beauty Specialists,Off-trade Volume,2017,0.2
United Kingdom,RTD Coffee,Leisure and Personal Goods Specialists,Off-trade Volume,2017,0.0
United Kingdom,RTD Coffee,Other Non-Grocery Retailers,Off-trade Volume,2017,0.0
United Kingdom,RTD Coffee,Vending,Off-trade Volume,2017,0.0
United Kingdom,RTD Coffee,Direct Selling,Off-trade Volume,2017,0.0
United Kingdom,RTD Coffee,Retail E-Commerce,Off-trade Volume,2017,1.7
World,Coffee,Retail Channels,Retail Volume,2018,100.0
World,Coffee,Retail Offline,Retail Volume,2018,97.2
World,Coffee,Grocery Retailers,Retail Volume,2018,94.7
World,Coffee,Convenience Retailers,Retail Volume,2018,5.4
World,Coffee,Convenience Stores,Retail Volume,2018,4.4
World,Coffee,Forecourt Retailers,Retail Volume,2018,1.0
World,Coffee,Supermarkets,Retail Volume,2018,29.3
World,Coffee,Hypermarkets,Retail Volume,2018,21.0
World,Coffee,Discounters,Retail Volume,2018,7.2
World,Coffee,Warehouse Clubs,Retail Volume,2018,1.3
World,Coffee,Food/drink/tobacco specialists,Retail Volume,2018,2.6
World,Coffee,Small Local Grocers,Retail Volume,2018,27.9
World,Coffee,Non-Grocery Retailers,Retail Volume,2018,1.8
World,Coffee,General Merchandise Stores,Retail Volume,2018,1.1
World,Coffee,Apparel and Footwear Specialists,Retail Volume,2018,0.0
World,Coffee,Appliances and Electronics Specialists,Retail Volume,2018,0.0
World,Coffee,Home Products Specialists,Retail Volume,2018,0.0
World,Coffee,Health and Beauty Specialists,Retail Volume,2018,0.6
World,Coffee,Leisure and Personal Goods Specialists,Retail Volume,2018,0.0
World,Coffee,Other Non-Grocery Retailers,Retail Volume,2018,0.1
World,Coffee,Vending,Retail Volume,2018,0.5
World,Coffee,Direct Selling,Retail Volume,2018,0.1
World,Coffee,Retail E-Commerce,Retail Volume,2018,2.8
World,RTD Coffee,Retail Channels,Off-trade Volume,2018,100.0
World,RTD Coffee,Retail Offline,Off-trade Volume,2018,98.4
World,RTD Coffee,Grocery Retailers,Off-trade Volume,2018,70.6
World,RTD Coffee,Convenience Retailers,Off-trade Volume,2018,24.7
World,RTD Coffee,Convenience Stores,Off-trade Volume,2018,20.8
World,RTD Coffee,Forecourt Retailers,Off-trade Volume,2018,4.0
World,RTD Coffee,Supermarkets,Off-trade Volume,2018,22.4
World,RTD Coffee,Hypermarkets,Off-trade Volume,2018,10.1
World,RTD Coffee,Discounters,Off-trade Volume,2018,0.9
World,RTD Coffee,Warehouse Clubs,Off-trade Volume,2018,2.2
World,RTD Coffee,Food/drink/tobacco specialists,Off-trade Volume,2018,0.0
World,RTD Coffee,Small Local Grocers,Off-trade Volume,2018,10.2
World,RTD Coffee,Non-Grocery Retailers,Off-trade Volume,2018,11.5
World,RTD Coffee,General Merchandise Stores,Off-trade Volume,2018,5.3
World,RTD Coffee,Apparel and Footwear Specialists,Off-trade Volume,2018,0.0
World,RTD Coffee,Appliances and Electronics Specialists,Off-trade Volume,2018,0.0
World,RTD Coffee,Home Products Specialists,Off-trade Volume,2018,0.0
World,RTD Coffee,Health and Beauty Specialists,Off-trade Volume,2018,6.3
World,RTD Coffee,Leisure and Personal Goods Specialists,Off-trade Volume,2018,0.0
World,RTD Coffee,Other Non-Grocery Retailers,Off-trade Volume,2018,0.0
World,RTD Coffee,Vending,Off-trade Volume,2018,16.3
World,RTD Coffee,Direct Selling,Off-trade Volume,2018,0.0
World,RTD Coffee,Retail E-Commerce,Off-trade Volume,2018,1.6
Asia Pacific,Coffee,Retail Channels,Retail Volume,2018,100.0
Asia Pacific,Coffee,Retail Offline,Retail Volume,2018,97.2
Asia Pacific,Coffee,Grocery Retailers,Retail Volume,2018,94.8
Asia Pacific,Coffee,Convenience Retailers,Retail Volume,2018,9.0
Asia Pacific,Coffee,Convenience Stores,Retail Volume,2018,8.0
Asia Pacific,Coffee,Forecourt Retailers,Retail Volume,2018,1.0
Asia Pacific,Coffee,Supermarkets,Retail Volume,2018,17.0
Asia Pacific,Coffee,Hypermarkets,Retail Volume,2018,17.8
Asia Pacific,Coffee,Discounters,Retail Volume,2018,0.0
Asia Pacific,Coffee,Warehouse Clubs,Retail Volume,2018,0.4
Asia Pacific,Coffee,Food/drink/tobacco specialists,Retail Volume,2018,0.7
Asia Pacific,Coffee,Small Local Grocers,Retail Volume,2018,49.9
Asia Pacific,Coffee,Non-Grocery Retailers,Retail Volume,2018,2.3
Asia Pacific,Coffee,General Merchandise Stores,Retail Volume,2018,1.5
Asia Pacific,Coffee,Apparel and Footwear Specialists,Retail Volume,2018,0.0
Asia Pacific,Coffee,Appliances and Electronics Specialists,Retail Volume,2018,0.0
Asia Pacific,Coffee,Home Products Specialists,Retail Volume,2018,0.0
Asia Pacific,Coffee,Health and Beauty Specialists,Retail Volume,2018,0.8
Asia Pacific,Coffee,Leisure and Personal Goods Specialists,Retail Volume,2018,0.0
Asia Pacific,Coffee,Other Non-Grocery Retailers,Retail Volume,2018,0.0
Asia Pacific,Coffee,Vending,Retail Volume,2018,0.1
Asia Pacific,Coffee,Direct Selling,Retail Volume,2018,0.1
Asia Pacific,Coffee,Retail E-Commerce,Retail Volume,2018,2.8
Asia Pacific,RTD Coffee,Retail Channels,Off-trade Volume,2018,100.0
Asia Pacific,RTD Coffee,Retail Offline,Off-trade Volume,2018,98.8
Asia Pacific,RTD Coffee,Grocery Retailers,Off-trade Volume,2018,66.7
Asia Pacific,RTD Coffee,Convenience Retailers,Off-trade Volume,2018,24.4
Asia Pacific,RTD Coffee,Convenience Stores,Off-trade Volume,2018,23.6
Asia Pacific,RTD Coffee,Forecourt Retailers,Off-trade Volume,2018,0.8
Asia Pacific,RTD Coffee,Supermarkets,Off-trade Volume,2018,21.6
Asia Pacific,RTD Coffee,Hypermarkets,Off-trade Volume,2018,8.3
Asia Pacific,RTD Coffee,Discounters,Off-trade Volume,2018,0.0
Asia Pacific,RTD Coffee,Warehouse Clubs,Off-trade Volume,2018,1.2
Asia Pacific,RTD Coffee,Food/drink/tobacco specialists,Off-trade Volume,2018,0.0
Asia Pacific,RTD Coffee,Small Local Grocers,Off-trade Volume,2018,11.1
Asia Pacific,RTD Coffee,Non-Grocery Retailers,Off-trade Volume,2018,13.1
Asia Pacific,RTD Coffee,General Merchandise Stores,Off-trade Volume,2018,5.8
Asia Pacific,RTD Coffee,Apparel and Footwear Specialists,Off-trade Volume,2018,0.0
Asia Pacific,RTD Coffee,Appliances and Electronics Specialists,Off-trade Volume,2018,0.0
Asia Pacific,RTD Coffee,Home Products Specialists,Off-trade Volume,2018,0.0
Asia Pacific,RTD Coffee,Health and Beauty Specialists,Off-trade Volume,2018,7.2
Asia Pacific,RTD Coffee,Leisure and Personal Goods Specialists,Off-trade Volume,2018,0.0
Asia Pacific,RTD Coffee,Other Non-Grocery Retailers,Off-trade Volume,2018,0.0
Asia Pacific,RTD Coffee,Vending,Off-trade Volume,2018,19.0
Asia Pacific,RTD Coffee,Direct Selling,Off-trade Volume,2018,0.0
Asia Pacific,RTD Coffee,Retail E-Commerce,Off-trade Volume,2018,1.2
China,Coffee,Retail Channels,Retail Volume,2018,100.0
China,Coffee,Retail Offline,Retail Volume,2018,78.5
China,Coffee,Grocery Retailers,Retail Volume,2018,78.5
China,Coffee,Convenience Retailers,Retail Volume,2018,5.5
China,Coffee,Convenience Stores,Retail Volume,2018,5.5
China,Coffee,Forecourt Retailers,Retail Volume,2018,0.0
China,Coffee,Supermarkets,Retail Volume,2018,29.4
China,Coffee,Hypermarkets,Retail Volume,2018,37.6
China,Coffee,Discounters,Retail Volume,2018,0.0
China,Coffee,Warehouse Clubs,Retail Volume,2018,0.0
China,Coffee,Food/drink/tobacco specialists,Retail Volume,2018,0.0
China,Coffee,Small Local Grocers,Retail Volume,2018,5.9
China,Coffee,Non-Grocery Retailers,Retail Volume,2018,0.0
China,Coffee,General Merchandise Stores,Retail Volume,2018,0.0
China,Coffee,Apparel and Footwear Specialists,Retail Volume,2018,0.0
China,Coffee,Appliances and Electronics Specialists,Retail Volume,2018,0.0
China,Coffee,Home Products Specialists,Retail Volume,2018,0.0
China,Coffee,Health and Beauty Specialists,Retail Volume,2018,0.0
China,Coffee,Leisure and Personal Goods Specialists,Retail Volume,2018,0.0
China,Coffee,Other Non-Grocery Retailers,Retail Volume,2018,0.0
China,Coffee,Vending,Retail Volume,2018,0.0
China,Coffee,Direct Selling,Retail Volume,2018,0.0
China,Coffee,Retail E-Commerce,Retail Volume,2018,21.5
China,RTD Coffee,Retail Channels,Off-trade Volume,2018,100.0
China,RTD Coffee,Retail Offline,Off-trade Volume,2018,97.7
China,RTD Coffee,Grocery Retailers,Off-trade Volume,2018,95.7
China,RTD Coffee,Convenience Retailers,Off-trade Volume,2018,10.6
China,RTD Coffee,Convenience Stores,Off-trade Volume,2018,8.0
China,RTD Coffee,Forecourt Retailers,Off-trade Volume,2018,2.6
China,RTD Coffee,Supermarkets,Off-trade Volume,2018,36.4
China,RTD Coffee,Hypermarkets,Off-trade Volume,2018,13.6
China,RTD Coffee,Discounters,Off-trade Volume,2018,0.4
China,RTD Coffee,Warehouse Clubs,Off-trade Volume,2018,0.0
China,RTD Coffee,Food/drink/tobacco specialists,Off-trade Volume,2018,0.0
China,RTD Coffee,Small Local Grocers,Off-trade Volume,2018,34.6
China,RTD Coffee,Non-Grocery Retailers,Off-trade Volume,2018,0.0
China,RTD Coffee,General Merchandise Stores,Off-trade Volume,2018,0.0
China,RTD Coffee,Apparel and Footwear Specialists,Off-trade Volume,2018,0.0
China,RTD Coffee,Appliances and Electronics Specialists,Off-trade Volume,2018,0.0
China,RTD Coffee,Home Products Specialists,Off-trade Volume,2018,0.0
China,RTD Coffee,Health and Beauty Specialists,Off-trade Volume,2018,0.0
China,RTD Coffee,Leisure and Personal Goods Specialists,Off-trade Volume,2018,0.0
China,RTD Coffee,Other Non-Grocery Retailers,Off-trade Volume,2018,0.0
China,RTD Coffee,Vending,Off-trade Volume,2018,2.0
China,RTD Coffee,Direct Selling,Off-trade Volume,2018,0.0
China,RTD Coffee,Retail E-Commerce,Off-trade Volume,2018,2.3
India,Coffee,Retail Channels,Retail Volume,2018,100.0
India,Coffee,Retail Offline,Retail Volume,2018,99.6
India,Coffee,Grocery Retailers,Retail Volume,2018,99.6
India,Coffee,Convenience Retailers,Retail Volume,2018,1.9
India,Coffee,Convenience Stores,Retail Volume,2018,1.7
India,Coffee,Forecourt Retailers,Retail Volume,2018,0.2
India,Coffee,Supermarkets,Retail Volume,2018,9.2
India,Coffee,Hypermarkets,Retail Volume,2018,7.1
India,Coffee,Discounters,Retail Volume,2018,0.0
India,Coffee,Warehouse Clubs,Retail Volume,2018,0.0
India,Coffee,Food/drink/tobacco specialists,Retail Volume,2018,0.0
India,Coffee,Small Local Grocers,Retail Volume,2018,81.4
India,Coffee,Non-Grocery Retailers,Retail Volume,2018,0.0
India,Coffee,General Merchandise Stores,Retail Volume,2018,0.0
India,Coffee,Apparel and Footwear Specialists,Retail Volume,2018,0.0
India,Coffee,Appliances and Electronics Specialists,Retail Volume,2018,0.0
India,Coffee,Home Products Specialists,Retail Volume,2018,0.0
India,Coffee,Health and Beauty Specialists,Retail Volume,2018,0.0
India,Coffee,Leisure and Personal Goods Specialists,Retail Volume,2018,0.0
India,Coffee,Other Non-Grocery Retailers,Retail Volume,2018,0.0
India,Coffee,Vending,Retail Volume,2018,0.0
India,Coffee,Direct Selling,Retail Volume,2018,0.0
India,Coffee,Retail E-Commerce,Retail Volume,2018,0.4
India,RTD Coffee,Retail Channels,Off-trade Volume,2018,0.0
India,RTD Coffee,Retail Offline,Off-trade Volume,2018,0.0
India,RTD Coffee,Grocery Retailers,Off-trade Volume,2018,0.0
India,RTD Coffee,Convenience Retailers,Off-trade Volume,2018,0.0
India,RTD Coffee,Convenience Stores,Off-trade Volume,2018,0.0
India,RTD Coffee,Forecourt Retailers,Off-trade Volume,2018,0.0
India,RTD Coffee,Supermarkets,Off-trade Volume,2018,0.0
India,RTD Coffee,Hypermarkets,Off-trade Volume,2018,0.0
India,RTD Coffee,Discounters,Off-trade Volume,2018,0.0
India,RTD Coffee,Warehouse Clubs,Off-trade Volume,2018,0.0
India,RTD Coffee,Food/drink/tobacco specialists,Off-trade Volume,2018,0.0
India,RTD Coffee,Small Local Grocers,Off-trade Volume,2018,0.0
India,RTD Coffee,Non-Grocery Retailers,Off-trade Volume,2018,0.0
India,RTD Coffee,General Merchandise Stores,Off-trade Volume,2018,0.0
India,RTD Coffee,Apparel and Footwear Specialists,Off-trade Volume,2018,0.0
India,RTD Coffee,Appliances and Electronics Specialists,Off-trade Volume,2018,0.0
India,RTD Coffee,Home Products Specialists,Off-trade Volume,2018,0.0
India,RTD Coffee,Health and Beauty Specialists,Off-trade Volume,2018,0.0
India,RTD Coffee,Leisure and Personal Goods Specialists,Off-trade Volume,2018,0.0
India,RTD Coffee,Other Non-Grocery Retailers,Off-trade Volume,2018,0.0
India,RTD Coffee,Vending,Off-trade Volume,2018,0.0
India,RTD Coffee,Direct Selling,Off-trade Volume,2018,0.0
India,RTD Coffee,Retail E-Commerce,Off-trade Volume,2018,0.0
Japan,Coffee,Retail Channels,Retail Volume,2018,100.0
Japan,Coffee,Retail Offline,Retail Volume,2018,90.6
Japan,Coffee,Grocery Retailers,Retail Volume,2018,69.8
Japan,Coffee,Convenience Retailers,Retail Volume,2018,3.3
Japan,Coffee,Convenience Stores,Retail Volume,2018,3.3
Japan,Coffee,Forecourt Retailers,Retail Volume,2018,0.0
Japan,Coffee,Supermarkets,Retail Volume,2018,46.9
Japan,Coffee,Hypermarkets,Retail Volume,2018,11.0
Japan,Coffee,Discounters,Retail Volume,2018,0.0
Japan,Coffee,Warehouse Clubs,Retail Volume,2018,2.8
Japan,Coffee,Food/drink/tobacco specialists,Retail Volume,2018,0.0
Japan,Coffee,Small Local Grocers,Retail Volume,2018,5.9
Japan,Coffee,Non-Grocery Retailers,Retail Volume,2018,20.1
Japan,Coffee,General Merchandise Stores,Retail Volume,2018,13.8
Japan,Coffee,Apparel and Footwear Specialists,Retail Volume,2018,0.0
Japan,Coffee,Appliances and Electronics Specialists,Retail Volume,2018,0.0
Japan,Coffee,Home Products Specialists,Retail Volume,2018,0.0
Japan,Coffee,Health and Beauty Specialists,Retail Volume,2018,6.3
Japan,Coffee,Leisure and Personal Goods Specialists,Retail Volume,2018,0.0
Japan,Coffee,Other Non-Grocery Retailers,Retail Volume,2018,0.0
Japan,Coffee,Vending,Retail Volume,2018,0.8
Japan,Coffee,Direct Selling,Retail Volume,2018,0.0
Japan,Coffee,Retail E-Commerce,Retail Volume,2018,9.4
Japan,RTD Coffee,Retail Channels,Off-trade Volume,2018,100.0
Japan,RTD Coffee,Retail Offline,Off-trade Volume,2018,99.4
Japan,RTD Coffee,Grocery Retailers,Off-trade Volume,2018,56.6
Japan,RTD Coffee,Convenience Retailers,Off-trade Volume,2018,20.4
Japan,RTD Coffee,Convenience Stores,Off-trade Volume,2018,20.4
Japan,RTD Coffee,Forecourt Retailers,Off-trade Volume,2018,0.0
Japan,RTD Coffee,Supermarkets,Off-trade Volume,2018,22.9
Japan,RTD Coffee,Hypermarkets,Off-trade Volume,2018,5.9
Japan,RTD Coffee,Discounters,Off-trade Volume,2018,0.0
Japan,RTD Coffee,Warehouse Clubs,Off-trade Volume,2018,1.5
Japan,RTD Coffee,Food/drink/tobacco specialists,Off-trade Volume,2018,0.0
Japan,RTD Coffee,Small Local Grocers,Off-trade Volume,2018,5.8
Japan,RTD Coffee,Non-Grocery Retailers,Off-trade Volume,2018,17.1
Japan,RTD Coffee,General Merchandise Stores,Off-trade Volume,2018,7.4
Japan,RTD Coffee,Apparel and Footwear Specialists,Off-trade Volume,2018,0.0
Japan,RTD Coffee,Appliances and Electronics Specialists,Off-trade Volume,2018,0.0
Japan,RTD Coffee,Home Products Specialists,Off-trade Volume,2018,0.0
Japan,RTD Coffee,Health and Beauty Specialists,Off-trade Volume,2018,9.6
Japan,RTD Coffee,Leisure and Personal Goods Specialists,Off-trade Volume,2018,0.0
Japan,RTD Coffee,Other Non-Grocery Retailers,Off-trade Volume,2018,0.0
Japan,RTD Coffee,Vending,Off-trade Volume,2018,25.8
Japan,RTD Coffee,Direct Selling,Off-trade Volume,2018,0.0
Japan,RTD Coffee,Retail E-Commerce,Off-trade Volume,2018,0.6
Thailand,Coffee,Retail Channels,Retail Volume,2018,100.0
Thailand,Coffee,Retail Offline,Retail Volume,2018,98.4
Thailand,Coffee,Grocery Retailers,Retail Volume,2018,98.4
Thailand,Coffee,Convenience Retailers,Retail Volume,2018,29.0
Thailand,Coffee,Convenience Stores,Retail Volume,2018,16.4
Thailand,Coffee,Forecourt Retailers,Retail Volume,2018,12.5
Thailand,Coffee,Supermarkets,Retail Volume,2018,5.8
Thailand,Coffee,Hypermarkets,Retail Volume,2018,23.3
Thailand,Coffee,Discounters,Retail Volume,2018,0.0
Thailand,Coffee,Warehouse Clubs,Retail Volume,2018,0.0
Thailand,Coffee,Food/drink/tobacco specialists,Retail Volume,2018,0.0
Thailand,Coffee,Small Local Grocers,Retail Volume,2018,40.3
Thailand,Coffee,Non-Grocery Retailers,Retail Volume,2018,0.0
Thailand,Coffee,General Merchandise Stores,Retail Volume,2018,0.0
Thailand,Coffee,Apparel and Footwear Specialists,Retail Volume,2018,0.0
Thailand,Coffee,Appliances and Electronics Specialists,Retail Volume,2018,0.0
Thailand,Coffee,Home Products Specialists,Retail Volume,2018,0.0
Thailand,Coffee,Health and Beauty Specialists,Retail Volume,2018,0.0
Thailand,Coffee,Leisure and Personal Goods Specialists,Retail Volume,2018,0.0
Thailand,Coffee,Other Non-Grocery Retailers,Retail Volume,2018,0.0
Thailand,Coffee,Vending,Retail Volume,2018,0.0
Thailand,Coffee,Direct Selling,Retail Volume,2018,0.0
Thailand,Coffee,Retail E-Commerce,Retail Volume,2018,1.6
Thailand,RTD Coffee,Retail Channels,Off-trade Volume,2018,100.0
Thailand,RTD Coffee,Retail Offline,Off-trade Volume,2018,98.6
Thailand,RTD Coffee,Grocery Retailers,Off-trade Volume,2018,91.4
Thailand,RTD Coffee,Convenience Retailers,Off-trade Volume,2018,28.2
Thailand,RTD Coffee,Convenience Stores,Off-trade Volume,2018,16.1
Thailand,RTD Coffee,Forecourt Retailers,Off-trade Volume,2018,12.1
Thailand,RTD Coffee,Supermarkets,Off-trade Volume,2018,5.4
Thailand,RTD Coffee,Hypermarkets,Off-trade Volume,2018,23.7
Thailand,RTD Coffee,Discounters,Off-trade Volume,2018,0.0
Thailand,RTD Coffee,Warehouse Clubs,Off-trade Volume,2018,0.0
Thailand,RTD Coffee,Food/drink/tobacco specialists,Off-trade Volume,2018,0.0
Thailand,RTD Coffee,Small Local Grocers,Off-trade Volume,2018,34.1
Thailand,RTD Coffee,Non-Grocery Retailers,Off-trade Volume,2018,0.0
Thailand,RTD Coffee,General Merchandise Stores,Off-trade Volume,2018,0.0
Thailand,RTD Coffee,Apparel and Footwear Specialists,Off-trade Volume,2018,0.0
Thailand,RTD Coffee,Appliances and Electronics Specialists,Off-trade Volume,2018,0.0
Thailand,RTD Coffee,Home Products Specialists,Off-trade Volume,2018,0.0
Thailand,RTD Coffee,Health and Beauty Specialists,Off-trade Volume,2018,0.0
Thailand,RTD Coffee,Leisure and Personal Goods Specialists,Off-trade Volume,2018,0.0
Thailand,RTD Coffee,Other Non-Grocery Retailers,Off-trade Volume,2018,0.0
Thailand,RTD Coffee,Vending,Off-trade Volume,2018,7.1
Thailand,RTD Coffee,Direct Selling,Off-trade Volume,2018,0.0
Thailand,RTD Coffee,Retail E-Commerce,Off-trade Volume,2018,1.4
Australasia,Coffee,Retail Channels,Retail Volume,2018,100.0
Australasia,Coffee,Retail Offline,Retail Volume,2018,94.3
Australasia,Coffee,Grocery Retailers,Retail Volume,2018,94.1
Australasia,Coffee,Convenience Retailers,Retail Volume,2018,5.9
Australasia,Coffee,Convenience Stores,Retail Volume,2018,3.0
Australasia,Coffee,Forecourt Retailers,Retail Volume,2018,2.9
Australasia,Coffee,Supermarkets,Retail Volume,2018,71.4
Australasia,Coffee,Hypermarkets,Retail Volume,2018,0.0
Australasia,Coffee,Discounters,Retail Volume,2018,13.3
Australasia,Coffee,Warehouse Clubs,Retail Volume,2018,0.0
Australasia,Coffee,Food/drink/tobacco specialists,Retail Volume,2018,0.0
Australasia,Coffee,Small Local Grocers,Retail Volume,2018,3.5
Australasia,Coffee,Non-Grocery Retailers,Retail Volume,2018,0.1
Australasia,Coffee,General Merchandise Stores,Retail Volume,2018,0.0
Australasia,Coffee,Apparel and Footwear Specialists,Retail Volume,2018,0.0
Australasia,Coffee,Appliances and Electronics Specialists,Retail Volume,2018,0.0
Australasia,Coffee,Home Products Specialists,Retail Volume,2018,0.0
Australasia,Coffee,Health and Beauty Specialists,Retail Volume,2018,0.1
Australasia,Coffee,Leisure and Personal Goods Specialists,Retail Volume,2018,0.0
Australasia,Coffee,Other Non-Grocery Retailers,Retail Volume,2018,0.0
Australasia,Coffee,Vending,Retail Volume,2018,0.1
Australasia,Coffee,Direct Selling,Retail Volume,2018,0.0
Australasia,Coffee,Retail E-Commerce,Retail Volume,2018,5.7
Australasia,RTD Coffee,Retail Channels,Off-trade Volume,2018,100.0
Australasia,RTD Coffee,Retail Offline,Off-trade Volume,2018,94.1
Australasia,RTD Coffee,Grocery Retailers,Off-trade Volume,2018,93.1
Australasia,RTD Coffee,Convenience Retailers,Off-trade Volume,2018,32.5
Australasia,RTD Coffee,Convenience Stores,Off-trade Volume,2018,8.2
Australasia,RTD Coffee,Forecourt Retailers,Off-trade Volume,2018,24.3
Australasia,RTD Coffee,Supermarkets,Off-trade Volume,2018,55.5
Australasia,RTD Coffee,Hypermarkets,Off-trade Volume,2018,0.0
Australasia,RTD Coffee,Discounters,Off-trade Volume,2018,1.2
Australasia,RTD Coffee,Warehouse Clubs,Off-trade Volume,2018,0.0
Australasia,RTD Coffee,Food/drink/tobacco specialists,Off-trade Volume,2018,0.0
Australasia,RTD Coffee,Small Local Grocers,Off-trade Volume,2018,3.9
Australasia,RTD Coffee,Non-Grocery Retailers,Off-trade Volume,2018,0.0
Australasia,RTD Coffee,General Merchandise Stores,Off-trade Volume,2018,0.0
Australasia,RTD Coffee,Apparel and Footwear Specialists,Off-trade Volume,2018,0.0
Australasia,RTD Coffee,Appliances and Electronics Specialists,Off-trade Volume,2018,0.0
Australasia,RTD Coffee,Home Products Specialists,Off-trade Volume,2018,0.0
Australasia,RTD Coffee,Health and Beauty Specialists,Off-trade Volume,2018,0.0
Australasia,RTD Coffee,Leisure and Personal Goods Specialists,Off-trade Volume,2018,0.0
Australasia,RTD Coffee,Other Non-Grocery Retailers,Off-trade Volume,2018,0.0
Australasia,RTD Coffee,Vending,Off-trade Volume,2018,0.9
Australasia,RTD Coffee,Direct Selling,Off-trade Volume,2018,0.0
Australasia,RTD Coffee,Retail E-Commerce,Off-trade Volume,2018,5.9
Australia,Coffee,Retail Channels,Retail Volume,2018,100.0
Australia,Coffee,Retail Offline,Retail Volume,2018,94.0
Australia,Coffee,Grocery Retailers,Retail Volume,2018,94.0
Australia,Coffee,Convenience Retailers,Retail Volume,2018,6.4
Australia,Coffee,Convenience Stores,Retail Volume,2018,3.2
Australia,Coffee,Forecourt Retailers,Retail Volume,2018,3.2
Australia,Coffee,Supermarkets,Retail Volume,2018,68.9
Australia,Coffee,Hypermarkets,Retail Volume,2018,0.0
Australia,Coffee,Discounters,Retail Volume,2018,15.5
Australia,Coffee,Warehouse Clubs,Retail Volume,2018,0.0
Australia,Coffee,Food/drink/tobacco specialists,Retail Volume,2018,0.0
Australia,Coffee,Small Local Grocers,Retail Volume,2018,3.4
Australia,Coffee,Non-Grocery Retailers,Retail Volume,2018,0.0
Australia,Coffee,General Merchandise Stores,Retail Volume,2018,0.0
Australia,Coffee,Apparel and Footwear Specialists,Retail Volume,2018,0.0
Australia,Coffee,Appliances and Electronics Specialists,Retail Volume,2018,0.0
Australia,Coffee,Home Products Specialists,Retail Volume,2018,0.0
Australia,Coffee,Health and Beauty Specialists,Retail Volume,2018,0.0
Australia,Coffee,Leisure and Personal Goods Specialists,Retail Volume,2018,0.0
Australia,Coffee,Other Non-Grocery Retailers,Retail Volume,2018,0.0
Australia,Coffee,Vending,Retail Volume,2018,0.0
Australia,Coffee,Direct Selling,Retail Volume,2018,0.0
Australia,Coffee,Retail E-Commerce,Retail Volume,2018,6.0
Australia,RTD Coffee,Retail Channels,Off-trade Volume,2018,100.0
Australia,RTD Coffee,Retail Offline,Off-trade Volume,2018,93.9
Australia,RTD Coffee,Grocery Retailers,Off-trade Volume,2018,92.9
Australia,RTD Coffee,Convenience Retailers,Off-trade Volume,2018,33.3
Australia,RTD Coffee,Convenience Stores,Off-trade Volume,2018,8.3
Australia,RTD Coffee,Forecourt Retailers,Off-trade Volume,2018,25.0
Australia,RTD Coffee,Supermarkets,Off-trade Volume,2018,54.4
Australia,RTD Coffee,Hypermarkets,Off-trade Volume,2018,0.0
Australia,RTD Coffee,Discounters,Off-trade Volume,2018,1.2
Australia,RTD Coffee,Warehouse Clubs,Off-trade Volume,2018,0.0
Australia,RTD Coffee,Food/drink/tobacco specialists,Off-trade Volume,2018,0.0
Australia,RTD Coffee,Small Local Grocers,Off-trade Volume,2018,4.0
Australia,RTD Coffee,Non-Grocery Retailers,Off-trade Volume,2018,0.0
Australia,RTD Coffee,General Merchandise Stores,Off-trade Volume,2018,0.0
Australia,RTD Coffee,Apparel and Footwear Specialists,Off-trade Volume,2018,0.0
Australia,RTD Coffee,Appliances and Electronics Specialists,Off-trade Volume,2018,0.0
Australia,RTD Coffee,Home Products Specialists,Off-trade Volume,2018,0.0
Australia,RTD Coffee,Health and Beauty Specialists,Off-trade Volume,2018,0.0
Australia,RTD Coffee,Leisure and Personal Goods Specialists,Off-trade Volume,2018,0.0
Australia,RTD Coffee,Other Non-Grocery Retailers,Off-trade Volume,2018,0.0
Australia,RTD Coffee,Vending,Off-trade Volume,2018,1.0
Australia,RTD Coffee,Direct Selling,Off-trade Volume,2018,0.0
Australia,RTD Coffee,Retail E-Commerce,Off-trade Volume,2018,6.1
Eastern Europe,Coffee,Retail Channels,Retail Volume,2018,100.0
Eastern Europe,Coffee,Retail Offline,Retail Volume,2018,99.1
Eastern Europe,Coffee,Grocery Retailers,Retail Volume,2018,95.8
Eastern Europe,Coffee,Convenience Retailers,Retail Volume,2018,13.5
Eastern Europe,Coffee,Convenience Stores,Retail Volume,2018,12.5
Eastern Europe,Coffee,Forecourt Retailers,Retail Volume,2018,1.0
Eastern Europe,Coffee,Supermarkets,Retail Volume,2018,29.5
Eastern Europe,Coffee,Hypermarkets,Retail Volume,2018,17.9
Eastern Europe,Coffee,Discounters,Retail Volume,2018,11.2
Eastern Europe,Coffee,Warehouse Clubs,Retail Volume,2018,0.0
Eastern Europe,Coffee,Food/drink/tobacco specialists,Retail Volume,2018,1.7
Eastern Europe,Coffee,Small Local Grocers,Retail Volume,2018,22.1
Eastern Europe,Coffee,Non-Grocery Retailers,Retail Volume,2018,0.5
Eastern Europe,Coffee,General Merchandise Stores,Retail Volume,2018,0.2
Eastern Europe,Coffee,Apparel and Footwear Specialists,Retail Volume,2018,0.0
Eastern Europe,Coffee,Appliances and Electronics Specialists,Retail Volume,2018,0.0
Eastern Europe,Coffee,Home Products Specialists,Retail Volume,2018,0.0
Eastern Europe,Coffee,Health and Beauty Specialists,Retail Volume,2018,0.3
Eastern Europe,Coffee,Leisure and Personal Goods Specialists,Retail Volume,2018,0.0
Eastern Europe,Coffee,Other Non-Grocery Retailers,Retail Volume,2018,0.0
Eastern Europe,Coffee,Vending,Retail Volume,2018,2.8
Eastern Europe,Coffee,Direct Selling,Retail Volume,2018,0.0
Eastern Europe,Coffee,Retail E-Commerce,Retail Volume,2018,0.9
Eastern Europe,RTD Coffee,Retail Channels,Off-trade Volume,2018,100.0
Eastern Europe,RTD Coffee,Retail Offline,Off-trade Volume,2018,99.6
Eastern Europe,RTD Coffee,Grocery Retailers,Off-trade Volume,2018,97.9
Eastern Europe,RTD Coffee,Convenience Retailers,Off-trade Volume,2018,42.7
Eastern Europe,RTD Coffee,Convenience Stores,Off-trade Volume,2018,15.3
Eastern Europe,RTD Coffee,Forecourt Retailers,Off-trade Volume,2018,27.4
Eastern Europe,RTD Coffee,Supermarkets,Off-trade Volume,2018,14.8
Eastern Europe,RTD Coffee,Hypermarkets,Off-trade Volume,2018,22.3
Eastern Europe,RTD Coffee,Discounters,Off-trade Volume,2018,10.5
Eastern Europe,RTD Coffee,Warehouse Clubs,Off-trade Volume,2018,0.0
Eastern Europe,RTD Coffee,Food/drink/tobacco specialists,Off-trade Volume,2018,0.9
Eastern Europe,RTD Coffee,Small Local Grocers,Off-trade Volume,2018,6.7
Eastern Europe,RTD Coffee,Non-Grocery Retailers,Off-trade Volume,2018,0.5
Eastern Europe,RTD Coffee,General Merchandise Stores,Off-trade Volume,2018,0.1
Eastern Europe,RTD Coffee,Apparel and Footwear Specialists,Off-trade Volume,2018,0.0
Eastern Europe,RTD Coffee,Appliances and Electronics Specialists,Off-trade Volume,2018,0.0
Eastern Europe,RTD Coffee,Home Products Specialists,Off-trade Volume,2018,0.0
Eastern Europe,RTD Coffee,Health and Beauty Specialists,Off-trade Volume,2018,0.4
Eastern Europe,RTD Coffee,Leisure and Personal Goods Specialists,Off-trade Volume,2018,0.0
Eastern Europe,RTD Coffee,Other Non-Grocery Retailers,Off-trade Volume,2018,0.0
Eastern Europe,RTD Coffee,Vending,Off-trade Volume,2018,1.1
Eastern Europe,RTD Coffee,Direct Selling,Off-trade Volume,2018,0.0
Eastern Europe,RTD Coffee,Retail E-Commerce,Off-trade Volume,2018,0.4
Latin America,Coffee,Retail Channels,Retail Volume,2018,100.0
Latin America,Coffee,Retail Offline,Retail Volume,2018,99.6
Latin America,Coffee,Grocery Retailers,Retail Volume,2018,97.6
Latin America,Coffee,Convenience Retailers,Retail Volume,2018,1.1
Latin America,Coffee,Convenience Stores,Retail Volume,2018,0.6
Latin America,Coffee,Forecourt Retailers,Retail Volume,2018,0.5
Latin America,Coffee,Supermarkets,Retail Volume,2018,32.6
Latin America,Coffee,Hypermarkets,Retail Volume,2018,30.3
Latin America,Coffee,Discounters,Retail Volume,2018,2.5
Latin America,Coffee,Warehouse Clubs,Retail Volume,2018,3.1
Latin America,Coffee,Food/drink/tobacco specialists,Retail Volume,2018,0.1
Latin America,Coffee,Small Local Grocers,Retail Volume,2018,28.1
Latin America,Coffee,Non-Grocery Retailers,Retail Volume,2018,1.6
Latin America,Coffee,General Merchandise Stores,Retail Volume,2018,1.5
Latin America,Coffee,Apparel and Footwear Specialists,Retail Volume,2018,0.0
Latin America,Coffee,Appliances and Electronics Specialists,Retail Volume,2018,0.0
Latin America,Coffee,Home Products Specialists,Retail Volume,2018,0.0
Latin America,Coffee,Health and Beauty Specialists,Retail Volume,2018,0.1
Latin America,Coffee,Leisure and Personal Goods Specialists,Retail Volume,2018,0.0
Latin America,Coffee,Other Non-Grocery Retailers,Retail Volume,2018,0.0
Latin America,Coffee,Vending,Retail Volume,2018,0.2
Latin America,Coffee,Direct Selling,Retail Volume,2018,0.3
Latin America,Coffee,Retail E-Commerce,Retail Volume,2018,0.4
Latin America,RTD Coffee,Retail Channels,Off-trade Volume,2018,100.0
Latin America,RTD Coffee,Retail Offline,Off-trade Volume,2018,99.9
Latin America,RTD Coffee,Grocery Retailers,Off-trade Volume,2018,98.8
Latin America,RTD Coffee,Convenience Retailers,Off-trade Volume,2018,17.2
Latin America,RTD Coffee,Convenience Stores,Off-trade Volume,2018,8.4
Latin America,RTD Coffee,Forecourt Retailers,Off-trade Volume,2018,8.9
Latin America,RTD Coffee,Supermarkets,Off-trade Volume,2018,29.6
Latin America,RTD Coffee,Hypermarkets,Off-trade Volume,2018,10.9
Latin America,RTD Coffee,Discounters,Off-trade Volume,2018,2.1
Latin America,RTD Coffee,Warehouse Clubs,Off-trade Volume,2018,0.7
Latin America,RTD Coffee,Food/drink/tobacco specialists,Off-trade Volume,2018,0.4
Latin America,RTD Coffee,Small Local Grocers,Off-trade Volume,2018,37.9
Latin America,RTD Coffee,Non-Grocery Retailers,Off-trade Volume,2018,1.1
Latin America,RTD Coffee,General Merchandise Stores,Off-trade Volume,2018,0.2
Latin America,RTD Coffee,Apparel and Footwear Specialists,Off-trade Volume,2018,0.0
Latin America,RTD Coffee,Appliances and Electronics Specialists,Off-trade Volume,2018,0.0
Latin America,RTD Coffee,Home Products Specialists,Off-trade Volume,2018,0.0
Latin America,RTD Coffee,Health and Beauty Specialists,Off-trade Volume,2018,0.9
Latin America,RTD Coffee,Leisure and Personal Goods Specialists,Off-trade Volume,2018,0.0
Latin America,RTD Coffee,Other Non-Grocery Retailers,Off-trade Volume,2018,0.0
Latin America,RTD Coffee,Vending,Off-trade Volume,2018,0.0
Latin America,RTD Coffee,Direct Selling,Off-trade Volume,2018,0.0
Latin America,RTD Coffee,Retail E-Commerce,Off-trade Volume,2018,0.1
Brazil,Coffee,Retail Channels,Retail Volume,2018,100.0
Brazil,Coffee,Retail Offline,Retail Volume,2018,99.7
Brazil,Coffee,Grocery Retailers,Retail Volume,2018,97.2
Brazil,Coffee,Convenience Retailers,Retail Volume,2018,0.6
Brazil,Coffee,Convenience Stores,Retail Volume,2018,0.0
Brazil,Coffee,Forecourt Retailers,Retail Volume,2018,0.6
Brazil,Coffee,Supermarkets,Retail Volume,2018,37.6
Brazil,Coffee,Hypermarkets,Retail Volume,2018,36.2
Brazil,Coffee,Discounters,Retail Volume,2018,0.3
Brazil,Coffee,Warehouse Clubs,Retail Volume,2018,4.0
Brazil,Coffee,Food/drink/tobacco specialists,Retail Volume,2018,0.0
Brazil,Coffee,Small Local Grocers,Retail Volume,2018,18.5
Brazil,Coffee,Non-Grocery Retailers,Retail Volume,2018,2.0
Brazil,Coffee,General Merchandise Stores,Retail Volume,2018,2.0
Brazil,Coffee,Apparel and Footwear Specialists,Retail Volume,2018,0.0
Brazil,Coffee,Appliances and Electronics Specialists,Retail Volume,2018,0.0
Brazil,Coffee,Home Products Specialists,Retail Volume,2018,0.0
Brazil,Coffee,Health and Beauty Specialists,Retail Volume,2018,0.0
Brazil,Coffee,Leisure and Personal Goods Specialists,Retail Volume,2018,0.0
Brazil,Coffee,Other Non-Grocery Retailers,Retail Volume,2018,0.0
Brazil,Coffee,Vending,Retail Volume,2018,0.0
Brazil,Coffee,Direct Selling,Retail Volume,2018,0.4
Brazil,Coffee,Retail E-Commerce,Retail Volume,2018,0.3
Brazil,RTD Coffee,Retail Channels,Off-trade Volume,2018,100.0
Brazil,RTD Coffee,Retail Offline,Off-trade Volume,2018,100.0
Brazil,RTD Coffee,Grocery Retailers,Off-trade Volume,2018,98.8
Brazil,RTD Coffee,Convenience Retailers,Off-trade Volume,2018,63.5
Brazil,RTD Coffee,Convenience Stores,Off-trade Volume,2018,2.0
Brazil,RTD Coffee,Forecourt Retailers,Off-trade Volume,2018,61.5
Brazil,RTD Coffee,Supermarkets,Off-trade Volume,2018,11.0
Brazil,RTD Coffee,Hypermarkets,Off-trade Volume,2018,10.9
Brazil,RTD Coffee,Discounters,Off-trade Volume,2018,0.0
Brazil,RTD Coffee,Warehouse Clubs,Off-trade Volume,2018,2.3
Brazil,RTD Coffee,Food/drink/tobacco specialists,Off-trade Volume,2018,0.0
Brazil,RTD Coffee,Small Local Grocers,Off-trade Volume,2018,11.1
Brazil,RTD Coffee,Non-Grocery Retailers,Off-trade Volume,2018,1.2
Brazil,RTD Coffee,General Merchandise Stores,Off-trade Volume,2018,1.2
Brazil,RTD Coffee,Apparel and Footwear Specialists,Off-trade Volume,2018,0.0
Brazil,RTD Coffee,Appliances and Electronics Specialists,Off-trade Volume,2018,0.0
Brazil,RTD Coffee,Home Products Specialists,Off-trade Volume,2018,0.0
Brazil,RTD Coffee,Health and Beauty Specialists,Off-trade Volume,2018,0.0
Brazil,RTD Coffee,Leisure and Personal Goods Specialists,Off-trade Volume,2018,0.0
Brazil,RTD Coffee,Other Non-Grocery Retailers,Off-trade Volume,2018,0.0
Brazil,RTD Coffee,Vending,Off-trade Volume,2018,0.0
Brazil,RTD Coffee,Direct Selling,Off-trade Volume,2018,0.0
Brazil,RTD Coffee,Retail E-Commerce,Off-trade Volume,2018,0.0
Middle East and Africa,Coffee,Retail Channels,Retail Volume,2018,100.0
Middle East and Africa,Coffee,Retail Offline,Retail Volume,2018,99.6
Middle East and Africa,Coffee,Grocery Retailers,Retail Volume,2018,98.1
Middle East and Africa,Coffee,Convenience Retailers,Retail Volume,2018,5.2
Middle East and Africa,Coffee,Convenience Stores,Retail Volume,2018,3.5
Middle East and Africa,Coffee,Forecourt Retailers,Retail Volume,2018,1.7
Middle East and Africa,Coffee,Supermarkets,Retail Volume,2018,30.4
Middle East and Africa,Coffee,Hypermarkets,Retail Volume,2018,9.5
Middle East and Africa,Coffee,Discounters,Retail Volume,2018,1.8
Middle East and Africa,Coffee,Warehouse Clubs,Retail Volume,2018,0.0
Middle East and Africa,Coffee,Food/drink/tobacco specialists,Retail Volume,2018,5.8
Middle East and Africa,Coffee,Small Local Grocers,Retail Volume,2018,45.4
Middle East and Africa,Coffee,Non-Grocery Retailers,Retail Volume,2018,1.3
Middle East and Africa,Coffee,General Merchandise Stores,Retail Volume,2018,0.0
Middle East and Africa,Coffee,Apparel and Footwear Specialists,Retail Volume,2018,0.0
Middle East and Africa,Coffee,Appliances and Electronics Specialists,Retail Volume,2018,0.0
Middle East and Africa,Coffee,Home Products Specialists,Retail Volume,2018,0.0
Middle East and Africa,Coffee,Health and Beauty Specialists,Retail Volume,2018,0.0
Middle East and Africa,Coffee,Leisure and Personal Goods Specialists,Retail Volume,2018,0.0
Middle East and Africa,Coffee,Other Non-Grocery Retailers,Retail Volume,2018,1.3
Middle East and Africa,Coffee,Vending,Retail Volume,2018,0.1
Middle East and Africa,Coffee,Direct Selling,Retail Volume,2018,0.1
Middle East and Africa,Coffee,Retail E-Commerce,Retail Volume,2018,0.4
Middle East and Africa,RTD Coffee,Retail Channels,Off-trade Volume,2018,100.0
Middle East and Africa,RTD Coffee,Retail Offline,Off-trade Volume,2018,99.9
Middle East and Africa,RTD Coffee,Grocery Retailers,Off-trade Volume,2018,99.7
Middle East and Africa,RTD Coffee,Convenience Retailers,Off-trade Volume,2018,48.3
Middle East and Africa,RTD Coffee,Convenience Stores,Off-trade Volume,2018,3.7
Middle East and Africa,RTD Coffee,Forecourt Retailers,Off-trade Volume,2018,44.6
Middle East and Africa,RTD Coffee,Supermarkets,Off-trade Volume,2018,24.3
Middle East and Africa,RTD Coffee,Hypermarkets,Off-trade Volume,2018,18.8
Middle East and Africa,RTD Coffee,Discounters,Off-trade Volume,2018,0.6
Middle East and Africa,RTD Coffee,Warehouse Clubs,Off-trade Volume,2018,0.0
Middle East and Africa,RTD Coffee,Food/drink/tobacco specialists,Off-trade Volume,2018,0.5
Middle East and Africa,RTD Coffee,Small Local Grocers,Off-trade Volume,2018,7.2
Middle East and Africa,RTD Coffee,Non-Grocery Retailers,Off-trade Volume,2018,0.0
Middle East and Africa,RTD Coffee,General Merchandise Stores,Off-trade Volume,2018,0.0
Middle East and Africa,RTD Coffee,Apparel and Footwear Specialists,Off-trade Volume,2018,0.0
Middle East and Africa,RTD Coffee,Appliances and Electronics Specialists,Off-trade Volume,2018,0.0
Middle East and Africa,RTD Coffee,Home Products Specialists,Off-trade Volume,2018,0.0
Middle East and Africa,RTD Coffee,Health and Beauty Specialists,Off-trade Volume,2018,0.0
Middle East and Africa,RTD Coffee,Leisure and Personal Goods Specialists,Off-trade Volume,2018,0.0
Middle East and Africa,RTD Coffee,Other Non-Grocery Retailers,Off-trade Volume,2018,0.0
Middle East and Africa,RTD Coffee,Vending,Off-trade Volume,2018,0.2
Middle East and Africa,RTD Coffee,Direct Selling,Off-trade Volume,2018,0.0
Middle East and Africa,RTD Coffee,Retail E-Commerce,Off-trade Volume,2018,0.1
North America,Coffee,Retail Channels,Retail Volume,2018,100.0
North America,Coffee,Retail Offline,Retail Volume,2018,92.6
North America,Coffee,Grocery Retailers,Retail Volume,2018,89.9
North America,Coffee,Convenience Retailers,Retail Volume,2018,2.2
North America,Coffee,Convenience Stores,Retail Volume,2018,0.3
North America,Coffee,Forecourt Retailers,Retail Volume,2018,1.9
North America,Coffee,Supermarkets,Retail Volume,2018,30.5
North America,Coffee,Hypermarkets,Retail Volume,2018,23.8
North America,Coffee,Discounters,Retail Volume,2018,3.2
North America,Coffee,Warehouse Clubs,Retail Volume,2018,4.1
North America,Coffee,Food/drink/tobacco specialists,Retail Volume,2018,5.6
North America,Coffee,Small Local Grocers,Retail Volume,2018,20.5
North America,Coffee,Non-Grocery Retailers,Retail Volume,2018,2.4
North America,Coffee,General Merchandise Stores,Retail Volume,2018,1.4
North America,Coffee,Apparel and Footwear Specialists,Retail Volume,2018,0.0
North America,Coffee,Appliances and Electronics Specialists,Retail Volume,2018,0.0
North America,Coffee,Home Products Specialists,Retail Volume,2018,0.0
North America,Coffee,Health and Beauty Specialists,Retail Volume,2018,1.0
North America,Coffee,Leisure and Personal Goods Specialists,Retail Volume,2018,0.0
North America,Coffee,Other Non-Grocery Retailers,Retail Volume,2018,0.0
North America,Coffee,Vending,Retail Volume,2018,0.1
North America,Coffee,Direct Selling,Retail Volume,2018,0.2
North America,Coffee,Retail E-Commerce,Retail Volume,2018,7.4
North America,RTD Coffee,Retail Channels,Off-trade Volume,2018,100.0
North America,RTD Coffee,Retail Offline,Off-trade Volume,2018,95.4
North America,RTD Coffee,Grocery Retailers,Off-trade Volume,2018,86.9
North America,RTD Coffee,Convenience Retailers,Off-trade Volume,2018,29.6
North America,RTD Coffee,Convenience Stores,Off-trade Volume,2018,6.5
North America,RTD Coffee,Forecourt Retailers,Off-trade Volume,2018,23.0
North America,RTD Coffee,Supermarkets,Off-trade Volume,2018,20.8
North America,RTD Coffee,Hypermarkets,Off-trade Volume,2018,20.8
North America,RTD Coffee,Discounters,Off-trade Volume,2018,1.3
North America,RTD Coffee,Warehouse Clubs,Off-trade Volume,2018,10.2
North America,RTD Coffee,Food/drink/tobacco specialists,Off-trade Volume,2018,0.0
North America,RTD Coffee,Small Local Grocers,Off-trade Volume,2018,4.3
North America,RTD Coffee,Non-Grocery Retailers,Off-trade Volume,2018,5.1
North America,RTD Coffee,General Merchandise Stores,Off-trade Volume,2018,3.4
North America,RTD Coffee,Apparel and Footwear Specialists,Off-trade Volume,2018,0.0
North America,RTD Coffee,Appliances and Electronics Specialists,Off-trade Volume,2018,0.0
North America,RTD Coffee,Home Products Specialists,Off-trade Volume,2018,0.0
North America,RTD Coffee,Health and Beauty Specialists,Off-trade Volume,2018,1.7
North America,RTD Coffee,Leisure and Personal Goods Specialists,Off-trade Volume,2018,0.0
North America,RTD Coffee,Other Non-Grocery Retailers,Off-trade Volume,2018,0.0
North America,RTD Coffee,Vending,Off-trade Volume,2018,3.3
North America,RTD Coffee,Direct Selling,Off-trade Volume,2018,0.0
North America,RTD Coffee,Retail E-Commerce,Off-trade Volume,2018,4.6
USA,Coffee,Retail Channels,Retail Volume,2018,100.0
USA,Coffee,Retail Offline,Retail Volume,2018,92.1
USA,Coffee,Grocery Retailers,Retail Volume,2018,89.8
USA,Coffee,Convenience Retailers,Retail Volume,2018,2.3
USA,Coffee,Convenience Stores,Retail Volume,2018,0.3
USA,Coffee,Forecourt Retailers,Retail Volume,2018,2.0
USA,Coffee,Supermarkets,Retail Volume,2018,29.9
USA,Coffee,Hypermarkets,Retail Volume,2018,24.3
USA,Coffee,Discounters,Retail Volume,2018,2.1
USA,Coffee,Warehouse Clubs,Retail Volume,2018,3.9
USA,Coffee,Food/drink/tobacco specialists,Retail Volume,2018,6.0
USA,Coffee,Small Local Grocers,Retail Volume,2018,21.4
USA,Coffee,Non-Grocery Retailers,Retail Volume,2018,2.1
USA,Coffee,General Merchandise Stores,Retail Volume,2018,1.3
USA,Coffee,Apparel and Footwear Specialists,Retail Volume,2018,0.0
USA,Coffee,Appliances and Electronics Specialists,Retail Volume,2018,0.0
USA,Coffee,Home Products Specialists,Retail Volume,2018,0.0
USA,Coffee,Health and Beauty Specialists,Retail Volume,2018,0.8
USA,Coffee,Leisure and Personal Goods Specialists,Retail Volume,2018,0.0
USA,Coffee,Other Non-Grocery Retailers,Retail Volume,2018,0.0
USA,Coffee,Vending,Retail Volume,2018,0.0
USA,Coffee,Direct Selling,Retail Volume,2018,0.2
USA,Coffee,Retail E-Commerce,Retail Volume,2018,7.9
USA,RTD Coffee,Retail Channels,Off-trade Volume,2018,100.0
USA,RTD Coffee,Retail Offline,Off-trade Volume,2018,95.3
USA,RTD Coffee,Grocery Retailers,Off-trade Volume,2018,87.0
USA,RTD Coffee,Convenience Retailers,Off-trade Volume,2018,29.8
USA,RTD Coffee,Convenience Stores,Off-trade Volume,2018,6.6
USA,RTD Coffee,Forecourt Retailers,Off-trade Volume,2018,23.2
USA,RTD Coffee,Supermarkets,Off-trade Volume,2018,20.5
USA,RTD Coffee,Hypermarkets,Off-trade Volume,2018,20.8
USA,RTD Coffee,Discounters,Off-trade Volume,2018,1.3
USA,RTD Coffee,Warehouse Clubs,Off-trade Volume,2018,10.2
USA,RTD Coffee,Food/drink/tobacco specialists,Off-trade Volume,2018,0.0
USA,RTD Coffee,Small Local Grocers,Off-trade Volume,2018,4.3
USA,RTD Coffee,Non-Grocery Retailers,Off-trade Volume,2018,5.0
USA,RTD Coffee,General Merchandise Stores,Off-trade Volume,2018,3.5
USA,RTD Coffee,Apparel and Footwear Specialists,Off-trade Volume,2018,0.0
USA,RTD Coffee,Appliances and Electronics Specialists,Off-trade Volume,2018,0.0
USA,RTD Coffee,Home Products Specialists,Off-trade Volume,2018,0.0
USA,RTD Coffee,Health and Beauty Specialists,Off-trade Volume,2018,1.5
USA,RTD Coffee,Leisure and Personal Goods Specialists,Off-trade Volume,2018,0.0
USA,RTD Coffee,Other Non-Grocery Retailers,Off-trade Volume,2018,0.0
USA,RTD Coffee,Vending,Off-trade Volume,2018,3.3
USA,RTD Coffee,Direct Selling,Off-trade Volume,2018,0.0
USA,RTD Coffee,Retail E-Commerce,Off-trade Volume,2018,4.7
Western Europe,Coffee,Retail Channels,Retail Volume,2018,100.0
Western Europe,Coffee,Retail Offline,Retail Volume,2018,96.6
Western Europe,Coffee,Grocery Retailers,Retail Volume,2018,93.6
Western Europe,Coffee,Convenience Retailers,Retail Volume,2018,3.7
Western Europe,Coffee,Convenience Stores,Retail Volume,2018,3.3
Western Europe,Coffee,Forecourt Retailers,Retail Volume,2018,0.5
Western Europe,Coffee,Supermarkets,Retail Volume,2018,38.2
Western Europe,Coffee,Hypermarkets,Retail Volume,2018,21.8
Western Europe,Coffee,Discounters,Retail Volume,2018,22.3
Western Europe,Coffee,Warehouse Clubs,Retail Volume,2018,0.0
Western Europe,Coffee,Food/drink/tobacco specialists,Retail Volume,2018,4.2
Western Europe,Coffee,Small Local Grocers,Retail Volume,2018,3.3
Western Europe,Coffee,Non-Grocery Retailers,Retail Volume,2018,2.0
Western Europe,Coffee,General Merchandise Stores,Retail Volume,2018,0.9
Western Europe,Coffee,Apparel and Footwear Specialists,Retail Volume,2018,0.0
Western Europe,Coffee,Appliances and Electronics Specialists,Retail Volume,2018,0.0
Western Europe,Coffee,Home Products Specialists,Retail Volume,2018,0.0
Western Europe,Coffee,Health and Beauty Specialists,Retail Volume,2018,1.1
Western Europe,Coffee,Leisure and Personal Goods Specialists,Retail Volume,2018,0.0
Western Europe,Coffee,Other Non-Grocery Retailers,Retail Volume,2018,0.0
Western Europe,Coffee,Vending,Retail Volume,2018,1.0
Western Europe,Coffee,Direct Selling,Retail Volume,2018,0.0
Western Europe,Coffee,Retail E-Commerce,Retail Volume,2018,3.4
Western Europe,RTD Coffee,Retail Channels,Off-trade Volume,2018,100.0
Western Europe,RTD Coffee,Retail Offline,Off-trade Volume,2018,99.1
Western Europe,RTD Coffee,Grocery Retailers,Off-trade Volume,2018,96.5
Western Europe,RTD Coffee,Convenience Retailers,Off-trade Volume,2018,14.3
Western Europe,RTD Coffee,Convenience Stores,Off-trade Volume,2018,5.6
Western Europe,RTD Coffee,Forecourt Retailers,Off-trade Volume,2018,8.6
Western Europe,RTD Coffee,Supermarkets,Off-trade Volume,2018,42.9
Western Europe,RTD Coffee,Hypermarkets,Off-trade Volume,2018,16.8
Western Europe,RTD Coffee,Discounters,Off-trade Volume,2018,15.8
Western Europe,RTD Coffee,Warehouse Clubs,Off-trade Volume,2018,0.0
Western Europe,RTD Coffee,Food/drink/tobacco specialists,Off-trade Volume,2018,0.2
Western Europe,RTD Coffee,Small Local Grocers,Off-trade Volume,2018,6.5
Western Europe,RTD Coffee,Non-Grocery Retailers,Off-trade Volume,2018,2.0
Western Europe,RTD Coffee,General Merchandise Stores,Off-trade Volume,2018,0.0
Western Europe,RTD Coffee,Apparel and Footwear Specialists,Off-trade Volume,2018,0.0
Western Europe,RTD Coffee,Appliances and Electronics Specialists,Off-trade Volume,2018,0.0
Western Europe,RTD Coffee,Home Products Specialists,Off-trade Volume,2018,0.0
Western Europe,RTD Coffee,Health and Beauty Specialists,Off-trade Volume,2018,2.0
Western Europe,RTD Coffee,Leisure and Personal Goods Specialists,Off-trade Volume,2018,0.0
Western Europe,RTD Coffee,Other Non-Grocery Retailers,Off-trade Volume,2018,0.0
Western Europe,RTD Coffee,Vending,Off-trade Volume,2018,0.6
Western Europe,RTD Coffee,Direct Selling,Off-trade Volume,2018,0.0
Western Europe,RTD Coffee,Retail E-Commerce,Off-trade Volume,2018,0.9
France,Coffee,Retail Channels,Retail Volume,2018,100.0
France,Coffee,Retail Offline,Retail Volume,2018,93.2
France,Coffee,Grocery Retailers,Retail Volume,2018,92.2
France,Coffee,Convenience Retailers,Retail Volume,2018,1.0
France,Coffee,Convenience Stores,Retail Volume,2018,1.0
France,Coffee,Forecourt Retailers,Retail Volume,2018,0.0
France,Coffee,Supermarkets,Retail Volume,2018,25.4
France,Coffee,Hypermarkets,Retail Volume,2018,36.1
France,Coffee,Discounters,Retail Volume,2018,12.5
France,Coffee,Warehouse Clubs,Retail Volume,2018,0.0
France,Coffee,Food/drink/tobacco specialists,Retail Volume,2018,16.5
France,Coffee,Small Local Grocers,Retail Volume,2018,0.6
France,Coffee,Non-Grocery Retailers,Retail Volume,2018,0.7
France,Coffee,General Merchandise Stores,Retail Volume,2018,0.0
France,Coffee,Apparel and Footwear Specialists,Retail Volume,2018,0.0
France,Coffee,Appliances and Electronics Specialists,Retail Volume,2018,0.0
France,Coffee,Home Products Specialists,Retail Volume,2018,0.0
France,Coffee,Health and Beauty Specialists,Retail Volume,2018,0.7
France,Coffee,Leisure and Personal Goods Specialists,Retail Volume,2018,0.0
France,Coffee,Other Non-Grocery Retailers,Retail Volume,2018,0.0
France,Coffee,Vending,Retail Volume,2018,0.3
France,Coffee,Direct Selling,Retail Volume,2018,0.0
France,Coffee,Retail E-Commerce,Retail Volume,2018,6.8
France,RTD Coffee,Retail Channels,Off-trade Volume,2018,100.0
France,RTD Coffee,Retail Offline,Off-trade Volume,2018,99.2
France,RTD Coffee,Grocery Retailers,Off-trade Volume,2018,98.7
France,RTD Coffee,Convenience Retailers,Off-trade Volume,2018,38.5
France,RTD Coffee,Convenience Stores,Off-trade Volume,2018,17.5
France,RTD Coffee,Forecourt Retailers,Off-trade Volume,2018,21.0
France,RTD Coffee,Supermarkets,Off-trade Volume,2018,25.9
France,RTD Coffee,Hypermarkets,Off-trade Volume,2018,31.6
France,RTD Coffee,Discounters,Off-trade Volume,2018,0.6
France,RTD Coffee,Warehouse Clubs,Off-trade Volume,2018,0.0
France,RTD Coffee,Food/drink/tobacco specialists,Off-trade Volume,2018,0.0
France,RTD Coffee,Small Local Grocers,Off-trade Volume,2018,2.0
France,RTD Coffee,Non-Grocery Retailers,Off-trade Volume,2018,0.0
France,RTD Coffee,General Merchandise Stores,Off-trade Volume,2018,0.0
France,RTD Coffee,Apparel and Footwear Specialists,Off-trade Volume,2018,0.0
France,RTD Coffee,Appliances and Electronics Specialists,Off-trade Volume,2018,0.0
France,RTD Coffee,Home Products Specialists,Off-trade Volume,2018,0.0
France,RTD Coffee,Health and Beauty Specialists,Off-trade Volume,2018,0.0
France,RTD Coffee,Leisure and Personal Goods Specialists,Off-trade Volume,2018,0.0
France,RTD Coffee,Other Non-Grocery Retailers,Off-trade Volume,2018,0.0
France,RTD Coffee,Vending,Off-trade Volume,2018,0.4
France,RTD Coffee,Direct Selling,Off-trade Volume,2018,0.0
France,RTD Coffee,Retail E-Commerce,Off-trade Volume,2018,0.8
Germany,Coffee,Retail Channels,Retail Volume,2018,100.0
Germany,Coffee,Retail Offline,Retail Volume,2018,97.5
Germany,Coffee,Grocery Retailers,Retail Volume,2018,93.9
Germany,Coffee,Convenience Retailers,Retail Volume,2018,0.8
Germany,Coffee,Convenience Stores,Retail Volume,2018,0.4
Germany,Coffee,Forecourt Retailers,Retail Volume,2018,0.4
Germany,Coffee,Supermarkets,Retail Volume,2018,24.6
Germany,Coffee,Hypermarkets,Retail Volume,2018,19.3
Germany,Coffee,Discounters,Retail Volume,2018,45.5
Germany,Coffee,Warehouse Clubs,Retail Volume,2018,0.0
Germany,Coffee,Food/drink/tobacco specialists,Retail Volume,2018,2.7
Germany,Coffee,Small Local Grocers,Retail Volume,2018,1.0
Germany,Coffee,Non-Grocery Retailers,Retail Volume,2018,3.1
Germany,Coffee,General Merchandise Stores,Retail Volume,2018,1.9
Germany,Coffee,Apparel and Footwear Specialists,Retail Volume,2018,0.0
Germany,Coffee,Appliances and Electronics Specialists,Retail Volume,2018,0.0
Germany,Coffee,Home Products Specialists,Retail Volume,2018,0.0
Germany,Coffee,Health and Beauty Specialists,Retail Volume,2018,1.2
Germany,Coffee,Leisure and Personal Goods Specialists,Retail Volume,2018,0.0
Germany,Coffee,Other Non-Grocery Retailers,Retail Volume,2018,0.0
Germany,Coffee,Vending,Retail Volume,2018,0.5
Germany,Coffee,Direct Selling,Retail Volume,2018,0.0
Germany,Coffee,Retail E-Commerce,Retail Volume,2018,2.5
Germany,RTD Coffee,Retail Channels,Off-trade Volume,2018,100.0
Germany,RTD Coffee,Retail Offline,Off-trade Volume,2018,99.0
Germany,RTD Coffee,Grocery Retailers,Off-trade Volume,2018,94.2
Germany,RTD Coffee,Convenience Retailers,Off-trade Volume,2018,14.1
Germany,RTD Coffee,Convenience Stores,Off-trade Volume,2018,0.1
Germany,RTD Coffee,Forecourt Retailers,Off-trade Volume,2018,14.0
Germany,RTD Coffee,Supermarkets,Off-trade Volume,2018,28.8
Germany,RTD Coffee,Hypermarkets,Off-trade Volume,2018,17.9
Germany,RTD Coffee,Discounters,Off-trade Volume,2018,24.2
Germany,RTD Coffee,Warehouse Clubs,Off-trade Volume,2018,0.0
Germany,RTD Coffee,Food/drink/tobacco specialists,Off-trade Volume,2018,0.2
Germany,RTD Coffee,Small Local Grocers,Off-trade Volume,2018,9.1
Germany,RTD Coffee,Non-Grocery Retailers,Off-trade Volume,2018,4.4
Germany,RTD Coffee,General Merchandise Stores,Off-trade Volume,2018,0.0
Germany,RTD Coffee,Apparel and Footwear Specialists,Off-trade Volume,2018,0.0
Germany,RTD Coffee,Appliances and Electronics Specialists,Off-trade Volume,2018,0.0
Germany,RTD Coffee,Home Products Specialists,Off-trade Volume,2018,0.0
Germany,RTD Coffee,Health and Beauty Specialists,Off-trade Volume,2018,4.4
Germany,RTD Coffee,Leisure and Personal Goods Specialists,Off-trade Volume,2018,0.0
Germany,RTD Coffee,Other Non-Grocery Retailers,Off-trade Volume,2018,0.0
Germany,RTD Coffee,Vending,Off-trade Volume,2018,0.4
Germany,RTD Coffee,Direct Selling,Off-trade Volume,2018,0.0
Germany,RTD Coffee,Retail E-Commerce,Off-trade Volume,2018,1.0
United Kingdom,Coffee,Retail Channels,Retail Volume,2018,100.0
United Kingdom,Coffee,Retail Offline,Retail Volume,2018,91.5
United Kingdom,Coffee,Grocery Retailers,Retail Volume,2018,88.4
United Kingdom,Coffee,Convenience Retailers,Retail Volume,2018,4.8
United Kingdom,Coffee,Convenience Stores,Retail Volume,2018,4.5
United Kingdom,Coffee,Forecourt Retailers,Retail Volume,2018,0.2
United Kingdom,Coffee,Supermarkets,Retail Volume,2018,38.2
United Kingdom,Coffee,Hypermarkets,Retail Volume,2018,35.8
United Kingdom,Coffee,Discounters,Retail Volume,2018,7.3
United Kingdom,Coffee,Warehouse Clubs,Retail Volume,2018,0.1
United Kingdom,Coffee,Food/drink/tobacco specialists,Retail Volume,2018,1.3
United Kingdom,Coffee,Small Local Grocers,Retail Volume,2018,1.0
United Kingdom,Coffee,Non-Grocery Retailers,Retail Volume,2018,2.6
United Kingdom,Coffee,General Merchandise Stores,Retail Volume,2018,2.6
United Kingdom,Coffee,Apparel and Footwear Specialists,Retail Volume,2018,0.0
United Kingdom,Coffee,Appliances and Electronics Specialists,Retail Volume,2018,0.0
United Kingdom,Coffee,Home Products Specialists,Retail Volume,2018,0.0
United Kingdom,Coffee,Health and Beauty Specialists,Retail Volume,2018,0.0
United Kingdom,Coffee,Leisure and Personal Goods Specialists,Retail Volume,2018,0.0
United Kingdom,Coffee,Other Non-Grocery Retailers,Retail Volume,2018,0.0
United Kingdom,Coffee,Vending,Retail Volume,2018,0.6
United Kingdom,Coffee,Direct Selling,Retail Volume,2018,0.0
United Kingdom,Coffee,Retail E-Commerce,Retail Volume,2018,8.5
United Kingdom,RTD Coffee,Retail Channels,Off-trade Volume,2018,100.0
United Kingdom,RTD Coffee,Retail Offline,Off-trade Volume,2018,98.3
United Kingdom,RTD Coffee,Grocery Retailers,Off-trade Volume,2018,98.0
United Kingdom,RTD Coffee,Convenience Retailers,Off-trade Volume,2018,12.8
United Kingdom,RTD Coffee,Convenience Stores,Off-trade Volume,2018,9.3
United Kingdom,RTD Coffee,Forecourt Retailers,Off-trade Volume,2018,3.5
United Kingdom,RTD Coffee,Supermarkets,Off-trade Volume,2018,33.4
United Kingdom,RTD Coffee,Hypermarkets,Off-trade Volume,2018,36.2
United Kingdom,RTD Coffee,Discounters,Off-trade Volume,2018,0.0
United Kingdom,RTD Coffee,Warehouse Clubs,Off-trade Volume,2018,0.0
United Kingdom,RTD Coffee,Food/drink/tobacco specialists,Off-trade Volume,2018,0.0
United Kingdom,RTD Coffee,Small Local Grocers,Off-trade Volume,2018,15.6
United Kingdom,RTD Coffee,Non-Grocery Retailers,Off-trade Volume,2018,0.2
United Kingdom,RTD Coffee,General Merchandise Stores,Off-trade Volume,2018,0.0
United Kingdom,RTD Coffee,Apparel and Footwear Specialists,Off-trade Volume,2018,0.0
United Kingdom,RTD Coffee,Appliances and Electronics Specialists,Off-trade Volume,2018,0.0
United Kingdom,RTD Coffee,Home Products Specialists,Off-trade Volume,2018,0.0
United Kingdom,RTD Coffee,Health and Beauty Specialists,Off-trade Volume,2018,0.2
United Kingdom,RTD Coffee,Leisure and Personal Goods Specialists,Off-trade Volume,2018,0.0
United Kingdom,RTD Coffee,Other Non-Grocery Retailers,Off-trade Volume,2018,0.0
United Kingdom,RTD Coffee,Vending,Off-trade Volume,2018,0.0
United Kingdom,RTD Coffee,Direct Selling,Off-trade Volume,2018,0.0
United Kingdom,RTD Coffee,Retail E-Commerce,Off-trade Volume,2018,1.7
World,Coffee,Retail Channels,Retail Volume,2019,100.0
World,Coffee,Retail Offline,Retail Volume,2019,96.7
World,Coffee,Grocery Retailers,Retail Volume,2019,94.2
World,Coffee,Convenience Retailers,Retail Volume,2019,5.4
World,Coffee,Convenience Stores,Retail Volume,2019,4.4
World,Coffee,Forecourt Retailers,Retail Volume,2019,1.0
World,Coffee,Supermarkets,Retail Volume,2019,29.0
World,Coffee,Hypermarkets,Retail Volume,2019,20.7
World,Coffee,Discounters,Retail Volume,2019,7.2
World,Coffee,Warehouse Clubs,Retail Volume,2019,1.3
World,Coffee,Food/drink/tobacco specialists,Retail Volume,2019,2.6
World,Coffee,Small Local Grocers,Retail Volume,2019,28.1
World,Coffee,Non-Grocery Retailers,Retail Volume,2019,1.8
World,Coffee,General Merchandise Stores,Retail Volume,2019,1.1
World,Coffee,Apparel and Footwear Specialists,Retail Volume,2019,0.0
World,Coffee,Appliances and Electronics Specialists,Retail Volume,2019,0.0
World,Coffee,Home Products Specialists,Retail Volume,2019,0.0
World,Coffee,Health and Beauty Specialists,Retail Volume,2019,0.6
World,Coffee,Leisure and Personal Goods Specialists,Retail Volume,2019,0.0
World,Coffee,Other Non-Grocery Retailers,Retail Volume,2019,0.1
World,Coffee,Vending,Retail Volume,2019,0.6
World,Coffee,Direct Selling,Retail Volume,2019,0.1
World,Coffee,Retail E-Commerce,Retail Volume,2019,3.3
World,RTD Coffee,Retail Channels,Off-trade Volume,2019,100.0
World,RTD Coffee,Retail Offline,Off-trade Volume,2019,97.9
World,RTD Coffee,Grocery Retailers,Off-trade Volume,2019,71.4
World,RTD Coffee,Convenience Retailers,Off-trade Volume,2019,26.1
World,RTD Coffee,Convenience Stores,Off-trade Volume,2019,22.1
World,RTD Coffee,Forecourt Retailers,Off-trade Volume,2019,4.0
World,RTD Coffee,Supermarkets,Off-trade Volume,2019,22.1
World,RTD Coffee,Hypermarkets,Off-trade Volume,2019,10.1
World,RTD Coffee,Discounters,Off-trade Volume,2019,1.0
World,RTD Coffee,Warehouse Clubs,Off-trade Volume,2019,2.2
World,RTD Coffee,Food/drink/tobacco specialists,Off-trade Volume,2019,0.0
World,RTD Coffee,Small Local Grocers,Off-trade Volume,2019,9.9
World,RTD Coffee,Non-Grocery Retailers,Off-trade Volume,2019,11.0
World,RTD Coffee,General Merchandise Stores,Off-trade Volume,2019,5.0
World,RTD Coffee,Apparel and Footwear Specialists,Off-trade Volume,2019,0.0
World,RTD Coffee,Appliances and Electronics Specialists,Off-trade Volume,2019,0.0
World,RTD Coffee,Home Products Specialists,Off-trade Volume,2019,0.0
World,RTD Coffee,Health and Beauty Specialists,Off-trade Volume,2019,6.0
World,RTD Coffee,Leisure and Personal Goods Specialists,Off-trade Volume,2019,0.0
World,RTD Coffee,Other Non-Grocery Retailers,Off-trade Volume,2019,0.0
World,RTD Coffee,Vending,Off-trade Volume,2019,15.4
World,RTD Coffee,Direct Selling,Off-trade Volume,2019,0.0
World,RTD Coffee,Retail E-Commerce,Off-trade Volume,2019,2.1
Asia Pacific,Coffee,Retail Channels,Retail Volume,2019,100.0
Asia Pacific,Coffee,Retail Offline,Retail Volume,2019,96.9
Asia Pacific,Coffee,Grocery Retailers,Retail Volume,2019,94.5
Asia Pacific,Coffee,Convenience Retailers,Retail Volume,2019,9.0
Asia Pacific,Coffee,Convenience Stores,Retail Volume,2019,8.0
Asia Pacific,Coffee,Forecourt Retailers,Retail Volume,2019,1.0
Asia Pacific,Coffee,Supermarkets,Retail Volume,2019,16.6
Asia Pacific,Coffee,Hypermarkets,Retail Volume,2019,17.3
Asia Pacific,Coffee,Discounters,Retail Volume,2019,0.0
Asia Pacific,Coffee,Warehouse Clubs,Retail Volume,2019,0.3
Asia Pacific,Coffee,Food/drink/tobacco specialists,Retail Volume,2019,0.7
Asia Pacific,Coffee,Small Local Grocers,Retail Volume,2019,50.5
Asia Pacific,Coffee,Non-Grocery Retailers,Retail Volume,2019,2.2
Asia Pacific,Coffee,General Merchandise Stores,Retail Volume,2019,1.4
Asia Pacific,Coffee,Apparel and Footwear Specialists,Retail Volume,2019,0.0
Asia Pacific,Coffee,Appliances and Electronics Specialists,Retail Volume,2019,0.0
Asia Pacific,Coffee,Home Products Specialists,Retail Volume,2019,0.0
Asia Pacific,Coffee,Health and Beauty Specialists,Retail Volume,2019,0.7
Asia Pacific,Coffee,Leisure and Personal Goods Specialists,Retail Volume,2019,0.0
Asia Pacific,Coffee,Other Non-Grocery Retailers,Retail Volume,2019,0.0
Asia Pacific,Coffee,Vending,Retail Volume,2019,0.1
Asia Pacific,Coffee,Direct Selling,Retail Volume,2019,0.1
Asia Pacific,Coffee,Retail E-Commerce,Retail Volume,2019,3.1
Asia Pacific,RTD Coffee,Retail Channels,Off-trade Volume,2019,100.0
Asia Pacific,RTD Coffee,Retail Offline,Off-trade Volume,2019,98.3
Asia Pacific,RTD Coffee,Grocery Retailers,Off-trade Volume,2019,67.5
Asia Pacific,RTD Coffee,Convenience Retailers,Off-trade Volume,2019,26.2
Asia Pacific,RTD Coffee,Convenience Stores,Off-trade Volume,2019,25.4
Asia Pacific,RTD Coffee,Forecourt Retailers,Off-trade Volume,2019,0.8
Asia Pacific,RTD Coffee,Supermarkets,Off-trade Volume,2019,21.1
Asia Pacific,RTD Coffee,Hypermarkets,Off-trade Volume,2019,8.2
Asia Pacific,RTD Coffee,Discounters,Off-trade Volume,2019,0.0
Asia Pacific,RTD Coffee,Warehouse Clubs,Off-trade Volume,2019,1.2
Asia Pacific,RTD Coffee,Food/drink/tobacco specialists,Off-trade Volume,2019,0.0
Asia Pacific,RTD Coffee,Small Local Grocers,Off-trade Volume,2019,10.7
Asia Pacific,RTD Coffee,Non-Grocery Retailers,Off-trade Volume,2019,12.5
Asia Pacific,RTD Coffee,General Merchandise Stores,Off-trade Volume,2019,5.5
Asia Pacific,RTD Coffee,Apparel and Footwear Specialists,Off-trade Volume,2019,0.0
Asia Pacific,RTD Coffee,Appliances and Electronics Specialists,Off-trade Volume,2019,0.0
Asia Pacific,RTD Coffee,Home Products Specialists,Off-trade Volume,2019,0.0
Asia Pacific,RTD Coffee,Health and Beauty Specialists,Off-trade Volume,2019,7.0
Asia Pacific,RTD Coffee,Leisure and Personal Goods Specialists,Off-trade Volume,2019,0.0
Asia Pacific,RTD Coffee,Other Non-Grocery Retailers,Off-trade Volume,2019,0.0
Asia Pacific,RTD Coffee,Vending,Off-trade Volume,2019,18.2
Asia Pacific,RTD Coffee,Direct Selling,Off-trade Volume,2019,0.0
Asia Pacific,RTD Coffee,Retail E-Commerce,Off-trade Volume,2019,1.7
China,Coffee,Retail Channels,Retail Volume,2019,100.0
China,Coffee,Retail Offline,Retail Volume,2019,74.2
China,Coffee,Grocery Retailers,Retail Volume,2019,74.2
China,Coffee,Convenience Retailers,Retail Volume,2019,5.5
China,Coffee,Convenience Stores,Retail Volume,2019,5.5
China,Coffee,Forecourt Retailers,Retail Volume,2019,0.0
China,Coffee,Supermarkets,Retail Volume,2019,28.2
China,Coffee,Hypermarkets,Retail Volume,2019,35.7
China,Coffee,Discounters,Retail Volume,2019,0.0
China,Coffee,Warehouse Clubs,Retail Volume,2019,0.0
China,Coffee,Food/drink/tobacco specialists,Retail Volume,2019,0.0
China,Coffee,Small Local Grocers,Retail Volume,2019,4.8
China,Coffee,Non-Grocery Retailers,Retail Volume,2019,0.0
China,Coffee,General Merchandise Stores,Retail Volume,2019,0.0
China,Coffee,Apparel and Footwear Specialists,Retail Volume,2019,0.0
China,Coffee,Appliances and Electronics Specialists,Retail Volume,2019,0.0
China,Coffee,Home Products Specialists,Retail Volume,2019,0.0
China,Coffee,Health and Beauty Specialists,Retail Volume,2019,0.0
China,Coffee,Leisure and Personal Goods Specialists,Retail Volume,2019,0.0
China,Coffee,Other Non-Grocery Retailers,Retail Volume,2019,0.0
China,Coffee,Vending,Retail Volume,2019,0.0
China,Coffee,Direct Selling,Retail Volume,2019,0.0
China,Coffee,Retail E-Commerce,Retail Volume,2019,25.8
China,RTD Coffee,Retail Channels,Off-trade Volume,2019,100.0
China,RTD Coffee,Retail Offline,Off-trade Volume,2019,97.7
China,RTD Coffee,Grocery Retailers,Off-trade Volume,2019,95.6
China,RTD Coffee,Convenience Retailers,Off-trade Volume,2019,11.9
China,RTD Coffee,Convenience Stores,Off-trade Volume,2019,9.0
China,RTD Coffee,Forecourt Retailers,Off-trade Volume,2019,2.9
China,RTD Coffee,Supermarkets,Off-trade Volume,2019,36.3
China,RTD Coffee,Hypermarkets,Off-trade Volume,2019,13.4
China,RTD Coffee,Discounters,Off-trade Volume,2019,0.4
China,RTD Coffee,Warehouse Clubs,Off-trade Volume,2019,0.0
China,RTD Coffee,Food/drink/tobacco specialists,Off-trade Volume,2019,0.0
China,RTD Coffee,Small Local Grocers,Off-trade Volume,2019,33.6
China,RTD Coffee,Non-Grocery Retailers,Off-trade Volume,2019,0.0
China,RTD Coffee,General Merchandise Stores,Off-trade Volume,2019,0.0
China,RTD Coffee,Apparel and Footwear Specialists,Off-trade Volume,2019,0.0
China,RTD Coffee,Appliances and Electronics Specialists,Off-trade Volume,2019,0.0
China,RTD Coffee,Home Products Specialists,Off-trade Volume,2019,0.0
China,RTD Coffee,Health and Beauty Specialists,Off-trade Volume,2019,0.0
China,RTD Coffee,Leisure and Personal Goods Specialists,Off-trade Volume,2019,0.0
China,RTD Coffee,Other Non-Grocery Retailers,Off-trade Volume,2019,0.0
China,RTD Coffee,Vending,Off-trade Volume,2019,2.1
China,RTD Coffee,Direct Selling,Off-trade Volume,2019,0.0
China,RTD Coffee,Retail E-Commerce,Off-trade Volume,2019,2.3
India,Coffee,Retail Channels,Retail Volume,2019,100.0
India,Coffee,Retail Offline,Retail Volume,2019,99.4
India,Coffee,Grocery Retailers,Retail Volume,2019,99.4
India,Coffee,Convenience Retailers,Retail Volume,2019,2.0
India,Coffee,Convenience Stores,Retail Volume,2019,1.7
India,Coffee,Forecourt Retailers,Retail Volume,2019,0.2
India,Coffee,Supermarkets,Retail Volume,2019,9.2
India,Coffee,Hypermarkets,Retail Volume,2019,7.1
India,Coffee,Discounters,Retail Volume,2019,0.0
India,Coffee,Warehouse Clubs,Retail Volume,2019,0.0
India,Coffee,Food/drink/tobacco specialists,Retail Volume,2019,0.0
India,Coffee,Small Local Grocers,Retail Volume,2019,81.2
India,Coffee,Non-Grocery Retailers,Retail Volume,2019,0.0
India,Coffee,General Merchandise Stores,Retail Volume,2019,0.0
India,Coffee,Apparel and Footwear Specialists,Retail Volume,2019,0.0
India,Coffee,Appliances and Electronics Specialists,Retail Volume,2019,0.0
India,Coffee,Home Products Specialists,Retail Volume,2019,0.0
India,Coffee,Health and Beauty Specialists,Retail Volume,2019,0.0
India,Coffee,Leisure and Personal Goods Specialists,Retail Volume,2019,0.0
India,Coffee,Other Non-Grocery Retailers,Retail Volume,2019,0.0
India,Coffee,Vending,Retail Volume,2019,0.0
India,Coffee,Direct Selling,Retail Volume,2019,0.0
India,Coffee,Retail E-Commerce,Retail Volume,2019,0.6
India,RTD Coffee,Retail Channels,Off-trade Volume,2019,0.0
India,RTD Coffee,Retail Offline,Off-trade Volume,2019,0.0
India,RTD Coffee,Grocery Retailers,Off-trade Volume,2019,0.0
India,RTD Coffee,Convenience Retailers,Off-trade Volume,2019,0.0
India,RTD Coffee,Convenience Stores,Off-trade Volume,2019,0.0
India,RTD Coffee,Forecourt Retailers,Off-trade Volume,2019,0.0
India,RTD Coffee,Supermarkets,Off-trade Volume,2019,0.0
India,RTD Coffee,Hypermarkets,Off-trade Volume,2019,0.0
India,RTD Coffee,Discounters,Off-trade Volume,2019,0.0
India,RTD Coffee,Warehouse Clubs,Off-trade Volume,2019,0.0
India,RTD Coffee,Food/drink/tobacco specialists,Off-trade Volume,2019,0.0
India,RTD Coffee,Small Local Grocers,Off-trade Volume,2019,0.0
India,RTD Coffee,Non-Grocery Retailers,Off-trade Volume,2019,0.0
India,RTD Coffee,General Merchandise Stores,Off-trade Volume,2019,0.0
India,RTD Coffee,Apparel and Footwear Specialists,Off-trade Volume,2019,0.0
India,RTD Coffee,Appliances and Electronics Specialists,Off-trade Volume,2019,0.0
India,RTD Coffee,Home Products Specialists,Off-trade Volume,2019,0.0
India,RTD Coffee,Health and Beauty Specialists,Off-trade Volume,2019,0.0
India,RTD Coffee,Leisure and Personal Goods Specialists,Off-trade Volume,2019,0.0
India,RTD Coffee,Other Non-Grocery Retailers,Off-trade Volume,2019,0.0
India,RTD Coffee,Vending,Off-trade Volume,2019,0.0
India,RTD Coffee,Direct Selling,Off-trade Volume,2019,0.0
India,RTD Coffee,Retail E-Commerce,Off-trade Volume,2019,0.0
Japan,Coffee,Retail Channels,Retail Volume,2019,100.0
Japan,Coffee,Retail Offline,Retail Volume,2019,90.5
Japan,Coffee,Grocery Retailers,Retail Volume,2019,70.0
Japan,Coffee,Convenience Retailers,Retail Volume,2019,3.4
Japan,Coffee,Convenience Stores,Retail Volume,2019,3.4
Japan,Coffee,Forecourt Retailers,Retail Volume,2019,0.0
Japan,Coffee,Supermarkets,Retail Volume,2019,47.4
Japan,Coffee,Hypermarkets,Retail Volume,2019,10.7
Japan,Coffee,Discounters,Retail Volume,2019,0.0
Japan,Coffee,Warehouse Clubs,Retail Volume,2019,2.7
Japan,Coffee,Food/drink/tobacco specialists,Retail Volume,2019,0.0
Japan,Coffee,Small Local Grocers,Retail Volume,2019,5.8
Japan,Coffee,Non-Grocery Retailers,Retail Volume,2019,19.7
Japan,Coffee,General Merchandise Stores,Retail Volume,2019,13.4
Japan,Coffee,Apparel and Footwear Specialists,Retail Volume,2019,0.0
Japan,Coffee,Appliances and Electronics Specialists,Retail Volume,2019,0.0
Japan,Coffee,Home Products Specialists,Retail Volume,2019,0.0
Japan,Coffee,Health and Beauty Specialists,Retail Volume,2019,6.4
Japan,Coffee,Leisure and Personal Goods Specialists,Retail Volume,2019,0.0
Japan,Coffee,Other Non-Grocery Retailers,Retail Volume,2019,0.0
Japan,Coffee,Vending,Retail Volume,2019,0.8
Japan,Coffee,Direct Selling,Retail Volume,2019,0.0
Japan,Coffee,Retail E-Commerce,Retail Volume,2019,9.5
Japan,RTD Coffee,Retail Channels,Off-trade Volume,2019,100.0
Japan,RTD Coffee,Retail Offline,Off-trade Volume,2019,99.4
Japan,RTD Coffee,Grocery Retailers,Off-trade Volume,2019,57.4
Japan,RTD Coffee,Convenience Retailers,Off-trade Volume,2019,22.5
Japan,RTD Coffee,Convenience Stores,Off-trade Volume,2019,22.5
Japan,RTD Coffee,Forecourt Retailers,Off-trade Volume,2019,0.0
Japan,RTD Coffee,Supermarkets,Off-trade Volume,2019,22.6
Japan,RTD Coffee,Hypermarkets,Off-trade Volume,2019,5.8
Japan,RTD Coffee,Discounters,Off-trade Volume,2019,0.0
Japan,RTD Coffee,Warehouse Clubs,Off-trade Volume,2019,1.4
Japan,RTD Coffee,Food/drink/tobacco specialists,Off-trade Volume,2019,0.0
Japan,RTD Coffee,Small Local Grocers,Off-trade Volume,2019,5.0
Japan,RTD Coffee,Non-Grocery Retailers,Off-trade Volume,2019,16.8
Japan,RTD Coffee,General Merchandise Stores,Off-trade Volume,2019,7.2
Japan,RTD Coffee,Apparel and Footwear Specialists,Off-trade Volume,2019,0.0
Japan,RTD Coffee,Appliances and Electronics Specialists,Off-trade Volume,2019,0.0
Japan,RTD Coffee,Home Products Specialists,Off-trade Volume,2019,0.0
Japan,RTD Coffee,Health and Beauty Specialists,Off-trade Volume,2019,9.5
Japan,RTD Coffee,Leisure and Personal Goods Specialists,Off-trade Volume,2019,0.0
Japan,RTD Coffee,Other Non-Grocery Retailers,Off-trade Volume,2019,0.0
Japan,RTD Coffee,Vending,Off-trade Volume,2019,25.3
Japan,RTD Coffee,Direct Selling,Off-trade Volume,2019,0.0
Japan,RTD Coffee,Retail E-Commerce,Off-trade Volume,2019,0.6
Thailand,Coffee,Retail Channels,Retail Volume,2019,100.0
Thailand,Coffee,Retail Offline,Retail Volume,2019,98.4
Thailand,Coffee,Grocery Retailers,Retail Volume,2019,98.4
Thailand,Coffee,Convenience Retailers,Retail Volume,2019,29.3
Thailand,Coffee,Convenience Stores,Retail Volume,2019,16.7
Thailand,Coffee,Forecourt Retailers,Retail Volume,2019,12.6
Thailand,Coffee,Supermarkets,Retail Volume,2019,6.7
Thailand,Coffee,Hypermarkets,Retail Volume,2019,24.7
Thailand,Coffee,Discounters,Retail Volume,2019,0.0
Thailand,Coffee,Warehouse Clubs,Retail Volume,2019,0.0
Thailand,Coffee,Food/drink/tobacco specialists,Retail Volume,2019,0.0
Thailand,Coffee,Small Local Grocers,Retail Volume,2019,37.7
Thailand,Coffee,Non-Grocery Retailers,Retail Volume,2019,0.0
Thailand,Coffee,General Merchandise Stores,Retail Volume,2019,0.0
Thailand,Coffee,Apparel and Footwear Specialists,Retail Volume,2019,0.0
Thailand,Coffee,Appliances and Electronics Specialists,Retail Volume,2019,0.0
Thailand,Coffee,Home Products Specialists,Retail Volume,2019,0.0
Thailand,Coffee,Health and Beauty Specialists,Retail Volume,2019,0.0
Thailand,Coffee,Leisure and Personal Goods Specialists,Retail Volume,2019,0.0
Thailand,Coffee,Other Non-Grocery Retailers,Retail Volume,2019,0.0
Thailand,Coffee,Vending,Retail Volume,2019,0.0
Thailand,Coffee,Direct Selling,Retail Volume,2019,0.0
Thailand,Coffee,Retail E-Commerce,Retail Volume,2019,1.6
Thailand,RTD Coffee,Retail Channels,Off-trade Volume,2019,100.0
Thailand,RTD Coffee,Retail Offline,Off-trade Volume,2019,98.6
Thailand,RTD Coffee,Grocery Retailers,Off-trade Volume,2019,91.7
Thailand,RTD Coffee,Convenience Retailers,Off-trade Volume,2019,27.4
Thailand,RTD Coffee,Convenience Stores,Off-trade Volume,2019,15.6
Thailand,RTD Coffee,Forecourt Retailers,Off-trade Volume,2019,11.8
Thailand,RTD Coffee,Supermarkets,Off-trade Volume,2019,5.1
Thailand,RTD Coffee,Hypermarkets,Off-trade Volume,2019,23.3
Thailand,RTD Coffee,Discounters,Off-trade Volume,2019,0.0
Thailand,RTD Coffee,Warehouse Clubs,Off-trade Volume,2019,0.0
Thailand,RTD Coffee,Food/drink/tobacco specialists,Off-trade Volume,2019,0.0
Thailand,RTD Coffee,Small Local Grocers,Off-trade Volume,2019,35.9
Thailand,RTD Coffee,Non-Grocery Retailers,Off-trade Volume,2019,0.0
Thailand,RTD Coffee,General Merchandise Stores,Off-trade Volume,2019,0.0
Thailand,RTD Coffee,Apparel and Footwear Specialists,Off-trade Volume,2019,0.0
Thailand,RTD Coffee,Appliances and Electronics Specialists,Off-trade Volume,2019,0.0
Thailand,RTD Coffee,Home Products Specialists,Off-trade Volume,2019,0.0
Thailand,RTD Coffee,Health and Beauty Specialists,Off-trade Volume,2019,0.0
Thailand,RTD Coffee,Leisure and Personal Goods Specialists,Off-trade Volume,2019,0.0
Thailand,RTD Coffee,Other Non-Grocery Retailers,Off-trade Volume,2019,0.0
Thailand,RTD Coffee,Vending,Off-trade Volume,2019,6.9
Thailand,RTD Coffee,Direct Selling,Off-trade Volume,2019,0.0
Thailand,RTD Coffee,Retail E-Commerce,Off-trade Volume,2019,1.4
Australasia,Coffee,Retail Channels,Retail Volume,2019,100.0
Australasia,Coffee,Retail Offline,Retail Volume,2019,94.2
Australasia,Coffee,Grocery Retailers,Retail Volume,2019,93.9
Australasia,Coffee,Convenience Retailers,Retail Volume,2019,6.3
Australasia,Coffee,Convenience Stores,Retail Volume,2019,3.4
Australasia,Coffee,Forecourt Retailers,Retail Volume,2019,2.9
Australasia,Coffee,Supermarkets,Retail Volume,2019,70.8
Australasia,Coffee,Hypermarkets,Retail Volume,2019,0.0
Australasia,Coffee,Discounters,Retail Volume,2019,13.7
Australasia,Coffee,Warehouse Clubs,Retail Volume,2019,0.0
Australasia,Coffee,Food/drink/tobacco specialists,Retail Volume,2019,0.0
Australasia,Coffee,Small Local Grocers,Retail Volume,2019,3.1
Australasia,Coffee,Non-Grocery Retailers,Retail Volume,2019,0.1
Australasia,Coffee,General Merchandise Stores,Retail Volume,2019,0.0
Australasia,Coffee,Apparel and Footwear Specialists,Retail Volume,2019,0.0
Australasia,Coffee,Appliances and Electronics Specialists,Retail Volume,2019,0.0
Australasia,Coffee,Home Products Specialists,Retail Volume,2019,0.0
Australasia,Coffee,Health and Beauty Specialists,Retail Volume,2019,0.1
Australasia,Coffee,Leisure and Personal Goods Specialists,Retail Volume,2019,0.0
Australasia,Coffee,Other Non-Grocery Retailers,Retail Volume,2019,0.0
Australasia,Coffee,Vending,Retail Volume,2019,0.1
Australasia,Coffee,Direct Selling,Retail Volume,2019,0.0
Australasia,Coffee,Retail E-Commerce,Retail Volume,2019,5.8
Australasia,RTD Coffee,Retail Channels,Off-trade Volume,2019,100.0
Australasia,RTD Coffee,Retail Offline,Off-trade Volume,2019,93.0
Australasia,RTD Coffee,Grocery Retailers,Off-trade Volume,2019,92.1
Australasia,RTD Coffee,Convenience Retailers,Off-trade Volume,2019,31.6
Australasia,RTD Coffee,Convenience Stores,Off-trade Volume,2019,8.2
Australasia,RTD Coffee,Forecourt Retailers,Off-trade Volume,2019,23.4
Australasia,RTD Coffee,Supermarkets,Off-trade Volume,2019,55.1
Australasia,RTD Coffee,Hypermarkets,Off-trade Volume,2019,0.0
Australasia,RTD Coffee,Discounters,Off-trade Volume,2019,1.3
Australasia,RTD Coffee,Warehouse Clubs,Off-trade Volume,2019,0.0
Australasia,RTD Coffee,Food/drink/tobacco specialists,Off-trade Volume,2019,0.0
Australasia,RTD Coffee,Small Local Grocers,Off-trade Volume,2019,4.0
Australasia,RTD Coffee,Non-Grocery Retailers,Off-trade Volume,2019,0.0
Australasia,RTD Coffee,General Merchandise Stores,Off-trade Volume,2019,0.0
Australasia,RTD Coffee,Apparel and Footwear Specialists,Off-trade Volume,2019,0.0
Australasia,RTD Coffee,Appliances and Electronics Specialists,Off-trade Volume,2019,0.0
Australasia,RTD Coffee,Home Products Specialists,Off-trade Volume,2019,0.0
Australasia,RTD Coffee,Health and Beauty Specialists,Off-trade Volume,2019,0.0
Australasia,RTD Coffee,Leisure and Personal Goods Specialists,Off-trade Volume,2019,0.0
Australasia,RTD Coffee,Other Non-Grocery Retailers,Off-trade Volume,2019,0.0
Australasia,RTD Coffee,Vending,Off-trade Volume,2019,0.9
Australasia,RTD Coffee,Direct Selling,Off-trade Volume,2019,0.0
Australasia,RTD Coffee,Retail E-Commerce,Off-trade Volume,2019,7.0
Australia,Coffee,Retail Channels,Retail Volume,2019,100.0
Australia,Coffee,Retail Offline,Retail Volume,2019,93.9
Australia,Coffee,Grocery Retailers,Retail Volume,2019,93.9
Australia,Coffee,Convenience Retailers,Retail Volume,2019,6.9
Australia,Coffee,Convenience Stores,Retail Volume,2019,3.6
Australia,Coffee,Forecourt Retailers,Retail Volume,2019,3.2
Australia,Coffee,Supermarkets,Retail Volume,2019,67.9
Australia,Coffee,Hypermarkets,Retail Volume,2019,0.0
Australia,Coffee,Discounters,Retail Volume,2019,15.9
Australia,Coffee,Warehouse Clubs,Retail Volume,2019,0.0
Australia,Coffee,Food/drink/tobacco specialists,Retail Volume,2019,0.0
Australia,Coffee,Small Local Grocers,Retail Volume,2019,3.2
Australia,Coffee,Non-Grocery Retailers,Retail Volume,2019,0.0
Australia,Coffee,General Merchandise Stores,Retail Volume,2019,0.0
Australia,Coffee,Apparel and Footwear Specialists,Retail Volume,2019,0.0
Australia,Coffee,Appliances and Electronics Specialists,Retail Volume,2019,0.0
Australia,Coffee,Home Products Specialists,Retail Volume,2019,0.0
Australia,Coffee,Health and Beauty Specialists,Retail Volume,2019,0.0
Australia,Coffee,Leisure and Personal Goods Specialists,Retail Volume,2019,0.0
Australia,Coffee,Other Non-Grocery Retailers,Retail Volume,2019,0.0
Australia,Coffee,Vending,Retail Volume,2019,0.0
Australia,Coffee,Direct Selling,Retail Volume,2019,0.0
Australia,Coffee,Retail E-Commerce,Retail Volume,2019,6.1
Australia,RTD Coffee,Retail Channels,Off-trade Volume,2019,100.0
Australia,RTD Coffee,Retail Offline,Off-trade Volume,2019,92.8
Australia,RTD Coffee,Grocery Retailers,Off-trade Volume,2019,91.9
Australia,RTD Coffee,Convenience Retailers,Off-trade Volume,2019,32.4
Australia,RTD Coffee,Convenience Stores,Off-trade Volume,2019,8.4
Australia,RTD Coffee,Forecourt Retailers,Off-trade Volume,2019,24.0
Australia,RTD Coffee,Supermarkets,Off-trade Volume,2019,54.0
Australia,RTD Coffee,Hypermarkets,Off-trade Volume,2019,0.0
Australia,RTD Coffee,Discounters,Off-trade Volume,2019,1.4
Australia,RTD Coffee,Warehouse Clubs,Off-trade Volume,2019,0.0
Australia,RTD Coffee,Food/drink/tobacco specialists,Off-trade Volume,2019,0.0
Australia,RTD Coffee,Small Local Grocers,Off-trade Volume,2019,4.1
Australia,RTD Coffee,Non-Grocery Retailers,Off-trade Volume,2019,0.0
Australia,RTD Coffee,General Merchandise Stores,Off-trade Volume,2019,0.0
Australia,RTD Coffee,Apparel and Footwear Specialists,Off-trade Volume,2019,0.0
Australia,RTD Coffee,Appliances and Electronics Specialists,Off-trade Volume,2019,0.0
Australia,RTD Coffee,Home Products Specialists,Off-trade Volume,2019,0.0
Australia,RTD Coffee,Health and Beauty Specialists,Off-trade Volume,2019,0.0
Australia,RTD Coffee,Leisure and Personal Goods Specialists,Off-trade Volume,2019,0.0
Australia,RTD Coffee,Other Non-Grocery Retailers,Off-trade Volume,2019,0.0
Australia,RTD Coffee,Vending,Off-trade Volume,2019,1.0
Australia,RTD Coffee,Direct Selling,Off-trade Volume,2019,0.0
Australia,RTD Coffee,Retail E-Commerce,Off-trade Volume,2019,7.2
Eastern Europe,Coffee,Retail Channels,Retail Volume,2019,100.0
Eastern Europe,Coffee,Retail Offline,Retail Volume,2019,99.0
Eastern Europe,Coffee,Grocery Retailers,Retail Volume,2019,95.4
Eastern Europe,Coffee,Convenience Retailers,Retail Volume,2019,14.3
Eastern Europe,Coffee,Convenience Stores,Retail Volume,2019,13.3
Eastern Europe,Coffee,Forecourt Retailers,Retail Volume,2019,1.0
Eastern Europe,Coffee,Supermarkets,Retail Volume,2019,29.4
Eastern Europe,Coffee,Hypermarkets,Retail Volume,2019,17.6
Eastern Europe,Coffee,Discounters,Retail Volume,2019,11.9
Eastern Europe,Coffee,Warehouse Clubs,Retail Volume,2019,0.0
Eastern Europe,Coffee,Food/drink/tobacco specialists,Retail Volume,2019,1.8
Eastern Europe,Coffee,Small Local Grocers,Retail Volume,2019,20.4
Eastern Europe,Coffee,Non-Grocery Retailers,Retail Volume,2019,0.5
Eastern Europe,Coffee,General Merchandise Stores,Retail Volume,2019,0.2
Eastern Europe,Coffee,Apparel and Footwear Specialists,Retail Volume,2019,0.0
Eastern Europe,Coffee,Appliances and Electronics Specialists,Retail Volume,2019,0.0
Eastern Europe,Coffee,Home Products Specialists,Retail Volume,2019,0.0
Eastern Europe,Coffee,Health and Beauty Specialists,Retail Volume,2019,0.3
Eastern Europe,Coffee,Leisure and Personal Goods Specialists,Retail Volume,2019,0.0
Eastern Europe,Coffee,Other Non-Grocery Retailers,Retail Volume,2019,0.0
Eastern Europe,Coffee,Vending,Retail Volume,2019,3.1
Eastern Europe,Coffee,Direct Selling,Retail Volume,2019,0.0
Eastern Europe,Coffee,Retail E-Commerce,Retail Volume,2019,1.0
Eastern Europe,RTD Coffee,Retail Channels,Off-trade Volume,2019,100.0
Eastern Europe,RTD Coffee,Retail Offline,Off-trade Volume,2019,99.5
Eastern Europe,RTD Coffee,Grocery Retailers,Off-trade Volume,2019,98.0
Eastern Europe,RTD Coffee,Convenience Retailers,Off-trade Volume,2019,40.3
Eastern Europe,RTD Coffee,Convenience Stores,Off-trade Volume,2019,15.8
Eastern Europe,RTD Coffee,Forecourt Retailers,Off-trade Volume,2019,24.5
Eastern Europe,RTD Coffee,Supermarkets,Off-trade Volume,2019,15.9
Eastern Europe,RTD Coffee,Hypermarkets,Off-trade Volume,2019,22.7
Eastern Europe,RTD Coffee,Discounters,Off-trade Volume,2019,11.6
Eastern Europe,RTD Coffee,Warehouse Clubs,Off-trade Volume,2019,0.0
Eastern Europe,RTD Coffee,Food/drink/tobacco specialists,Off-trade Volume,2019,0.9
Eastern Europe,RTD Coffee,Small Local Grocers,Off-trade Volume,2019,6.6
Eastern Europe,RTD Coffee,Non-Grocery Retailers,Off-trade Volume,2019,0.4
Eastern Europe,RTD Coffee,General Merchandise Stores,Off-trade Volume,2019,0.0
Eastern Europe,RTD Coffee,Apparel and Footwear Specialists,Off-trade Volume,2019,0.0
Eastern Europe,RTD Coffee,Appliances and Electronics Specialists,Off-trade Volume,2019,0.0
Eastern Europe,RTD Coffee,Home Products Specialists,Off-trade Volume,2019,0.0
Eastern Europe,RTD Coffee,Health and Beauty Specialists,Off-trade Volume,2019,0.4
Eastern Europe,RTD Coffee,Leisure and Personal Goods Specialists,Off-trade Volume,2019,0.0
Eastern Europe,RTD Coffee,Other Non-Grocery Retailers,Off-trade Volume,2019,0.0
Eastern Europe,RTD Coffee,Vending,Off-trade Volume,2019,1.2
Eastern Europe,RTD Coffee,Direct Selling,Off-trade Volume,2019,0.0
Eastern Europe,RTD Coffee,Retail E-Commerce,Off-trade Volume,2019,0.5
Latin America,Coffee,Retail Channels,Retail Volume,2019,100.0
Latin America,Coffee,Retail Offline,Retail Volume,2019,99.6
Latin America,Coffee,Grocery Retailers,Retail Volume,2019,97.5
Latin America,Coffee,Convenience Retailers,Retail Volume,2019,1.1
Latin America,Coffee,Convenience Stores,Retail Volume,2019,0.6
Latin America,Coffee,Forecourt Retailers,Retail Volume,2019,0.5
Latin America,Coffee,Supermarkets,Retail Volume,2019,32.5
Latin America,Coffee,Hypermarkets,Retail Volume,2019,30.3
Latin America,Coffee,Discounters,Retail Volume,2019,2.5
Latin America,Coffee,Warehouse Clubs,Retail Volume,2019,3.1
Latin America,Coffee,Food/drink/tobacco specialists,Retail Volume,2019,0.1
Latin America,Coffee,Small Local Grocers,Retail Volume,2019,28.0
Latin America,Coffee,Non-Grocery Retailers,Retail Volume,2019,1.6
Latin America,Coffee,General Merchandise Stores,Retail Volume,2019,1.5
Latin America,Coffee,Apparel and Footwear Specialists,Retail Volume,2019,0.0
Latin America,Coffee,Appliances and Electronics Specialists,Retail Volume,2019,0.0
Latin America,Coffee,Home Products Specialists,Retail Volume,2019,0.0
Latin America,Coffee,Health and Beauty Specialists,Retail Volume,2019,0.1
Latin America,Coffee,Leisure and Personal Goods Specialists,Retail Volume,2019,0.0
Latin America,Coffee,Other Non-Grocery Retailers,Retail Volume,2019,0.0
Latin America,Coffee,Vending,Retail Volume,2019,0.2
Latin America,Coffee,Direct Selling,Retail Volume,2019,0.3
Latin America,Coffee,Retail E-Commerce,Retail Volume,2019,0.4
Latin America,RTD Coffee,Retail Channels,Off-trade Volume,2019,100.0
Latin America,RTD Coffee,Retail Offline,Off-trade Volume,2019,99.9
Latin America,RTD Coffee,Grocery Retailers,Off-trade Volume,2019,98.8
Latin America,RTD Coffee,Convenience Retailers,Off-trade Volume,2019,17.1
Latin America,RTD Coffee,Convenience Stores,Off-trade Volume,2019,8.4
Latin America,RTD Coffee,Forecourt Retailers,Off-trade Volume,2019,8.7
Latin America,RTD Coffee,Supermarkets,Off-trade Volume,2019,30.2
Latin America,RTD Coffee,Hypermarkets,Off-trade Volume,2019,9.7
Latin America,RTD Coffee,Discounters,Off-trade Volume,2019,2.2
Latin America,RTD Coffee,Warehouse Clubs,Off-trade Volume,2019,0.6
Latin America,RTD Coffee,Food/drink/tobacco specialists,Off-trade Volume,2019,0.5
Latin America,RTD Coffee,Small Local Grocers,Off-trade Volume,2019,38.5
Latin America,RTD Coffee,Non-Grocery Retailers,Off-trade Volume,2019,1.1
Latin America,RTD Coffee,General Merchandise Stores,Off-trade Volume,2019,0.2
Latin America,RTD Coffee,Apparel and Footwear Specialists,Off-trade Volume,2019,0.0
Latin America,RTD Coffee,Appliances and Electronics Specialists,Off-trade Volume,2019,0.0
Latin America,RTD Coffee,Home Products Specialists,Off-trade Volume,2019,0.0
Latin America,RTD Coffee,Health and Beauty Specialists,Off-trade Volume,2019,0.9
Latin America,RTD Coffee,Leisure and Personal Goods Specialists,Off-trade Volume,2019,0.0
Latin America,RTD Coffee,Other Non-Grocery Retailers,Off-trade Volume,2019,0.0
Latin America,RTD Coffee,Vending,Off-trade Volume,2019,0.0
Latin America,RTD Coffee,Direct Selling,Off-trade Volume,2019,0.0
Latin America,RTD Coffee,Retail E-Commerce,Off-trade Volume,2019,0.1
Brazil,Coffee,Retail Channels,Retail Volume,2019,100.0
Brazil,Coffee,Retail Offline,Retail Volume,2019,99.6
Brazil,Coffee,Grocery Retailers,Retail Volume,2019,97.2
Brazil,Coffee,Convenience Retailers,Retail Volume,2019,0.6
Brazil,Coffee,Convenience Stores,Retail Volume,2019,0.0
Brazil,Coffee,Forecourt Retailers,Retail Volume,2019,0.6
Brazil,Coffee,Supermarkets,Retail Volume,2019,37.5
Brazil,Coffee,Hypermarkets,Retail Volume,2019,36.2
Brazil,Coffee,Discounters,Retail Volume,2019,0.3
Brazil,Coffee,Warehouse Clubs,Retail Volume,2019,4.1
Brazil,Coffee,Food/drink/tobacco specialists,Retail Volume,2019,0.0
Brazil,Coffee,Small Local Grocers,Retail Volume,2019,18.4
Brazil,Coffee,Non-Grocery Retailers,Retail Volume,2019,2.1
Brazil,Coffee,General Merchandise Stores,Retail Volume,2019,2.1
Brazil,Coffee,Apparel and Footwear Specialists,Retail Volume,2019,0.0
Brazil,Coffee,Appliances and Electronics Specialists,Retail Volume,2019,0.0
Brazil,Coffee,Home Products Specialists,Retail Volume,2019,0.0
Brazil,Coffee,Health and Beauty Specialists,Retail Volume,2019,0.0
Brazil,Coffee,Leisure and Personal Goods Specialists,Retail Volume,2019,0.0
Brazil,Coffee,Other Non-Grocery Retailers,Retail Volume,2019,0.0
Brazil,Coffee,Vending,Retail Volume,2019,0.0
Brazil,Coffee,Direct Selling,Retail Volume,2019,0.4
Brazil,Coffee,Retail E-Commerce,Retail Volume,2019,0.4
Brazil,RTD Coffee,Retail Channels,Off-trade Volume,2019,100.0
Brazil,RTD Coffee,Retail Offline,Off-trade Volume,2019,100.0
Brazil,RTD Coffee,Grocery Retailers,Off-trade Volume,2019,98.8
Brazil,RTD Coffee,Convenience Retailers,Off-trade Volume,2019,63.4
Brazil,RTD Coffee,Convenience Stores,Off-trade Volume,2019,2.0
Brazil,RTD Coffee,Forecourt Retailers,Off-trade Volume,2019,61.4
Brazil,RTD Coffee,Supermarkets,Off-trade Volume,2019,11.2
Brazil,RTD Coffee,Hypermarkets,Off-trade Volume,2019,10.8
Brazil,RTD Coffee,Discounters,Off-trade Volume,2019,0.0
Brazil,RTD Coffee,Warehouse Clubs,Off-trade Volume,2019,2.4
Brazil,RTD Coffee,Food/drink/tobacco specialists,Off-trade Volume,2019,0.0
Brazil,RTD Coffee,Small Local Grocers,Off-trade Volume,2019,11.0
Brazil,RTD Coffee,Non-Grocery Retailers,Off-trade Volume,2019,1.2
Brazil,RTD Coffee,General Merchandise Stores,Off-trade Volume,2019,1.2
Brazil,RTD Coffee,Apparel and Footwear Specialists,Off-trade Volume,2019,0.0
Brazil,RTD Coffee,Appliances and Electronics Specialists,Off-trade Volume,2019,0.0
Brazil,RTD Coffee,Home Products Specialists,Off-trade Volume,2019,0.0
Brazil,RTD Coffee,Health and Beauty Specialists,Off-trade Volume,2019,0.0
Brazil,RTD Coffee,Leisure and Personal Goods Specialists,Off-trade Volume,2019,0.0
Brazil,RTD Coffee,Other Non-Grocery Retailers,Off-trade Volume,2019,0.0
Brazil,RTD Coffee,Vending,Off-trade Volume,2019,0.0
Brazil,RTD Coffee,Direct Selling,Off-trade Volume,2019,0.0
Brazil,RTD Coffee,Retail E-Commerce,Off-trade Volume,2019,0.0
Middle East and Africa,Coffee,Retail Channels,Retail Volume,2019,100.0
Middle East and Africa,Coffee,Retail Offline,Retail Volume,2019,99.5
Middle East and Africa,Coffee,Grocery Retailers,Retail Volume,2019,98.0
Middle East and Africa,Coffee,Convenience Retailers,Retail Volume,2019,5.2
Middle East and Africa,Coffee,Convenience Stores,Retail Volume,2019,3.4
Middle East and Africa,Coffee,Forecourt Retailers,Retail Volume,2019,1.7
Middle East and Africa,Coffee,Supermarkets,Retail Volume,2019,30.0
Middle East and Africa,Coffee,Hypermarkets,Retail Volume,2019,9.4
Middle East and Africa,Coffee,Discounters,Retail Volume,2019,1.9
Middle East and Africa,Coffee,Warehouse Clubs,Retail Volume,2019,0.0
Middle East and Africa,Coffee,Food/drink/tobacco specialists,Retail Volume,2019,5.6
Middle East and Africa,Coffee,Small Local Grocers,Retail Volume,2019,45.8
Middle East and Africa,Coffee,Non-Grocery Retailers,Retail Volume,2019,1.2
Middle East and Africa,Coffee,General Merchandise Stores,Retail Volume,2019,0.0
Middle East and Africa,Coffee,Apparel and Footwear Specialists,Retail Volume,2019,0.0
Middle East and Africa,Coffee,Appliances and Electronics Specialists,Retail Volume,2019,0.0
Middle East and Africa,Coffee,Home Products Specialists,Retail Volume,2019,0.0
Middle East and Africa,Coffee,Health and Beauty Specialists,Retail Volume,2019,0.0
Middle East and Africa,Coffee,Leisure and Personal Goods Specialists,Retail Volume,2019,0.0
Middle East and Africa,Coffee,Other Non-Grocery Retailers,Retail Volume,2019,1.2
Middle East and Africa,Coffee,Vending,Retail Volume,2019,0.2
Middle East and Africa,Coffee,Direct Selling,Retail Volume,2019,0.1
Middle East and Africa,Coffee,Retail E-Commerce,Retail Volume,2019,0.5
Middle East and Africa,RTD Coffee,Retail Channels,Off-trade Volume,2019,100.0
Middle East and Africa,RTD Coffee,Retail Offline,Off-trade Volume,2019,99.6
Middle East and Africa,RTD Coffee,Grocery Retailers,Off-trade Volume,2019,99.5
Middle East and Africa,RTD Coffee,Convenience Retailers,Off-trade Volume,2019,46.5
Middle East and Africa,RTD Coffee,Convenience Stores,Off-trade Volume,2019,4.1
Middle East and Africa,RTD Coffee,Forecourt Retailers,Off-trade Volume,2019,42.4
Middle East and Africa,RTD Coffee,Supermarkets,Off-trade Volume,2019,25.1
Middle East and Africa,RTD Coffee,Hypermarkets,Off-trade Volume,2019,18.5
Middle East and Africa,RTD Coffee,Discounters,Off-trade Volume,2019,0.7
Middle East and Africa,RTD Coffee,Warehouse Clubs,Off-trade Volume,2019,0.0
Middle East and Africa,RTD Coffee,Food/drink/tobacco specialists,Off-trade Volume,2019,0.5
Middle East and Africa,RTD Coffee,Small Local Grocers,Off-trade Volume,2019,8.2
Middle East and Africa,RTD Coffee,Non-Grocery Retailers,Off-trade Volume,2019,0.0
Middle East and Africa,RTD Coffee,General Merchandise Stores,Off-trade Volume,2019,0.0
Middle East and Africa,RTD Coffee,Apparel and Footwear Specialists,Off-trade Volume,2019,0.0
Middle East and Africa,RTD Coffee,Appliances and Electronics Specialists,Off-trade Volume,2019,0.0
Middle East and Africa,RTD Coffee,Home Products Specialists,Off-trade Volume,2019,0.0
Middle East and Africa,RTD Coffee,Health and Beauty Specialists,Off-trade Volume,2019,0.0
Middle East and Africa,RTD Coffee,Leisure and Personal Goods Specialists,Off-trade Volume,2019,0.0
Middle East and Africa,RTD Coffee,Other Non-Grocery Retailers,Off-trade Volume,2019,0.0
Middle East and Africa,RTD Coffee,Vending,Off-trade Volume,2019,0.1
Middle East and Africa,RTD Coffee,Direct Selling,Off-trade Volume,2019,0.0
Middle East and Africa,RTD Coffee,Retail E-Commerce,Off-trade Volume,2019,0.4
North America,Coffee,Retail Channels,Retail Volume,2019,100.0
North America,Coffee,Retail Offline,Retail Volume,2019,90.8
North America,Coffee,Grocery Retailers,Retail Volume,2019,88.1
North America,Coffee,Convenience Retailers,Retail Volume,2019,2.1
North America,Coffee,Convenience Stores,Retail Volume,2019,0.3
North America,Coffee,Forecourt Retailers,Retail Volume,2019,1.7
North America,Coffee,Supermarkets,Retail Volume,2019,29.6
North America,Coffee,Hypermarkets,Retail Volume,2019,23.2
North America,Coffee,Discounters,Retail Volume,2019,3.3
North America,Coffee,Warehouse Clubs,Retail Volume,2019,4.4
North America,Coffee,Food/drink/tobacco specialists,Retail Volume,2019,5.5
North America,Coffee,Small Local Grocers,Retail Volume,2019,20.1
North America,Coffee,Non-Grocery Retailers,Retail Volume,2019,2.4
North America,Coffee,General Merchandise Stores,Retail Volume,2019,1.4
North America,Coffee,Apparel and Footwear Specialists,Retail Volume,2019,0.0
North America,Coffee,Appliances and Electronics Specialists,Retail Volume,2019,0.0
North America,Coffee,Home Products Specialists,Retail Volume,2019,0.0
North America,Coffee,Health and Beauty Specialists,Retail Volume,2019,0.9
North America,Coffee,Leisure and Personal Goods Specialists,Retail Volume,2019,0.0
North America,Coffee,Other Non-Grocery Retailers,Retail Volume,2019,0.0
North America,Coffee,Vending,Retail Volume,2019,0.1
North America,Coffee,Direct Selling,Retail Volume,2019,0.2
North America,Coffee,Retail E-Commerce,Retail Volume,2019,9.2
North America,RTD Coffee,Retail Channels,Off-trade Volume,2019,100.0
North America,RTD Coffee,Retail Offline,Off-trade Volume,2019,94.5
North America,RTD Coffee,Grocery Retailers,Off-trade Volume,2019,86.2
North America,RTD Coffee,Convenience Retailers,Off-trade Volume,2019,29.2
North America,RTD Coffee,Convenience Stores,Off-trade Volume,2019,6.5
North America,RTD Coffee,Forecourt Retailers,Off-trade Volume,2019,22.7
North America,RTD Coffee,Supermarkets,Off-trade Volume,2019,20.3
North America,RTD Coffee,Hypermarkets,Off-trade Volume,2019,20.5
North America,RTD Coffee,Discounters,Off-trade Volume,2019,1.4
North America,RTD Coffee,Warehouse Clubs,Off-trade Volume,2019,10.8
North America,RTD Coffee,Food/drink/tobacco specialists,Off-trade Volume,2019,0.0
North America,RTD Coffee,Small Local Grocers,Off-trade Volume,2019,4.1
North America,RTD Coffee,Non-Grocery Retailers,Off-trade Volume,2019,5.1
North America,RTD Coffee,General Merchandise Stores,Off-trade Volume,2019,3.7
North America,RTD Coffee,Apparel and Footwear Specialists,Off-trade Volume,2019,0.0
North America,RTD Coffee,Appliances and Electronics Specialists,Off-trade Volume,2019,0.0
North America,RTD Coffee,Home Products Specialists,Off-trade Volume,2019,0.0
North America,RTD Coffee,Health and Beauty Specialists,Off-trade Volume,2019,1.5
North America,RTD Coffee,Leisure and Personal Goods Specialists,Off-trade Volume,2019,0.0
North America,RTD Coffee,Other Non-Grocery Retailers,Off-trade Volume,2019,0.0
North America,RTD Coffee,Vending,Off-trade Volume,2019,3.1
North America,RTD Coffee,Direct Selling,Off-trade Volume,2019,0.0
North America,RTD Coffee,Retail E-Commerce,Off-trade Volume,2019,5.5
USA,Coffee,Retail Channels,Retail Volume,2019,100.0
USA,Coffee,Retail Offline,Retail Volume,2019,90.2
USA,Coffee,Grocery Retailers,Retail Volume,2019,87.9
USA,Coffee,Convenience Retailers,Retail Volume,2019,2.1
USA,Coffee,Convenience Stores,Retail Volume,2019,0.2
USA,Coffee,Forecourt Retailers,Retail Volume,2019,1.8
USA,Coffee,Supermarkets,Retail Volume,2019,29.0
USA,Coffee,Hypermarkets,Retail Volume,2019,23.7
USA,Coffee,Discounters,Retail Volume,2019,2.2
USA,Coffee,Warehouse Clubs,Retail Volume,2019,4.1
USA,Coffee,Food/drink/tobacco specialists,Retail Volume,2019,6.0
USA,Coffee,Small Local Grocers,Retail Volume,2019,20.9
USA,Coffee,Non-Grocery Retailers,Retail Volume,2019,2.1
USA,Coffee,General Merchandise Stores,Retail Volume,2019,1.4
USA,Coffee,Apparel and Footwear Specialists,Retail Volume,2019,0.0
USA,Coffee,Appliances and Electronics Specialists,Retail Volume,2019,0.0
USA,Coffee,Home Products Specialists,Retail Volume,2019,0.0
USA,Coffee,Health and Beauty Specialists,Retail Volume,2019,0.7
USA,Coffee,Leisure and Personal Goods Specialists,Retail Volume,2019,0.0
USA,Coffee,Other Non-Grocery Retailers,Retail Volume,2019,0.0
USA,Coffee,Vending,Retail Volume,2019,0.0
USA,Coffee,Direct Selling,Retail Volume,2019,0.2
USA,Coffee,Retail E-Commerce,Retail Volume,2019,9.8
USA,RTD Coffee,Retail Channels,Off-trade Volume,2019,100.0
USA,RTD Coffee,Retail Offline,Off-trade Volume,2019,94.4
USA,RTD Coffee,Grocery Retailers,Off-trade Volume,2019,86.3
USA,RTD Coffee,Convenience Retailers,Off-trade Volume,2019,29.4
USA,RTD Coffee,Convenience Stores,Off-trade Volume,2019,6.6
USA,RTD Coffee,Forecourt Retailers,Off-trade Volume,2019,22.8
USA,RTD Coffee,Supermarkets,Off-trade Volume,2019,19.9
USA,RTD Coffee,Hypermarkets,Off-trade Volume,2019,20.5
USA,RTD Coffee,Discounters,Off-trade Volume,2019,1.4
USA,RTD Coffee,Warehouse Clubs,Off-trade Volume,2019,10.9
USA,RTD Coffee,Food/drink/tobacco specialists,Off-trade Volume,2019,0.0
USA,RTD Coffee,Small Local Grocers,Off-trade Volume,2019,4.1
USA,RTD Coffee,Non-Grocery Retailers,Off-trade Volume,2019,5.0
USA,RTD Coffee,General Merchandise Stores,Off-trade Volume,2019,3.7
USA,RTD Coffee,Apparel and Footwear Specialists,Off-trade Volume,2019,0.0
USA,RTD Coffee,Appliances and Electronics Specialists,Off-trade Volume,2019,0.0
USA,RTD Coffee,Home Products Specialists,Off-trade Volume,2019,0.0
USA,RTD Coffee,Health and Beauty Specialists,Off-trade Volume,2019,1.3
USA,RTD Coffee,Leisure and Personal Goods Specialists,Off-trade Volume,2019,0.0
USA,RTD Coffee,Other Non-Grocery Retailers,Off-trade Volume,2019,0.0
USA,RTD Coffee,Vending,Off-trade Volume,2019,3.1
USA,RTD Coffee,Direct Selling,Off-trade Volume,2019,0.0
USA,RTD Coffee,Retail E-Commerce,Off-trade Volume,2019,5.6
Western Europe,Coffee,Retail Channels,Retail Volume,2019,100.0
Western Europe,Coffee,Retail Offline,Retail Volume,2019,96.0
Western Europe,Coffee,Grocery Retailers,Retail Volume,2019,93.0
Western Europe,Coffee,Convenience Retailers,Retail Volume,2019,3.7
Western Europe,Coffee,Convenience Stores,Retail Volume,2019,3.2
Western Europe,Coffee,Forecourt Retailers,Retail Volume,2019,0.4
Western Europe,Coffee,Supermarkets,Retail Volume,2019,38.1
Western Europe,Coffee,Hypermarkets,Retail Volume,2019,21.4
Western Europe,Coffee,Discounters,Retail Volume,2019,22.4
Western Europe,Coffee,Warehouse Clubs,Retail Volume,2019,0.0
Western Europe,Coffee,Food/drink/tobacco specialists,Retail Volume,2019,4.2
Western Europe,Coffee,Small Local Grocers,Retail Volume,2019,3.3
Western Europe,Coffee,Non-Grocery Retailers,Retail Volume,2019,2.0
Western Europe,Coffee,General Merchandise Stores,Retail Volume,2019,0.8
Western Europe,Coffee,Apparel and Footwear Specialists,Retail Volume,2019,0.0
Western Europe,Coffee,Appliances and Electronics Specialists,Retail Volume,2019,0.0
Western Europe,Coffee,Home Products Specialists,Retail Volume,2019,0.0
Western Europe,Coffee,Health and Beauty Specialists,Retail Volume,2019,1.1
Western Europe,Coffee,Leisure and Personal Goods Specialists,Retail Volume,2019,0.0
Western Europe,Coffee,Other Non-Grocery Retailers,Retail Volume,2019,0.0
Western Europe,Coffee,Vending,Retail Volume,2019,1.0
Western Europe,Coffee,Direct Selling,Retail Volume,2019,0.0
Western Europe,Coffee,Retail E-Commerce,Retail Volume,2019,4.0
Western Europe,RTD Coffee,Retail Channels,Off-trade Volume,2019,100.0
Western Europe,RTD Coffee,Retail Offline,Off-trade Volume,2019,98.6
Western Europe,RTD Coffee,Grocery Retailers,Off-trade Volume,2019,96.1
Western Europe,RTD Coffee,Convenience Retailers,Off-trade Volume,2019,14.3
Western Europe,RTD Coffee,Convenience Stores,Off-trade Volume,2019,5.6
Western Europe,RTD Coffee,Forecourt Retailers,Off-trade Volume,2019,8.7
Western Europe,RTD Coffee,Supermarkets,Off-trade Volume,2019,42.5
Western Europe,RTD Coffee,Hypermarkets,Off-trade Volume,2019,16.8
Western Europe,RTD Coffee,Discounters,Off-trade Volume,2019,16.0
Western Europe,RTD Coffee,Warehouse Clubs,Off-trade Volume,2019,0.0
Western Europe,RTD Coffee,Food/drink/tobacco specialists,Off-trade Volume,2019,0.2
Western Europe,RTD Coffee,Small Local Grocers,Off-trade Volume,2019,6.3
Western Europe,RTD Coffee,Non-Grocery Retailers,Off-trade Volume,2019,1.9
Western Europe,RTD Coffee,General Merchandise Stores,Off-trade Volume,2019,0.0
Western Europe,RTD Coffee,Apparel and Footwear Specialists,Off-trade Volume,2019,0.0
Western Europe,RTD Coffee,Appliances and Electronics Specialists,Off-trade Volume,2019,0.0
Western Europe,RTD Coffee,Home Products Specialists,Off-trade Volume,2019,0.0
Western Europe,RTD Coffee,Health and Beauty Specialists,Off-trade Volume,2019,1.9
Western Europe,RTD Coffee,Leisure and Personal Goods Specialists,Off-trade Volume,2019,0.0
Western Europe,RTD Coffee,Other Non-Grocery Retailers,Off-trade Volume,2019,0.0
Western Europe,RTD Coffee,Vending,Off-trade Volume,2019,0.6
Western Europe,RTD Coffee,Direct Selling,Off-trade Volume,2019,0.0
Western Europe,RTD Coffee,Retail E-Commerce,Off-trade Volume,2019,1.4
France,Coffee,Retail Channels,Retail Volume,2019,100.0
France,Coffee,Retail Offline,Retail Volume,2019,90.8
France,Coffee,Grocery Retailers,Retail Volume,2019,89.8
France,Coffee,Convenience Retailers,Retail Volume,2019,1.0
France,Coffee,Convenience Stores,Retail Volume,2019,1.0
France,Coffee,Forecourt Retailers,Retail Volume,2019,0.0
France,Coffee,Supermarkets,Retail Volume,2019,25.3
France,Coffee,Hypermarkets,Retail Volume,2019,33.9
France,Coffee,Discounters,Retail Volume,2019,12.5
France,Coffee,Warehouse Clubs,Retail Volume,2019,0.0
France,Coffee,Food/drink/tobacco specialists,Retail Volume,2019,16.5
France,Coffee,Small Local Grocers,Retail Volume,2019,0.6
France,Coffee,Non-Grocery Retailers,Retail Volume,2019,0.7
France,Coffee,General Merchandise Stores,Retail Volume,2019,0.0
France,Coffee,Apparel and Footwear Specialists,Retail Volume,2019,0.0
France,Coffee,Appliances and Electronics Specialists,Retail Volume,2019,0.0
France,Coffee,Home Products Specialists,Retail Volume,2019,0.0
France,Coffee,Health and Beauty Specialists,Retail Volume,2019,0.7
France,Coffee,Leisure and Personal Goods Specialists,Retail Volume,2019,0.0
France,Coffee,Other Non-Grocery Retailers,Retail Volume,2019,0.0
France,Coffee,Vending,Retail Volume,2019,0.3
France,Coffee,Direct Selling,Retail Volume,2019,0.0
France,Coffee,Retail E-Commerce,Retail Volume,2019,9.2
France,RTD Coffee,Retail Channels,Off-trade Volume,2019,100.0
France,RTD Coffee,Retail Offline,Off-trade Volume,2019,99.1
France,RTD Coffee,Grocery Retailers,Off-trade Volume,2019,98.5
France,RTD Coffee,Convenience Retailers,Off-trade Volume,2019,38.5
France,RTD Coffee,Convenience Stores,Off-trade Volume,2019,17.4
France,RTD Coffee,Forecourt Retailers,Off-trade Volume,2019,21.1
France,RTD Coffee,Supermarkets,Off-trade Volume,2019,26.5
France,RTD Coffee,Hypermarkets,Off-trade Volume,2019,29.9
France,RTD Coffee,Discounters,Off-trade Volume,2019,1.8
France,RTD Coffee,Warehouse Clubs,Off-trade Volume,2019,0.0
France,RTD Coffee,Food/drink/tobacco specialists,Off-trade Volume,2019,0.0
France,RTD Coffee,Small Local Grocers,Off-trade Volume,2019,1.8
France,RTD Coffee,Non-Grocery Retailers,Off-trade Volume,2019,0.0
France,RTD Coffee,General Merchandise Stores,Off-trade Volume,2019,0.0
France,RTD Coffee,Apparel and Footwear Specialists,Off-trade Volume,2019,0.0
France,RTD Coffee,Appliances and Electronics Specialists,Off-trade Volume,2019,0.0
France,RTD Coffee,Home Products Specialists,Off-trade Volume,2019,0.0
France,RTD Coffee,Health and Beauty Specialists,Off-trade Volume,2019,0.0
France,RTD Coffee,Leisure and Personal Goods Specialists,Off-trade Volume,2019,0.0
France,RTD Coffee,Other Non-Grocery Retailers,Off-trade Volume,2019,0.0
France,RTD Coffee,Vending,Off-trade Volume,2019,0.6
France,RTD Coffee,Direct Selling,Off-trade Volume,2019,0.0
France,RTD Coffee,Retail E-Commerce,Off-trade Volume,2019,0.9
Germany,Coffee,Retail Channels,Retail Volume,2019,100.0
Germany,Coffee,Retail Offline,Retail Volume,2019,97.5
Germany,Coffee,Grocery Retailers,Retail Volume,2019,93.8
Germany,Coffee,Convenience Retailers,Retail Volume,2019,0.8
Germany,Coffee,Convenience Stores,Retail Volume,2019,0.5
Germany,Coffee,Forecourt Retailers,Retail Volume,2019,0.4
Germany,Coffee,Supermarkets,Retail Volume,2019,24.7
Germany,Coffee,Hypermarkets,Retail Volume,2019,19.4
Germany,Coffee,Discounters,Retail Volume,2019,45.3
Germany,Coffee,Warehouse Clubs,Retail Volume,2019,0.0
Germany,Coffee,Food/drink/tobacco specialists,Retail Volume,2019,2.6
Germany,Coffee,Small Local Grocers,Retail Volume,2019,1.0
Germany,Coffee,Non-Grocery Retailers,Retail Volume,2019,3.1
Germany,Coffee,General Merchandise Stores,Retail Volume,2019,1.9
Germany,Coffee,Apparel and Footwear Specialists,Retail Volume,2019,0.0
Germany,Coffee,Appliances and Electronics Specialists,Retail Volume,2019,0.0
Germany,Coffee,Home Products Specialists,Retail Volume,2019,0.0
Germany,Coffee,Health and Beauty Specialists,Retail Volume,2019,1.3
Germany,Coffee,Leisure and Personal Goods Specialists,Retail Volume,2019,0.0
Germany,Coffee,Other Non-Grocery Retailers,Retail Volume,2019,0.0
Germany,Coffee,Vending,Retail Volume,2019,0.5
Germany,Coffee,Direct Selling,Retail Volume,2019,0.0
Germany,Coffee,Retail E-Commerce,Retail Volume,2019,2.5
Germany,RTD Coffee,Retail Channels,Off-trade Volume,2019,100.0
Germany,RTD Coffee,Retail Offline,Off-trade Volume,2019,99.0
Germany,RTD Coffee,Grocery Retailers,Off-trade Volume,2019,94.4
Germany,RTD Coffee,Convenience Retailers,Off-trade Volume,2019,14.2
Germany,RTD Coffee,Convenience Stores,Off-trade Volume,2019,0.1
Germany,RTD Coffee,Forecourt Retailers,Off-trade Volume,2019,14.1
Germany,RTD Coffee,Supermarkets,Off-trade Volume,2019,29.1
Germany,RTD Coffee,Hypermarkets,Off-trade Volume,2019,18.0
Germany,RTD Coffee,Discounters,Off-trade Volume,2019,24.4
Germany,RTD Coffee,Warehouse Clubs,Off-trade Volume,2019,0.0
Germany,RTD Coffee,Food/drink/tobacco specialists,Off-trade Volume,2019,0.2
Germany,RTD Coffee,Small Local Grocers,Off-trade Volume,2019,8.7
Germany,RTD Coffee,Non-Grocery Retailers,Off-trade Volume,2019,4.2
Germany,RTD Coffee,General Merchandise Stores,Off-trade Volume,2019,0.0
Germany,RTD Coffee,Apparel and Footwear Specialists,Off-trade Volume,2019,0.0
Germany,RTD Coffee,Appliances and Electronics Specialists,Off-trade Volume,2019,0.0
Germany,RTD Coffee,Home Products Specialists,Off-trade Volume,2019,0.0
Germany,RTD Coffee,Health and Beauty Specialists,Off-trade Volume,2019,4.2
Germany,RTD Coffee,Leisure and Personal Goods Specialists,Off-trade Volume,2019,0.0
Germany,RTD Coffee,Other Non-Grocery Retailers,Off-trade Volume,2019,0.0
Germany,RTD Coffee,Vending,Off-trade Volume,2019,0.4
Germany,RTD Coffee,Direct Selling,Off-trade Volume,2019,0.0
Germany,RTD Coffee,Retail E-Commerce,Off-trade Volume,2019,1.0
United Kingdom,Coffee,Retail Channels,Retail Volume,2019,100.0
United Kingdom,Coffee,Retail Offline,Retail Volume,2019,91.0
United Kingdom,Coffee,Grocery Retailers,Retail Volume,2019,88.0
United Kingdom,Coffee,Convenience Retailers,Retail Volume,2019,4.8
United Kingdom,Coffee,Convenience Stores,Retail Volume,2019,4.5
United Kingdom,Coffee,Forecourt Retailers,Retail Volume,2019,0.2
United Kingdom,Coffee,Supermarkets,Retail Volume,2019,38.1
United Kingdom,Coffee,Hypermarkets,Retail Volume,2019,35.4
United Kingdom,Coffee,Discounters,Retail Volume,2019,7.3
United Kingdom,Coffee,Warehouse Clubs,Retail Volume,2019,0.1
United Kingdom,Coffee,Food/drink/tobacco specialists,Retail Volume,2019,1.4
United Kingdom,Coffee,Small Local Grocers,Retail Volume,2019,1.0
United Kingdom,Coffee,Non-Grocery Retailers,Retail Volume,2019,2.4
United Kingdom,Coffee,General Merchandise Stores,Retail Volume,2019,2.4
United Kingdom,Coffee,Apparel and Footwear Specialists,Retail Volume,2019,0.0
United Kingdom,Coffee,Appliances and Electronics Specialists,Retail Volume,2019,0.0
United Kingdom,Coffee,Home Products Specialists,Retail Volume,2019,0.0
United Kingdom,Coffee,Health and Beauty Specialists,Retail Volume,2019,0.0
United Kingdom,Coffee,Leisure and Personal Goods Specialists,Retail Volume,2019,0.0
United Kingdom,Coffee,Other Non-Grocery Retailers,Retail Volume,2019,0.0
United Kingdom,Coffee,Vending,Retail Volume,2019,0.6
United Kingdom,Coffee,Direct Selling,Retail Volume,2019,0.0
United Kingdom,Coffee,Retail E-Commerce,Retail Volume,2019,9.0
United Kingdom,RTD Coffee,Retail Channels,Off-trade Volume,2019,100.0
United Kingdom,RTD Coffee,Retail Offline,Off-trade Volume,2019,94.5
United Kingdom,RTD Coffee,Grocery Retailers,Off-trade Volume,2019,93.8
United Kingdom,RTD Coffee,Convenience Retailers,Off-trade Volume,2019,12.2
United Kingdom,RTD Coffee,Convenience Stores,Off-trade Volume,2019,8.9
United Kingdom,RTD Coffee,Forecourt Retailers,Off-trade Volume,2019,3.4
United Kingdom,RTD Coffee,Supermarkets,Off-trade Volume,2019,32.2
United Kingdom,RTD Coffee,Hypermarkets,Off-trade Volume,2019,34.5
United Kingdom,RTD Coffee,Discounters,Off-trade Volume,2019,0.0
United Kingdom,RTD Coffee,Warehouse Clubs,Off-trade Volume,2019,0.0
United Kingdom,RTD Coffee,Food/drink/tobacco specialists,Off-trade Volume,2019,0.0
United Kingdom,RTD Coffee,Small Local Grocers,Off-trade Volume,2019,14.8
United Kingdom,RTD Coffee,Non-Grocery Retailers,Off-trade Volume,2019,0.7
United Kingdom,RTD Coffee,General Merchandise Stores,Off-trade Volume,2019,0.0
United Kingdom,RTD Coffee,Apparel and Footwear Specialists,Off-trade Volume,2019,0.0
United Kingdom,RTD Coffee,Appliances and Electronics Specialists,Off-trade Volume,2019,0.0
United Kingdom,RTD Coffee,Home Products Specialists,Off-trade Volume,2019,0.0
United Kingdom,RTD Coffee,Health and Beauty Specialists,Off-trade Volume,2019,0.7
United Kingdom,RTD Coffee,Leisure and Personal Goods Specialists,Off-trade Volume,2019,0.0
United Kingdom,RTD Coffee,Other Non-Grocery Retailers,Off-trade Volume,2019,0.0
United Kingdom,RTD Coffee,Vending,Off-trade Volume,2019,0.0
United Kingdom,RTD Coffee,Direct Selling,Off-trade Volume,2019,0.0
United Kingdom,RTD Coffee,Retail E-Commerce,Off-trade Volume,2019,5.5
World,Coffee,Retail Channels,Retail Volume,2020,100.0
World,Coffee,Retail Offline,Retail Volume,2020,94.4
World,Coffee,Grocery Retailers,Retail Volume,2020,92.1
World,Coffee,Convenience Retailers,Retail Volume,2020,5.1
World,Coffee,Convenience Stores,Retail Volume,2020,4.3
World,Coffee,Forecourt Retailers,Retail Volume,2020,0.8
World,Coffee,Supermarkets,Retail Volume,2020,29.2
World,Coffee,Hypermarkets,Retail Volume,2020,19.4
World,Coffee,Discounters,Retail Volume,2020,7.7
World,Coffee,Warehouse Clubs,Retail Volume,2020,1.3
World,Coffee,Food/drink/tobacco specialists,Retail Volume,2020,2.5
World,Coffee,Small Local Grocers,Retail Volume,2020,26.8
World,Coffee,Non-Grocery Retailers,Retail Volume,2020,1.8
World,Coffee,General Merchandise Stores,Retail Volume,2020,1.0
World,Coffee,Apparel and Footwear Specialists,Retail Volume,2020,0.0
World,Coffee,Appliances and Electronics Specialists,Retail Volume,2020,0.0
World,Coffee,Home Products Specialists,Retail Volume,2020,0.0
World,Coffee,Health and Beauty Specialists,Retail Volume,2020,0.6
World,Coffee,Leisure and Personal Goods Specialists,Retail Volume,2020,0.0
World,Coffee,Other Non-Grocery Retailers,Retail Volume,2020,0.1
World,Coffee,Vending,Retail Volume,2020,0.4
World,Coffee,Direct Selling,Retail Volume,2020,0.1
World,Coffee,Retail E-Commerce,Retail Volume,2020,5.6
World,RTD Coffee,Retail Channels,Off-trade Volume,2020,100.0
World,RTD Coffee,Retail Offline,Off-trade Volume,2020,96.5
World,RTD Coffee,Grocery Retailers,Off-trade Volume,2020,71.2
World,RTD Coffee,Convenience Retailers,Off-trade Volume,2020,26.3
World,RTD Coffee,Convenience Stores,Off-trade Volume,2020,22.0
World,RTD Coffee,Forecourt Retailers,Off-trade Volume,2020,4.3
World,RTD Coffee,Supermarkets,Off-trade Volume,2020,22.0
World,RTD Coffee,Hypermarkets,Off-trade Volume,2020,9.8
World,RTD Coffee,Discounters,Off-trade Volume,2020,1.1
World,RTD Coffee,Warehouse Clubs,Off-trade Volume,2020,2.5
World,RTD Coffee,Food/drink/tobacco specialists,Off-trade Volume,2020,0.0
World,RTD Coffee,Small Local Grocers,Off-trade Volume,2020,9.5
World,RTD Coffee,Non-Grocery Retailers,Off-trade Volume,2020,11.3
World,RTD Coffee,General Merchandise Stores,Off-trade Volume,2020,5.3
World,RTD Coffee,Apparel and Footwear Specialists,Off-trade Volume,2020,0.0
World,RTD Coffee,Appliances and Electronics Specialists,Off-trade Volume,2020,0.0
World,RTD Coffee,Home Products Specialists,Off-trade Volume,2020,0.0
World,RTD Coffee,Health and Beauty Specialists,Off-trade Volume,2020,6.0
World,RTD Coffee,Leisure and Personal Goods Specialists,Off-trade Volume,2020,0.0
World,RTD Coffee,Other Non-Grocery Retailers,Off-trade Volume,2020,0.0
World,RTD Coffee,Vending,Off-trade Volume,2020,13.9
World,RTD Coffee,Direct Selling,Off-trade Volume,2020,0.0
World,RTD Coffee,Retail E-Commerce,Off-trade Volume,2020,3.5
Asia Pacific,Coffee,Retail Channels,Retail Volume,2020,100.0
Asia Pacific,Coffee,Retail Offline,Retail Volume,2020,94.6
Asia Pacific,Coffee,Grocery Retailers,Retail Volume,2020,92.2
Asia Pacific,Coffee,Convenience Retailers,Retail Volume,2020,8.9
Asia Pacific,Coffee,Convenience Stores,Retail Volume,2020,8.0
Asia Pacific,Coffee,Forecourt Retailers,Retail Volume,2020,1.0
Asia Pacific,Coffee,Supermarkets,Retail Volume,2020,16.5
Asia Pacific,Coffee,Hypermarkets,Retail Volume,2020,16.3
Asia Pacific,Coffee,Discounters,Retail Volume,2020,0.1
Asia Pacific,Coffee,Warehouse Clubs,Retail Volume,2020,0.3
Asia Pacific,Coffee,Food/drink/tobacco specialists,Retail Volume,2020,0.7
Asia Pacific,Coffee,Small Local Grocers,Retail Volume,2020,49.4
Asia Pacific,Coffee,Non-Grocery Retailers,Retail Volume,2020,2.2
Asia Pacific,Coffee,General Merchandise Stores,Retail Volume,2020,1.5
Asia Pacific,Coffee,Apparel and Footwear Specialists,Retail Volume,2020,0.0
Asia Pacific,Coffee,Appliances and Electronics Specialists,Retail Volume,2020,0.0
Asia Pacific,Coffee,Home Products Specialists,Retail Volume,2020,0.0
Asia Pacific,Coffee,Health and Beauty Specialists,Retail Volume,2020,0.7
Asia Pacific,Coffee,Leisure and Personal Goods Specialists,Retail Volume,2020,0.0
Asia Pacific,Coffee,Other Non-Grocery Retailers,Retail Volume,2020,0.0
Asia Pacific,Coffee,Vending,Retail Volume,2020,0.1
Asia Pacific,Coffee,Direct Selling,Retail Volume,2020,0.1
Asia Pacific,Coffee,Retail E-Commerce,Retail Volume,2020,5.4
Asia Pacific,RTD Coffee,Retail Channels,Off-trade Volume,2020,100.0
Asia Pacific,RTD Coffee,Retail Offline,Off-trade Volume,2020,97.3
Asia Pacific,RTD Coffee,Grocery Retailers,Off-trade Volume,2020,66.9
Asia Pacific,RTD Coffee,Convenience Retailers,Off-trade Volume,2020,26.9
Asia Pacific,RTD Coffee,Convenience Stores,Off-trade Volume,2020,26.0
Asia Pacific,RTD Coffee,Forecourt Retailers,Off-trade Volume,2020,0.9
Asia Pacific,RTD Coffee,Supermarkets,Off-trade Volume,2020,20.7
Asia Pacific,RTD Coffee,Hypermarkets,Off-trade Volume,2020,7.4
Asia Pacific,RTD Coffee,Discounters,Off-trade Volume,2020,0.0
Asia Pacific,RTD Coffee,Warehouse Clubs,Off-trade Volume,2020,1.3
Asia Pacific,RTD Coffee,Food/drink/tobacco specialists,Off-trade Volume,2020,0.0
Asia Pacific,RTD Coffee,Small Local Grocers,Off-trade Volume,2020,10.6
Asia Pacific,RTD Coffee,Non-Grocery Retailers,Off-trade Volume,2020,13.3
Asia Pacific,RTD Coffee,General Merchandise Stores,Off-trade Volume,2020,6.0
Asia Pacific,RTD Coffee,Apparel and Footwear Specialists,Off-trade Volume,2020,0.0
Asia Pacific,RTD Coffee,Appliances and Electronics Specialists,Off-trade Volume,2020,0.0
Asia Pacific,RTD Coffee,Home Products Specialists,Off-trade Volume,2020,0.0
Asia Pacific,RTD Coffee,Health and Beauty Specialists,Off-trade Volume,2020,7.3
Asia Pacific,RTD Coffee,Leisure and Personal Goods Specialists,Off-trade Volume,2020,0.0
Asia Pacific,RTD Coffee,Other Non-Grocery Retailers,Off-trade Volume,2020,0.0
Asia Pacific,RTD Coffee,Vending,Off-trade Volume,2020,17.1
Asia Pacific,RTD Coffee,Direct Selling,Off-trade Volume,2020,0.0
Asia Pacific,RTD Coffee,Retail E-Commerce,Off-trade Volume,2020,2.7
China,Coffee,Retail Channels,Retail Volume,2020,100.0
China,Coffee,Retail Offline,Retail Volume,2020,70.5
China,Coffee,Grocery Retailers,Retail Volume,2020,70.5
China,Coffee,Convenience Retailers,Retail Volume,2020,5.5
China,Coffee,Convenience Stores,Retail Volume,2020,5.5
China,Coffee,Forecourt Retailers,Retail Volume,2020,0.0
China,Coffee,Supermarkets,Retail Volume,2020,27.0
China,Coffee,Hypermarkets,Retail Volume,2020,33.9
China,Coffee,Discounters,Retail Volume,2020,0.0
China,Coffee,Warehouse Clubs,Retail Volume,2020,0.0
China,Coffee,Food/drink/tobacco specialists,Retail Volume,2020,0.0
China,Coffee,Small Local Grocers,Retail Volume,2020,4.1
China,Coffee,Non-Grocery Retailers,Retail Volume,2020,0.0
China,Coffee,General Merchandise Stores,Retail Volume,2020,0.0
China,Coffee,Apparel and Footwear Specialists,Retail Volume,2020,0.0
China,Coffee,Appliances and Electronics Specialists,Retail Volume,2020,0.0
China,Coffee,Home Products Specialists,Retail Volume,2020,0.0
China,Coffee,Health and Beauty Specialists,Retail Volume,2020,0.0
China,Coffee,Leisure and Personal Goods Specialists,Retail Volume,2020,0.0
China,Coffee,Other Non-Grocery Retailers,Retail Volume,2020,0.0
China,Coffee,Vending,Retail Volume,2020,0.0
China,Coffee,Direct Selling,Retail Volume,2020,0.0
China,Coffee,Retail E-Commerce,Retail Volume,2020,29.5
China,RTD Coffee,Retail Channels,Off-trade Volume,2020,100.0
China,RTD Coffee,Retail Offline,Off-trade Volume,2020,96.4
China,RTD Coffee,Grocery Retailers,Off-trade Volume,2020,93.5
China,RTD Coffee,Convenience Retailers,Off-trade Volume,2020,18.8
China,RTD Coffee,Convenience Stores,Off-trade Volume,2020,14.5
China,RTD Coffee,Forecourt Retailers,Off-trade Volume,2020,4.3
China,RTD Coffee,Supermarkets,Off-trade Volume,2020,19.1
China,RTD Coffee,Hypermarkets,Off-trade Volume,2020,8.7
China,RTD Coffee,Discounters,Off-trade Volume,2020,0.6
China,RTD Coffee,Warehouse Clubs,Off-trade Volume,2020,0.0
China,RTD Coffee,Food/drink/tobacco specialists,Off-trade Volume,2020,0.0
China,RTD Coffee,Small Local Grocers,Off-trade Volume,2020,46.3
China,RTD Coffee,Non-Grocery Retailers,Off-trade Volume,2020,0.0
China,RTD Coffee,General Merchandise Stores,Off-trade Volume,2020,0.0
China,RTD Coffee,Apparel and Footwear Specialists,Off-trade Volume,2020,0.0
China,RTD Coffee,Appliances and Electronics Specialists,Off-trade Volume,2020,0.0
China,RTD Coffee,Home Products Specialists,Off-trade Volume,2020,0.0
China,RTD Coffee,Health and Beauty Specialists,Off-trade Volume,2020,0.0
China,RTD Coffee,Leisure and Personal Goods Specialists,Off-trade Volume,2020,0.0
China,RTD Coffee,Other Non-Grocery Retailers,Off-trade Volume,2020,0.0
China,RTD Coffee,Vending,Off-trade Volume,2020,2.9
China,RTD Coffee,Direct Selling,Off-trade Volume,2020,0.0
China,RTD Coffee,Retail E-Commerce,Off-trade Volume,2020,3.6
India,Coffee,Retail Channels,Retail Volume,2020,100.0
India,Coffee,Retail Offline,Retail Volume,2020,98.5
India,Coffee,Grocery Retailers,Retail Volume,2020,98.5
India,Coffee,Convenience Retailers,Retail Volume,2020,1.6
India,Coffee,Convenience Stores,Retail Volume,2020,1.5
India,Coffee,Forecourt Retailers,Retail Volume,2020,0.1
India,Coffee,Supermarkets,Retail Volume,2020,9.1
India,Coffee,Hypermarkets,Retail Volume,2020,7.1
India,Coffee,Discounters,Retail Volume,2020,0.0
India,Coffee,Warehouse Clubs,Retail Volume,2020,0.0
India,Coffee,Food/drink/tobacco specialists,Retail Volume,2020,0.0
India,Coffee,Small Local Grocers,Retail Volume,2020,80.7
India,Coffee,Non-Grocery Retailers,Retail Volume,2020,0.0
India,Coffee,General Merchandise Stores,Retail Volume,2020,0.0
India,Coffee,Apparel and Footwear Specialists,Retail Volume,2020,0.0
India,Coffee,Appliances and Electronics Specialists,Retail Volume,2020,0.0
India,Coffee,Home Products Specialists,Retail Volume,2020,0.0
India,Coffee,Health and Beauty Specialists,Retail Volume,2020,0.0
India,Coffee,Leisure and Personal Goods Specialists,Retail Volume,2020,0.0
India,Coffee,Other Non-Grocery Retailers,Retail Volume,2020,0.0
India,Coffee,Vending,Retail Volume,2020,0.0
India,Coffee,Direct Selling,Retail Volume,2020,0.0
India,Coffee,Retail E-Commerce,Retail Volume,2020,1.4
India,RTD Coffee,Retail Channels,Off-trade Volume,2020,0.0
India,RTD Coffee,Retail Offline,Off-trade Volume,2020,0.0
India,RTD Coffee,Grocery Retailers,Off-trade Volume,2020,0.0
India,RTD Coffee,Convenience Retailers,Off-trade Volume,2020,0.0
India,RTD Coffee,Convenience Stores,Off-trade Volume,2020,0.0
India,RTD Coffee,Forecourt Retailers,Off-trade Volume,2020,0.0
India,RTD Coffee,Supermarkets,Off-trade Volume,2020,0.0
India,RTD Coffee,Hypermarkets,Off-trade Volume,2020,0.0
India,RTD Coffee,Discounters,Off-trade Volume,2020,0.0
India,RTD Coffee,Warehouse Clubs,Off-trade Volume,2020,0.0
India,RTD Coffee,Food/drink/tobacco specialists,Off-trade Volume,2020,0.0
India,RTD Coffee,Small Local Grocers,Off-trade Volume,2020,0.0
India,RTD Coffee,Non-Grocery Retailers,Off-trade Volume,2020,0.0
India,RTD Coffee,General Merchandise Stores,Off-trade Volume,2020,0.0
India,RTD Coffee,Apparel and Footwear Specialists,Off-trade Volume,2020,0.0
India,RTD Coffee,Appliances and Electronics Specialists,Off-trade Volume,2020,0.0
India,RTD Coffee,Home Products Specialists,Off-trade Volume,2020,0.0
India,RTD Coffee,Health and Beauty Specialists,Off-trade Volume,2020,0.0
India,RTD Coffee,Leisure and Personal Goods Specialists,Off-trade Volume,2020,0.0
India,RTD Coffee,Other Non-Grocery Retailers,Off-trade Volume,2020,0.0
India,RTD Coffee,Vending,Off-trade Volume,2020,0.0
India,RTD Coffee,Direct Selling,Off-trade Volume,2020,0.0
India,RTD Coffee,Retail E-Commerce,Off-trade Volume,2020,0.0
Japan,Coffee,Retail Channels,Retail Volume,2020,100.0
Japan,Coffee,Retail Offline,Retail Volume,2020,90.4
Japan,Coffee,Grocery Retailers,Retail Volume,2020,69.9
Japan,Coffee,Convenience Retailers,Retail Volume,2020,3.2
Japan,Coffee,Convenience Stores,Retail Volume,2020,3.2
Japan,Coffee,Forecourt Retailers,Retail Volume,2020,0.0
Japan,Coffee,Supermarkets,Retail Volume,2020,47.7
Japan,Coffee,Hypermarkets,Retail Volume,2020,10.8
Japan,Coffee,Discounters,Retail Volume,2020,0.0
Japan,Coffee,Warehouse Clubs,Retail Volume,2020,2.7
Japan,Coffee,Food/drink/tobacco specialists,Retail Volume,2020,0.0
Japan,Coffee,Small Local Grocers,Retail Volume,2020,5.6
Japan,Coffee,Non-Grocery Retailers,Retail Volume,2020,19.8
Japan,Coffee,General Merchandise Stores,Retail Volume,2020,13.5
Japan,Coffee,Apparel and Footwear Specialists,Retail Volume,2020,0.0
Japan,Coffee,Appliances and Electronics Specialists,Retail Volume,2020,0.0
Japan,Coffee,Home Products Specialists,Retail Volume,2020,0.0
Japan,Coffee,Health and Beauty Specialists,Retail Volume,2020,6.4
Japan,Coffee,Leisure and Personal Goods Specialists,Retail Volume,2020,0.0
Japan,Coffee,Other Non-Grocery Retailers,Retail Volume,2020,0.0
Japan,Coffee,Vending,Retail Volume,2020,0.7
Japan,Coffee,Direct Selling,Retail Volume,2020,0.0
Japan,Coffee,Retail E-Commerce,Retail Volume,2020,9.6
Japan,RTD Coffee,Retail Channels,Off-trade Volume,2020,100.0
Japan,RTD Coffee,Retail Offline,Off-trade Volume,2020,99.4
Japan,RTD Coffee,Grocery Retailers,Off-trade Volume,2020,58.1
Japan,RTD Coffee,Convenience Retailers,Off-trade Volume,2020,21.4
Japan,RTD Coffee,Convenience Stores,Off-trade Volume,2020,21.4
Japan,RTD Coffee,Forecourt Retailers,Off-trade Volume,2020,0.0
Japan,RTD Coffee,Supermarkets,Off-trade Volume,2020,24.5
Japan,RTD Coffee,Hypermarkets,Off-trade Volume,2020,6.3
Japan,RTD Coffee,Discounters,Off-trade Volume,2020,0.0
Japan,RTD Coffee,Warehouse Clubs,Off-trade Volume,2020,1.6
Japan,RTD Coffee,Food/drink/tobacco specialists,Off-trade Volume,2020,0.0
Japan,RTD Coffee,Small Local Grocers,Off-trade Volume,2020,4.4
Japan,RTD Coffee,Non-Grocery Retailers,Off-trade Volume,2020,17.7
Japan,RTD Coffee,General Merchandise Stores,Off-trade Volume,2020,7.8
Japan,RTD Coffee,Apparel and Footwear Specialists,Off-trade Volume,2020,0.0
Japan,RTD Coffee,Appliances and Electronics Specialists,Off-trade Volume,2020,0.0
Japan,RTD Coffee,Home Products Specialists,Off-trade Volume,2020,0.0
Japan,RTD Coffee,Health and Beauty Specialists,Off-trade Volume,2020,9.9
Japan,RTD Coffee,Leisure and Personal Goods Specialists,Off-trade Volume,2020,0.0
Japan,RTD Coffee,Other Non-Grocery Retailers,Off-trade Volume,2020,0.0
Japan,RTD Coffee,Vending,Off-trade Volume,2020,23.5
Japan,RTD Coffee,Direct Selling,Off-trade Volume,2020,0.0
Japan,RTD Coffee,Retail E-Commerce,Off-trade Volume,2020,0.6
Thailand,Coffee,Retail Channels,Retail Volume,2020,100.0
Thailand,Coffee,Retail Offline,Retail Volume,2020,97.8
Thailand,Coffee,Grocery Retailers,Retail Volume,2020,97.8
Thailand,Coffee,Convenience Retailers,Retail Volume,2020,28.8
Thailand,Coffee,Convenience Stores,Retail Volume,2020,16.3
Thailand,Coffee,Forecourt Retailers,Retail Volume,2020,12.5
Thailand,Coffee,Supermarkets,Retail Volume,2020,6.4
Thailand,Coffee,Hypermarkets,Retail Volume,2020,24.3
Thailand,Coffee,Discounters,Retail Volume,2020,0.0
Thailand,Coffee,Warehouse Clubs,Retail Volume,2020,0.0
Thailand,Coffee,Food/drink/tobacco specialists,Retail Volume,2020,0.0
Thailand,Coffee,Small Local Grocers,Retail Volume,2020,38.4
Thailand,Coffee,Non-Grocery Retailers,Retail Volume,2020,0.0
Thailand,Coffee,General Merchandise Stores,Retail Volume,2020,0.0
Thailand,Coffee,Apparel and Footwear Specialists,Retail Volume,2020,0.0
Thailand,Coffee,Appliances and Electronics Specialists,Retail Volume,2020,0.0
Thailand,Coffee,Home Products Specialists,Retail Volume,2020,0.0
Thailand,Coffee,Health and Beauty Specialists,Retail Volume,2020,0.0
Thailand,Coffee,Leisure and Personal Goods Specialists,Retail Volume,2020,0.0
Thailand,Coffee,Other Non-Grocery Retailers,Retail Volume,2020,0.0
Thailand,Coffee,Vending,Retail Volume,2020,0.0
Thailand,Coffee,Direct Selling,Retail Volume,2020,0.0
Thailand,Coffee,Retail E-Commerce,Retail Volume,2020,2.2
Thailand,RTD Coffee,Retail Channels,Off-trade Volume,2020,100.0
Thailand,RTD Coffee,Retail Offline,Off-trade Volume,2020,98.1
Thailand,RTD Coffee,Grocery Retailers,Off-trade Volume,2020,90.8
Thailand,RTD Coffee,Convenience Retailers,Off-trade Volume,2020,26.0
Thailand,RTD Coffee,Convenience Stores,Off-trade Volume,2020,14.7
Thailand,RTD Coffee,Forecourt Retailers,Off-trade Volume,2020,11.3
Thailand,RTD Coffee,Supermarkets,Off-trade Volume,2020,4.9
Thailand,RTD Coffee,Hypermarkets,Off-trade Volume,2020,23.1
Thailand,RTD Coffee,Discounters,Off-trade Volume,2020,0.0
Thailand,RTD Coffee,Warehouse Clubs,Off-trade Volume,2020,0.0
Thailand,RTD Coffee,Food/drink/tobacco specialists,Off-trade Volume,2020,0.0
Thailand,RTD Coffee,Small Local Grocers,Off-trade Volume,2020,36.8
Thailand,RTD Coffee,Non-Grocery Retailers,Off-trade Volume,2020,0.0
Thailand,RTD Coffee,General Merchandise Stores,Off-trade Volume,2020,0.0
Thailand,RTD Coffee,Apparel and Footwear Specialists,Off-trade Volume,2020,0.0
Thailand,RTD Coffee,Appliances and Electronics Specialists,Off-trade Volume,2020,0.0
Thailand,RTD Coffee,Home Products Specialists,Off-trade Volume,2020,0.0
Thailand,RTD Coffee,Health and Beauty Specialists,Off-trade Volume,2020,0.0
Thailand,RTD Coffee,Leisure and Personal Goods Specialists,Off-trade Volume,2020,0.0
Thailand,RTD Coffee,Other Non-Grocery Retailers,Off-trade Volume,2020,0.0
Thailand,RTD Coffee,Vending,Off-trade Volume,2020,7.2
Thailand,RTD Coffee,Direct Selling,Off-trade Volume,2020,0.0
Thailand,RTD Coffee,Retail E-Commerce,Off-trade Volume,2020,1.9
Australasia,Coffee,Retail Channels,Retail Volume,2020,100.0
Australasia,Coffee,Retail Offline,Retail Volume,2020,90.7
Australasia,Coffee,Grocery Retailers,Retail Volume,2020,90.6
Australasia,Coffee,Convenience Retailers,Retail Volume,2020,5.2
Australasia,Coffee,Convenience Stores,Retail Volume,2020,2.8
Australasia,Coffee,Forecourt Retailers,Retail Volume,2020,2.4
Australasia,Coffee,Supermarkets,Retail Volume,2020,69.4
Australasia,Coffee,Hypermarkets,Retail Volume,2020,0.0
Australasia,Coffee,Discounters,Retail Volume,2020,12.7
Australasia,Coffee,Warehouse Clubs,Retail Volume,2020,0.0
Australasia,Coffee,Food/drink/tobacco specialists,Retail Volume,2020,0.0
Australasia,Coffee,Small Local Grocers,Retail Volume,2020,3.2
Australasia,Coffee,Non-Grocery Retailers,Retail Volume,2020,0.1
Australasia,Coffee,General Merchandise Stores,Retail Volume,2020,0.0
Australasia,Coffee,Apparel and Footwear Specialists,Retail Volume,2020,0.0
Australasia,Coffee,Appliances and Electronics Specialists,Retail Volume,2020,0.0
Australasia,Coffee,Home Products Specialists,Retail Volume,2020,0.0
Australasia,Coffee,Health and Beauty Specialists,Retail Volume,2020,0.1
Australasia,Coffee,Leisure and Personal Goods Specialists,Retail Volume,2020,0.0
Australasia,Coffee,Other Non-Grocery Retailers,Retail Volume,2020,0.0
Australasia,Coffee,Vending,Retail Volume,2020,0.1
Australasia,Coffee,Direct Selling,Retail Volume,2020,0.0
Australasia,Coffee,Retail E-Commerce,Retail Volume,2020,9.3
Australasia,RTD Coffee,Retail Channels,Off-trade Volume,2020,100.0
Australasia,RTD Coffee,Retail Offline,Off-trade Volume,2020,90.6
Australasia,RTD Coffee,Grocery Retailers,Off-trade Volume,2020,90.0
Australasia,RTD Coffee,Convenience Retailers,Off-trade Volume,2020,32.2
Australasia,RTD Coffee,Convenience Stores,Off-trade Volume,2020,5.6
Australasia,RTD Coffee,Forecourt Retailers,Off-trade Volume,2020,26.6
Australasia,RTD Coffee,Supermarkets,Off-trade Volume,2020,51.5
Australasia,RTD Coffee,Hypermarkets,Off-trade Volume,2020,0.0
Australasia,RTD Coffee,Discounters,Off-trade Volume,2020,1.2
Australasia,RTD Coffee,Warehouse Clubs,Off-trade Volume,2020,0.0
Australasia,RTD Coffee,Food/drink/tobacco specialists,Off-trade Volume,2020,0.0
Australasia,RTD Coffee,Small Local Grocers,Off-trade Volume,2020,5.1
Australasia,RTD Coffee,Non-Grocery Retailers,Off-trade Volume,2020,0.0
Australasia,RTD Coffee,General Merchandise Stores,Off-trade Volume,2020,0.0
Australasia,RTD Coffee,Apparel and Footwear Specialists,Off-trade Volume,2020,0.0
Australasia,RTD Coffee,Appliances and Electronics Specialists,Off-trade Volume,2020,0.0
Australasia,RTD Coffee,Home Products Specialists,Off-trade Volume,2020,0.0
Australasia,RTD Coffee,Health and Beauty Specialists,Off-trade Volume,2020,0.0
Australasia,RTD Coffee,Leisure and Personal Goods Specialists,Off-trade Volume,2020,0.0
Australasia,RTD Coffee,Other Non-Grocery Retailers,Off-trade Volume,2020,0.0
Australasia,RTD Coffee,Vending,Off-trade Volume,2020,0.6
Australasia,RTD Coffee,Direct Selling,Off-trade Volume,2020,0.0
Australasia,RTD Coffee,Retail E-Commerce,Off-trade Volume,2020,9.4
Australia,Coffee,Retail Channels,Retail Volume,2020,100.0
Australia,Coffee,Retail Offline,Retail Volume,2020,89.9
Australia,Coffee,Grocery Retailers,Retail Volume,2020,89.9
Australia,Coffee,Convenience Retailers,Retail Volume,2020,5.9
Australia,Coffee,Convenience Stores,Retail Volume,2020,3.1
Australia,Coffee,Forecourt Retailers,Retail Volume,2020,2.8
Australia,Coffee,Supermarkets,Retail Volume,2020,65.7
Australia,Coffee,Hypermarkets,Retail Volume,2020,0.0
Australia,Coffee,Discounters,Retail Volume,2020,14.9
Australia,Coffee,Warehouse Clubs,Retail Volume,2020,0.0
Australia,Coffee,Food/drink/tobacco specialists,Retail Volume,2020,0.0
Australia,Coffee,Small Local Grocers,Retail Volume,2020,3.4
Australia,Coffee,Non-Grocery Retailers,Retail Volume,2020,0.0
Australia,Coffee,General Merchandise Stores,Retail Volume,2020,0.0
Australia,Coffee,Apparel and Footwear Specialists,Retail Volume,2020,0.0
Australia,Coffee,Appliances and Electronics Specialists,Retail Volume,2020,0.0
Australia,Coffee,Home Products Specialists,Retail Volume,2020,0.0
Australia,Coffee,Health and Beauty Specialists,Retail Volume,2020,0.0
Australia,Coffee,Leisure and Personal Goods Specialists,Retail Volume,2020,0.0
Australia,Coffee,Other Non-Grocery Retailers,Retail Volume,2020,0.0
Australia,Coffee,Vending,Retail Volume,2020,0.0
Australia,Coffee,Direct Selling,Retail Volume,2020,0.0
Australia,Coffee,Retail E-Commerce,Retail Volume,2020,10.1
Australia,RTD Coffee,Retail Channels,Off-trade Volume,2020,100.0
Australia,RTD Coffee,Retail Offline,Off-trade Volume,2020,90.4
Australia,RTD Coffee,Grocery Retailers,Off-trade Volume,2020,89.8
Australia,RTD Coffee,Convenience Retailers,Off-trade Volume,2020,32.8
Australia,RTD Coffee,Convenience Stores,Off-trade Volume,2020,5.6
Australia,RTD Coffee,Forecourt Retailers,Off-trade Volume,2020,27.2
Australia,RTD Coffee,Supermarkets,Off-trade Volume,2020,50.5
Australia,RTD Coffee,Hypermarkets,Off-trade Volume,2020,0.0
Australia,RTD Coffee,Discounters,Off-trade Volume,2020,1.3
Australia,RTD Coffee,Warehouse Clubs,Off-trade Volume,2020,0.0
Australia,RTD Coffee,Food/drink/tobacco specialists,Off-trade Volume,2020,0.0
Australia,RTD Coffee,Small Local Grocers,Off-trade Volume,2020,5.2
Australia,RTD Coffee,Non-Grocery Retailers,Off-trade Volume,2020,0.0
Australia,RTD Coffee,General Merchandise Stores,Off-trade Volume,2020,0.0
Australia,RTD Coffee,Apparel and Footwear Specialists,Off-trade Volume,2020,0.0
Australia,RTD Coffee,Appliances and Electronics Specialists,Off-trade Volume,2020,0.0
Australia,RTD Coffee,Home Products Specialists,Off-trade Volume,2020,0.0
Australia,RTD Coffee,Health and Beauty Specialists,Off-trade Volume,2020,0.0
Australia,RTD Coffee,Leisure and Personal Goods Specialists,Off-trade Volume,2020,0.0
Australia,RTD Coffee,Other Non-Grocery Retailers,Off-trade Volume,2020,0.0
Australia,RTD Coffee,Vending,Off-trade Volume,2020,0.6
Australia,RTD Coffee,Direct Selling,Off-trade Volume,2020,0.0
Australia,RTD Coffee,Retail E-Commerce,Off-trade Volume,2020,9.6
Eastern Europe,Coffee,Retail Channels,Retail Volume,2020,100.0
Eastern Europe,Coffee,Retail Offline,Retail Volume,2020,98.0
Eastern Europe,Coffee,Grocery Retailers,Retail Volume,2020,94.9
Eastern Europe,Coffee,Convenience Retailers,Retail Volume,2020,14.3
Eastern Europe,Coffee,Convenience Stores,Retail Volume,2020,13.4
Eastern Europe,Coffee,Forecourt Retailers,Retail Volume,2020,0.9
Eastern Europe,Coffee,Supermarkets,Retail Volume,2020,30.6
Eastern Europe,Coffee,Hypermarkets,Retail Volume,2020,16.3
Eastern Europe,Coffee,Discounters,Retail Volume,2020,14.0
Eastern Europe,Coffee,Warehouse Clubs,Retail Volume,2020,0.0
Eastern Europe,Coffee,Food/drink/tobacco specialists,Retail Volume,2020,1.9
Eastern Europe,Coffee,Small Local Grocers,Retail Volume,2020,17.8
Eastern Europe,Coffee,Non-Grocery Retailers,Retail Volume,2020,0.5
Eastern Europe,Coffee,General Merchandise Stores,Retail Volume,2020,0.2
Eastern Europe,Coffee,Apparel and Footwear Specialists,Retail Volume,2020,0.0
Eastern Europe,Coffee,Appliances and Electronics Specialists,Retail Volume,2020,0.0
Eastern Europe,Coffee,Home Products Specialists,Retail Volume,2020,0.0
Eastern Europe,Coffee,Health and Beauty Specialists,Retail Volume,2020,0.3
Eastern Europe,Coffee,Leisure and Personal Goods Specialists,Retail Volume,2020,0.0
Eastern Europe,Coffee,Other Non-Grocery Retailers,Retail Volume,2020,0.0
Eastern Europe,Coffee,Vending,Retail Volume,2020,2.6
Eastern Europe,Coffee,Direct Selling,Retail Volume,2020,0.0
Eastern Europe,Coffee,Retail E-Commerce,Retail Volume,2020,2.0
Eastern Europe,RTD Coffee,Retail Channels,Off-trade Volume,2020,100.0
Eastern Europe,RTD Coffee,Retail Offline,Off-trade Volume,2020,98.8
Eastern Europe,RTD Coffee,Grocery Retailers,Off-trade Volume,2020,97.3
Eastern Europe,RTD Coffee,Convenience Retailers,Off-trade Volume,2020,36.6
Eastern Europe,RTD Coffee,Convenience Stores,Off-trade Volume,2020,16.4
Eastern Europe,RTD Coffee,Forecourt Retailers,Off-trade Volume,2020,20.2
Eastern Europe,RTD Coffee,Supermarkets,Off-trade Volume,2020,17.8
Eastern Europe,RTD Coffee,Hypermarkets,Off-trade Volume,2020,22.9
Eastern Europe,RTD Coffee,Discounters,Off-trade Volume,2020,13.5
Eastern Europe,RTD Coffee,Warehouse Clubs,Off-trade Volume,2020,0.0
Eastern Europe,RTD Coffee,Food/drink/tobacco specialists,Off-trade Volume,2020,0.9
Eastern Europe,RTD Coffee,Small Local Grocers,Off-trade Volume,2020,5.7
Eastern Europe,RTD Coffee,Non-Grocery Retailers,Off-trade Volume,2020,0.5
Eastern Europe,RTD Coffee,General Merchandise Stores,Off-trade Volume,2020,0.0
Eastern Europe,RTD Coffee,Apparel and Footwear Specialists,Off-trade Volume,2020,0.0
Eastern Europe,RTD Coffee,Appliances and Electronics Specialists,Off-trade Volume,2020,0.0
Eastern Europe,RTD Coffee,Home Products Specialists,Off-trade Volume,2020,0.0
Eastern Europe,RTD Coffee,Health and Beauty Specialists,Off-trade Volume,2020,0.5
Eastern Europe,RTD Coffee,Leisure and Personal Goods Specialists,Off-trade Volume,2020,0.0
Eastern Europe,RTD Coffee,Other Non-Grocery Retailers,Off-trade Volume,2020,0.0
Eastern Europe,RTD Coffee,Vending,Off-trade Volume,2020,0.9
Eastern Europe,RTD Coffee,Direct Selling,Off-trade Volume,2020,0.0
Eastern Europe,RTD Coffee,Retail E-Commerce,Off-trade Volume,2020,1.2
Latin America,Coffee,Retail Channels,Retail Volume,2020,100.0
Latin America,Coffee,Retail Offline,Retail Volume,2020,98.9
Latin America,Coffee,Grocery Retailers,Retail Volume,2020,96.8
Latin America,Coffee,Convenience Retailers,Retail Volume,2020,1.1
Latin America,Coffee,Convenience Stores,Retail Volume,2020,0.6
Latin America,Coffee,Forecourt Retailers,Retail Volume,2020,0.5
Latin America,Coffee,Supermarkets,Retail Volume,2020,33.1
Latin America,Coffee,Hypermarkets,Retail Volume,2020,28.0
Latin America,Coffee,Discounters,Retail Volume,2020,3.1
Latin America,Coffee,Warehouse Clubs,Retail Volume,2020,3.2
Latin America,Coffee,Food/drink/tobacco specialists,Retail Volume,2020,0.0
Latin America,Coffee,Small Local Grocers,Retail Volume,2020,28.2
Latin America,Coffee,Non-Grocery Retailers,Retail Volume,2020,1.7
Latin America,Coffee,General Merchandise Stores,Retail Volume,2020,1.6
Latin America,Coffee,Apparel and Footwear Specialists,Retail Volume,2020,0.0
Latin America,Coffee,Appliances and Electronics Specialists,Retail Volume,2020,0.0
Latin America,Coffee,Home Products Specialists,Retail Volume,2020,0.0
Latin America,Coffee,Health and Beauty Specialists,Retail Volume,2020,0.1
Latin America,Coffee,Leisure and Personal Goods Specialists,Retail Volume,2020,0.0
Latin America,Coffee,Other Non-Grocery Retailers,Retail Volume,2020,0.0
Latin America,Coffee,Vending,Retail Volume,2020,0.1
Latin America,Coffee,Direct Selling,Retail Volume,2020,0.3
Latin America,Coffee,Retail E-Commerce,Retail Volume,2020,1.1
Latin America,RTD Coffee,Retail Channels,Off-trade Volume,2020,100.0
Latin America,RTD Coffee,Retail Offline,Off-trade Volume,2020,99.8
Latin America,RTD Coffee,Grocery Retailers,Off-trade Volume,2020,98.8
Latin America,RTD Coffee,Convenience Retailers,Off-trade Volume,2020,16.8
Latin America,RTD Coffee,Convenience Stores,Off-trade Volume,2020,8.3
Latin America,RTD Coffee,Forecourt Retailers,Off-trade Volume,2020,8.6
Latin America,RTD Coffee,Supermarkets,Off-trade Volume,2020,30.9
Latin America,RTD Coffee,Hypermarkets,Off-trade Volume,2020,9.7
Latin America,RTD Coffee,Discounters,Off-trade Volume,2020,2.1
Latin America,RTD Coffee,Warehouse Clubs,Off-trade Volume,2020,0.6
Latin America,RTD Coffee,Food/drink/tobacco specialists,Off-trade Volume,2020,0.4
Latin America,RTD Coffee,Small Local Grocers,Off-trade Volume,2020,38.1
Latin America,RTD Coffee,Non-Grocery Retailers,Off-trade Volume,2020,1.0
Latin America,RTD Coffee,General Merchandise Stores,Off-trade Volume,2020,0.2
Latin America,RTD Coffee,Apparel and Footwear Specialists,Off-trade Volume,2020,0.0
Latin America,RTD Coffee,Appliances and Electronics Specialists,Off-trade Volume,2020,0.0
Latin America,RTD Coffee,Home Products Specialists,Off-trade Volume,2020,0.0
Latin America,RTD Coffee,Health and Beauty Specialists,Off-trade Volume,2020,0.8
Latin America,RTD Coffee,Leisure and Personal Goods Specialists,Off-trade Volume,2020,0.0
Latin America,RTD Coffee,Other Non-Grocery Retailers,Off-trade Volume,2020,0.0
Latin America,RTD Coffee,Vending,Off-trade Volume,2020,0.0
Latin America,RTD Coffee,Direct Selling,Off-trade Volume,2020,0.0
Latin America,RTD Coffee,Retail E-Commerce,Off-trade Volume,2020,0.2
Brazil,Coffee,Retail Channels,Retail Volume,2020,100.0
Brazil,Coffee,Retail Offline,Retail Volume,2020,99.4
Brazil,Coffee,Grocery Retailers,Retail Volume,2020,96.9
Brazil,Coffee,Convenience Retailers,Retail Volume,2020,0.6
Brazil,Coffee,Convenience Stores,Retail Volume,2020,0.0
Brazil,Coffee,Forecourt Retailers,Retail Volume,2020,0.6
Brazil,Coffee,Supermarkets,Retail Volume,2020,38.5
Brazil,Coffee,Hypermarkets,Retail Volume,2020,33.3
Brazil,Coffee,Discounters,Retail Volume,2020,0.3
Brazil,Coffee,Warehouse Clubs,Retail Volume,2020,4.3
Brazil,Coffee,Food/drink/tobacco specialists,Retail Volume,2020,0.0
Brazil,Coffee,Small Local Grocers,Retail Volume,2020,20.0
Brazil,Coffee,Non-Grocery Retailers,Retail Volume,2020,2.1
Brazil,Coffee,General Merchandise Stores,Retail Volume,2020,2.1
Brazil,Coffee,Apparel and Footwear Specialists,Retail Volume,2020,0.0
Brazil,Coffee,Appliances and Electronics Specialists,Retail Volume,2020,0.0
Brazil,Coffee,Home Products Specialists,Retail Volume,2020,0.0
Brazil,Coffee,Health and Beauty Specialists,Retail Volume,2020,0.0
Brazil,Coffee,Leisure and Personal Goods Specialists,Retail Volume,2020,0.0
Brazil,Coffee,Other Non-Grocery Retailers,Retail Volume,2020,0.0
Brazil,Coffee,Vending,Retail Volume,2020,0.0
Brazil,Coffee,Direct Selling,Retail Volume,2020,0.4
Brazil,Coffee,Retail E-Commerce,Retail Volume,2020,0.6
Brazil,RTD Coffee,Retail Channels,Off-trade Volume,2020,100.0
Brazil,RTD Coffee,Retail Offline,Off-trade Volume,2020,100.0
Brazil,RTD Coffee,Grocery Retailers,Off-trade Volume,2020,98.9
Brazil,RTD Coffee,Convenience Retailers,Off-trade Volume,2020,63.4
Brazil,RTD Coffee,Convenience Stores,Off-trade Volume,2020,2.0
Brazil,RTD Coffee,Forecourt Retailers,Off-trade Volume,2020,61.4
Brazil,RTD Coffee,Supermarkets,Off-trade Volume,2020,11.3
Brazil,RTD Coffee,Hypermarkets,Off-trade Volume,2020,10.7
Brazil,RTD Coffee,Discounters,Off-trade Volume,2020,0.0
Brazil,RTD Coffee,Warehouse Clubs,Off-trade Volume,2020,2.3
Brazil,RTD Coffee,Food/drink/tobacco specialists,Off-trade Volume,2020,0.0
Brazil,RTD Coffee,Small Local Grocers,Off-trade Volume,2020,11.1
Brazil,RTD Coffee,Non-Grocery Retailers,Off-trade Volume,2020,1.2
Brazil,RTD Coffee,General Merchandise Stores,Off-trade Volume,2020,1.2
Brazil,RTD Coffee,Apparel and Footwear Specialists,Off-trade Volume,2020,0.0
Brazil,RTD Coffee,Appliances and Electronics Specialists,Off-trade Volume,2020,0.0
Brazil,RTD Coffee,Home Products Specialists,Off-trade Volume,2020,0.0
Brazil,RTD Coffee,Health and Beauty Specialists,Off-trade Volume,2020,0.0
Brazil,RTD Coffee,Leisure and Personal Goods Specialists,Off-trade Volume,2020,0.0
Brazil,RTD Coffee,Other Non-Grocery Retailers,Off-trade Volume,2020,0.0
Brazil,RTD Coffee,Vending,Off-trade Volume,2020,0.0
Brazil,RTD Coffee,Direct Selling,Off-trade Volume,2020,0.0
Brazil,RTD Coffee,Retail E-Commerce,Off-trade Volume,2020,0.0
Middle East and Africa,Coffee,Retail Channels,Retail Volume,2020,100.0
Middle East and Africa,Coffee,Retail Offline,Retail Volume,2020,99.0
Middle East and Africa,Coffee,Grocery Retailers,Retail Volume,2020,97.5
Middle East and Africa,Coffee,Convenience Retailers,Retail Volume,2020,5.0
Middle East and Africa,Coffee,Convenience Stores,Retail Volume,2020,3.3
Middle East and Africa,Coffee,Forecourt Retailers,Retail Volume,2020,1.7
Middle East and Africa,Coffee,Supermarkets,Retail Volume,2020,30.1
Middle East and Africa,Coffee,Hypermarkets,Retail Volume,2020,9.1
Middle East and Africa,Coffee,Discounters,Retail Volume,2020,2.3
Middle East and Africa,Coffee,Warehouse Clubs,Retail Volume,2020,0.0
Middle East and Africa,Coffee,Food/drink/tobacco specialists,Retail Volume,2020,5.7
Middle East and Africa,Coffee,Small Local Grocers,Retail Volume,2020,45.2
Middle East and Africa,Coffee,Non-Grocery Retailers,Retail Volume,2020,1.3
Middle East and Africa,Coffee,General Merchandise Stores,Retail Volume,2020,0.0
Middle East and Africa,Coffee,Apparel and Footwear Specialists,Retail Volume,2020,0.0
Middle East and Africa,Coffee,Appliances and Electronics Specialists,Retail Volume,2020,0.0
Middle East and Africa,Coffee,Home Products Specialists,Retail Volume,2020,0.0
Middle East and Africa,Coffee,Health and Beauty Specialists,Retail Volume,2020,0.0
Middle East and Africa,Coffee,Leisure and Personal Goods Specialists,Retail Volume,2020,0.0
Middle East and Africa,Coffee,Other Non-Grocery Retailers,Retail Volume,2020,1.3
Middle East and Africa,Coffee,Vending,Retail Volume,2020,0.1
Middle East and Africa,Coffee,Direct Selling,Retail Volume,2020,0.1
Middle East and Africa,Coffee,Retail E-Commerce,Retail Volume,2020,1.0
Middle East and Africa,RTD Coffee,Retail Channels,Off-trade Volume,2020,100.0
Middle East and Africa,RTD Coffee,Retail Offline,Off-trade Volume,2020,98.8
Middle East and Africa,RTD Coffee,Grocery Retailers,Off-trade Volume,2020,98.7
Middle East and Africa,RTD Coffee,Convenience Retailers,Off-trade Volume,2020,45.6
Middle East and Africa,RTD Coffee,Convenience Stores,Off-trade Volume,2020,4.7
Middle East and Africa,RTD Coffee,Forecourt Retailers,Off-trade Volume,2020,40.9
Middle East and Africa,RTD Coffee,Supermarkets,Off-trade Volume,2020,20.1
Middle East and Africa,RTD Coffee,Hypermarkets,Off-trade Volume,2020,19.7
Middle East and Africa,RTD Coffee,Discounters,Off-trade Volume,2020,0.6
Middle East and Africa,RTD Coffee,Warehouse Clubs,Off-trade Volume,2020,0.0
Middle East and Africa,RTD Coffee,Food/drink/tobacco specialists,Off-trade Volume,2020,0.5
Middle East and Africa,RTD Coffee,Small Local Grocers,Off-trade Volume,2020,12.2
Middle East and Africa,RTD Coffee,Non-Grocery Retailers,Off-trade Volume,2020,0.0
Middle East and Africa,RTD Coffee,General Merchandise Stores,Off-trade Volume,2020,0.0
Middle East and Africa,RTD Coffee,Apparel and Footwear Specialists,Off-trade Volume,2020,0.0
Middle East and Africa,RTD Coffee,Appliances and Electronics Specialists,Off-trade Volume,2020,0.0
Middle East and Africa,RTD Coffee,Home Products Specialists,Off-trade Volume,2020,0.0
Middle East and Africa,RTD Coffee,Health and Beauty Specialists,Off-trade Volume,2020,0.0
Middle East and Africa,RTD Coffee,Leisure and Personal Goods Specialists,Off-trade Volume,2020,0.0
Middle East and Africa,RTD Coffee,Other Non-Grocery Retailers,Off-trade Volume,2020,0.0
Middle East and Africa,RTD Coffee,Vending,Off-trade Volume,2020,0.0
Middle East and Africa,RTD Coffee,Direct Selling,Off-trade Volume,2020,0.0
Middle East and Africa,RTD Coffee,Retail E-Commerce,Off-trade Volume,2020,1.2
North America,Coffee,Retail Channels,Retail Volume,2020,100.0
North America,Coffee,Retail Offline,Retail Volume,2020,83.0
North America,Coffee,Grocery Retailers,Retail Volume,2020,80.7
North America,Coffee,Convenience Retailers,Retail Volume,2020,1.1
North America,Coffee,Convenience Stores,Retail Volume,2020,0.2
North America,Coffee,Forecourt Retailers,Retail Volume,2020,0.9
North America,Coffee,Supermarkets,Retail Volume,2020,27.8
North America,Coffee,Hypermarkets,Retail Volume,2020,21.6
North America,Coffee,Discounters,Retail Volume,2020,3.2
North America,Coffee,Warehouse Clubs,Retail Volume,2020,4.1
North America,Coffee,Food/drink/tobacco specialists,Retail Volume,2020,4.8
North America,Coffee,Small Local Grocers,Retail Volume,2020,18.1
North America,Coffee,Non-Grocery Retailers,Retail Volume,2020,2.1
North America,Coffee,General Merchandise Stores,Retail Volume,2020,1.3
North America,Coffee,Apparel and Footwear Specialists,Retail Volume,2020,0.0
North America,Coffee,Appliances and Electronics Specialists,Retail Volume,2020,0.0
North America,Coffee,Home Products Specialists,Retail Volume,2020,0.0
North America,Coffee,Health and Beauty Specialists,Retail Volume,2020,0.8
North America,Coffee,Leisure and Personal Goods Specialists,Retail Volume,2020,0.0
North America,Coffee,Other Non-Grocery Retailers,Retail Volume,2020,0.0
North America,Coffee,Vending,Retail Volume,2020,0.0
North America,Coffee,Direct Selling,Retail Volume,2020,0.1
North America,Coffee,Retail E-Commerce,Retail Volume,2020,17.0
North America,RTD Coffee,Retail Channels,Off-trade Volume,2020,100.0
North America,RTD Coffee,Retail Offline,Off-trade Volume,2020,90.8
North America,RTD Coffee,Grocery Retailers,Off-trade Volume,2020,84.0
North America,RTD Coffee,Convenience Retailers,Off-trade Volume,2020,26.5
North America,RTD Coffee,Convenience Stores,Off-trade Volume,2020,6.2
North America,RTD Coffee,Forecourt Retailers,Off-trade Volume,2020,20.3
North America,RTD Coffee,Supermarkets,Off-trade Volume,2020,21.2
North America,RTD Coffee,Hypermarkets,Off-trade Volume,2020,20.5
North America,RTD Coffee,Discounters,Off-trade Volume,2020,1.4
North America,RTD Coffee,Warehouse Clubs,Off-trade Volume,2020,10.8
North America,RTD Coffee,Food/drink/tobacco specialists,Off-trade Volume,2020,0.0
North America,RTD Coffee,Small Local Grocers,Off-trade Volume,2020,3.6
North America,RTD Coffee,Non-Grocery Retailers,Off-trade Volume,2020,4.8
North America,RTD Coffee,General Merchandise Stores,Off-trade Volume,2020,3.7
North America,RTD Coffee,Apparel and Footwear Specialists,Off-trade Volume,2020,0.0
North America,RTD Coffee,Appliances and Electronics Specialists,Off-trade Volume,2020,0.0
North America,RTD Coffee,Home Products Specialists,Off-trade Volume,2020,0.0
North America,RTD Coffee,Health and Beauty Specialists,Off-trade Volume,2020,1.2
North America,RTD Coffee,Leisure and Personal Goods Specialists,Off-trade Volume,2020,0.0
North America,RTD Coffee,Other Non-Grocery Retailers,Off-trade Volume,2020,0.0
North America,RTD Coffee,Vending,Off-trade Volume,2020,2.0
North America,RTD Coffee,Direct Selling,Off-trade Volume,2020,0.0
North America,RTD Coffee,Retail E-Commerce,Off-trade Volume,2020,9.2
USA,Coffee,Retail Channels,Retail Volume,2020,100.0
USA,Coffee,Retail Offline,Retail Volume,2020,82.1
USA,Coffee,Grocery Retailers,Retail Volume,2020,80.2
USA,Coffee,Convenience Retailers,Retail Volume,2020,1.1
USA,Coffee,Convenience Stores,Retail Volume,2020,0.1
USA,Coffee,Forecourt Retailers,Retail Volume,2020,1.0
USA,Coffee,Supermarkets,Retail Volume,2020,27.0
USA,Coffee,Hypermarkets,Retail Volume,2020,22.0
USA,Coffee,Discounters,Retail Volume,2020,2.1
USA,Coffee,Warehouse Clubs,Retail Volume,2020,3.8
USA,Coffee,Food/drink/tobacco specialists,Retail Volume,2020,5.2
USA,Coffee,Small Local Grocers,Retail Volume,2020,18.9
USA,Coffee,Non-Grocery Retailers,Retail Volume,2020,1.8
USA,Coffee,General Merchandise Stores,Retail Volume,2020,1.2
USA,Coffee,Apparel and Footwear Specialists,Retail Volume,2020,0.0
USA,Coffee,Appliances and Electronics Specialists,Retail Volume,2020,0.0
USA,Coffee,Home Products Specialists,Retail Volume,2020,0.0
USA,Coffee,Health and Beauty Specialists,Retail Volume,2020,0.5
USA,Coffee,Leisure and Personal Goods Specialists,Retail Volume,2020,0.0
USA,Coffee,Other Non-Grocery Retailers,Retail Volume,2020,0.0
USA,Coffee,Vending,Retail Volume,2020,0.0
USA,Coffee,Direct Selling,Retail Volume,2020,0.2
USA,Coffee,Retail E-Commerce,Retail Volume,2020,17.9
USA,RTD Coffee,Retail Channels,Off-trade Volume,2020,100.0
USA,RTD Coffee,Retail Offline,Off-trade Volume,2020,90.7
USA,RTD Coffee,Grocery Retailers,Off-trade Volume,2020,84.0
USA,RTD Coffee,Convenience Retailers,Off-trade Volume,2020,26.7
USA,RTD Coffee,Convenience Stores,Off-trade Volume,2020,6.2
USA,RTD Coffee,Forecourt Retailers,Off-trade Volume,2020,20.4
USA,RTD Coffee,Supermarkets,Off-trade Volume,2020,20.9
USA,RTD Coffee,Hypermarkets,Off-trade Volume,2020,20.6
USA,RTD Coffee,Discounters,Off-trade Volume,2020,1.3
USA,RTD Coffee,Warehouse Clubs,Off-trade Volume,2020,10.8
USA,RTD Coffee,Food/drink/tobacco specialists,Off-trade Volume,2020,0.0
USA,RTD Coffee,Small Local Grocers,Off-trade Volume,2020,3.7
USA,RTD Coffee,Non-Grocery Retailers,Off-trade Volume,2020,4.7
USA,RTD Coffee,General Merchandise Stores,Off-trade Volume,2020,3.7
USA,RTD Coffee,Apparel and Footwear Specialists,Off-trade Volume,2020,0.0
USA,RTD Coffee,Appliances and Electronics Specialists,Off-trade Volume,2020,0.0
USA,RTD Coffee,Home Products Specialists,Off-trade Volume,2020,0.0
USA,RTD Coffee,Health and Beauty Specialists,Off-trade Volume,2020,1.0
USA,RTD Coffee,Leisure and Personal Goods Specialists,Off-trade Volume,2020,0.0
USA,RTD Coffee,Other Non-Grocery Retailers,Off-trade Volume,2020,0.0
USA,RTD Coffee,Vending,Off-trade Volume,2020,2.0
USA,RTD Coffee,Direct Selling,Off-trade Volume,2020,0.0
USA,RTD Coffee,Retail E-Commerce,Off-trade Volume,2020,9.3
Western Europe,Coffee,Retail Channels,Retail Volume,2020,100.0
Western Europe,Coffee,Retail Offline,Retail Volume,2020,95.0
Western Europe,Coffee,Grocery Retailers,Retail Volume,2020,92.3
Western Europe,Coffee,Convenience Retailers,Retail Volume,2020,3.5
Western Europe,Coffee,Convenience Stores,Retail Volume,2020,3.1
Western Europe,Coffee,Forecourt Retailers,Retail Volume,2020,0.4
Western Europe,Coffee,Supermarkets,Retail Volume,2020,38.7
Western Europe,Coffee,Hypermarkets,Retail Volume,2020,20.2
Western Europe,Coffee,Discounters,Retail Volume,2020,23.0
Western Europe,Coffee,Warehouse Clubs,Retail Volume,2020,0.0
Western Europe,Coffee,Food/drink/tobacco specialists,Retail Volume,2020,3.9
Western Europe,Coffee,Small Local Grocers,Retail Volume,2020,3.0
Western Europe,Coffee,Non-Grocery Retailers,Retail Volume,2020,1.8
Western Europe,Coffee,General Merchandise Stores,Retail Volume,2020,0.7
Western Europe,Coffee,Apparel and Footwear Specialists,Retail Volume,2020,0.0
Western Europe,Coffee,Appliances and Electronics Specialists,Retail Volume,2020,0.0
Western Europe,Coffee,Home Products Specialists,Retail Volume,2020,0.0
Western Europe,Coffee,Health and Beauty Specialists,Retail Volume,2020,1.1
Western Europe,Coffee,Leisure and Personal Goods Specialists,Retail Volume,2020,0.0
Western Europe,Coffee,Other Non-Grocery Retailers,Retail Volume,2020,0.0
Western Europe,Coffee,Vending,Retail Volume,2020,0.8
Western Europe,Coffee,Direct Selling,Retail Volume,2020,0.0
Western Europe,Coffee,Retail E-Commerce,Retail Volume,2020,5.0
Western Europe,RTD Coffee,Retail Channels,Off-trade Volume,2020,100.0
Western Europe,RTD Coffee,Retail Offline,Off-trade Volume,2020,97.5
Western Europe,RTD Coffee,Grocery Retailers,Off-trade Volume,2020,95.2
Western Europe,RTD Coffee,Convenience Retailers,Off-trade Volume,2020,13.9
Western Europe,RTD Coffee,Convenience Stores,Off-trade Volume,2020,6.1
Western Europe,RTD Coffee,Forecourt Retailers,Off-trade Volume,2020,7.8
Western Europe,RTD Coffee,Supermarkets,Off-trade Volume,2020,43.6
Western Europe,RTD Coffee,Hypermarkets,Off-trade Volume,2020,16.3
Western Europe,RTD Coffee,Discounters,Off-trade Volume,2020,15.6
Western Europe,RTD Coffee,Warehouse Clubs,Off-trade Volume,2020,0.0
Western Europe,RTD Coffee,Food/drink/tobacco specialists,Off-trade Volume,2020,0.2
Western Europe,RTD Coffee,Small Local Grocers,Off-trade Volume,2020,5.7
Western Europe,RTD Coffee,Non-Grocery Retailers,Off-trade Volume,2020,1.7
Western Europe,RTD Coffee,General Merchandise Stores,Off-trade Volume,2020,0.0
Western Europe,RTD Coffee,Apparel and Footwear Specialists,Off-trade Volume,2020,0.0
Western Europe,RTD Coffee,Appliances and Electronics Specialists,Off-trade Volume,2020,0.0
Western Europe,RTD Coffee,Home Products Specialists,Off-trade Volume,2020,0.0
Western Europe,RTD Coffee,Health and Beauty Specialists,Off-trade Volume,2020,1.7
Western Europe,RTD Coffee,Leisure and Personal Goods Specialists,Off-trade Volume,2020,0.0
Western Europe,RTD Coffee,Other Non-Grocery Retailers,Off-trade Volume,2020,0.0
Western Europe,RTD Coffee,Vending,Off-trade Volume,2020,0.5
Western Europe,RTD Coffee,Direct Selling,Off-trade Volume,2020,0.0
Western Europe,RTD Coffee,Retail E-Commerce,Off-trade Volume,2020,2.5
France,Coffee,Retail Channels,Retail Volume,2020,100.0
France,Coffee,Retail Offline,Retail Volume,2020,87.9
France,Coffee,Grocery Retailers,Retail Volume,2020,87.0
France,Coffee,Convenience Retailers,Retail Volume,2020,1.2
France,Coffee,Convenience Stores,Retail Volume,2020,1.1
France,Coffee,Forecourt Retailers,Retail Volume,2020,0.0
France,Coffee,Supermarkets,Retail Volume,2020,25.5
France,Coffee,Hypermarkets,Retail Volume,2020,31.7
France,Coffee,Discounters,Retail Volume,2020,12.6
France,Coffee,Warehouse Clubs,Retail Volume,2020,0.0
France,Coffee,Food/drink/tobacco specialists,Retail Volume,2020,15.5
France,Coffee,Small Local Grocers,Retail Volume,2020,0.6
France,Coffee,Non-Grocery Retailers,Retail Volume,2020,0.6
France,Coffee,General Merchandise Stores,Retail Volume,2020,0.0
France,Coffee,Apparel and Footwear Specialists,Retail Volume,2020,0.0
France,Coffee,Appliances and Electronics Specialists,Retail Volume,2020,0.0
France,Coffee,Home Products Specialists,Retail Volume,2020,0.0
France,Coffee,Health and Beauty Specialists,Retail Volume,2020,0.6
France,Coffee,Leisure and Personal Goods Specialists,Retail Volume,2020,0.0
France,Coffee,Other Non-Grocery Retailers,Retail Volume,2020,0.0
France,Coffee,Vending,Retail Volume,2020,0.2
France,Coffee,Direct Selling,Retail Volume,2020,0.0
France,Coffee,Retail E-Commerce,Retail Volume,2020,12.1
France,RTD Coffee,Retail Channels,Off-trade Volume,2020,100.0
France,RTD Coffee,Retail Offline,Off-trade Volume,2020,99.0
France,RTD Coffee,Grocery Retailers,Off-trade Volume,2020,98.5
France,RTD Coffee,Convenience Retailers,Off-trade Volume,2020,36.3
France,RTD Coffee,Convenience Stores,Off-trade Volume,2020,17.5
France,RTD Coffee,Forecourt Retailers,Off-trade Volume,2020,18.8
France,RTD Coffee,Supermarkets,Off-trade Volume,2020,28.4
France,RTD Coffee,Hypermarkets,Off-trade Volume,2020,29.7
France,RTD Coffee,Discounters,Off-trade Volume,2020,2.3
France,RTD Coffee,Warehouse Clubs,Off-trade Volume,2020,0.0
France,RTD Coffee,Food/drink/tobacco specialists,Off-trade Volume,2020,0.0
France,RTD Coffee,Small Local Grocers,Off-trade Volume,2020,1.8
France,RTD Coffee,Non-Grocery Retailers,Off-trade Volume,2020,0.0
France,RTD Coffee,General Merchandise Stores,Off-trade Volume,2020,0.0
France,RTD Coffee,Apparel and Footwear Specialists,Off-trade Volume,2020,0.0
France,RTD Coffee,Appliances and Electronics Specialists,Off-trade Volume,2020,0.0
France,RTD Coffee,Home Products Specialists,Off-trade Volume,2020,0.0
France,RTD Coffee,Health and Beauty Specialists,Off-trade Volume,2020,0.0
France,RTD Coffee,Leisure and Personal Goods Specialists,Off-trade Volume,2020,0.0
France,RTD Coffee,Other Non-Grocery Retailers,Off-trade Volume,2020,0.0
France,RTD Coffee,Vending,Off-trade Volume,2020,0.4
France,RTD Coffee,Direct Selling,Off-trade Volume,2020,0.0
France,RTD Coffee,Retail E-Commerce,Off-trade Volume,2020,1.0
Germany,Coffee,Retail Channels,Retail Volume,2020,100.0
Germany,Coffee,Retail Offline,Retail Volume,2020,97.1
Germany,Coffee,Grocery Retailers,Retail Volume,2020,93.9
Germany,Coffee,Convenience Retailers,Retail Volume,2020,0.6
Germany,Coffee,Convenience Stores,Retail Volume,2020,0.3
Germany,Coffee,Forecourt Retailers,Retail Volume,2020,0.3
Germany,Coffee,Supermarkets,Retail Volume,2020,26.3
Germany,Coffee,Hypermarkets,Retail Volume,2020,18.4
Germany,Coffee,Discounters,Retail Volume,2020,45.5
Germany,Coffee,Warehouse Clubs,Retail Volume,2020,0.0
Germany,Coffee,Food/drink/tobacco specialists,Retail Volume,2020,2.4
Germany,Coffee,Small Local Grocers,Retail Volume,2020,0.8
Germany,Coffee,Non-Grocery Retailers,Retail Volume,2020,2.7
Germany,Coffee,General Merchandise Stores,Retail Volume,2020,1.5
Germany,Coffee,Apparel and Footwear Specialists,Retail Volume,2020,0.0
Germany,Coffee,Appliances and Electronics Specialists,Retail Volume,2020,0.0
Germany,Coffee,Home Products Specialists,Retail Volume,2020,0.0
Germany,Coffee,Health and Beauty Specialists,Retail Volume,2020,1.2
Germany,Coffee,Leisure and Personal Goods Specialists,Retail Volume,2020,0.0
Germany,Coffee,Other Non-Grocery Retailers,Retail Volume,2020,0.0
Germany,Coffee,Vending,Retail Volume,2020,0.4
Germany,Coffee,Direct Selling,Retail Volume,2020,0.0
Germany,Coffee,Retail E-Commerce,Retail Volume,2020,2.9
Germany,RTD Coffee,Retail Channels,Off-trade Volume,2020,100.0
Germany,RTD Coffee,Retail Offline,Off-trade Volume,2020,98.9
Germany,RTD Coffee,Grocery Retailers,Off-trade Volume,2020,94.4
Germany,RTD Coffee,Convenience Retailers,Off-trade Volume,2020,14.0
Germany,RTD Coffee,Convenience Stores,Off-trade Volume,2020,0.1
Germany,RTD Coffee,Forecourt Retailers,Off-trade Volume,2020,13.9
Germany,RTD Coffee,Supermarkets,Off-trade Volume,2020,31.0
Germany,RTD Coffee,Hypermarkets,Off-trade Volume,2020,17.9
Germany,RTD Coffee,Discounters,Off-trade Volume,2020,24.3
Germany,RTD Coffee,Warehouse Clubs,Off-trade Volume,2020,0.0
Germany,RTD Coffee,Food/drink/tobacco specialists,Off-trade Volume,2020,0.1
Germany,RTD Coffee,Small Local Grocers,Off-trade Volume,2020,7.1
Germany,RTD Coffee,Non-Grocery Retailers,Off-trade Volume,2020,4.1
Germany,RTD Coffee,General Merchandise Stores,Off-trade Volume,2020,0.0
Germany,RTD Coffee,Apparel and Footwear Specialists,Off-trade Volume,2020,0.0
Germany,RTD Coffee,Appliances and Electronics Specialists,Off-trade Volume,2020,0.0
Germany,RTD Coffee,Home Products Specialists,Off-trade Volume,2020,0.0
Germany,RTD Coffee,Health and Beauty Specialists,Off-trade Volume,2020,4.1
Germany,RTD Coffee,Leisure and Personal Goods Specialists,Off-trade Volume,2020,0.0
Germany,RTD Coffee,Other Non-Grocery Retailers,Off-trade Volume,2020,0.0
Germany,RTD Coffee,Vending,Off-trade Volume,2020,0.4
Germany,RTD Coffee,Direct Selling,Off-trade Volume,2020,0.0
Germany,RTD Coffee,Retail E-Commerce,Off-trade Volume,2020,1.1
United Kingdom,Coffee,Retail Channels,Retail Volume,2020,100.0
United Kingdom,Coffee,Retail Offline,Retail Volume,2020,89.4
United Kingdom,Coffee,Grocery Retailers,Retail Volume,2020,86.6
United Kingdom,Coffee,Convenience Retailers,Retail Volume,2020,5.1
United Kingdom,Coffee,Convenience Stores,Retail Volume,2020,4.9
United Kingdom,Coffee,Forecourt Retailers,Retail Volume,2020,0.2
United Kingdom,Coffee,Supermarkets,Retail Volume,2020,37.2
United Kingdom,Coffee,Hypermarkets,Retail Volume,2020,34.2
United Kingdom,Coffee,Discounters,Retail Volume,2020,7.6
United Kingdom,Coffee,Warehouse Clubs,Retail Volume,2020,0.1
United Kingdom,Coffee,Food/drink/tobacco specialists,Retail Volume,2020,1.3
United Kingdom,Coffee,Small Local Grocers,Retail Volume,2020,1.2
United Kingdom,Coffee,Non-Grocery Retailers,Retail Volume,2020,2.4
United Kingdom,Coffee,General Merchandise Stores,Retail Volume,2020,2.4
United Kingdom,Coffee,Apparel and Footwear Specialists,Retail Volume,2020,0.0
United Kingdom,Coffee,Appliances and Electronics Specialists,Retail Volume,2020,0.0
United Kingdom,Coffee,Home Products Specialists,Retail Volume,2020,0.0
United Kingdom,Coffee,Health and Beauty Specialists,Retail Volume,2020,0.0
United Kingdom,Coffee,Leisure and Personal Goods Specialists,Retail Volume,2020,0.0
United Kingdom,Coffee,Other Non-Grocery Retailers,Retail Volume,2020,0.0
United Kingdom,Coffee,Vending,Retail Volume,2020,0.5
United Kingdom,Coffee,Direct Selling,Retail Volume,2020,0.0
United Kingdom,Coffee,Retail E-Commerce,Retail Volume,2020,10.6
United Kingdom,RTD Coffee,Retail Channels,Off-trade Volume,2020,100.0
United Kingdom,RTD Coffee,Retail Offline,Off-trade Volume,2020,91.8
United Kingdom,RTD Coffee,Grocery Retailers,Off-trade Volume,2020,91.0
United Kingdom,RTD Coffee,Convenience Retailers,Off-trade Volume,2020,12.0
United Kingdom,RTD Coffee,Convenience Stores,Off-trade Volume,2020,9.1
United Kingdom,RTD Coffee,Forecourt Retailers,Off-trade Volume,2020,2.9
United Kingdom,RTD Coffee,Supermarkets,Off-trade Volume,2020,32.5
United Kingdom,RTD Coffee,Hypermarkets,Off-trade Volume,2020,31.9
United Kingdom,RTD Coffee,Discounters,Off-trade Volume,2020,0.0
United Kingdom,RTD Coffee,Warehouse Clubs,Off-trade Volume,2020,0.0
United Kingdom,RTD Coffee,Food/drink/tobacco specialists,Off-trade Volume,2020,0.0
United Kingdom,RTD Coffee,Small Local Grocers,Off-trade Volume,2020,14.5
United Kingdom,RTD Coffee,Non-Grocery Retailers,Off-trade Volume,2020,0.8
United Kingdom,RTD Coffee,General Merchandise Stores,Off-trade Volume,2020,0.0
United Kingdom,RTD Coffee,Apparel and Footwear Specialists,Off-trade Volume,2020,0.0
United Kingdom,RTD Coffee,Appliances and Electronics Specialists,Off-trade Volume,2020,0.0
United Kingdom,RTD Coffee,Home Products Specialists,Off-trade Volume,2020,0.0
United Kingdom,RTD Coffee,Health and Beauty Specialists,Off-trade Volume,2020,0.8
United Kingdom,RTD Coffee,Leisure and Personal Goods Specialists,Off-trade Volume,2020,0.0
United Kingdom,RTD Coffee,Other Non-Grocery Retailers,Off-trade Volume,2020,0.0
United Kingdom,RTD Coffee,Vending,Off-trade Volume,2020,0.0
United Kingdom,RTD Coffee,Direct Selling,Off-trade Volume,2020,0.0
United Kingdom,RTD Coffee,Retail E-Commerce,Off-trade Volume,2020,8.2
World,Coffee,Retail Channels,Retail Volume,2021,100.0
World,Coffee,Retail Offline,Retail Volume,2021,94.0
World,Coffee,Grocery Retailers,Retail Volume,2021,91.6
World,Coffee,Convenience Retailers,Retail Volume,2021,5.2
World,Coffee,Convenience Stores,Retail Volume,2021,4.4
World,Coffee,Forecourt Retailers,Retail Volume,2021,0.8
World,Coffee,Supermarkets,Retail Volume,2021,28.9
World,Coffee,Hypermarkets,Retail Volume,2021,19.0
World,Coffee,Discounters,Retail Volume,2021,7.9
World,Coffee,Warehouse Clubs,Retail Volume,2021,1.3
World,Coffee,Food/drink/tobacco specialists,Retail Volume,2021,2.5
World,Coffee,Small Local Grocers,Retail Volume,2021,26.7
World,Coffee,Non-Grocery Retailers,Retail Volume,2021,1.8
World,Coffee,General Merchandise Stores,Retail Volume,2021,1.0
World,Coffee,Apparel and Footwear Specialists,Retail Volume,2021,0.0
World,Coffee,Appliances and Electronics Specialists,Retail Volume,2021,0.0
World,Coffee,Home Products Specialists,Retail Volume,2021,0.0
World,Coffee,Health and Beauty Specialists,Retail Volume,2021,0.6
World,Coffee,Leisure and Personal Goods Specialists,Retail Volume,2021,0.0
World,Coffee,Other Non-Grocery Retailers,Retail Volume,2021,0.1
World,Coffee,Vending,Retail Volume,2021,0.5
World,Coffee,Direct Selling,Retail Volume,2021,0.1
World,Coffee,Retail E-Commerce,Retail Volume,2021,6.0
World,RTD Coffee,Retail Channels,Off-trade Volume,2021,100.0
World,RTD Coffee,Retail Offline,Off-trade Volume,2021,95.8
World,RTD Coffee,Grocery Retailers,Off-trade Volume,2021,70.6
World,RTD Coffee,Convenience Retailers,Off-trade Volume,2021,26.1
World,RTD Coffee,Convenience Stores,Off-trade Volume,2021,21.6
World,RTD Coffee,Forecourt Retailers,Off-trade Volume,2021,4.5
World,RTD Coffee,Supermarkets,Off-trade Volume,2021,22.2
World,RTD Coffee,Hypermarkets,Off-trade Volume,2021,9.5
World,RTD Coffee,Discounters,Off-trade Volume,2021,1.1
World,RTD Coffee,Warehouse Clubs,Off-trade Volume,2021,2.5
World,RTD Coffee,Food/drink/tobacco specialists,Off-trade Volume,2021,0.0
World,RTD Coffee,Small Local Grocers,Off-trade Volume,2021,9.2
World,RTD Coffee,Non-Grocery Retailers,Off-trade Volume,2021,11.4
World,RTD Coffee,General Merchandise Stores,Off-trade Volume,2021,5.2
World,RTD Coffee,Apparel and Footwear Specialists,Off-trade Volume,2021,0.0
World,RTD Coffee,Appliances and Electronics Specialists,Off-trade Volume,2021,0.0
World,RTD Coffee,Home Products Specialists,Off-trade Volume,2021,0.0
World,RTD Coffee,Health and Beauty Specialists,Off-trade Volume,2021,6.2
World,RTD Coffee,Leisure and Personal Goods Specialists,Off-trade Volume,2021,0.0
World,RTD Coffee,Other Non-Grocery Retailers,Off-trade Volume,2021,0.0
World,RTD Coffee,Vending,Off-trade Volume,2021,13.8
World,RTD Coffee,Direct Selling,Off-trade Volume,2021,0.0
World,RTD Coffee,Retail E-Commerce,Off-trade Volume,2021,4.2
Asia Pacific,Coffee,Retail Channels,Retail Volume,2021,100.0
Asia Pacific,Coffee,Retail Offline,Retail Volume,2021,93.9
Asia Pacific,Coffee,Grocery Retailers,Retail Volume,2021,91.6
Asia Pacific,Coffee,Convenience Retailers,Retail Volume,2021,9.0
Asia Pacific,Coffee,Convenience Stores,Retail Volume,2021,8.1
Asia Pacific,Coffee,Forecourt Retailers,Retail Volume,2021,0.9
Asia Pacific,Coffee,Supermarkets,Retail Volume,2021,16.4
Asia Pacific,Coffee,Hypermarkets,Retail Volume,2021,16.1
Asia Pacific,Coffee,Discounters,Retail Volume,2021,0.1
Asia Pacific,Coffee,Warehouse Clubs,Retail Volume,2021,0.3
Asia Pacific,Coffee,Food/drink/tobacco specialists,Retail Volume,2021,0.7
Asia Pacific,Coffee,Small Local Grocers,Retail Volume,2021,49.0
Asia Pacific,Coffee,Non-Grocery Retailers,Retail Volume,2021,2.2
Asia Pacific,Coffee,General Merchandise Stores,Retail Volume,2021,1.5
Asia Pacific,Coffee,Apparel and Footwear Specialists,Retail Volume,2021,0.0
Asia Pacific,Coffee,Appliances and Electronics Specialists,Retail Volume,2021,0.0
Asia Pacific,Coffee,Home Products Specialists,Retail Volume,2021,0.0
Asia Pacific,Coffee,Health and Beauty Specialists,Retail Volume,2021,0.7
Asia Pacific,Coffee,Leisure and Personal Goods Specialists,Retail Volume,2021,0.0
Asia Pacific,Coffee,Other Non-Grocery Retailers,Retail Volume,2021,0.0
Asia Pacific,Coffee,Vending,Retail Volume,2021,0.1
Asia Pacific,Coffee,Direct Selling,Retail Volume,2021,0.1
Asia Pacific,Coffee,Retail E-Commerce,Retail Volume,2021,6.1
Asia Pacific,RTD Coffee,Retail Channels,Off-trade Volume,2021,100.0
Asia Pacific,RTD Coffee,Retail Offline,Off-trade Volume,2021,96.8
Asia Pacific,RTD Coffee,Grocery Retailers,Off-trade Volume,2021,66.3
Asia Pacific,RTD Coffee,Convenience Retailers,Off-trade Volume,2021,26.5
Asia Pacific,RTD Coffee,Convenience Stores,Off-trade Volume,2021,25.6
Asia Pacific,RTD Coffee,Forecourt Retailers,Off-trade Volume,2021,0.9
Asia Pacific,RTD Coffee,Supermarkets,Off-trade Volume,2021,21.1
Asia Pacific,RTD Coffee,Hypermarkets,Off-trade Volume,2021,7.1
Asia Pacific,RTD Coffee,Discounters,Off-trade Volume,2021,0.0
Asia Pacific,RTD Coffee,Warehouse Clubs,Off-trade Volume,2021,1.3
Asia Pacific,RTD Coffee,Food/drink/tobacco specialists,Off-trade Volume,2021,0.0
Asia Pacific,RTD Coffee,Small Local Grocers,Off-trade Volume,2021,10.3
Asia Pacific,RTD Coffee,Non-Grocery Retailers,Off-trade Volume,2021,13.5
Asia Pacific,RTD Coffee,General Merchandise Stores,Off-trade Volume,2021,6.0
Asia Pacific,RTD Coffee,Apparel and Footwear Specialists,Off-trade Volume,2021,0.0
Asia Pacific,RTD Coffee,Appliances and Electronics Specialists,Off-trade Volume,2021,0.0
Asia Pacific,RTD Coffee,Home Products Specialists,Off-trade Volume,2021,0.0
Asia Pacific,RTD Coffee,Health and Beauty Specialists,Off-trade Volume,2021,7.5
Asia Pacific,RTD Coffee,Leisure and Personal Goods Specialists,Off-trade Volume,2021,0.0
Asia Pacific,RTD Coffee,Other Non-Grocery Retailers,Off-trade Volume,2021,0.0
Asia Pacific,RTD Coffee,Vending,Off-trade Volume,2021,17.0
Asia Pacific,RTD Coffee,Direct Selling,Off-trade Volume,2021,0.0
Asia Pacific,RTD Coffee,Retail E-Commerce,Off-trade Volume,2021,3.2
China,Coffee,Retail Channels,Retail Volume,2021,100.0
China,Coffee,Retail Offline,Retail Volume,2021,66.7
China,Coffee,Grocery Retailers,Retail Volume,2021,66.7
China,Coffee,Convenience Retailers,Retail Volume,2021,5.5
China,Coffee,Convenience Stores,Retail Volume,2021,5.5
China,Coffee,Forecourt Retailers,Retail Volume,2021,0.0
China,Coffee,Supermarkets,Retail Volume,2021,25.8
China,Coffee,Hypermarkets,Retail Volume,2021,31.9
China,Coffee,Discounters,Retail Volume,2021,0.0
China,Coffee,Warehouse Clubs,Retail Volume,2021,0.0
China,Coffee,Food/drink/tobacco specialists,Retail Volume,2021,0.0
China,Coffee,Small Local Grocers,Retail Volume,2021,3.5
China,Coffee,Non-Grocery Retailers,Retail Volume,2021,0.0
China,Coffee,General Merchandise Stores,Retail Volume,2021,0.0
China,Coffee,Apparel and Footwear Specialists,Retail Volume,2021,0.0
China,Coffee,Appliances and Electronics Specialists,Retail Volume,2021,0.0
China,Coffee,Home Products Specialists,Retail Volume,2021,0.0
China,Coffee,Health and Beauty Specialists,Retail Volume,2021,0.0
China,Coffee,Leisure and Personal Goods Specialists,Retail Volume,2021,0.0
China,Coffee,Other Non-Grocery Retailers,Retail Volume,2021,0.0
China,Coffee,Vending,Retail Volume,2021,0.0
China,Coffee,Direct Selling,Retail Volume,2021,0.0
China,Coffee,Retail E-Commerce,Retail Volume,2021,33.3
China,RTD Coffee,Retail Channels,Off-trade Volume,2021,100.0
China,RTD Coffee,Retail Offline,Off-trade Volume,2021,96.4
China,RTD Coffee,Grocery Retailers,Off-trade Volume,2021,93.6
China,RTD Coffee,Convenience Retailers,Off-trade Volume,2021,19.3
China,RTD Coffee,Convenience Stores,Off-trade Volume,2021,15.0
China,RTD Coffee,Forecourt Retailers,Off-trade Volume,2021,4.4
China,RTD Coffee,Supermarkets,Off-trade Volume,2021,20.1
China,RTD Coffee,Hypermarkets,Off-trade Volume,2021,8.5
China,RTD Coffee,Discounters,Off-trade Volume,2021,0.5
China,RTD Coffee,Warehouse Clubs,Off-trade Volume,2021,0.0
China,RTD Coffee,Food/drink/tobacco specialists,Off-trade Volume,2021,0.0
China,RTD Coffee,Small Local Grocers,Off-trade Volume,2021,45.1
China,RTD Coffee,Non-Grocery Retailers,Off-trade Volume,2021,0.0
China,RTD Coffee,General Merchandise Stores,Off-trade Volume,2021,0.0
China,RTD Coffee,Apparel and Footwear Specialists,Off-trade Volume,2021,0.0
China,RTD Coffee,Appliances and Electronics Specialists,Off-trade Volume,2021,0.0
China,RTD Coffee,Home Products Specialists,Off-trade Volume,2021,0.0
China,RTD Coffee,Health and Beauty Specialists,Off-trade Volume,2021,0.0
China,RTD Coffee,Leisure and Personal Goods Specialists,Off-trade Volume,2021,0.0
China,RTD Coffee,Other Non-Grocery Retailers,Off-trade Volume,2021,0.0
China,RTD Coffee,Vending,Off-trade Volume,2021,2.8
China,RTD Coffee,Direct Selling,Off-trade Volume,2021,0.0
China,RTD Coffee,Retail E-Commerce,Off-trade Volume,2021,3.6
India,Coffee,Retail Channels,Retail Volume,2021,100.0
India,Coffee,Retail Offline,Retail Volume,2021,97.5
India,Coffee,Grocery Retailers,Retail Volume,2021,97.5
India,Coffee,Convenience Retailers,Retail Volume,2021,1.6
India,Coffee,Convenience Stores,Retail Volume,2021,1.5
India,Coffee,Forecourt Retailers,Retail Volume,2021,0.1
India,Coffee,Supermarkets,Retail Volume,2021,9.1
India,Coffee,Hypermarkets,Retail Volume,2021,7.1
India,Coffee,Discounters,Retail Volume,2021,0.0
India,Coffee,Warehouse Clubs,Retail Volume,2021,0.0
India,Coffee,Food/drink/tobacco specialists,Retail Volume,2021,0.0
India,Coffee,Small Local Grocers,Retail Volume,2021,79.6
India,Coffee,Non-Grocery Retailers,Retail Volume,2021,0.0
India,Coffee,General Merchandise Stores,Retail Volume,2021,0.0
India,Coffee,Apparel and Footwear Specialists,Retail Volume,2021,0.0
India,Coffee,Appliances and Electronics Specialists,Retail Volume,2021,0.0
India,Coffee,Home Products Specialists,Retail Volume,2021,0.0
India,Coffee,Health and Beauty Specialists,Retail Volume,2021,0.0
India,Coffee,Leisure and Personal Goods Specialists,Retail Volume,2021,0.0
India,Coffee,Other Non-Grocery Retailers,Retail Volume,2021,0.0
India,Coffee,Vending,Retail Volume,2021,0.0
India,Coffee,Direct Selling,Retail Volume,2021,0.0
India,Coffee,Retail E-Commerce,Retail Volume,2021,2.5
India,RTD Coffee,Retail Channels,Off-trade Volume,2021,0.0
India,RTD Coffee,Retail Offline,Off-trade Volume,2021,0.0
India,RTD Coffee,Grocery Retailers,Off-trade Volume,2021,0.0
India,RTD Coffee,Convenience Retailers,Off-trade Volume,2021,0.0
India,RTD Coffee,Convenience Stores,Off-trade Volume,2021,0.0
India,RTD Coffee,Forecourt Retailers,Off-trade Volume,2021,0.0
India,RTD Coffee,Supermarkets,Off-trade Volume,2021,0.0
India,RTD Coffee,Hypermarkets,Off-trade Volume,2021,0.0
India,RTD Coffee,Discounters,Off-trade Volume,2021,0.0
India,RTD Coffee,Warehouse Clubs,Off-trade Volume,2021,0.0
India,RTD Coffee,Food/drink/tobacco specialists,Off-trade Volume,2021,0.0
India,RTD Coffee,Small Local Grocers,Off-trade Volume,2021,0.0
India,RTD Coffee,Non-Grocery Retailers,Off-trade Volume,2021,0.0
India,RTD Coffee,General Merchandise Stores,Off-trade Volume,2021,0.0
India,RTD Coffee,Apparel and Footwear Specialists,Off-trade Volume,2021,0.0
India,RTD Coffee,Appliances and Electronics Specialists,Off-trade Volume,2021,0.0
India,RTD Coffee,Home Products Specialists,Off-trade Volume,2021,0.0
India,RTD Coffee,Health and Beauty Specialists,Off-trade Volume,2021,0.0
India,RTD Coffee,Leisure and Personal Goods Specialists,Off-trade Volume,2021,0.0
India,RTD Coffee,Other Non-Grocery Retailers,Off-trade Volume,2021,0.0
India,RTD Coffee,Vending,Off-trade Volume,2021,0.0
India,RTD Coffee,Direct Selling,Off-trade Volume,2021,0.0
India,RTD Coffee,Retail E-Commerce,Off-trade Volume,2021,0.0
Japan,Coffee,Retail Channels,Retail Volume,2021,100.0
Japan,Coffee,Retail Offline,Retail Volume,2021,89.6
Japan,Coffee,Grocery Retailers,Retail Volume,2021,69.0
Japan,Coffee,Convenience Retailers,Retail Volume,2021,3.1
Japan,Coffee,Convenience Stores,Retail Volume,2021,3.1
Japan,Coffee,Forecourt Retailers,Retail Volume,2021,0.0
Japan,Coffee,Supermarkets,Retail Volume,2021,47.0
Japan,Coffee,Hypermarkets,Retail Volume,2021,10.6
Japan,Coffee,Discounters,Retail Volume,2021,0.0
Japan,Coffee,Warehouse Clubs,Retail Volume,2021,2.7
Japan,Coffee,Food/drink/tobacco specialists,Retail Volume,2021,0.0
Japan,Coffee,Small Local Grocers,Retail Volume,2021,5.5
Japan,Coffee,Non-Grocery Retailers,Retail Volume,2021,20.0
Japan,Coffee,General Merchandise Stores,Retail Volume,2021,13.4
Japan,Coffee,Apparel and Footwear Specialists,Retail Volume,2021,0.0
Japan,Coffee,Appliances and Electronics Specialists,Retail Volume,2021,0.0
Japan,Coffee,Home Products Specialists,Retail Volume,2021,0.0
Japan,Coffee,Health and Beauty Specialists,Retail Volume,2021,6.6
Japan,Coffee,Leisure and Personal Goods Specialists,Retail Volume,2021,0.0
Japan,Coffee,Other Non-Grocery Retailers,Retail Volume,2021,0.0
Japan,Coffee,Vending,Retail Volume,2021,0.7
Japan,Coffee,Direct Selling,Retail Volume,2021,0.0
Japan,Coffee,Retail E-Commerce,Retail Volume,2021,10.4
Japan,RTD Coffee,Retail Channels,Off-trade Volume,2021,100.0
Japan,RTD Coffee,Retail Offline,Off-trade Volume,2021,99.3
Japan,RTD Coffee,Grocery Retailers,Off-trade Volume,2021,57.5
Japan,RTD Coffee,Convenience Retailers,Off-trade Volume,2021,20.4
Japan,RTD Coffee,Convenience Stores,Off-trade Volume,2021,20.4
Japan,RTD Coffee,Forecourt Retailers,Off-trade Volume,2021,0.0
Japan,RTD Coffee,Supermarkets,Off-trade Volume,2021,24.8
Japan,RTD Coffee,Hypermarkets,Off-trade Volume,2021,6.4
Japan,RTD Coffee,Discounters,Off-trade Volume,2021,0.0
Japan,RTD Coffee,Warehouse Clubs,Off-trade Volume,2021,1.6
Japan,RTD Coffee,Food/drink/tobacco specialists,Off-trade Volume,2021,0.0
Japan,RTD Coffee,Small Local Grocers,Off-trade Volume,2021,4.3
Japan,RTD Coffee,Non-Grocery Retailers,Off-trade Volume,2021,18.3
Japan,RTD Coffee,General Merchandise Stores,Off-trade Volume,2021,8.0
Japan,RTD Coffee,Apparel and Footwear Specialists,Off-trade Volume,2021,0.0
Japan,RTD Coffee,Appliances and Electronics Specialists,Off-trade Volume,2021,0.0
Japan,RTD Coffee,Home Products Specialists,Off-trade Volume,2021,0.0
Japan,RTD Coffee,Health and Beauty Specialists,Off-trade Volume,2021,10.3
Japan,RTD Coffee,Leisure and Personal Goods Specialists,Off-trade Volume,2021,0.0
Japan,RTD Coffee,Other Non-Grocery Retailers,Off-trade Volume,2021,0.0
Japan,RTD Coffee,Vending,Off-trade Volume,2021,23.5
Japan,RTD Coffee,Direct Selling,Off-trade Volume,2021,0.0
Japan,RTD Coffee,Retail E-Commerce,Off-trade Volume,2021,0.7
Thailand,Coffee,Retail Channels,Retail Volume,2021,100.0
Thailand,Coffee,Retail Offline,Retail Volume,2021,97.5
Thailand,Coffee,Grocery Retailers,Retail Volume,2021,97.5
Thailand,Coffee,Convenience Retailers,Retail Volume,2021,29.1
Thailand,Coffee,Convenience Stores,Retail Volume,2021,16.5
Thailand,Coffee,Forecourt Retailers,Retail Volume,2021,12.6
Thailand,Coffee,Supermarkets,Retail Volume,2021,6.5
Thailand,Coffee,Hypermarkets,Retail Volume,2021,24.6
Thailand,Coffee,Discounters,Retail Volume,2021,0.0
Thailand,Coffee,Warehouse Clubs,Retail Volume,2021,0.0
Thailand,Coffee,Food/drink/tobacco specialists,Retail Volume,2021,0.0
Thailand,Coffee,Small Local Grocers,Retail Volume,2021,37.3
Thailand,Coffee,Non-Grocery Retailers,Retail Volume,2021,0.0
Thailand,Coffee,General Merchandise Stores,Retail Volume,2021,0.0
Thailand,Coffee,Apparel and Footwear Specialists,Retail Volume,2021,0.0
Thailand,Coffee,Appliances and Electronics Specialists,Retail Volume,2021,0.0
Thailand,Coffee,Home Products Specialists,Retail Volume,2021,0.0
Thailand,Coffee,Health and Beauty Specialists,Retail Volume,2021,0.0
Thailand,Coffee,Leisure and Personal Goods Specialists,Retail Volume,2021,0.0
Thailand,Coffee,Other Non-Grocery Retailers,Retail Volume,2021,0.0
Thailand,Coffee,Vending,Retail Volume,2021,0.0
Thailand,Coffee,Direct Selling,Retail Volume,2021,0.0
Thailand,Coffee,Retail E-Commerce,Retail Volume,2021,2.5
Thailand,RTD Coffee,Retail Channels,Off-trade Volume,2021,100.0
Thailand,RTD Coffee,Retail Offline,Off-trade Volume,2021,98.8
Thailand,RTD Coffee,Grocery Retailers,Off-trade Volume,2021,91.7
Thailand,RTD Coffee,Convenience Retailers,Off-trade Volume,2021,28.5
Thailand,RTD Coffee,Convenience Stores,Off-trade Volume,2021,17.3
Thailand,RTD Coffee,Forecourt Retailers,Off-trade Volume,2021,11.2
Thailand,RTD Coffee,Supermarkets,Off-trade Volume,2021,4.8
Thailand,RTD Coffee,Hypermarkets,Off-trade Volume,2021,22.1
Thailand,RTD Coffee,Discounters,Off-trade Volume,2021,0.0
Thailand,RTD Coffee,Warehouse Clubs,Off-trade Volume,2021,0.0
Thailand,RTD Coffee,Food/drink/tobacco specialists,Off-trade Volume,2021,0.0
Thailand,RTD Coffee,Small Local Grocers,Off-trade Volume,2021,36.2
Thailand,RTD Coffee,Non-Grocery Retailers,Off-trade Volume,2021,0.0
Thailand,RTD Coffee,General Merchandise Stores,Off-trade Volume,2021,0.0
Thailand,RTD Coffee,Apparel and Footwear Specialists,Off-trade Volume,2021,0.0
Thailand,RTD Coffee,Appliances and Electronics Specialists,Off-trade Volume,2021,0.0
Thailand,RTD Coffee,Home Products Specialists,Off-trade Volume,2021,0.0
Thailand,RTD Coffee,Health and Beauty Specialists,Off-trade Volume,2021,0.0
Thailand,RTD Coffee,Leisure and Personal Goods Specialists,Off-trade Volume,2021,0.0
Thailand,RTD Coffee,Other Non-Grocery Retailers,Off-trade Volume,2021,0.0
Thailand,RTD Coffee,Vending,Off-trade Volume,2021,7.1
Thailand,RTD Coffee,Direct Selling,Off-trade Volume,2021,0.0
Thailand,RTD Coffee,Retail E-Commerce,Off-trade Volume,2021,1.2
Australasia,Coffee,Retail Channels,Retail Volume,2021,100.0
Australasia,Coffee,Retail Offline,Retail Volume,2021,88.2
Australasia,Coffee,Grocery Retailers,Retail Volume,2021,88.0
Australasia,Coffee,Convenience Retailers,Retail Volume,2021,4.6
Australasia,Coffee,Convenience Stores,Retail Volume,2021,2.5
Australasia,Coffee,Forecourt Retailers,Retail Volume,2021,2.1
Australasia,Coffee,Supermarkets,Retail Volume,2021,67.8
Australasia,Coffee,Hypermarkets,Retail Volume,2021,0.0
Australasia,Coffee,Discounters,Retail Volume,2021,12.3
Australasia,Coffee,Warehouse Clubs,Retail Volume,2021,0.0
Australasia,Coffee,Food/drink/tobacco specialists,Retail Volume,2021,0.0
Australasia,Coffee,Small Local Grocers,Retail Volume,2021,3.3
Australasia,Coffee,Non-Grocery Retailers,Retail Volume,2021,0.1
Australasia,Coffee,General Merchandise Stores,Retail Volume,2021,0.0
Australasia,Coffee,Apparel and Footwear Specialists,Retail Volume,2021,0.0
Australasia,Coffee,Appliances and Electronics Specialists,Retail Volume,2021,0.0
Australasia,Coffee,Home Products Specialists,Retail Volume,2021,0.0
Australasia,Coffee,Health and Beauty Specialists,Retail Volume,2021,0.1
Australasia,Coffee,Leisure and Personal Goods Specialists,Retail Volume,2021,0.0
Australasia,Coffee,Other Non-Grocery Retailers,Retail Volume,2021,0.0
Australasia,Coffee,Vending,Retail Volume,2021,0.1
Australasia,Coffee,Direct Selling,Retail Volume,2021,0.0
Australasia,Coffee,Retail E-Commerce,Retail Volume,2021,11.8
Australasia,RTD Coffee,Retail Channels,Off-trade Volume,2021,100.0
Australasia,RTD Coffee,Retail Offline,Off-trade Volume,2021,90.6
Australasia,RTD Coffee,Grocery Retailers,Off-trade Volume,2021,90.1
Australasia,RTD Coffee,Convenience Retailers,Off-trade Volume,2021,31.2
Australasia,RTD Coffee,Convenience Stores,Off-trade Volume,2021,5.1
Australasia,RTD Coffee,Forecourt Retailers,Off-trade Volume,2021,26.1
Australasia,RTD Coffee,Supermarkets,Off-trade Volume,2021,50.9
Australasia,RTD Coffee,Hypermarkets,Off-trade Volume,2021,0.0
Australasia,RTD Coffee,Discounters,Off-trade Volume,2021,1.2
Australasia,RTD Coffee,Warehouse Clubs,Off-trade Volume,2021,0.0
Australasia,RTD Coffee,Food/drink/tobacco specialists,Off-trade Volume,2021,0.0
Australasia,RTD Coffee,Small Local Grocers,Off-trade Volume,2021,6.8
Australasia,RTD Coffee,Non-Grocery Retailers,Off-trade Volume,2021,0.0
Australasia,RTD Coffee,General Merchandise Stores,Off-trade Volume,2021,0.0
Australasia,RTD Coffee,Apparel and Footwear Specialists,Off-trade Volume,2021,0.0
Australasia,RTD Coffee,Appliances and Electronics Specialists,Off-trade Volume,2021,0.0
Australasia,RTD Coffee,Home Products Specialists,Off-trade Volume,2021,0.0
Australasia,RTD Coffee,Health and Beauty Specialists,Off-trade Volume,2021,0.0
Australasia,RTD Coffee,Leisure and Personal Goods Specialists,Off-trade Volume,2021,0.0
Australasia,RTD Coffee,Other Non-Grocery Retailers,Off-trade Volume,2021,0.0
Australasia,RTD Coffee,Vending,Off-trade Volume,2021,0.5
Australasia,RTD Coffee,Direct Selling,Off-trade Volume,2021,0.0
Australasia,RTD Coffee,Retail E-Commerce,Off-trade Volume,2021,9.4
Australia,Coffee,Retail Channels,Retail Volume,2021,100.0
Australia,Coffee,Retail Offline,Retail Volume,2021,87.1
Australia,Coffee,Grocery Retailers,Retail Volume,2021,87.1
Australia,Coffee,Convenience Retailers,Retail Volume,2021,5.1
Australia,Coffee,Convenience Stores,Retail Volume,2021,2.7
Australia,Coffee,Forecourt Retailers,Retail Volume,2021,2.4
Australia,Coffee,Supermarkets,Retail Volume,2021,63.9
Australia,Coffee,Hypermarkets,Retail Volume,2021,0.0
Australia,Coffee,Discounters,Retail Volume,2021,14.5
Australia,Coffee,Warehouse Clubs,Retail Volume,2021,0.0
Australia,Coffee,Food/drink/tobacco specialists,Retail Volume,2021,0.0
Australia,Coffee,Small Local Grocers,Retail Volume,2021,3.6
Australia,Coffee,Non-Grocery Retailers,Retail Volume,2021,0.0
Australia,Coffee,General Merchandise Stores,Retail Volume,2021,0.0
Australia,Coffee,Apparel and Footwear Specialists,Retail Volume,2021,0.0
Australia,Coffee,Appliances and Electronics Specialists,Retail Volume,2021,0.0
Australia,Coffee,Home Products Specialists,Retail Volume,2021,0.0
Australia,Coffee,Health and Beauty Specialists,Retail Volume,2021,0.0
Australia,Coffee,Leisure and Personal Goods Specialists,Retail Volume,2021,0.0
Australia,Coffee,Other Non-Grocery Retailers,Retail Volume,2021,0.0
Australia,Coffee,Vending,Retail Volume,2021,0.0
Australia,Coffee,Direct Selling,Retail Volume,2021,0.0
Australia,Coffee,Retail E-Commerce,Retail Volume,2021,12.9
Australia,RTD Coffee,Retail Channels,Off-trade Volume,2021,100.0
Australia,RTD Coffee,Retail Offline,Off-trade Volume,2021,90.3
Australia,RTD Coffee,Grocery Retailers,Off-trade Volume,2021,89.8
Australia,RTD Coffee,Convenience Retailers,Off-trade Volume,2021,32.1
Australia,RTD Coffee,Convenience Stores,Off-trade Volume,2021,5.2
Australia,RTD Coffee,Forecourt Retailers,Off-trade Volume,2021,27.0
Australia,RTD Coffee,Supermarkets,Off-trade Volume,2021,49.4
Australia,RTD Coffee,Hypermarkets,Off-trade Volume,2021,0.0
Australia,RTD Coffee,Discounters,Off-trade Volume,2021,1.3
Australia,RTD Coffee,Warehouse Clubs,Off-trade Volume,2021,0.0
Australia,RTD Coffee,Food/drink/tobacco specialists,Off-trade Volume,2021,0.0
Australia,RTD Coffee,Small Local Grocers,Off-trade Volume,2021,7.0
Australia,RTD Coffee,Non-Grocery Retailers,Off-trade Volume,2021,0.0
Australia,RTD Coffee,General Merchandise Stores,Off-trade Volume,2021,0.0
Australia,RTD Coffee,Apparel and Footwear Specialists,Off-trade Volume,2021,0.0
Australia,RTD Coffee,Appliances and Electronics Specialists,Off-trade Volume,2021,0.0
Australia,RTD Coffee,Home Products Specialists,Off-trade Volume,2021,0.0
Australia,RTD Coffee,Health and Beauty Specialists,Off-trade Volume,2021,0.0
Australia,RTD Coffee,Leisure and Personal Goods Specialists,Off-trade Volume,2021,0.0
Australia,RTD Coffee,Other Non-Grocery Retailers,Off-trade Volume,2021,0.0
Australia,RTD Coffee,Vending,Off-trade Volume,2021,0.5
Australia,RTD Coffee,Direct Selling,Off-trade Volume,2021,0.0
Australia,RTD Coffee,Retail E-Commerce,Off-trade Volume,2021,9.7
Eastern Europe,Coffee,Retail Channels,Retail Volume,2021,100.0
Eastern Europe,Coffee,Retail Offline,Retail Volume,2021,97.2
Eastern Europe,Coffee,Grocery Retailers,Retail Volume,2021,93.7
Eastern Europe,Coffee,Convenience Retailers,Retail Volume,2021,15.2
Eastern Europe,Coffee,Convenience Stores,Retail Volume,2021,14.2
Eastern Europe,Coffee,Forecourt Retailers,Retail Volume,2021,0.9
Eastern Europe,Coffee,Supermarkets,Retail Volume,2021,30.2
Eastern Europe,Coffee,Hypermarkets,Retail Volume,2021,15.6
Eastern Europe,Coffee,Discounters,Retail Volume,2021,14.6
Eastern Europe,Coffee,Warehouse Clubs,Retail Volume,2021,0.0
Eastern Europe,Coffee,Food/drink/tobacco specialists,Retail Volume,2021,2.0
Eastern Europe,Coffee,Small Local Grocers,Retail Volume,2021,16.2
Eastern Europe,Coffee,Non-Grocery Retailers,Retail Volume,2021,0.5
Eastern Europe,Coffee,General Merchandise Stores,Retail Volume,2021,0.2
Eastern Europe,Coffee,Apparel and Footwear Specialists,Retail Volume,2021,0.0
Eastern Europe,Coffee,Appliances and Electronics Specialists,Retail Volume,2021,0.0
Eastern Europe,Coffee,Home Products Specialists,Retail Volume,2021,0.0
Eastern Europe,Coffee,Health and Beauty Specialists,Retail Volume,2021,0.4
Eastern Europe,Coffee,Leisure and Personal Goods Specialists,Retail Volume,2021,0.0
Eastern Europe,Coffee,Other Non-Grocery Retailers,Retail Volume,2021,0.0
Eastern Europe,Coffee,Vending,Retail Volume,2021,3.0
Eastern Europe,Coffee,Direct Selling,Retail Volume,2021,0.0
Eastern Europe,Coffee,Retail E-Commerce,Retail Volume,2021,2.8
Eastern Europe,RTD Coffee,Retail Channels,Off-trade Volume,2021,100.0
Eastern Europe,RTD Coffee,Retail Offline,Off-trade Volume,2021,98.6
Eastern Europe,RTD Coffee,Grocery Retailers,Off-trade Volume,2021,97.0
Eastern Europe,RTD Coffee,Convenience Retailers,Off-trade Volume,2021,37.0
Eastern Europe,RTD Coffee,Convenience Stores,Off-trade Volume,2021,17.1
Eastern Europe,RTD Coffee,Forecourt Retailers,Off-trade Volume,2021,19.9
Eastern Europe,RTD Coffee,Supermarkets,Off-trade Volume,2021,17.5
Eastern Europe,RTD Coffee,Hypermarkets,Off-trade Volume,2021,21.6
Eastern Europe,RTD Coffee,Discounters,Off-trade Volume,2021,14.5
Eastern Europe,RTD Coffee,Warehouse Clubs,Off-trade Volume,2021,0.0
Eastern Europe,RTD Coffee,Food/drink/tobacco specialists,Off-trade Volume,2021,1.1
Eastern Europe,RTD Coffee,Small Local Grocers,Off-trade Volume,2021,5.3
Eastern Europe,RTD Coffee,Non-Grocery Retailers,Off-trade Volume,2021,0.5
Eastern Europe,RTD Coffee,General Merchandise Stores,Off-trade Volume,2021,0.0
Eastern Europe,RTD Coffee,Apparel and Footwear Specialists,Off-trade Volume,2021,0.0
Eastern Europe,RTD Coffee,Appliances and Electronics Specialists,Off-trade Volume,2021,0.0
Eastern Europe,RTD Coffee,Home Products Specialists,Off-trade Volume,2021,0.0
Eastern Europe,RTD Coffee,Health and Beauty Specialists,Off-trade Volume,2021,0.5
Eastern Europe,RTD Coffee,Leisure and Personal Goods Specialists,Off-trade Volume,2021,0.0
Eastern Europe,RTD Coffee,Other Non-Grocery Retailers,Off-trade Volume,2021,0.0
Eastern Europe,RTD Coffee,Vending,Off-trade Volume,2021,1.1
Eastern Europe,RTD Coffee,Direct Selling,Off-trade Volume,2021,0.0
Eastern Europe,RTD Coffee,Retail E-Commerce,Off-trade Volume,2021,1.4
Latin America,Coffee,Retail Channels,Retail Volume,2021,100.0
Latin America,Coffee,Retail Offline,Retail Volume,2021,98.8
Latin America,Coffee,Grocery Retailers,Retail Volume,2021,96.7
Latin America,Coffee,Convenience Retailers,Retail Volume,2021,1.1
Latin America,Coffee,Convenience Stores,Retail Volume,2021,0.6
Latin America,Coffee,Forecourt Retailers,Retail Volume,2021,0.5
Latin America,Coffee,Supermarkets,Retail Volume,2021,32.8
Latin America,Coffee,Hypermarkets,Retail Volume,2021,27.2
Latin America,Coffee,Discounters,Retail Volume,2021,3.7
Latin America,Coffee,Warehouse Clubs,Retail Volume,2021,3.4
Latin America,Coffee,Food/drink/tobacco specialists,Retail Volume,2021,0.0
Latin America,Coffee,Small Local Grocers,Retail Volume,2021,28.5
Latin America,Coffee,Non-Grocery Retailers,Retail Volume,2021,1.7
Latin America,Coffee,General Merchandise Stores,Retail Volume,2021,1.6
Latin America,Coffee,Apparel and Footwear Specialists,Retail Volume,2021,0.0
Latin America,Coffee,Appliances and Electronics Specialists,Retail Volume,2021,0.0
Latin America,Coffee,Home Products Specialists,Retail Volume,2021,0.0
Latin America,Coffee,Health and Beauty Specialists,Retail Volume,2021,0.1
Latin America,Coffee,Leisure and Personal Goods Specialists,Retail Volume,2021,0.0
Latin America,Coffee,Other Non-Grocery Retailers,Retail Volume,2021,0.0
Latin America,Coffee,Vending,Retail Volume,2021,0.1
Latin America,Coffee,Direct Selling,Retail Volume,2021,0.3
Latin America,Coffee,Retail E-Commerce,Retail Volume,2021,1.2
Latin America,RTD Coffee,Retail Channels,Off-trade Volume,2021,100.0
Latin America,RTD Coffee,Retail Offline,Off-trade Volume,2021,99.8
Latin America,RTD Coffee,Grocery Retailers,Off-trade Volume,2021,98.8
Latin America,RTD Coffee,Convenience Retailers,Off-trade Volume,2021,16.7
Latin America,RTD Coffee,Convenience Stores,Off-trade Volume,2021,8.2
Latin America,RTD Coffee,Forecourt Retailers,Off-trade Volume,2021,8.5
Latin America,RTD Coffee,Supermarkets,Off-trade Volume,2021,31.6
Latin America,RTD Coffee,Hypermarkets,Off-trade Volume,2021,9.4
Latin America,RTD Coffee,Discounters,Off-trade Volume,2021,2.1
Latin America,RTD Coffee,Warehouse Clubs,Off-trade Volume,2021,0.7
Latin America,RTD Coffee,Food/drink/tobacco specialists,Off-trade Volume,2021,0.4
Latin America,RTD Coffee,Small Local Grocers,Off-trade Volume,2021,37.9
Latin America,RTD Coffee,Non-Grocery Retailers,Off-trade Volume,2021,1.1
Latin America,RTD Coffee,General Merchandise Stores,Off-trade Volume,2021,0.2
Latin America,RTD Coffee,Apparel and Footwear Specialists,Off-trade Volume,2021,0.0
Latin America,RTD Coffee,Appliances and Electronics Specialists,Off-trade Volume,2021,0.0
Latin America,RTD Coffee,Home Products Specialists,Off-trade Volume,2021,0.0
Latin America,RTD Coffee,Health and Beauty Specialists,Off-trade Volume,2021,0.8
Latin America,RTD Coffee,Leisure and Personal Goods Specialists,Off-trade Volume,2021,0.0
Latin America,RTD Coffee,Other Non-Grocery Retailers,Off-trade Volume,2021,0.0
Latin America,RTD Coffee,Vending,Off-trade Volume,2021,0.0
Latin America,RTD Coffee,Direct Selling,Off-trade Volume,2021,0.0
Latin America,RTD Coffee,Retail E-Commerce,Off-trade Volume,2021,0.2
Brazil,Coffee,Retail Channels,Retail Volume,2021,100.0
Brazil,Coffee,Retail Offline,Retail Volume,2021,99.4
Brazil,Coffee,Grocery Retailers,Retail Volume,2021,96.9
Brazil,Coffee,Convenience Retailers,Retail Volume,2021,0.6
Brazil,Coffee,Convenience Stores,Retail Volume,2021,0.0
Brazil,Coffee,Forecourt Retailers,Retail Volume,2021,0.6
Brazil,Coffee,Supermarkets,Retail Volume,2021,38.1
Brazil,Coffee,Hypermarkets,Retail Volume,2021,32.3
Brazil,Coffee,Discounters,Retail Volume,2021,0.3
Brazil,Coffee,Warehouse Clubs,Retail Volume,2021,4.6
Brazil,Coffee,Food/drink/tobacco specialists,Retail Volume,2021,0.0
Brazil,Coffee,Small Local Grocers,Retail Volume,2021,21.1
Brazil,Coffee,Non-Grocery Retailers,Retail Volume,2021,2.1
Brazil,Coffee,General Merchandise Stores,Retail Volume,2021,2.1
Brazil,Coffee,Apparel and Footwear Specialists,Retail Volume,2021,0.0
Brazil,Coffee,Appliances and Electronics Specialists,Retail Volume,2021,0.0
Brazil,Coffee,Home Products Specialists,Retail Volume,2021,0.0
Brazil,Coffee,Health and Beauty Specialists,Retail Volume,2021,0.0
Brazil,Coffee,Leisure and Personal Goods Specialists,Retail Volume,2021,0.0
Brazil,Coffee,Other Non-Grocery Retailers,Retail Volume,2021,0.0
Brazil,Coffee,Vending,Retail Volume,2021,0.0
Brazil,Coffee,Direct Selling,Retail Volume,2021,0.4
Brazil,Coffee,Retail E-Commerce,Retail Volume,2021,0.6
Brazil,RTD Coffee,Retail Channels,Off-trade Volume,2021,100.0
Brazil,RTD Coffee,Retail Offline,Off-trade Volume,2021,100.0
Brazil,RTD Coffee,Grocery Retailers,Off-trade Volume,2021,98.9
Brazil,RTD Coffee,Convenience Retailers,Off-trade Volume,2021,62.5
Brazil,RTD Coffee,Convenience Stores,Off-trade Volume,2021,2.0
Brazil,RTD Coffee,Forecourt Retailers,Off-trade Volume,2021,60.5
Brazil,RTD Coffee,Supermarkets,Off-trade Volume,2021,11.1
Brazil,RTD Coffee,Hypermarkets,Off-trade Volume,2021,11.1
Brazil,RTD Coffee,Discounters,Off-trade Volume,2021,0.0
Brazil,RTD Coffee,Warehouse Clubs,Off-trade Volume,2021,2.2
Brazil,RTD Coffee,Food/drink/tobacco specialists,Off-trade Volume,2021,0.0
Brazil,RTD Coffee,Small Local Grocers,Off-trade Volume,2021,11.9
Brazil,RTD Coffee,Non-Grocery Retailers,Off-trade Volume,2021,1.1
Brazil,RTD Coffee,General Merchandise Stores,Off-trade Volume,2021,1.1
Brazil,RTD Coffee,Apparel and Footwear Specialists,Off-trade Volume,2021,0.0
Brazil,RTD Coffee,Appliances and Electronics Specialists,Off-trade Volume,2021,0.0
Brazil,RTD Coffee,Home Products Specialists,Off-trade Volume,2021,0.0
Brazil,RTD Coffee,Health and Beauty Specialists,Off-trade Volume,2021,0.0
Brazil,RTD Coffee,Leisure and Personal Goods Specialists,Off-trade Volume,2021,0.0
Brazil,RTD Coffee,Other Non-Grocery Retailers,Off-trade Volume,2021,0.0
Brazil,RTD Coffee,Vending,Off-trade Volume,2021,0.0
Brazil,RTD Coffee,Direct Selling,Off-trade Volume,2021,0.0
Brazil,RTD Coffee,Retail E-Commerce,Off-trade Volume,2021,0.0
Middle East and Africa,Coffee,Retail Channels,Retail Volume,2021,100.0
Middle East and Africa,Coffee,Retail Offline,Retail Volume,2021,98.9
Middle East and Africa,Coffee,Grocery Retailers,Retail Volume,2021,97.3
Middle East and Africa,Coffee,Convenience Retailers,Retail Volume,2021,4.9
Middle East and Africa,Coffee,Convenience Stores,Retail Volume,2021,3.2
Middle East and Africa,Coffee,Forecourt Retailers,Retail Volume,2021,1.7
Middle East and Africa,Coffee,Supermarkets,Retail Volume,2021,30.2
Middle East and Africa,Coffee,Hypermarkets,Retail Volume,2021,8.8
Middle East and Africa,Coffee,Discounters,Retail Volume,2021,2.2
Middle East and Africa,Coffee,Warehouse Clubs,Retail Volume,2021,0.0
Middle East and Africa,Coffee,Food/drink/tobacco specialists,Retail Volume,2021,6.1
Middle East and Africa,Coffee,Small Local Grocers,Retail Volume,2021,44.9
Middle East and Africa,Coffee,Non-Grocery Retailers,Retail Volume,2021,1.3
Middle East and Africa,Coffee,General Merchandise Stores,Retail Volume,2021,0.0
Middle East and Africa,Coffee,Apparel and Footwear Specialists,Retail Volume,2021,0.0
Middle East and Africa,Coffee,Appliances and Electronics Specialists,Retail Volume,2021,0.0
Middle East and Africa,Coffee,Home Products Specialists,Retail Volume,2021,0.0
Middle East and Africa,Coffee,Health and Beauty Specialists,Retail Volume,2021,0.0
Middle East and Africa,Coffee,Leisure and Personal Goods Specialists,Retail Volume,2021,0.0
Middle East and Africa,Coffee,Other Non-Grocery Retailers,Retail Volume,2021,1.2
Middle East and Africa,Coffee,Vending,Retail Volume,2021,0.2
Middle East and Africa,Coffee,Direct Selling,Retail Volume,2021,0.1
Middle East and Africa,Coffee,Retail E-Commerce,Retail Volume,2021,1.1
Middle East and Africa,RTD Coffee,Retail Channels,Off-trade Volume,2021,100.0
Middle East and Africa,RTD Coffee,Retail Offline,Off-trade Volume,2021,98.5
Middle East and Africa,RTD Coffee,Grocery Retailers,Off-trade Volume,2021,98.4
Middle East and Africa,RTD Coffee,Convenience Retailers,Off-trade Volume,2021,42.3
Middle East and Africa,RTD Coffee,Convenience Stores,Off-trade Volume,2021,5.0
Middle East and Africa,RTD Coffee,Forecourt Retailers,Off-trade Volume,2021,37.3
Middle East and Africa,RTD Coffee,Supermarkets,Off-trade Volume,2021,19.4
Middle East and Africa,RTD Coffee,Hypermarkets,Off-trade Volume,2021,20.7
Middle East and Africa,RTD Coffee,Discounters,Off-trade Volume,2021,0.6
Middle East and Africa,RTD Coffee,Warehouse Clubs,Off-trade Volume,2021,0.0
Middle East and Africa,RTD Coffee,Food/drink/tobacco specialists,Off-trade Volume,2021,0.6
Middle East and Africa,RTD Coffee,Small Local Grocers,Off-trade Volume,2021,14.8
Middle East and Africa,RTD Coffee,Non-Grocery Retailers,Off-trade Volume,2021,0.0
Middle East and Africa,RTD Coffee,General Merchandise Stores,Off-trade Volume,2021,0.0
Middle East and Africa,RTD Coffee,Apparel and Footwear Specialists,Off-trade Volume,2021,0.0
Middle East and Africa,RTD Coffee,Appliances and Electronics Specialists,Off-trade Volume,2021,0.0
Middle East and Africa,RTD Coffee,Home Products Specialists,Off-trade Volume,2021,0.0
Middle East and Africa,RTD Coffee,Health and Beauty Specialists,Off-trade Volume,2021,0.0
Middle East and Africa,RTD Coffee,Leisure and Personal Goods Specialists,Off-trade Volume,2021,0.0
Middle East and Africa,RTD Coffee,Other Non-Grocery Retailers,Off-trade Volume,2021,0.0
Middle East and Africa,RTD Coffee,Vending,Off-trade Volume,2021,0.0
Middle East and Africa,RTD Coffee,Direct Selling,Off-trade Volume,2021,0.0
Middle East and Africa,RTD Coffee,Retail E-Commerce,Off-trade Volume,2021,1.5
North America,Coffee,Retail Channels,Retail Volume,2021,100.0
North America,Coffee,Retail Offline,Retail Volume,2021,82.0
North America,Coffee,Grocery Retailers,Retail Volume,2021,79.7
North America,Coffee,Convenience Retailers,Retail Volume,2021,1.4
North America,Coffee,Convenience Stores,Retail Volume,2021,0.2
North America,Coffee,Forecourt Retailers,Retail Volume,2021,1.2
North America,Coffee,Supermarkets,Retail Volume,2021,26.8
North America,Coffee,Hypermarkets,Retail Volume,2021,21.4
North America,Coffee,Discounters,Retail Volume,2021,3.1
North America,Coffee,Warehouse Clubs,Retail Volume,2021,4.1
North America,Coffee,Food/drink/tobacco specialists,Retail Volume,2021,4.8
North America,Coffee,Small Local Grocers,Retail Volume,2021,18.2
North America,Coffee,Non-Grocery Retailers,Retail Volume,2021,2.1
North America,Coffee,General Merchandise Stores,Retail Volume,2021,1.3
North America,Coffee,Apparel and Footwear Specialists,Retail Volume,2021,0.0
North America,Coffee,Appliances and Electronics Specialists,Retail Volume,2021,0.0
North America,Coffee,Home Products Specialists,Retail Volume,2021,0.0
North America,Coffee,Health and Beauty Specialists,Retail Volume,2021,0.8
North America,Coffee,Leisure and Personal Goods Specialists,Retail Volume,2021,0.0
North America,Coffee,Other Non-Grocery Retailers,Retail Volume,2021,0.0
North America,Coffee,Vending,Retail Volume,2021,0.0
North America,Coffee,Direct Selling,Retail Volume,2021,0.2
North America,Coffee,Retail E-Commerce,Retail Volume,2021,18.0
North America,RTD Coffee,Retail Channels,Off-trade Volume,2021,100.0
North America,RTD Coffee,Retail Offline,Off-trade Volume,2021,89.6
North America,RTD Coffee,Grocery Retailers,Off-trade Volume,2021,82.2
North America,RTD Coffee,Convenience Retailers,Off-trade Volume,2021,27.0
North America,RTD Coffee,Convenience Stores,Off-trade Volume,2021,6.2
North America,RTD Coffee,Forecourt Retailers,Off-trade Volume,2021,20.9
North America,RTD Coffee,Supermarkets,Off-trade Volume,2021,19.8
North America,RTD Coffee,Hypermarkets,Off-trade Volume,2021,19.8
North America,RTD Coffee,Discounters,Off-trade Volume,2021,1.3
North America,RTD Coffee,Warehouse Clubs,Off-trade Volume,2021,10.4
North America,RTD Coffee,Food/drink/tobacco specialists,Off-trade Volume,2021,0.0
North America,RTD Coffee,Small Local Grocers,Off-trade Volume,2021,3.8
North America,RTD Coffee,Non-Grocery Retailers,Off-trade Volume,2021,4.9
North America,RTD Coffee,General Merchandise Stores,Off-trade Volume,2021,3.6
North America,RTD Coffee,Apparel and Footwear Specialists,Off-trade Volume,2021,0.0
North America,RTD Coffee,Appliances and Electronics Specialists,Off-trade Volume,2021,0.0
North America,RTD Coffee,Home Products Specialists,Off-trade Volume,2021,0.0
North America,RTD Coffee,Health and Beauty Specialists,Off-trade Volume,2021,1.2
North America,RTD Coffee,Leisure and Personal Goods Specialists,Off-trade Volume,2021,0.0
North America,RTD Coffee,Other Non-Grocery Retailers,Off-trade Volume,2021,0.0
North America,RTD Coffee,Vending,Off-trade Volume,2021,2.5
North America,RTD Coffee,Direct Selling,Off-trade Volume,2021,0.0
North America,RTD Coffee,Retail E-Commerce,Off-trade Volume,2021,10.4
USA,Coffee,Retail Channels,Retail Volume,2021,100.0
USA,Coffee,Retail Offline,Retail Volume,2021,81.0
USA,Coffee,Grocery Retailers,Retail Volume,2021,79.0
USA,Coffee,Convenience Retailers,Retail Volume,2021,1.4
USA,Coffee,Convenience Stores,Retail Volume,2021,0.2
USA,Coffee,Forecourt Retailers,Retail Volume,2021,1.3
USA,Coffee,Supermarkets,Retail Volume,2021,25.9
USA,Coffee,Hypermarkets,Retail Volume,2021,21.7
USA,Coffee,Discounters,Retail Volume,2021,2.0
USA,Coffee,Warehouse Clubs,Retail Volume,2021,3.8
USA,Coffee,Food/drink/tobacco specialists,Retail Volume,2021,5.2
USA,Coffee,Small Local Grocers,Retail Volume,2021,19.0
USA,Coffee,Non-Grocery Retailers,Retail Volume,2021,1.8
USA,Coffee,General Merchandise Stores,Retail Volume,2021,1.2
USA,Coffee,Apparel and Footwear Specialists,Retail Volume,2021,0.0
USA,Coffee,Appliances and Electronics Specialists,Retail Volume,2021,0.0
USA,Coffee,Home Products Specialists,Retail Volume,2021,0.0
USA,Coffee,Health and Beauty Specialists,Retail Volume,2021,0.6
USA,Coffee,Leisure and Personal Goods Specialists,Retail Volume,2021,0.0
USA,Coffee,Other Non-Grocery Retailers,Retail Volume,2021,0.0
USA,Coffee,Vending,Retail Volume,2021,0.0
USA,Coffee,Direct Selling,Retail Volume,2021,0.2
USA,Coffee,Retail E-Commerce,Retail Volume,2021,19.0
USA,RTD Coffee,Retail Channels,Off-trade Volume,2021,100.0
USA,RTD Coffee,Retail Offline,Off-trade Volume,2021,89.5
USA,RTD Coffee,Grocery Retailers,Off-trade Volume,2021,82.2
USA,RTD Coffee,Convenience Retailers,Off-trade Volume,2021,27.2
USA,RTD Coffee,Convenience Stores,Off-trade Volume,2021,6.2
USA,RTD Coffee,Forecourt Retailers,Off-trade Volume,2021,21.0
USA,RTD Coffee,Supermarkets,Off-trade Volume,2021,19.4
USA,RTD Coffee,Hypermarkets,Off-trade Volume,2021,19.9
USA,RTD Coffee,Discounters,Off-trade Volume,2021,1.3
USA,RTD Coffee,Warehouse Clubs,Off-trade Volume,2021,10.5
USA,RTD Coffee,Food/drink/tobacco specialists,Off-trade Volume,2021,0.0
USA,RTD Coffee,Small Local Grocers,Off-trade Volume,2021,3.8
USA,RTD Coffee,Non-Grocery Retailers,Off-trade Volume,2021,4.7
USA,RTD Coffee,General Merchandise Stores,Off-trade Volume,2021,3.7
USA,RTD Coffee,Apparel and Footwear Specialists,Off-trade Volume,2021,0.0
USA,RTD Coffee,Appliances and Electronics Specialists,Off-trade Volume,2021,0.0
USA,RTD Coffee,Home Products Specialists,Off-trade Volume,2021,0.0
USA,RTD Coffee,Health and Beauty Specialists,Off-trade Volume,2021,1.1
USA,RTD Coffee,Leisure and Personal Goods Specialists,Off-trade Volume,2021,0.0
USA,RTD Coffee,Other Non-Grocery Retailers,Off-trade Volume,2021,0.0
USA,RTD Coffee,Vending,Off-trade Volume,2021,2.5
USA,RTD Coffee,Direct Selling,Off-trade Volume,2021,0.0
USA,RTD Coffee,Retail E-Commerce,Off-trade Volume,2021,10.5
Western Europe,Coffee,Retail Channels,Retail Volume,2021,100.0
Western Europe,Coffee,Retail Offline,Retail Volume,2021,94.5
Western Europe,Coffee,Grocery Retailers,Retail Volume,2021,91.9
Western Europe,Coffee,Convenience Retailers,Retail Volume,2021,3.4
Western Europe,Coffee,Convenience Stores,Retail Volume,2021,3.1
Western Europe,Coffee,Forecourt Retailers,Retail Volume,2021,0.4
Western Europe,Coffee,Supermarkets,Retail Volume,2021,38.5
Western Europe,Coffee,Hypermarkets,Retail Volume,2021,20.0
Western Europe,Coffee,Discounters,Retail Volume,2021,23.0
Western Europe,Coffee,Warehouse Clubs,Retail Volume,2021,0.0
Western Europe,Coffee,Food/drink/tobacco specialists,Retail Volume,2021,4.0
Western Europe,Coffee,Small Local Grocers,Retail Volume,2021,3.0
Western Europe,Coffee,Non-Grocery Retailers,Retail Volume,2021,1.8
Western Europe,Coffee,General Merchandise Stores,Retail Volume,2021,0.7
Western Europe,Coffee,Apparel and Footwear Specialists,Retail Volume,2021,0.0
Western Europe,Coffee,Appliances and Electronics Specialists,Retail Volume,2021,0.0
Western Europe,Coffee,Home Products Specialists,Retail Volume,2021,0.0
Western Europe,Coffee,Health and Beauty Specialists,Retail Volume,2021,1.1
Western Europe,Coffee,Leisure and Personal Goods Specialists,Retail Volume,2021,0.0
Western Europe,Coffee,Other Non-Grocery Retailers,Retail Volume,2021,0.0
Western Europe,Coffee,Vending,Retail Volume,2021,0.8
Western Europe,Coffee,Direct Selling,Retail Volume,2021,0.0
Western Europe,Coffee,Retail E-Commerce,Retail Volume,2021,5.5
Western Europe,RTD Coffee,Retail Channels,Off-trade Volume,2021,100.0
Western Europe,RTD Coffee,Retail Offline,Off-trade Volume,2021,97.0
Western Europe,RTD Coffee,Grocery Retailers,Off-trade Volume,2021,94.9
Western Europe,RTD Coffee,Convenience Retailers,Off-trade Volume,2021,13.5
Western Europe,RTD Coffee,Convenience Stores,Off-trade Volume,2021,6.3
Western Europe,RTD Coffee,Forecourt Retailers,Off-trade Volume,2021,7.2
Western Europe,RTD Coffee,Supermarkets,Off-trade Volume,2021,44.2
Western Europe,RTD Coffee,Hypermarkets,Off-trade Volume,2021,16.0
Western Europe,RTD Coffee,Discounters,Off-trade Volume,2021,15.2
Western Europe,RTD Coffee,Warehouse Clubs,Off-trade Volume,2021,0.0
Western Europe,RTD Coffee,Food/drink/tobacco specialists,Off-trade Volume,2021,0.2
Western Europe,RTD Coffee,Small Local Grocers,Off-trade Volume,2021,5.9
Western Europe,RTD Coffee,Non-Grocery Retailers,Off-trade Volume,2021,1.5
Western Europe,RTD Coffee,General Merchandise Stores,Off-trade Volume,2021,0.0
Western Europe,RTD Coffee,Apparel and Footwear Specialists,Off-trade Volume,2021,0.0
Western Europe,RTD Coffee,Appliances and Electronics Specialists,Off-trade Volume,2021,0.0
Western Europe,RTD Coffee,Home Products Specialists,Off-trade Volume,2021,0.0
Western Europe,RTD Coffee,Health and Beauty Specialists,Off-trade Volume,2021,1.5
Western Europe,RTD Coffee,Leisure and Personal Goods Specialists,Off-trade Volume,2021,0.0
Western Europe,RTD Coffee,Other Non-Grocery Retailers,Off-trade Volume,2021,0.0
Western Europe,RTD Coffee,Vending,Off-trade Volume,2021,0.5
Western Europe,RTD Coffee,Direct Selling,Off-trade Volume,2021,0.0
Western Europe,RTD Coffee,Retail E-Commerce,Off-trade Volume,2021,3.0
France,Coffee,Retail Channels,Retail Volume,2021,100.0
France,Coffee,Retail Offline,Retail Volume,2021,86.8
France,Coffee,Grocery Retailers,Retail Volume,2021,85.9
France,Coffee,Convenience Retailers,Retail Volume,2021,1.2
France,Coffee,Convenience Stores,Retail Volume,2021,1.2
France,Coffee,Forecourt Retailers,Retail Volume,2021,0.0
France,Coffee,Supermarkets,Retail Volume,2021,24.9
France,Coffee,Hypermarkets,Retail Volume,2021,30.6
France,Coffee,Discounters,Retail Volume,2021,12.6
France,Coffee,Warehouse Clubs,Retail Volume,2021,0.0
France,Coffee,Food/drink/tobacco specialists,Retail Volume,2021,16.0
France,Coffee,Small Local Grocers,Retail Volume,2021,0.7
France,Coffee,Non-Grocery Retailers,Retail Volume,2021,0.6
France,Coffee,General Merchandise Stores,Retail Volume,2021,0.0
France,Coffee,Apparel and Footwear Specialists,Retail Volume,2021,0.0
France,Coffee,Appliances and Electronics Specialists,Retail Volume,2021,0.0
France,Coffee,Home Products Specialists,Retail Volume,2021,0.0
France,Coffee,Health and Beauty Specialists,Retail Volume,2021,0.6
France,Coffee,Leisure and Personal Goods Specialists,Retail Volume,2021,0.0
France,Coffee,Other Non-Grocery Retailers,Retail Volume,2021,0.0
France,Coffee,Vending,Retail Volume,2021,0.3
France,Coffee,Direct Selling,Retail Volume,2021,0.0
France,Coffee,Retail E-Commerce,Retail Volume,2021,13.2
France,RTD Coffee,Retail Channels,Off-trade Volume,2021,100.0
France,RTD Coffee,Retail Offline,Off-trade Volume,2021,98.2
France,RTD Coffee,Grocery Retailers,Off-trade Volume,2021,97.7
France,RTD Coffee,Convenience Retailers,Off-trade Volume,2021,36.5
France,RTD Coffee,Convenience Stores,Off-trade Volume,2021,17.4
France,RTD Coffee,Forecourt Retailers,Off-trade Volume,2021,19.1
France,RTD Coffee,Supermarkets,Off-trade Volume,2021,28.1
France,RTD Coffee,Hypermarkets,Off-trade Volume,2021,29.0
France,RTD Coffee,Discounters,Off-trade Volume,2021,2.4
France,RTD Coffee,Warehouse Clubs,Off-trade Volume,2021,0.0
France,RTD Coffee,Food/drink/tobacco specialists,Off-trade Volume,2021,0.0
France,RTD Coffee,Small Local Grocers,Off-trade Volume,2021,1.8
France,RTD Coffee,Non-Grocery Retailers,Off-trade Volume,2021,0.0
France,RTD Coffee,General Merchandise Stores,Off-trade Volume,2021,0.0
France,RTD Coffee,Apparel and Footwear Specialists,Off-trade Volume,2021,0.0
France,RTD Coffee,Appliances and Electronics Specialists,Off-trade Volume,2021,0.0
France,RTD Coffee,Home Products Specialists,Off-trade Volume,2021,0.0
France,RTD Coffee,Health and Beauty Specialists,Off-trade Volume,2021,0.0
France,RTD Coffee,Leisure and Personal Goods Specialists,Off-trade Volume,2021,0.0
France,RTD Coffee,Other Non-Grocery Retailers,Off-trade Volume,2021,0.0
France,RTD Coffee,Vending,Off-trade Volume,2021,0.5
France,RTD Coffee,Direct Selling,Off-trade Volume,2021,0.0
France,RTD Coffee,Retail E-Commerce,Off-trade Volume,2021,1.8
Germany,Coffee,Retail Channels,Retail Volume,2021,100.0
Germany,Coffee,Retail Offline,Retail Volume,2021,96.9
Germany,Coffee,Grocery Retailers,Retail Volume,2021,93.9
Germany,Coffee,Convenience Retailers,Retail Volume,2021,0.6
Germany,Coffee,Convenience Stores,Retail Volume,2021,0.3
Germany,Coffee,Forecourt Retailers,Retail Volume,2021,0.2
Germany,Coffee,Supermarkets,Retail Volume,2021,26.4
Germany,Coffee,Hypermarkets,Retail Volume,2021,18.7
Germany,Coffee,Discounters,Retail Volume,2021,45.1
Germany,Coffee,Warehouse Clubs,Retail Volume,2021,0.0
Germany,Coffee,Food/drink/tobacco specialists,Retail Volume,2021,2.4
Germany,Coffee,Small Local Grocers,Retail Volume,2021,0.8
Germany,Coffee,Non-Grocery Retailers,Retail Volume,2021,2.6
Germany,Coffee,General Merchandise Stores,Retail Volume,2021,1.4
Germany,Coffee,Apparel and Footwear Specialists,Retail Volume,2021,0.0
Germany,Coffee,Appliances and Electronics Specialists,Retail Volume,2021,0.0
Germany,Coffee,Home Products Specialists,Retail Volume,2021,0.0
Germany,Coffee,Health and Beauty Specialists,Retail Volume,2021,1.2
Germany,Coffee,Leisure and Personal Goods Specialists,Retail Volume,2021,0.0
Germany,Coffee,Other Non-Grocery Retailers,Retail Volume,2021,0.0
Germany,Coffee,Vending,Retail Volume,2021,0.4
Germany,Coffee,Direct Selling,Retail Volume,2021,0.0
Germany,Coffee,Retail E-Commerce,Retail Volume,2021,3.1
Germany,RTD Coffee,Retail Channels,Off-trade Volume,2021,100.0
Germany,RTD Coffee,Retail Offline,Off-trade Volume,2021,98.7
Germany,RTD Coffee,Grocery Retailers,Off-trade Volume,2021,94.4
Germany,RTD Coffee,Convenience Retailers,Off-trade Volume,2021,13.7
Germany,RTD Coffee,Convenience Stores,Off-trade Volume,2021,0.1
Germany,RTD Coffee,Forecourt Retailers,Off-trade Volume,2021,13.6
Germany,RTD Coffee,Supermarkets,Off-trade Volume,2021,32.0
Germany,RTD Coffee,Hypermarkets,Off-trade Volume,2021,17.4
Germany,RTD Coffee,Discounters,Off-trade Volume,2021,24.1
Germany,RTD Coffee,Warehouse Clubs,Off-trade Volume,2021,0.0
Germany,RTD Coffee,Food/drink/tobacco specialists,Off-trade Volume,2021,0.1
Germany,RTD Coffee,Small Local Grocers,Off-trade Volume,2021,7.1
Germany,RTD Coffee,Non-Grocery Retailers,Off-trade Volume,2021,4.0
Germany,RTD Coffee,General Merchandise Stores,Off-trade Volume,2021,0.0
Germany,RTD Coffee,Apparel and Footwear Specialists,Off-trade Volume,2021,0.0
Germany,RTD Coffee,Appliances and Electronics Specialists,Off-trade Volume,2021,0.0
Germany,RTD Coffee,Home Products Specialists,Off-trade Volume,2021,0.0
Germany,RTD Coffee,Health and Beauty Specialists,Off-trade Volume,2021,4.0
Germany,RTD Coffee,Leisure and Personal Goods Specialists,Off-trade Volume,2021,0.0
Germany,RTD Coffee,Other Non-Grocery Retailers,Off-trade Volume,2021,0.0
Germany,RTD Coffee,Vending,Off-trade Volume,2021,0.3
Germany,RTD Coffee,Direct Selling,Off-trade Volume,2021,0.0
Germany,RTD Coffee,Retail E-Commerce,Off-trade Volume,2021,1.3
United Kingdom,Coffee,Retail Channels,Retail Volume,2021,100.0
United Kingdom,Coffee,Retail Offline,Retail Volume,2021,87.3
United Kingdom,Coffee,Grocery Retailers,Retail Volume,2021,84.4
United Kingdom,Coffee,Convenience Retailers,Retail Volume,2021,5.1
United Kingdom,Coffee,Convenience Stores,Retail Volume,2021,4.8
United Kingdom,Coffee,Forecourt Retailers,Retail Volume,2021,0.2
United Kingdom,Coffee,Supermarkets,Retail Volume,2021,36.2
United Kingdom,Coffee,Hypermarkets,Retail Volume,2021,33.0
United Kingdom,Coffee,Discounters,Retail Volume,2021,7.8
United Kingdom,Coffee,Warehouse Clubs,Retail Volume,2021,0.1
United Kingdom,Coffee,Food/drink/tobacco specialists,Retail Volume,2021,1.2
United Kingdom,Coffee,Small Local Grocers,Retail Volume,2021,1.0
United Kingdom,Coffee,Non-Grocery Retailers,Retail Volume,2021,2.2
United Kingdom,Coffee,General Merchandise Stores,Retail Volume,2021,2.2
United Kingdom,Coffee,Apparel and Footwear Specialists,Retail Volume,2021,0.0
United Kingdom,Coffee,Appliances and Electronics Specialists,Retail Volume,2021,0.0
United Kingdom,Coffee,Home Products Specialists,Retail Volume,2021,0.0
United Kingdom,Coffee,Health and Beauty Specialists,Retail Volume,2021,0.0
United Kingdom,Coffee,Leisure and Personal Goods Specialists,Retail Volume,2021,0.0
United Kingdom,Coffee,Other Non-Grocery Retailers,Retail Volume,2021,0.0
United Kingdom,Coffee,Vending,Retail Volume,2021,0.6
United Kingdom,Coffee,Direct Selling,Retail Volume,2021,0.0
United Kingdom,Coffee,Retail E-Commerce,Retail Volume,2021,12.7
United Kingdom,RTD Coffee,Retail Channels,Off-trade Volume,2021,100.0
United Kingdom,RTD Coffee,Retail Offline,Off-trade Volume,2021,90.9
United Kingdom,RTD Coffee,Grocery Retailers,Off-trade Volume,2021,90.1
United Kingdom,RTD Coffee,Convenience Retailers,Off-trade Volume,2021,12.4
United Kingdom,RTD Coffee,Convenience Stores,Off-trade Volume,2021,9.5
United Kingdom,RTD Coffee,Forecourt Retailers,Off-trade Volume,2021,3.0
United Kingdom,RTD Coffee,Supermarkets,Off-trade Volume,2021,33.2
United Kingdom,RTD Coffee,Hypermarkets,Off-trade Volume,2021,29.7
United Kingdom,RTD Coffee,Discounters,Off-trade Volume,2021,0.0
United Kingdom,RTD Coffee,Warehouse Clubs,Off-trade Volume,2021,0.0
United Kingdom,RTD Coffee,Food/drink/tobacco specialists,Off-trade Volume,2021,0.0
United Kingdom,RTD Coffee,Small Local Grocers,Off-trade Volume,2021,14.9
United Kingdom,RTD Coffee,Non-Grocery Retailers,Off-trade Volume,2021,0.8
United Kingdom,RTD Coffee,General Merchandise Stores,Off-trade Volume,2021,0.0
United Kingdom,RTD Coffee,Apparel and Footwear Specialists,Off-trade Volume,2021,0.0
United Kingdom,RTD Coffee,Appliances and Electronics Specialists,Off-trade Volume,2021,0.0
United Kingdom,RTD Coffee,Home Products Specialists,Off-trade Volume,2021,0.0
United Kingdom,RTD Coffee,Health and Beauty Specialists,Off-trade Volume,2021,0.8
United Kingdom,RTD Coffee,Leisure and Personal Goods Specialists,Off-trade Volume,2021,0.0
United Kingdom,RTD Coffee,Other Non-Grocery Retailers,Off-trade Volume,2021,0.0
United Kingdom,RTD Coffee,Vending,Off-trade Volume,2021,0.0
United Kingdom,RTD Coffee,Direct Selling,Off-trade Volume,2021,0.0
United Kingdom,RTD Coffee,Retail E-Commerce,Off-trade Volume,2021,9.1
World,Coffee,Retail Channels,Retail Volume,2022,100.0
World,Coffee,Retail Offline,Retail Volume,2022,93.4
World,Coffee,Grocery Retailers,Retail Volume,2022,91.1
World,Coffee,Convenience Retailers,Retail Volume,2022,5.1
World,Coffee,Convenience Stores,Retail Volume,2022,4.3
World,Coffee,Forecourt Retailers,Retail Volume,2022,0.8
World,Coffee,Supermarkets,Retail Volume,2022,28.4
World,Coffee,Hypermarkets,Retail Volume,2022,18.3
World,Coffee,Discounters,Retail Volume,2022,8.2
World,Coffee,Warehouse Clubs,Retail Volume,2022,1.4
World,Coffee,Food/drink/tobacco specialists,Retail Volume,2022,2.5
World,Coffee,Small Local Grocers,Retail Volume,2022,27.1
World,Coffee,Non-Grocery Retailers,Retail Volume,2022,1.7
World,Coffee,General Merchandise Stores,Retail Volume,2022,1.0
World,Coffee,Apparel and Footwear Specialists,Retail Volume,2022,0.0
World,Coffee,Appliances and Electronics Specialists,Retail Volume,2022,0.0
World,Coffee,Home Products Specialists,Retail Volume,2022,0.0
World,Coffee,Health and Beauty Specialists,Retail Volume,2022,0.6
World,Coffee,Leisure and Personal Goods Specialists,Retail Volume,2022,0.0
World,Coffee,Other Non-Grocery Retailers,Retail Volume,2022,0.1
World,Coffee,Vending,Retail Volume,2022,0.5
World,Coffee,Direct Selling,Retail Volume,2022,0.1
World,Coffee,Retail E-Commerce,Retail Volume,2022,6.6
World,RTD Coffee,Retail Channels,Off-trade Volume,2022,100.0
World,RTD Coffee,Retail Offline,Off-trade Volume,2022,95.3
World,RTD Coffee,Grocery Retailers,Off-trade Volume,2022,70.9
World,RTD Coffee,Convenience Retailers,Off-trade Volume,2022,26.4
World,RTD Coffee,Convenience Stores,Off-trade Volume,2022,21.7
World,RTD Coffee,Forecourt Retailers,Off-trade Volume,2022,4.7
World,RTD Coffee,Supermarkets,Off-trade Volume,2022,21.8
World,RTD Coffee,Hypermarkets,Off-trade Volume,2022,9.6
World,RTD Coffee,Discounters,Off-trade Volume,2022,1.2
World,RTD Coffee,Warehouse Clubs,Off-trade Volume,2022,2.6
World,RTD Coffee,Food/drink/tobacco specialists,Off-trade Volume,2022,0.0
World,RTD Coffee,Small Local Grocers,Off-trade Volume,2022,9.2
World,RTD Coffee,Non-Grocery Retailers,Off-trade Volume,2022,11.0
World,RTD Coffee,General Merchandise Stores,Off-trade Volume,2022,5.0
World,RTD Coffee,Apparel and Footwear Specialists,Off-trade Volume,2022,0.0
World,RTD Coffee,Appliances and Electronics Specialists,Off-trade Volume,2022,0.0
World,RTD Coffee,Home Products Specialists,Off-trade Volume,2022,0.0
World,RTD Coffee,Health and Beauty Specialists,Off-trade Volume,2022,6.1
World,RTD Coffee,Leisure and Personal Goods Specialists,Off-trade Volume,2022,0.0
World,RTD Coffee,Other Non-Grocery Retailers,Off-trade Volume,2022,0.0
World,RTD Coffee,Vending,Off-trade Volume,2022,13.4
World,RTD Coffee,Direct Selling,Off-trade Volume,2022,0.0
World,RTD Coffee,Retail E-Commerce,Off-trade Volume,2022,4.7
Asia Pacific,Coffee,Retail Channels,Retail Volume,2022,100.0
Asia Pacific,Coffee,Retail Offline,Retail Volume,2022,93.4
Asia Pacific,Coffee,Grocery Retailers,Retail Volume,2022,91.1
Asia Pacific,Coffee,Convenience Retailers,Retail Volume,2022,8.6
Asia Pacific,Coffee,Convenience Stores,Retail Volume,2022,7.7
Asia Pacific,Coffee,Forecourt Retailers,Retail Volume,2022,0.9
Asia Pacific,Coffee,Supermarkets,Retail Volume,2022,16.5
Asia Pacific,Coffee,Hypermarkets,Retail Volume,2022,14.9
Asia Pacific,Coffee,Discounters,Retail Volume,2022,0.1
Asia Pacific,Coffee,Warehouse Clubs,Retail Volume,2022,0.3
Asia Pacific,Coffee,Food/drink/tobacco specialists,Retail Volume,2022,0.7
Asia Pacific,Coffee,Small Local Grocers,Retail Volume,2022,50.1
Asia Pacific,Coffee,Non-Grocery Retailers,Retail Volume,2022,2.0
Asia Pacific,Coffee,General Merchandise Stores,Retail Volume,2022,1.3
Asia Pacific,Coffee,Apparel and Footwear Specialists,Retail Volume,2022,0.0
Asia Pacific,Coffee,Appliances and Electronics Specialists,Retail Volume,2022,0.0
Asia Pacific,Coffee,Home Products Specialists,Retail Volume,2022,0.0
Asia Pacific,Coffee,Health and Beauty Specialists,Retail Volume,2022,0.7
Asia Pacific,Coffee,Leisure and Personal Goods Specialists,Retail Volume,2022,0.0
Asia Pacific,Coffee,Other Non-Grocery Retailers,Retail Volume,2022,0.0
Asia Pacific,Coffee,Vending,Retail Volume,2022,0.1
Asia Pacific,Coffee,Direct Selling,Retail Volume,2022,0.1
Asia Pacific,Coffee,Retail E-Commerce,Retail Volume,2022,6.6
Asia Pacific,RTD Coffee,Retail Channels,Off-trade Volume,2022,100.0
Asia Pacific,RTD Coffee,Retail Offline,Off-trade Volume,2022,96.2
Asia Pacific,RTD Coffee,Grocery Retailers,Off-trade Volume,2022,66.1
Asia Pacific,RTD Coffee,Convenience Retailers,Off-trade Volume,2022,27.2
Asia Pacific,RTD Coffee,Convenience Stores,Off-trade Volume,2022,26.3
Asia Pacific,RTD Coffee,Forecourt Retailers,Off-trade Volume,2022,0.9
Asia Pacific,RTD Coffee,Supermarkets,Off-trade Volume,2022,20.4
Asia Pacific,RTD Coffee,Hypermarkets,Off-trade Volume,2022,6.8
Asia Pacific,RTD Coffee,Discounters,Off-trade Volume,2022,0.0
Asia Pacific,RTD Coffee,Warehouse Clubs,Off-trade Volume,2022,1.3
Asia Pacific,RTD Coffee,Food/drink/tobacco specialists,Off-trade Volume,2022,0.0
Asia Pacific,RTD Coffee,Small Local Grocers,Off-trade Volume,2022,10.3
Asia Pacific,RTD Coffee,Non-Grocery Retailers,Off-trade Volume,2022,13.2
Asia Pacific,RTD Coffee,General Merchandise Stores,Off-trade Volume,2022,5.7
Asia Pacific,RTD Coffee,Apparel and Footwear Specialists,Off-trade Volume,2022,0.0
Asia Pacific,RTD Coffee,Appliances and Electronics Specialists,Off-trade Volume,2022,0.0
Asia Pacific,RTD Coffee,Home Products Specialists,Off-trade Volume,2022,0.0
Asia Pacific,RTD Coffee,Health and Beauty Specialists,Off-trade Volume,2022,7.5
Asia Pacific,RTD Coffee,Leisure and Personal Goods Specialists,Off-trade Volume,2022,0.0
Asia Pacific,RTD Coffee,Other Non-Grocery Retailers,Off-trade Volume,2022,0.0
Asia Pacific,RTD Coffee,Vending,Off-trade Volume,2022,16.9
Asia Pacific,RTD Coffee,Direct Selling,Off-trade Volume,2022,0.0
Asia Pacific,RTD Coffee,Retail E-Commerce,Off-trade Volume,2022,3.8
China,Coffee,Retail Channels,Retail Volume,2022,100.0
China,Coffee,Retail Offline,Retail Volume,2022,61.5
China,Coffee,Grocery Retailers,Retail Volume,2022,61.5
China,Coffee,Convenience Retailers,Retail Volume,2022,5.1
China,Coffee,Convenience Stores,Retail Volume,2022,5.1
China,Coffee,Forecourt Retailers,Retail Volume,2022,0.0
China,Coffee,Supermarkets,Retail Volume,2022,23.7
China,Coffee,Hypermarkets,Retail Volume,2022,29.8
China,Coffee,Discounters,Retail Volume,2022,0.0
China,Coffee,Warehouse Clubs,Retail Volume,2022,0.0
China,Coffee,Food/drink/tobacco specialists,Retail Volume,2022,0.0
China,Coffee,Small Local Grocers,Retail Volume,2022,2.9
China,Coffee,Non-Grocery Retailers,Retail Volume,2022,0.0
China,Coffee,General Merchandise Stores,Retail Volume,2022,0.0
China,Coffee,Apparel and Footwear Specialists,Retail Volume,2022,0.0
China,Coffee,Appliances and Electronics Specialists,Retail Volume,2022,0.0
China,Coffee,Home Products Specialists,Retail Volume,2022,0.0
China,Coffee,Health and Beauty Specialists,Retail Volume,2022,0.0
China,Coffee,Leisure and Personal Goods Specialists,Retail Volume,2022,0.0
China,Coffee,Other Non-Grocery Retailers,Retail Volume,2022,0.0
China,Coffee,Vending,Retail Volume,2022,0.0
China,Coffee,Direct Selling,Retail Volume,2022,0.0
China,Coffee,Retail E-Commerce,Retail Volume,2022,38.5
China,RTD Coffee,Retail Channels,Off-trade Volume,2022,100.0
China,RTD Coffee,Retail Offline,Off-trade Volume,2022,94.3
China,RTD Coffee,Grocery Retailers,Off-trade Volume,2022,91.7
China,RTD Coffee,Convenience Retailers,Off-trade Volume,2022,18.4
China,RTD Coffee,Convenience Stores,Off-trade Volume,2022,14.2
China,RTD Coffee,Forecourt Retailers,Off-trade Volume,2022,4.2
China,RTD Coffee,Supermarkets,Off-trade Volume,2022,21.8
China,RTD Coffee,Hypermarkets,Off-trade Volume,2022,8.3
China,RTD Coffee,Discounters,Off-trade Volume,2022,0.5
China,RTD Coffee,Warehouse Clubs,Off-trade Volume,2022,0.0
China,RTD Coffee,Food/drink/tobacco specialists,Off-trade Volume,2022,0.0
China,RTD Coffee,Small Local Grocers,Off-trade Volume,2022,42.7
China,RTD Coffee,Non-Grocery Retailers,Off-trade Volume,2022,0.0
China,RTD Coffee,General Merchandise Stores,Off-trade Volume,2022,0.0
China,RTD Coffee,Apparel and Footwear Specialists,Off-trade Volume,2022,0.0
China,RTD Coffee,Appliances and Electronics Specialists,Off-trade Volume,2022,0.0
China,RTD Coffee,Home Products Specialists,Off-trade Volume,2022,0.0
China,RTD Coffee,Health and Beauty Specialists,Off-trade Volume,2022,0.0
China,RTD Coffee,Leisure and Personal Goods Specialists,Off-trade Volume,2022,0.0
China,RTD Coffee,Other Non-Grocery Retailers,Off-trade Volume,2022,0.0
China,RTD Coffee,Vending,Off-trade Volume,2022,2.6
China,RTD Coffee,Direct Selling,Off-trade Volume,2022,0.0
China,RTD Coffee,Retail E-Commerce,Off-trade Volume,2022,5.7
India,Coffee,Retail Channels,Retail Volume,2022,100.0
India,Coffee,Retail Offline,Retail Volume,2022,96.3
India,Coffee,Grocery Retailers,Retail Volume,2022,96.3
India,Coffee,Convenience Retailers,Retail Volume,2022,1.6
India,Coffee,Convenience Stores,Retail Volume,2022,1.5
India,Coffee,Forecourt Retailers,Retail Volume,2022,0.1
India,Coffee,Supermarkets,Retail Volume,2022,9.1
India,Coffee,Hypermarkets,Retail Volume,2022,7.1
India,Coffee,Discounters,Retail Volume,2022,0.0
India,Coffee,Warehouse Clubs,Retail Volume,2022,0.0
India,Coffee,Food/drink/tobacco specialists,Retail Volume,2022,0.0
India,Coffee,Small Local Grocers,Retail Volume,2022,78.5
India,Coffee,Non-Grocery Retailers,Retail Volume,2022,0.0
India,Coffee,General Merchandise Stores,Retail Volume,2022,0.0
India,Coffee,Apparel and Footwear Specialists,Retail Volume,2022,0.0
India,Coffee,Appliances and Electronics Specialists,Retail Volume,2022,0.0
India,Coffee,Home Products Specialists,Retail Volume,2022,0.0
India,Coffee,Health and Beauty Specialists,Retail Volume,2022,0.0
India,Coffee,Leisure and Personal Goods Specialists,Retail Volume,2022,0.0
India,Coffee,Other Non-Grocery Retailers,Retail Volume,2022,0.0
India,Coffee,Vending,Retail Volume,2022,0.0
India,Coffee,Direct Selling,Retail Volume,2022,0.0
India,Coffee,Retail E-Commerce,Retail Volume,2022,3.7
India,RTD Coffee,Retail Channels,Off-trade Volume,2022,0.0
India,RTD Coffee,Retail Offline,Off-trade Volume,2022,0.0
India,RTD Coffee,Grocery Retailers,Off-trade Volume,2022,0.0
India,RTD Coffee,Convenience Retailers,Off-trade Volume,2022,0.0
India,RTD Coffee,Convenience Stores,Off-trade Volume,2022,0.0
India,RTD Coffee,Forecourt Retailers,Off-trade Volume,2022,0.0
India,RTD Coffee,Supermarkets,Off-trade Volume,2022,0.0
India,RTD Coffee,Hypermarkets,Off-trade Volume,2022,0.0
India,RTD Coffee,Discounters,Off-trade Volume,2022,0.0
India,RTD Coffee,Warehouse Clubs,Off-trade Volume,2022,0.0
India,RTD Coffee,Food/drink/tobacco specialists,Off-trade Volume,2022,0.0
India,RTD Coffee,Small Local Grocers,Off-trade Volume,2022,0.0
India,RTD Coffee,Non-Grocery Retailers,Off-trade Volume,2022,0.0
India,RTD Coffee,General Merchandise Stores,Off-trade Volume,2022,0.0
India,RTD Coffee,Apparel and Footwear Specialists,Off-trade Volume,2022,0.0
India,RTD Coffee,Appliances and Electronics Specialists,Off-trade Volume,2022,0.0
India,RTD Coffee,Home Products Specialists,Off-trade Volume,2022,0.0
India,RTD Coffee,Health and Beauty Specialists,Off-trade Volume,2022,0.0
India,RTD Coffee,Leisure and Personal Goods Specialists,Off-trade Volume,2022,0.0
India,RTD Coffee,Other Non-Grocery Retailers,Off-trade Volume,2022,0.0
India,RTD Coffee,Vending,Off-trade Volume,2022,0.0
India,RTD Coffee,Direct Selling,Off-trade Volume,2022,0.0
India,RTD Coffee,Retail E-Commerce,Off-trade Volume,2022,0.0
Japan,Coffee,Retail Channels,Retail Volume,2022,100.0
Japan,Coffee,Retail Offline,Retail Volume,2022,88.7
Japan,Coffee,Grocery Retailers,Retail Volume,2022,68.2
Japan,Coffee,Convenience Retailers,Retail Volume,2022,3.1
Japan,Coffee,Convenience Stores,Retail Volume,2022,3.1
Japan,Coffee,Forecourt Retailers,Retail Volume,2022,0.0
Japan,Coffee,Supermarkets,Retail Volume,2022,46.5
Japan,Coffee,Hypermarkets,Retail Volume,2022,10.5
Japan,Coffee,Discounters,Retail Volume,2022,0.0
Japan,Coffee,Warehouse Clubs,Retail Volume,2022,2.7
Japan,Coffee,Food/drink/tobacco specialists,Retail Volume,2022,0.0
Japan,Coffee,Small Local Grocers,Retail Volume,2022,5.5
Japan,Coffee,Non-Grocery Retailers,Retail Volume,2022,19.7
Japan,Coffee,General Merchandise Stores,Retail Volume,2022,13.3
Japan,Coffee,Apparel and Footwear Specialists,Retail Volume,2022,0.0
Japan,Coffee,Appliances and Electronics Specialists,Retail Volume,2022,0.0
Japan,Coffee,Home Products Specialists,Retail Volume,2022,0.0
Japan,Coffee,Health and Beauty Specialists,Retail Volume,2022,6.5
Japan,Coffee,Leisure and Personal Goods Specialists,Retail Volume,2022,0.0
Japan,Coffee,Other Non-Grocery Retailers,Retail Volume,2022,0.0
Japan,Coffee,Vending,Retail Volume,2022,0.7
Japan,Coffee,Direct Selling,Retail Volume,2022,0.0
Japan,Coffee,Retail E-Commerce,Retail Volume,2022,11.3
Japan,RTD Coffee,Retail Channels,Off-trade Volume,2022,100.0
Japan,RTD Coffee,Retail Offline,Off-trade Volume,2022,99.2
Japan,RTD Coffee,Grocery Retailers,Off-trade Volume,2022,57.1
Japan,RTD Coffee,Convenience Retailers,Off-trade Volume,2022,20.9
Japan,RTD Coffee,Convenience Stores,Off-trade Volume,2022,20.9
Japan,RTD Coffee,Forecourt Retailers,Off-trade Volume,2022,0.0
Japan,RTD Coffee,Supermarkets,Off-trade Volume,2022,24.2
Japan,RTD Coffee,Hypermarkets,Off-trade Volume,2022,6.2
Japan,RTD Coffee,Discounters,Off-trade Volume,2022,0.0
Japan,RTD Coffee,Warehouse Clubs,Off-trade Volume,2022,1.6
Japan,RTD Coffee,Food/drink/tobacco specialists,Off-trade Volume,2022,0.0
Japan,RTD Coffee,Small Local Grocers,Off-trade Volume,2022,4.2
Japan,RTD Coffee,Non-Grocery Retailers,Off-trade Volume,2022,18.3
Japan,RTD Coffee,General Merchandise Stores,Off-trade Volume,2022,7.7
Japan,RTD Coffee,Apparel and Footwear Specialists,Off-trade Volume,2022,0.0
Japan,RTD Coffee,Appliances and Electronics Specialists,Off-trade Volume,2022,0.0
Japan,RTD Coffee,Home Products Specialists,Off-trade Volume,2022,0.0
Japan,RTD Coffee,Health and Beauty Specialists,Off-trade Volume,2022,10.6
Japan,RTD Coffee,Leisure and Personal Goods Specialists,Off-trade Volume,2022,0.0
Japan,RTD Coffee,Other Non-Grocery Retailers,Off-trade Volume,2022,0.0
Japan,RTD Coffee,Vending,Off-trade Volume,2022,23.8
Japan,RTD Coffee,Direct Selling,Off-trade Volume,2022,0.0
Japan,RTD Coffee,Retail E-Commerce,Off-trade Volume,2022,0.8
Thailand,Coffee,Retail Channels,Retail Volume,2022,100.0
Thailand,Coffee,Retail Offline,Retail Volume,2022,97.3
Thailand,Coffee,Grocery Retailers,Retail Volume,2022,97.3
Thailand,Coffee,Convenience Retailers,Retail Volume,2022,29.3
Thailand,Coffee,Convenience Stores,Retail Volume,2022,16.6
Thailand,Coffee,Forecourt Retailers,Retail Volume,2022,12.7
Thailand,Coffee,Supermarkets,Retail Volume,2022,6.7
Thailand,Coffee,Hypermarkets,Retail Volume,2022,24.7
Thailand,Coffee,Discounters,Retail Volume,2022,0.0
Thailand,Coffee,Warehouse Clubs,Retail Volume,2022,0.0
Thailand,Coffee,Food/drink/tobacco specialists,Retail Volume,2022,0.0
Thailand,Coffee,Small Local Grocers,Retail Volume,2022,36.6
Thailand,Coffee,Non-Grocery Retailers,Retail Volume,2022,0.0
Thailand,Coffee,General Merchandise Stores,Retail Volume,2022,0.0
Thailand,Coffee,Apparel and Footwear Specialists,Retail Volume,2022,0.0
Thailand,Coffee,Appliances and Electronics Specialists,Retail Volume,2022,0.0
Thailand,Coffee,Home Products Specialists,Retail Volume,2022,0.0
Thailand,Coffee,Health and Beauty Specialists,Retail Volume,2022,0.0
Thailand,Coffee,Leisure and Personal Goods Specialists,Retail Volume,2022,0.0
Thailand,Coffee,Other Non-Grocery Retailers,Retail Volume,2022,0.0
Thailand,Coffee,Vending,Retail Volume,2022,0.0
Thailand,Coffee,Direct Selling,Retail Volume,2022,0.0
Thailand,Coffee,Retail E-Commerce,Retail Volume,2022,2.7
Thailand,RTD Coffee,Retail Channels,Off-trade Volume,2022,100.0
Thailand,RTD Coffee,Retail Offline,Off-trade Volume,2022,98.1
Thailand,RTD Coffee,Grocery Retailers,Off-trade Volume,2022,91.8
Thailand,RTD Coffee,Convenience Retailers,Off-trade Volume,2022,29.0
Thailand,RTD Coffee,Convenience Stores,Off-trade Volume,2022,17.9
Thailand,RTD Coffee,Forecourt Retailers,Off-trade Volume,2022,11.1
Thailand,RTD Coffee,Supermarkets,Off-trade Volume,2022,4.9
Thailand,RTD Coffee,Hypermarkets,Off-trade Volume,2022,22.1
Thailand,RTD Coffee,Discounters,Off-trade Volume,2022,0.0
Thailand,RTD Coffee,Warehouse Clubs,Off-trade Volume,2022,0.0
Thailand,RTD Coffee,Food/drink/tobacco specialists,Off-trade Volume,2022,0.0
Thailand,RTD Coffee,Small Local Grocers,Off-trade Volume,2022,35.8
Thailand,RTD Coffee,Non-Grocery Retailers,Off-trade Volume,2022,0.0
Thailand,RTD Coffee,General Merchandise Stores,Off-trade Volume,2022,0.0
Thailand,RTD Coffee,Apparel and Footwear Specialists,Off-trade Volume,2022,0.0
Thailand,RTD Coffee,Appliances and Electronics Specialists,Off-trade Volume,2022,0.0
Thailand,RTD Coffee,Home Products Specialists,Off-trade Volume,2022,0.0
Thailand,RTD Coffee,Health and Beauty Specialists,Off-trade Volume,2022,0.0
Thailand,RTD Coffee,Leisure and Personal Goods Specialists,Off-trade Volume,2022,0.0
Thailand,RTD Coffee,Other Non-Grocery Retailers,Off-trade Volume,2022,0.0
Thailand,RTD Coffee,Vending,Off-trade Volume,2022,6.3
Thailand,RTD Coffee,Direct Selling,Off-trade Volume,2022,0.0
Thailand,RTD Coffee,Retail E-Commerce,Off-trade Volume,2022,1.9
Australasia,Coffee,Retail Channels,Retail Volume,2022,100.0
Australasia,Coffee,Retail Offline,Retail Volume,2022,87.9
Australasia,Coffee,Grocery Retailers,Retail Volume,2022,87.6
Australasia,Coffee,Convenience Retailers,Retail Volume,2022,4.9
Australasia,Coffee,Convenience Stores,Retail Volume,2022,2.7
Australasia,Coffee,Forecourt Retailers,Retail Volume,2022,2.2
Australasia,Coffee,Supermarkets,Retail Volume,2022,66.8
Australasia,Coffee,Hypermarkets,Retail Volume,2022,0.0
Australasia,Coffee,Discounters,Retail Volume,2022,12.3
Australasia,Coffee,Warehouse Clubs,Retail Volume,2022,0.3
Australasia,Coffee,Food/drink/tobacco specialists,Retail Volume,2022,0.0
Australasia,Coffee,Small Local Grocers,Retail Volume,2022,3.4
Australasia,Coffee,Non-Grocery Retailers,Retail Volume,2022,0.1
Australasia,Coffee,General Merchandise Stores,Retail Volume,2022,0.0
Australasia,Coffee,Apparel and Footwear Specialists,Retail Volume,2022,0.0
Australasia,Coffee,Appliances and Electronics Specialists,Retail Volume,2022,0.0
Australasia,Coffee,Home Products Specialists,Retail Volume,2022,0.0
Australasia,Coffee,Health and Beauty Specialists,Retail Volume,2022,0.1
Australasia,Coffee,Leisure and Personal Goods Specialists,Retail Volume,2022,0.0
Australasia,Coffee,Other Non-Grocery Retailers,Retail Volume,2022,0.0
Australasia,Coffee,Vending,Retail Volume,2022,0.3
Australasia,Coffee,Direct Selling,Retail Volume,2022,0.0
Australasia,Coffee,Retail E-Commerce,Retail Volume,2022,12.1
Australasia,RTD Coffee,Retail Channels,Off-trade Volume,2022,100.0
Australasia,RTD Coffee,Retail Offline,Off-trade Volume,2022,89.4
Australasia,RTD Coffee,Grocery Retailers,Off-trade Volume,2022,89.0
Australasia,RTD Coffee,Convenience Retailers,Off-trade Volume,2022,31.3
Australasia,RTD Coffee,Convenience Stores,Off-trade Volume,2022,5.2
Australasia,RTD Coffee,Forecourt Retailers,Off-trade Volume,2022,26.1
Australasia,RTD Coffee,Supermarkets,Off-trade Volume,2022,49.3
Australasia,RTD Coffee,Hypermarkets,Off-trade Volume,2022,0.0
Australasia,RTD Coffee,Discounters,Off-trade Volume,2022,1.2
Australasia,RTD Coffee,Warehouse Clubs,Off-trade Volume,2022,0.0
Australasia,RTD Coffee,Food/drink/tobacco specialists,Off-trade Volume,2022,0.0
Australasia,RTD Coffee,Small Local Grocers,Off-trade Volume,2022,7.2
Australasia,RTD Coffee,Non-Grocery Retailers,Off-trade Volume,2022,0.0
Australasia,RTD Coffee,General Merchandise Stores,Off-trade Volume,2022,0.0
Australasia,RTD Coffee,Apparel and Footwear Specialists,Off-trade Volume,2022,0.0
Australasia,RTD Coffee,Appliances and Electronics Specialists,Off-trade Volume,2022,0.0
Australasia,RTD Coffee,Home Products Specialists,Off-trade Volume,2022,0.0
Australasia,RTD Coffee,Health and Beauty Specialists,Off-trade Volume,2022,0.0
Australasia,RTD Coffee,Leisure and Personal Goods Specialists,Off-trade Volume,2022,0.0
Australasia,RTD Coffee,Other Non-Grocery Retailers,Off-trade Volume,2022,0.0
Australasia,RTD Coffee,Vending,Off-trade Volume,2022,0.4
Australasia,RTD Coffee,Direct Selling,Off-trade Volume,2022,0.0
Australasia,RTD Coffee,Retail E-Commerce,Off-trade Volume,2022,10.6
Australia,Coffee,Retail Channels,Retail Volume,2022,100.0
Australia,Coffee,Retail Offline,Retail Volume,2022,87.0
Australia,Coffee,Grocery Retailers,Retail Volume,2022,87.0
Australia,Coffee,Convenience Retailers,Retail Volume,2022,5.4
Australia,Coffee,Convenience Stores,Retail Volume,2022,2.9
Australia,Coffee,Forecourt Retailers,Retail Volume,2022,2.6
Australia,Coffee,Supermarkets,Retail Volume,2022,63.4
Australia,Coffee,Hypermarkets,Retail Volume,2022,0.0
Australia,Coffee,Discounters,Retail Volume,2022,14.5
Australia,Coffee,Warehouse Clubs,Retail Volume,2022,0.0
Australia,Coffee,Food/drink/tobacco specialists,Retail Volume,2022,0.0
Australia,Coffee,Small Local Grocers,Retail Volume,2022,3.7
Australia,Coffee,Non-Grocery Retailers,Retail Volume,2022,0.0
Australia,Coffee,General Merchandise Stores,Retail Volume,2022,0.0
Australia,Coffee,Apparel and Footwear Specialists,Retail Volume,2022,0.0
Australia,Coffee,Appliances and Electronics Specialists,Retail Volume,2022,0.0
Australia,Coffee,Home Products Specialists,Retail Volume,2022,0.0
Australia,Coffee,Health and Beauty Specialists,Retail Volume,2022,0.0
Australia,Coffee,Leisure and Personal Goods Specialists,Retail Volume,2022,0.0
Australia,Coffee,Other Non-Grocery Retailers,Retail Volume,2022,0.0
Australia,Coffee,Vending,Retail Volume,2022,0.0
Australia,Coffee,Direct Selling,Retail Volume,2022,0.0
Australia,Coffee,Retail E-Commerce,Retail Volume,2022,13.0
Australia,RTD Coffee,Retail Channels,Off-trade Volume,2022,100.0
Australia,RTD Coffee,Retail Offline,Off-trade Volume,2022,89.0
Australia,RTD Coffee,Grocery Retailers,Off-trade Volume,2022,88.6
Australia,RTD Coffee,Convenience Retailers,Off-trade Volume,2022,32.4
Australia,RTD Coffee,Convenience Stores,Off-trade Volume,2022,5.3
Australia,RTD Coffee,Forecourt Retailers,Off-trade Volume,2022,27.2
Australia,RTD Coffee,Supermarkets,Off-trade Volume,2022,47.4
Australia,RTD Coffee,Hypermarkets,Off-trade Volume,2022,0.0
Australia,RTD Coffee,Discounters,Off-trade Volume,2022,1.3
Australia,RTD Coffee,Warehouse Clubs,Off-trade Volume,2022,0.0
Australia,RTD Coffee,Food/drink/tobacco specialists,Off-trade Volume,2022,0.0
Australia,RTD Coffee,Small Local Grocers,Off-trade Volume,2022,7.5
Australia,RTD Coffee,Non-Grocery Retailers,Off-trade Volume,2022,0.0
Australia,RTD Coffee,General Merchandise Stores,Off-trade Volume,2022,0.0
Australia,RTD Coffee,Apparel and Footwear Specialists,Off-trade Volume,2022,0.0
Australia,RTD Coffee,Appliances and Electronics Specialists,Off-trade Volume,2022,0.0
Australia,RTD Coffee,Home Products Specialists,Off-trade Volume,2022,0.0
Australia,RTD Coffee,Health and Beauty Specialists,Off-trade Volume,2022,0.0
Australia,RTD Coffee,Leisure and Personal Goods Specialists,Off-trade Volume,2022,0.0
Australia,RTD Coffee,Other Non-Grocery Retailers,Off-trade Volume,2022,0.0
Australia,RTD Coffee,Vending,Off-trade Volume,2022,0.4
Australia,RTD Coffee,Direct Selling,Off-trade Volume,2022,0.0
Australia,RTD Coffee,Retail E-Commerce,Off-trade Volume,2022,11.0
Eastern Europe,Coffee,Retail Channels,Retail Volume,2022,100.0
Eastern Europe,Coffee,Retail Offline,Retail Volume,2022,95.5
Eastern Europe,Coffee,Grocery Retailers,Retail Volume,2022,91.9
Eastern Europe,Coffee,Convenience Retailers,Retail Volume,2022,15.1
Eastern Europe,Coffee,Convenience Stores,Retail Volume,2022,14.1
Eastern Europe,Coffee,Forecourt Retailers,Retail Volume,2022,0.9
Eastern Europe,Coffee,Supermarkets,Retail Volume,2022,29.4
Eastern Europe,Coffee,Hypermarkets,Retail Volume,2022,15.0
Eastern Europe,Coffee,Discounters,Retail Volume,2022,15.2
Eastern Europe,Coffee,Warehouse Clubs,Retail Volume,2022,0.0
Eastern Europe,Coffee,Food/drink/tobacco specialists,Retail Volume,2022,2.0
Eastern Europe,Coffee,Small Local Grocers,Retail Volume,2022,15.3
Eastern Europe,Coffee,Non-Grocery Retailers,Retail Volume,2022,0.6
Eastern Europe,Coffee,General Merchandise Stores,Retail Volume,2022,0.2
Eastern Europe,Coffee,Apparel and Footwear Specialists,Retail Volume,2022,0.0
Eastern Europe,Coffee,Appliances and Electronics Specialists,Retail Volume,2022,0.0
Eastern Europe,Coffee,Home Products Specialists,Retail Volume,2022,0.0
Eastern Europe,Coffee,Health and Beauty Specialists,Retail Volume,2022,0.4
Eastern Europe,Coffee,Leisure and Personal Goods Specialists,Retail Volume,2022,0.0
Eastern Europe,Coffee,Other Non-Grocery Retailers,Retail Volume,2022,0.0
Eastern Europe,Coffee,Vending,Retail Volume,2022,3.0
Eastern Europe,Coffee,Direct Selling,Retail Volume,2022,0.0
Eastern Europe,Coffee,Retail E-Commerce,Retail Volume,2022,4.5
Eastern Europe,RTD Coffee,Retail Channels,Off-trade Volume,2022,100.0
Eastern Europe,RTD Coffee,Retail Offline,Off-trade Volume,2022,98.4
Eastern Europe,RTD Coffee,Grocery Retailers,Off-trade Volume,2022,96.6
Eastern Europe,RTD Coffee,Convenience Retailers,Off-trade Volume,2022,37.2
Eastern Europe,RTD Coffee,Convenience Stores,Off-trade Volume,2022,17.1
Eastern Europe,RTD Coffee,Forecourt Retailers,Off-trade Volume,2022,20.1
Eastern Europe,RTD Coffee,Supermarkets,Off-trade Volume,2022,17.2
Eastern Europe,RTD Coffee,Hypermarkets,Off-trade Volume,2022,20.9
Eastern Europe,RTD Coffee,Discounters,Off-trade Volume,2022,15.3
Eastern Europe,RTD Coffee,Warehouse Clubs,Off-trade Volume,2022,0.0
Eastern Europe,RTD Coffee,Food/drink/tobacco specialists,Off-trade Volume,2022,1.1
Eastern Europe,RTD Coffee,Small Local Grocers,Off-trade Volume,2022,5.0
Eastern Europe,RTD Coffee,Non-Grocery Retailers,Off-trade Volume,2022,0.5
Eastern Europe,RTD Coffee,General Merchandise Stores,Off-trade Volume,2022,0.0
Eastern Europe,RTD Coffee,Apparel and Footwear Specialists,Off-trade Volume,2022,0.0
Eastern Europe,RTD Coffee,Appliances and Electronics Specialists,Off-trade Volume,2022,0.0
Eastern Europe,RTD Coffee,Home Products Specialists,Off-trade Volume,2022,0.0
Eastern Europe,RTD Coffee,Health and Beauty Specialists,Off-trade Volume,2022,0.5
Eastern Europe,RTD Coffee,Leisure and Personal Goods Specialists,Off-trade Volume,2022,0.0
Eastern Europe,RTD Coffee,Other Non-Grocery Retailers,Off-trade Volume,2022,0.0
Eastern Europe,RTD Coffee,Vending,Off-trade Volume,2022,1.3
Eastern Europe,RTD Coffee,Direct Selling,Off-trade Volume,2022,0.0
Eastern Europe,RTD Coffee,Retail E-Commerce,Off-trade Volume,2022,1.6
Latin America,Coffee,Retail Channels,Retail Volume,2022,100.0
Latin America,Coffee,Retail Offline,Retail Volume,2022,98.7
Latin America,Coffee,Grocery Retailers,Retail Volume,2022,96.7
Latin America,Coffee,Convenience Retailers,Retail Volume,2022,1.2
Latin America,Coffee,Convenience Stores,Retail Volume,2022,0.7
Latin America,Coffee,Forecourt Retailers,Retail Volume,2022,0.5
Latin America,Coffee,Supermarkets,Retail Volume,2022,32.5
Latin America,Coffee,Hypermarkets,Retail Volume,2022,26.8
Latin America,Coffee,Discounters,Retail Volume,2022,4.0
Latin America,Coffee,Warehouse Clubs,Retail Volume,2022,3.8
Latin America,Coffee,Food/drink/tobacco specialists,Retail Volume,2022,0.1
Latin America,Coffee,Small Local Grocers,Retail Volume,2022,28.3
Latin America,Coffee,Non-Grocery Retailers,Retail Volume,2022,1.7
Latin America,Coffee,General Merchandise Stores,Retail Volume,2022,1.5
Latin America,Coffee,Apparel and Footwear Specialists,Retail Volume,2022,0.0
Latin America,Coffee,Appliances and Electronics Specialists,Retail Volume,2022,0.0
Latin America,Coffee,Home Products Specialists,Retail Volume,2022,0.0
Latin America,Coffee,Health and Beauty Specialists,Retail Volume,2022,0.1
Latin America,Coffee,Leisure and Personal Goods Specialists,Retail Volume,2022,0.0
Latin America,Coffee,Other Non-Grocery Retailers,Retail Volume,2022,0.0
Latin America,Coffee,Vending,Retail Volume,2022,0.1
Latin America,Coffee,Direct Selling,Retail Volume,2022,0.3
Latin America,Coffee,Retail E-Commerce,Retail Volume,2022,1.3
Latin America,RTD Coffee,Retail Channels,Off-trade Volume,2022,100.0
Latin America,RTD Coffee,Retail Offline,Off-trade Volume,2022,99.8
Latin America,RTD Coffee,Grocery Retailers,Off-trade Volume,2022,98.8
Latin America,RTD Coffee,Convenience Retailers,Off-trade Volume,2022,16.8
Latin America,RTD Coffee,Convenience Stores,Off-trade Volume,2022,8.4
Latin America,RTD Coffee,Forecourt Retailers,Off-trade Volume,2022,8.5
Latin America,RTD Coffee,Supermarkets,Off-trade Volume,2022,30.7
Latin America,RTD Coffee,Hypermarkets,Off-trade Volume,2022,9.1
Latin America,RTD Coffee,Discounters,Off-trade Volume,2022,2.2
Latin America,RTD Coffee,Warehouse Clubs,Off-trade Volume,2022,0.7
Latin America,RTD Coffee,Food/drink/tobacco specialists,Off-trade Volume,2022,0.5
Latin America,RTD Coffee,Small Local Grocers,Off-trade Volume,2022,38.9
Latin America,RTD Coffee,Non-Grocery Retailers,Off-trade Volume,2022,1.0
Latin America,RTD Coffee,General Merchandise Stores,Off-trade Volume,2022,0.2
Latin America,RTD Coffee,Apparel and Footwear Specialists,Off-trade Volume,2022,0.0
Latin America,RTD Coffee,Appliances and Electronics Specialists,Off-trade Volume,2022,0.0
Latin America,RTD Coffee,Home Products Specialists,Off-trade Volume,2022,0.0
Latin America,RTD Coffee,Health and Beauty Specialists,Off-trade Volume,2022,0.8
Latin America,RTD Coffee,Leisure and Personal Goods Specialists,Off-trade Volume,2022,0.0
Latin America,RTD Coffee,Other Non-Grocery Retailers,Off-trade Volume,2022,0.0
Latin America,RTD Coffee,Vending,Off-trade Volume,2022,0.0
Latin America,RTD Coffee,Direct Selling,Off-trade Volume,2022,0.0
Latin America,RTD Coffee,Retail E-Commerce,Off-trade Volume,2022,0.2
Brazil,Coffee,Retail Channels,Retail Volume,2022,100.0
Brazil,Coffee,Retail Offline,Retail Volume,2022,99.4
Brazil,Coffee,Grocery Retailers,Retail Volume,2022,96.9
Brazil,Coffee,Convenience Retailers,Retail Volume,2022,0.7
Brazil,Coffee,Convenience Stores,Retail Volume,2022,0.1
Brazil,Coffee,Forecourt Retailers,Retail Volume,2022,0.6
Brazil,Coffee,Supermarkets,Retail Volume,2022,37.8
Brazil,Coffee,Hypermarkets,Retail Volume,2022,31.9
Brazil,Coffee,Discounters,Retail Volume,2022,0.3
Brazil,Coffee,Warehouse Clubs,Retail Volume,2022,5.2
Brazil,Coffee,Food/drink/tobacco specialists,Retail Volume,2022,0.0
Brazil,Coffee,Small Local Grocers,Retail Volume,2022,21.0
Brazil,Coffee,Non-Grocery Retailers,Retail Volume,2022,2.1
Brazil,Coffee,General Merchandise Stores,Retail Volume,2022,2.1
Brazil,Coffee,Apparel and Footwear Specialists,Retail Volume,2022,0.0
Brazil,Coffee,Appliances and Electronics Specialists,Retail Volume,2022,0.0
Brazil,Coffee,Home Products Specialists,Retail Volume,2022,0.0
Brazil,Coffee,Health and Beauty Specialists,Retail Volume,2022,0.0
Brazil,Coffee,Leisure and Personal Goods Specialists,Retail Volume,2022,0.0
Brazil,Coffee,Other Non-Grocery Retailers,Retail Volume,2022,0.0
Brazil,Coffee,Vending,Retail Volume,2022,0.0
Brazil,Coffee,Direct Selling,Retail Volume,2022,0.4
Brazil,Coffee,Retail E-Commerce,Retail Volume,2022,0.6
Brazil,RTD Coffee,Retail Channels,Off-trade Volume,2022,100.0
Brazil,RTD Coffee,Retail Offline,Off-trade Volume,2022,100.0
Brazil,RTD Coffee,Grocery Retailers,Off-trade Volume,2022,98.9
Brazil,RTD Coffee,Convenience Retailers,Off-trade Volume,2022,60.8
Brazil,RTD Coffee,Convenience Stores,Off-trade Volume,2022,2.0
Brazil,RTD Coffee,Forecourt Retailers,Off-trade Volume,2022,58.9
Brazil,RTD Coffee,Supermarkets,Off-trade Volume,2022,13.2
Brazil,RTD Coffee,Hypermarkets,Off-trade Volume,2022,10.7
Brazil,RTD Coffee,Discounters,Off-trade Volume,2022,0.0
Brazil,RTD Coffee,Warehouse Clubs,Off-trade Volume,2022,2.3
Brazil,RTD Coffee,Food/drink/tobacco specialists,Off-trade Volume,2022,0.0
Brazil,RTD Coffee,Small Local Grocers,Off-trade Volume,2022,11.9
Brazil,RTD Coffee,Non-Grocery Retailers,Off-trade Volume,2022,1.1
Brazil,RTD Coffee,General Merchandise Stores,Off-trade Volume,2022,1.1
Brazil,RTD Coffee,Apparel and Footwear Specialists,Off-trade Volume,2022,0.0
Brazil,RTD Coffee,Appliances and Electronics Specialists,Off-trade Volume,2022,0.0
Brazil,RTD Coffee,Home Products Specialists,Off-trade Volume,2022,0.0
Brazil,RTD Coffee,Health and Beauty Specialists,Off-trade Volume,2022,0.0
Brazil,RTD Coffee,Leisure and Personal Goods Specialists,Off-trade Volume,2022,0.0
Brazil,RTD Coffee,Other Non-Grocery Retailers,Off-trade Volume,2022,0.0
Brazil,RTD Coffee,Vending,Off-trade Volume,2022,0.0
Brazil,RTD Coffee,Direct Selling,Off-trade Volume,2022,0.0
Brazil,RTD Coffee,Retail E-Commerce,Off-trade Volume,2022,0.0
Middle East and Africa,Coffee,Retail Channels,Retail Volume,2022,100.0
Middle East and Africa,Coffee,Retail Offline,Retail Volume,2022,98.6
Middle East and Africa,Coffee,Grocery Retailers,Retail Volume,2022,97.0
Middle East and Africa,Coffee,Convenience Retailers,Retail Volume,2022,4.9
Middle East and Africa,Coffee,Convenience Stores,Retail Volume,2022,3.2
Middle East and Africa,Coffee,Forecourt Retailers,Retail Volume,2022,1.7
Middle East and Africa,Coffee,Supermarkets,Retail Volume,2022,30.1
Middle East and Africa,Coffee,Hypermarkets,Retail Volume,2022,8.4
Middle East and Africa,Coffee,Discounters,Retail Volume,2022,2.1
Middle East and Africa,Coffee,Warehouse Clubs,Retail Volume,2022,0.0
Middle East and Africa,Coffee,Food/drink/tobacco specialists,Retail Volume,2022,6.7
Middle East and Africa,Coffee,Small Local Grocers,Retail Volume,2022,44.8
Middle East and Africa,Coffee,Non-Grocery Retailers,Retail Volume,2022,1.2
Middle East and Africa,Coffee,General Merchandise Stores,Retail Volume,2022,0.0
Middle East and Africa,Coffee,Apparel and Footwear Specialists,Retail Volume,2022,0.0
Middle East and Africa,Coffee,Appliances and Electronics Specialists,Retail Volume,2022,0.0
Middle East and Africa,Coffee,Home Products Specialists,Retail Volume,2022,0.0
Middle East and Africa,Coffee,Health and Beauty Specialists,Retail Volume,2022,0.0
Middle East and Africa,Coffee,Leisure and Personal Goods Specialists,Retail Volume,2022,0.0
Middle East and Africa,Coffee,Other Non-Grocery Retailers,Retail Volume,2022,1.2
Middle East and Africa,Coffee,Vending,Retail Volume,2022,0.2
Middle East and Africa,Coffee,Direct Selling,Retail Volume,2022,0.1
Middle East and Africa,Coffee,Retail E-Commerce,Retail Volume,2022,1.4
Middle East and Africa,RTD Coffee,Retail Channels,Off-trade Volume,2022,100.0
Middle East and Africa,RTD Coffee,Retail Offline,Off-trade Volume,2022,98.3
Middle East and Africa,RTD Coffee,Grocery Retailers,Off-trade Volume,2022,97.7
Middle East and Africa,RTD Coffee,Convenience Retailers,Off-trade Volume,2022,38.5
Middle East and Africa,RTD Coffee,Convenience Stores,Off-trade Volume,2022,4.8
Middle East and Africa,RTD Coffee,Forecourt Retailers,Off-trade Volume,2022,33.7
Middle East and Africa,RTD Coffee,Supermarkets,Off-trade Volume,2022,19.3
Middle East and Africa,RTD Coffee,Hypermarkets,Off-trade Volume,2022,17.9
Middle East and Africa,RTD Coffee,Discounters,Off-trade Volume,2022,0.6
Middle East and Africa,RTD Coffee,Warehouse Clubs,Off-trade Volume,2022,0.2
Middle East and Africa,RTD Coffee,Food/drink/tobacco specialists,Off-trade Volume,2022,0.5
Middle East and Africa,RTD Coffee,Small Local Grocers,Off-trade Volume,2022,20.7
Middle East and Africa,RTD Coffee,Non-Grocery Retailers,Off-trade Volume,2022,0.5
Middle East and Africa,RTD Coffee,General Merchandise Stores,Off-trade Volume,2022,0.0
Middle East and Africa,RTD Coffee,Apparel and Footwear Specialists,Off-trade Volume,2022,0.0
Middle East and Africa,RTD Coffee,Appliances and Electronics Specialists,Off-trade Volume,2022,0.0
Middle East and Africa,RTD Coffee,Home Products Specialists,Off-trade Volume,2022,0.0
Middle East and Africa,RTD Coffee,Health and Beauty Specialists,Off-trade Volume,2022,0.4
Middle East and Africa,RTD Coffee,Leisure and Personal Goods Specialists,Off-trade Volume,2022,0.0
Middle East and Africa,RTD Coffee,Other Non-Grocery Retailers,Off-trade Volume,2022,0.0
Middle East and Africa,RTD Coffee,Vending,Off-trade Volume,2022,0.0
Middle East and Africa,RTD Coffee,Direct Selling,Off-trade Volume,2022,0.1
Middle East and Africa,RTD Coffee,Retail E-Commerce,Off-trade Volume,2022,1.7
North America,Coffee,Retail Channels,Retail Volume,2022,100.0
North America,Coffee,Retail Offline,Retail Volume,2022,79.7
North America,Coffee,Grocery Retailers,Retail Volume,2022,77.4
North America,Coffee,Convenience Retailers,Retail Volume,2022,1.3
North America,Coffee,Convenience Stores,Retail Volume,2022,0.3
North America,Coffee,Forecourt Retailers,Retail Volume,2022,1.1
North America,Coffee,Supermarkets,Retail Volume,2022,25.9
North America,Coffee,Hypermarkets,Retail Volume,2022,20.7
North America,Coffee,Discounters,Retail Volume,2022,3.2
North America,Coffee,Warehouse Clubs,Retail Volume,2022,4.1
North America,Coffee,Food/drink/tobacco specialists,Retail Volume,2022,4.6
North America,Coffee,Small Local Grocers,Retail Volume,2022,17.6
North America,Coffee,Non-Grocery Retailers,Retail Volume,2022,2.1
North America,Coffee,General Merchandise Stores,Retail Volume,2022,1.3
North America,Coffee,Apparel and Footwear Specialists,Retail Volume,2022,0.0
North America,Coffee,Appliances and Electronics Specialists,Retail Volume,2022,0.0
North America,Coffee,Home Products Specialists,Retail Volume,2022,0.0
North America,Coffee,Health and Beauty Specialists,Retail Volume,2022,0.8
North America,Coffee,Leisure and Personal Goods Specialists,Retail Volume,2022,0.0
North America,Coffee,Other Non-Grocery Retailers,Retail Volume,2022,0.0
North America,Coffee,Vending,Retail Volume,2022,0.0
North America,Coffee,Direct Selling,Retail Volume,2022,0.1
North America,Coffee,Retail E-Commerce,Retail Volume,2022,20.3
North America,RTD Coffee,Retail Channels,Off-trade Volume,2022,100.0
North America,RTD Coffee,Retail Offline,Off-trade Volume,2022,90.0
North America,RTD Coffee,Grocery Retailers,Off-trade Volume,2022,82.4
North America,RTD Coffee,Convenience Retailers,Off-trade Volume,2022,26.6
North America,RTD Coffee,Convenience Stores,Off-trade Volume,2022,6.1
North America,RTD Coffee,Forecourt Retailers,Off-trade Volume,2022,20.4
North America,RTD Coffee,Supermarkets,Off-trade Volume,2022,20.0
North America,RTD Coffee,Hypermarkets,Off-trade Volume,2022,19.9
North America,RTD Coffee,Discounters,Off-trade Volume,2022,1.3
North America,RTD Coffee,Warehouse Clubs,Off-trade Volume,2022,10.8
North America,RTD Coffee,Food/drink/tobacco specialists,Off-trade Volume,2022,0.0
North America,RTD Coffee,Small Local Grocers,Off-trade Volume,2022,3.8
North America,RTD Coffee,Non-Grocery Retailers,Off-trade Volume,2022,4.9
North America,RTD Coffee,General Merchandise Stores,Off-trade Volume,2022,3.7
North America,RTD Coffee,Apparel and Footwear Specialists,Off-trade Volume,2022,0.0
North America,RTD Coffee,Appliances and Electronics Specialists,Off-trade Volume,2022,0.0
North America,RTD Coffee,Home Products Specialists,Off-trade Volume,2022,0.0
North America,RTD Coffee,Health and Beauty Specialists,Off-trade Volume,2022,1.2
North America,RTD Coffee,Leisure and Personal Goods Specialists,Off-trade Volume,2022,0.0
North America,RTD Coffee,Other Non-Grocery Retailers,Off-trade Volume,2022,0.0
North America,RTD Coffee,Vending,Off-trade Volume,2022,2.7
North America,RTD Coffee,Direct Selling,Off-trade Volume,2022,0.0
North America,RTD Coffee,Retail E-Commerce,Off-trade Volume,2022,10.0
USA,Coffee,Retail Channels,Retail Volume,2022,100.0
USA,Coffee,Retail Offline,Retail Volume,2022,78.6
USA,Coffee,Grocery Retailers,Retail Volume,2022,76.7
USA,Coffee,Convenience Retailers,Retail Volume,2022,1.3
USA,Coffee,Convenience Stores,Retail Volume,2022,0.2
USA,Coffee,Forecourt Retailers,Retail Volume,2022,1.1
USA,Coffee,Supermarkets,Retail Volume,2022,25.0
USA,Coffee,Hypermarkets,Retail Volume,2022,21.0
USA,Coffee,Discounters,Retail Volume,2022,2.0
USA,Coffee,Warehouse Clubs,Retail Volume,2022,3.7
USA,Coffee,Food/drink/tobacco specialists,Retail Volume,2022,5.0
USA,Coffee,Small Local Grocers,Retail Volume,2022,18.5
USA,Coffee,Non-Grocery Retailers,Retail Volume,2022,1.7
USA,Coffee,General Merchandise Stores,Retail Volume,2022,1.2
USA,Coffee,Apparel and Footwear Specialists,Retail Volume,2022,0.0
USA,Coffee,Appliances and Electronics Specialists,Retail Volume,2022,0.0
USA,Coffee,Home Products Specialists,Retail Volume,2022,0.0
USA,Coffee,Health and Beauty Specialists,Retail Volume,2022,0.5
USA,Coffee,Leisure and Personal Goods Specialists,Retail Volume,2022,0.0
USA,Coffee,Other Non-Grocery Retailers,Retail Volume,2022,0.0
USA,Coffee,Vending,Retail Volume,2022,0.0
USA,Coffee,Direct Selling,Retail Volume,2022,0.2
USA,Coffee,Retail E-Commerce,Retail Volume,2022,21.4
USA,RTD Coffee,Retail Channels,Off-trade Volume,2022,100.0
USA,RTD Coffee,Retail Offline,Off-trade Volume,2022,89.9
USA,RTD Coffee,Grocery Retailers,Off-trade Volume,2022,82.4
USA,RTD Coffee,Convenience Retailers,Off-trade Volume,2022,26.8
USA,RTD Coffee,Convenience Stores,Off-trade Volume,2022,6.2
USA,RTD Coffee,Forecourt Retailers,Off-trade Volume,2022,20.6
USA,RTD Coffee,Supermarkets,Off-trade Volume,2022,19.8
USA,RTD Coffee,Hypermarkets,Off-trade Volume,2022,20.0
USA,RTD Coffee,Discounters,Off-trade Volume,2022,1.3
USA,RTD Coffee,Warehouse Clubs,Off-trade Volume,2022,10.8
USA,RTD Coffee,Food/drink/tobacco specialists,Off-trade Volume,2022,0.0
USA,RTD Coffee,Small Local Grocers,Off-trade Volume,2022,3.8
USA,RTD Coffee,Non-Grocery Retailers,Off-trade Volume,2022,4.8
USA,RTD Coffee,General Merchandise Stores,Off-trade Volume,2022,3.7
USA,RTD Coffee,Apparel and Footwear Specialists,Off-trade Volume,2022,0.0
USA,RTD Coffee,Appliances and Electronics Specialists,Off-trade Volume,2022,0.0
USA,RTD Coffee,Home Products Specialists,Off-trade Volume,2022,0.0
USA,RTD Coffee,Health and Beauty Specialists,Off-trade Volume,2022,1.1
USA,RTD Coffee,Leisure and Personal Goods Specialists,Off-trade Volume,2022,0.0
USA,RTD Coffee,Other Non-Grocery Retailers,Off-trade Volume,2022,0.0
USA,RTD Coffee,Vending,Off-trade Volume,2022,2.7
USA,RTD Coffee,Direct Selling,Off-trade Volume,2022,0.0
USA,RTD Coffee,Retail E-Commerce,Off-trade Volume,2022,10.1
Western Europe,Coffee,Retail Channels,Retail Volume,2022,100.0
Western Europe,Coffee,Retail Offline,Retail Volume,2022,94.5
Western Europe,Coffee,Grocery Retailers,Retail Volume,2022,91.9
Western Europe,Coffee,Convenience Retailers,Retail Volume,2022,3.4
Western Europe,Coffee,Convenience Stores,Retail Volume,2022,3.0
Western Europe,Coffee,Forecourt Retailers,Retail Volume,2022,0.4
Western Europe,Coffee,Supermarkets,Retail Volume,2022,37.8
Western Europe,Coffee,Hypermarkets,Retail Volume,2022,19.5
Western Europe,Coffee,Discounters,Retail Volume,2022,24.2
Western Europe,Coffee,Warehouse Clubs,Retail Volume,2022,0.0
Western Europe,Coffee,Food/drink/tobacco specialists,Retail Volume,2022,4.0
Western Europe,Coffee,Small Local Grocers,Retail Volume,2022,3.0
Western Europe,Coffee,Non-Grocery Retailers,Retail Volume,2022,1.7
Western Europe,Coffee,General Merchandise Stores,Retail Volume,2022,0.7
Western Europe,Coffee,Apparel and Footwear Specialists,Retail Volume,2022,0.0
Western Europe,Coffee,Appliances and Electronics Specialists,Retail Volume,2022,0.0
Western Europe,Coffee,Home Products Specialists,Retail Volume,2022,0.0
Western Europe,Coffee,Health and Beauty Specialists,Retail Volume,2022,1.1
Western Europe,Coffee,Leisure and Personal Goods Specialists,Retail Volume,2022,0.0
Western Europe,Coffee,Other Non-Grocery Retailers,Retail Volume,2022,0.0
Western Europe,Coffee,Vending,Retail Volume,2022,0.8
Western Europe,Coffee,Direct Selling,Retail Volume,2022,0.0
Western Europe,Coffee,Retail E-Commerce,Retail Volume,2022,5.5
Western Europe,RTD Coffee,Retail Channels,Off-trade Volume,2022,100.0
Western Europe,RTD Coffee,Retail Offline,Off-trade Volume,2022,96.9
Western Europe,RTD Coffee,Grocery Retailers,Off-trade Volume,2022,94.9
Western Europe,RTD Coffee,Convenience Retailers,Off-trade Volume,2022,13.5
Western Europe,RTD Coffee,Convenience Stores,Off-trade Volume,2022,6.4
Western Europe,RTD Coffee,Forecourt Retailers,Off-trade Volume,2022,7.1
Western Europe,RTD Coffee,Supermarkets,Off-trade Volume,2022,43.6
Western Europe,RTD Coffee,Hypermarkets,Off-trade Volume,2022,16.1
Western Europe,RTD Coffee,Discounters,Off-trade Volume,2022,15.6
Western Europe,RTD Coffee,Warehouse Clubs,Off-trade Volume,2022,0.0
Western Europe,RTD Coffee,Food/drink/tobacco specialists,Off-trade Volume,2022,0.2
Western Europe,RTD Coffee,Small Local Grocers,Off-trade Volume,2022,5.9
Western Europe,RTD Coffee,Non-Grocery Retailers,Off-trade Volume,2022,1.5
Western Europe,RTD Coffee,General Merchandise Stores,Off-trade Volume,2022,0.0
Western Europe,RTD Coffee,Apparel and Footwear Specialists,Off-trade Volume,2022,0.0
Western Europe,RTD Coffee,Appliances and Electronics Specialists,Off-trade Volume,2022,0.0
Western Europe,RTD Coffee,Home Products Specialists,Off-trade Volume,2022,0.0
Western Europe,RTD Coffee,Health and Beauty Specialists,Off-trade Volume,2022,1.5
Western Europe,RTD Coffee,Leisure and Personal Goods Specialists,Off-trade Volume,2022,0.0
Western Europe,RTD Coffee,Other Non-Grocery Retailers,Off-trade Volume,2022,0.0
Western Europe,RTD Coffee,Vending,Off-trade Volume,2022,0.5
Western Europe,RTD Coffee,Direct Selling,Off-trade Volume,2022,0.0
Western Europe,RTD Coffee,Retail E-Commerce,Off-trade Volume,2022,3.1
France,Coffee,Retail Channels,Retail Volume,2022,100.0
France,Coffee,Retail Offline,Retail Volume,2022,86.7
France,Coffee,Grocery Retailers,Retail Volume,2022,85.7
France,Coffee,Convenience Retailers,Retail Volume,2022,1.2
France,Coffee,Convenience Stores,Retail Volume,2022,1.2
France,Coffee,Forecourt Retailers,Retail Volume,2022,0.0
France,Coffee,Supermarkets,Retail Volume,2022,24.8
France,Coffee,Hypermarkets,Retail Volume,2022,29.5
France,Coffee,Discounters,Retail Volume,2022,12.9
France,Coffee,Warehouse Clubs,Retail Volume,2022,0.0
France,Coffee,Food/drink/tobacco specialists,Retail Volume,2022,16.5
France,Coffee,Small Local Grocers,Retail Volume,2022,0.8
France,Coffee,Non-Grocery Retailers,Retail Volume,2022,0.6
France,Coffee,General Merchandise Stores,Retail Volume,2022,0.0
France,Coffee,Apparel and Footwear Specialists,Retail Volume,2022,0.0
France,Coffee,Appliances and Electronics Specialists,Retail Volume,2022,0.0
France,Coffee,Home Products Specialists,Retail Volume,2022,0.0
France,Coffee,Health and Beauty Specialists,Retail Volume,2022,0.6
France,Coffee,Leisure and Personal Goods Specialists,Retail Volume,2022,0.0
France,Coffee,Other Non-Grocery Retailers,Retail Volume,2022,0.0
France,Coffee,Vending,Retail Volume,2022,0.4
France,Coffee,Direct Selling,Retail Volume,2022,0.0
France,Coffee,Retail E-Commerce,Retail Volume,2022,13.3
France,RTD Coffee,Retail Channels,Off-trade Volume,2022,100.0
France,RTD Coffee,Retail Offline,Off-trade Volume,2022,98.2
France,RTD Coffee,Grocery Retailers,Off-trade Volume,2022,97.8
France,RTD Coffee,Convenience Retailers,Off-trade Volume,2022,36.5
France,RTD Coffee,Convenience Stores,Off-trade Volume,2022,17.2
France,RTD Coffee,Forecourt Retailers,Off-trade Volume,2022,19.2
France,RTD Coffee,Supermarkets,Off-trade Volume,2022,27.7
France,RTD Coffee,Hypermarkets,Off-trade Volume,2022,29.4
France,RTD Coffee,Discounters,Off-trade Volume,2022,2.5
France,RTD Coffee,Warehouse Clubs,Off-trade Volume,2022,0.0
France,RTD Coffee,Food/drink/tobacco specialists,Off-trade Volume,2022,0.0
France,RTD Coffee,Small Local Grocers,Off-trade Volume,2022,1.7
France,RTD Coffee,Non-Grocery Retailers,Off-trade Volume,2022,0.0
France,RTD Coffee,General Merchandise Stores,Off-trade Volume,2022,0.0
France,RTD Coffee,Apparel and Footwear Specialists,Off-trade Volume,2022,0.0
France,RTD Coffee,Appliances and Electronics Specialists,Off-trade Volume,2022,0.0
France,RTD Coffee,Home Products Specialists,Off-trade Volume,2022,0.0
France,RTD Coffee,Health and Beauty Specialists,Off-trade Volume,2022,0.0
France,RTD Coffee,Leisure and Personal Goods Specialists,Off-trade Volume,2022,0.0
France,RTD Coffee,Other Non-Grocery Retailers,Off-trade Volume,2022,0.0
France,RTD Coffee,Vending,Off-trade Volume,2022,0.4
France,RTD Coffee,Direct Selling,Off-trade Volume,2022,0.0
France,RTD Coffee,Retail E-Commerce,Off-trade Volume,2022,1.8
Germany,Coffee,Retail Channels,Retail Volume,2022,100.0
Germany,Coffee,Retail Offline,Retail Volume,2022,97.0
Germany,Coffee,Grocery Retailers,Retail Volume,2022,94.2
Germany,Coffee,Convenience Retailers,Retail Volume,2022,0.6
Germany,Coffee,Convenience Stores,Retail Volume,2022,0.4
Germany,Coffee,Forecourt Retailers,Retail Volume,2022,0.2
Germany,Coffee,Supermarkets,Retail Volume,2022,25.3
Germany,Coffee,Hypermarkets,Retail Volume,2022,18.7
Germany,Coffee,Discounters,Retail Volume,2022,46.5
Germany,Coffee,Warehouse Clubs,Retail Volume,2022,0.0
Germany,Coffee,Food/drink/tobacco specialists,Retail Volume,2022,2.4
Germany,Coffee,Small Local Grocers,Retail Volume,2022,0.8
Germany,Coffee,Non-Grocery Retailers,Retail Volume,2022,2.5
Germany,Coffee,General Merchandise Stores,Retail Volume,2022,1.3
Germany,Coffee,Apparel and Footwear Specialists,Retail Volume,2022,0.0
Germany,Coffee,Appliances and Electronics Specialists,Retail Volume,2022,0.0
Germany,Coffee,Home Products Specialists,Retail Volume,2022,0.0
Germany,Coffee,Health and Beauty Specialists,Retail Volume,2022,1.2
Germany,Coffee,Leisure and Personal Goods Specialists,Retail Volume,2022,0.0
Germany,Coffee,Other Non-Grocery Retailers,Retail Volume,2022,0.0
Germany,Coffee,Vending,Retail Volume,2022,0.3
Germany,Coffee,Direct Selling,Retail Volume,2022,0.0
Germany,Coffee,Retail E-Commerce,Retail Volume,2022,3.0
Germany,RTD Coffee,Retail Channels,Off-trade Volume,2022,100.0
Germany,RTD Coffee,Retail Offline,Off-trade Volume,2022,98.8
Germany,RTD Coffee,Grocery Retailers,Off-trade Volume,2022,94.4
Germany,RTD Coffee,Convenience Retailers,Off-trade Volume,2022,14.0
Germany,RTD Coffee,Convenience Stores,Off-trade Volume,2022,0.1
Germany,RTD Coffee,Forecourt Retailers,Off-trade Volume,2022,13.9
Germany,RTD Coffee,Supermarkets,Off-trade Volume,2022,30.1
Germany,RTD Coffee,Hypermarkets,Off-trade Volume,2022,17.4
Germany,RTD Coffee,Discounters,Off-trade Volume,2022,25.8
Germany,RTD Coffee,Warehouse Clubs,Off-trade Volume,2022,0.0
Germany,RTD Coffee,Food/drink/tobacco specialists,Off-trade Volume,2022,0.1
Germany,RTD Coffee,Small Local Grocers,Off-trade Volume,2022,7.0
Germany,RTD Coffee,Non-Grocery Retailers,Off-trade Volume,2022,4.0
Germany,RTD Coffee,General Merchandise Stores,Off-trade Volume,2022,0.0
Germany,RTD Coffee,Apparel and Footwear Specialists,Off-trade Volume,2022,0.0
Germany,RTD Coffee,Appliances and Electronics Specialists,Off-trade Volume,2022,0.0
Germany,RTD Coffee,Home Products Specialists,Off-trade Volume,2022,0.0
Germany,RTD Coffee,Health and Beauty Specialists,Off-trade Volume,2022,4.0
Germany,RTD Coffee,Leisure and Personal Goods Specialists,Off-trade Volume,2022,0.0
Germany,RTD Coffee,Other Non-Grocery Retailers,Off-trade Volume,2022,0.0
Germany,RTD Coffee,Vending,Off-trade Volume,2022,0.3
Germany,RTD Coffee,Direct Selling,Off-trade Volume,2022,0.0
Germany,RTD Coffee,Retail E-Commerce,Off-trade Volume,2022,1.2
United Kingdom,Coffee,Retail Channels,Retail Volume,2022,100.0
United Kingdom,Coffee,Retail Offline,Retail Volume,2022,87.9
United Kingdom,Coffee,Grocery Retailers,Retail Volume,2022,85.0
United Kingdom,Coffee,Convenience Retailers,Retail Volume,2022,5.2
United Kingdom,Coffee,Convenience Stores,Retail Volume,2022,4.9
United Kingdom,Coffee,Forecourt Retailers,Retail Volume,2022,0.2
United Kingdom,Coffee,Supermarkets,Retail Volume,2022,36.1
United Kingdom,Coffee,Hypermarkets,Retail Volume,2022,32.9
United Kingdom,Coffee,Discounters,Retail Volume,2022,8.6
United Kingdom,Coffee,Warehouse Clubs,Retail Volume,2022,0.1
United Kingdom,Coffee,Food/drink/tobacco specialists,Retail Volume,2022,1.3
United Kingdom,Coffee,Small Local Grocers,Retail Volume,2022,0.9
United Kingdom,Coffee,Non-Grocery Retailers,Retail Volume,2022,2.2
United Kingdom,Coffee,General Merchandise Stores,Retail Volume,2022,2.2
United Kingdom,Coffee,Apparel and Footwear Specialists,Retail Volume,2022,0.0
United Kingdom,Coffee,Appliances and Electronics Specialists,Retail Volume,2022,0.0
United Kingdom,Coffee,Home Products Specialists,Retail Volume,2022,0.0
United Kingdom,Coffee,Health and Beauty Specialists,Retail Volume,2022,0.0
United Kingdom,Coffee,Leisure and Personal Goods Specialists,Retail Volume,2022,0.0
United Kingdom,Coffee,Other Non-Grocery Retailers,Retail Volume,2022,0.0
United Kingdom,Coffee,Vending,Retail Volume,2022,0.7
United Kingdom,Coffee,Direct Selling,Retail Volume,2022,0.0
United Kingdom,Coffee,Retail E-Commerce,Retail Volume,2022,12.1
United Kingdom,RTD Coffee,Retail Channels,Off-trade Volume,2022,100.0
United Kingdom,RTD Coffee,Retail Offline,Off-trade Volume,2022,90.9
United Kingdom,RTD Coffee,Grocery Retailers,Off-trade Volume,2022,90.1
United Kingdom,RTD Coffee,Convenience Retailers,Off-trade Volume,2022,12.5
United Kingdom,RTD Coffee,Convenience Stores,Off-trade Volume,2022,9.5
United Kingdom,RTD Coffee,Forecourt Retailers,Off-trade Volume,2022,3.0
United Kingdom,RTD Coffee,Supermarkets,Off-trade Volume,2022,33.2
United Kingdom,RTD Coffee,Hypermarkets,Off-trade Volume,2022,29.7
United Kingdom,RTD Coffee,Discounters,Off-trade Volume,2022,0.0
United Kingdom,RTD Coffee,Warehouse Clubs,Off-trade Volume,2022,0.0
United Kingdom,RTD Coffee,Food/drink/tobacco specialists,Off-trade Volume,2022,0.0
United Kingdom,RTD Coffee,Small Local Grocers,Off-trade Volume,2022,14.8
United Kingdom,RTD Coffee,Non-Grocery Retailers,Off-trade Volume,2022,0.8
United Kingdom,RTD Coffee,General Merchandise Stores,Off-trade Volume,2022,0.0
United Kingdom,RTD Coffee,Apparel and Footwear Specialists,Off-trade Volume,2022,0.0
United Kingdom,RTD Coffee,Appliances and Electronics Specialists,Off-trade Volume,2022,0.0
United Kingdom,RTD Coffee,Home Products Specialists,Off-trade Volume,2022,0.0
United Kingdom,RTD Coffee,Health and Beauty Specialists,Off-trade Volume,2022,0.8
United Kingdom,RTD Coffee,Leisure and Personal Goods Specialists,Off-trade Volume,2022,0.0
United Kingdom,RTD Coffee,Other Non-Grocery Retailers,Off-trade Volume,2022,0.0
United Kingdom,RTD Coffee,Vending,Off-trade Volume,2022,0.0
United Kingdom,RTD Coffee,Direct Selling,Off-trade Volume,2022,0.0
United Kingdom,RTD Coffee,Retail E-Commerce,Off-trade Volume,2022,9.1
World,Coffee,Retail Channels,Retail Volume,2023,100.0
World,Coffee,Retail Offline,Retail Volume,2023,92.9
World,Coffee,Grocery Retailers,Retail Volume,2023,90.7
World,Coffee,Convenience Retailers,Retail Volume,2023,5.2
World,Coffee,Convenience Stores,Retail Volume,2023,4.4
World,Coffee,Forecourt Retailers,Retail Volume,2023,0.8
World,Coffee,Supermarkets,Retail Volume,2023,28.3
World,Coffee,Hypermarkets,Retail Volume,2023,17.0
World,Coffee,Discounters,Retail Volume,2023,8.3
World,Coffee,Warehouse Clubs,Retail Volume,2023,1.5
World,Coffee,Food/drink/tobacco specialists,Retail Volume,2023,2.6
World,Coffee,Small Local Grocers,Retail Volume,2023,27.8
World,Coffee,Non-Grocery Retailers,Retail Volume,2023,1.6
World,Coffee,General Merchandise Stores,Retail Volume,2023,0.9
World,Coffee,Apparel and Footwear Specialists,Retail Volume,2023,0.0
World,Coffee,Appliances and Electronics Specialists,Retail Volume,2023,0.0
World,Coffee,Home Products Specialists,Retail Volume,2023,0.0
World,Coffee,Health and Beauty Specialists,Retail Volume,2023,0.6
World,Coffee,Leisure and Personal Goods Specialists,Retail Volume,2023,0.0
World,Coffee,Other Non-Grocery Retailers,Retail Volume,2023,0.1
World,Coffee,Vending,Retail Volume,2023,0.5
World,Coffee,Direct Selling,Retail Volume,2023,0.1
World,Coffee,Retail E-Commerce,Retail Volume,2023,7.1
World,RTD Coffee,Retail Channels,Off-trade Volume,2023,100.0
World,RTD Coffee,Retail Offline,Off-trade Volume,2023,94.9
World,RTD Coffee,Grocery Retailers,Off-trade Volume,2023,70.8
World,RTD Coffee,Convenience Retailers,Off-trade Volume,2023,26.1
World,RTD Coffee,Convenience Stores,Off-trade Volume,2023,21.5
World,RTD Coffee,Forecourt Retailers,Off-trade Volume,2023,4.6
World,RTD Coffee,Supermarkets,Off-trade Volume,2023,21.8
World,RTD Coffee,Hypermarkets,Off-trade Volume,2023,9.4
World,RTD Coffee,Discounters,Off-trade Volume,2023,1.3
World,RTD Coffee,Warehouse Clubs,Off-trade Volume,2023,2.6
World,RTD Coffee,Food/drink/tobacco specialists,Off-trade Volume,2023,0.0
World,RTD Coffee,Small Local Grocers,Off-trade Volume,2023,9.5
World,RTD Coffee,Non-Grocery Retailers,Off-trade Volume,2023,10.9
World,RTD Coffee,General Merchandise Stores,Off-trade Volume,2023,4.9
World,RTD Coffee,Apparel and Footwear Specialists,Off-trade Volume,2023,0.0
World,RTD Coffee,Appliances and Electronics Specialists,Off-trade Volume,2023,0.0
World,RTD Coffee,Home Products Specialists,Off-trade Volume,2023,0.0
World,RTD Coffee,Health and Beauty Specialists,Off-trade Volume,2023,6.0
World,RTD Coffee,Leisure and Personal Goods Specialists,Off-trade Volume,2023,0.0
World,RTD Coffee,Other Non-Grocery Retailers,Off-trade Volume,2023,0.0
World,RTD Coffee,Vending,Off-trade Volume,2023,13.3
World,RTD Coffee,Direct Selling,Off-trade Volume,2023,0.0
World,RTD Coffee,Retail E-Commerce,Off-trade Volume,2023,5.1
Asia Pacific,Coffee,Retail Channels,Retail Volume,2023,100.0
Asia Pacific,Coffee,Retail Offline,Retail Volume,2023,92.6
Asia Pacific,Coffee,Grocery Retailers,Retail Volume,2023,90.5
Asia Pacific,Coffee,Convenience Retailers,Retail Volume,2023,8.6
Asia Pacific,Coffee,Convenience Stores,Retail Volume,2023,7.7
Asia Pacific,Coffee,Forecourt Retailers,Retail Volume,2023,0.9
Asia Pacific,Coffee,Supermarkets,Retail Volume,2023,16.2
Asia Pacific,Coffee,Hypermarkets,Retail Volume,2023,12.4
Asia Pacific,Coffee,Discounters,Retail Volume,2023,0.1
Asia Pacific,Coffee,Warehouse Clubs,Retail Volume,2023,0.3
Asia Pacific,Coffee,Food/drink/tobacco specialists,Retail Volume,2023,0.7
Asia Pacific,Coffee,Small Local Grocers,Retail Volume,2023,52.3
Asia Pacific,Coffee,Non-Grocery Retailers,Retail Volume,2023,1.9
Asia Pacific,Coffee,General Merchandise Stores,Retail Volume,2023,1.2
Asia Pacific,Coffee,Apparel and Footwear Specialists,Retail Volume,2023,0.0
Asia Pacific,Coffee,Appliances and Electronics Specialists,Retail Volume,2023,0.0
Asia Pacific,Coffee,Home Products Specialists,Retail Volume,2023,0.0
Asia Pacific,Coffee,Health and Beauty Specialists,Retail Volume,2023,0.7
Asia Pacific,Coffee,Leisure and Personal Goods Specialists,Retail Volume,2023,0.0
Asia Pacific,Coffee,Other Non-Grocery Retailers,Retail Volume,2023,0.0
Asia Pacific,Coffee,Vending,Retail Volume,2023,0.1
Asia Pacific,Coffee,Direct Selling,Retail Volume,2023,0.1
Asia Pacific,Coffee,Retail E-Commerce,Retail Volume,2023,7.4
Asia Pacific,RTD Coffee,Retail Channels,Off-trade Volume,2023,100.0
Asia Pacific,RTD Coffee,Retail Offline,Off-trade Volume,2023,96.3
Asia Pacific,RTD Coffee,Grocery Retailers,Off-trade Volume,2023,66.2
Asia Pacific,RTD Coffee,Convenience Retailers,Off-trade Volume,2023,27.0
Asia Pacific,RTD Coffee,Convenience Stores,Off-trade Volume,2023,26.2
Asia Pacific,RTD Coffee,Forecourt Retailers,Off-trade Volume,2023,0.9
Asia Pacific,RTD Coffee,Supermarkets,Off-trade Volume,2023,20.4
Asia Pacific,RTD Coffee,Hypermarkets,Off-trade Volume,2023,6.7
Asia Pacific,RTD Coffee,Discounters,Off-trade Volume,2023,0.0
Asia Pacific,RTD Coffee,Warehouse Clubs,Off-trade Volume,2023,1.2
Asia Pacific,RTD Coffee,Food/drink/tobacco specialists,Off-trade Volume,2023,0.0
Asia Pacific,RTD Coffee,Small Local Grocers,Off-trade Volume,2023,10.7
Asia Pacific,RTD Coffee,Non-Grocery Retailers,Off-trade Volume,2023,13.2
Asia Pacific,RTD Coffee,General Merchandise Stores,Off-trade Volume,2023,5.7
Asia Pacific,RTD Coffee,Apparel and Footwear Specialists,Off-trade Volume,2023,0.0
Asia Pacific,RTD Coffee,Appliances and Electronics Specialists,Off-trade Volume,2023,0.0
Asia Pacific,RTD Coffee,Home Products Specialists,Off-trade Volume,2023,0.0
Asia Pacific,RTD Coffee,Health and Beauty Specialists,Off-trade Volume,2023,7.5
Asia Pacific,RTD Coffee,Leisure and Personal Goods Specialists,Off-trade Volume,2023,0.0
Asia Pacific,RTD Coffee,Other Non-Grocery Retailers,Off-trade Volume,2023,0.0
Asia Pacific,RTD Coffee,Vending,Off-trade Volume,2023,16.9
Asia Pacific,RTD Coffee,Direct Selling,Off-trade Volume,2023,0.0
Asia Pacific,RTD Coffee,Retail E-Commerce,Off-trade Volume,2023,3.7
China,Coffee,Retail Channels,Retail Volume,2023,100.0
China,Coffee,Retail Offline,Retail Volume,2023,57.3
China,Coffee,Grocery Retailers,Retail Volume,2023,57.3
China,Coffee,Convenience Retailers,Retail Volume,2023,5.3
China,Coffee,Convenience Stores,Retail Volume,2023,5.3
China,Coffee,Forecourt Retailers,Retail Volume,2023,0.0
China,Coffee,Supermarkets,Retail Volume,2023,22.0
China,Coffee,Hypermarkets,Retail Volume,2023,27.0
China,Coffee,Discounters,Retail Volume,2023,0.0
China,Coffee,Warehouse Clubs,Retail Volume,2023,0.0
China,Coffee,Food/drink/tobacco specialists,Retail Volume,2023,0.0
China,Coffee,Small Local Grocers,Retail Volume,2023,3.0
China,Coffee,Non-Grocery Retailers,Retail Volume,2023,0.0
China,Coffee,General Merchandise Stores,Retail Volume,2023,0.0
China,Coffee,Apparel and Footwear Specialists,Retail Volume,2023,0.0
China,Coffee,Appliances and Electronics Specialists,Retail Volume,2023,0.0
China,Coffee,Home Products Specialists,Retail Volume,2023,0.0
China,Coffee,Health and Beauty Specialists,Retail Volume,2023,0.0
China,Coffee,Leisure and Personal Goods Specialists,Retail Volume,2023,0.0
China,Coffee,Other Non-Grocery Retailers,Retail Volume,2023,0.0
China,Coffee,Vending,Retail Volume,2023,0.0
China,Coffee,Direct Selling,Retail Volume,2023,0.0
China,Coffee,Retail E-Commerce,Retail Volume,2023,42.7
China,RTD Coffee,Retail Channels,Off-trade Volume,2023,100.0
China,RTD Coffee,Retail Offline,Off-trade Volume,2023,94.5
China,RTD Coffee,Grocery Retailers,Off-trade Volume,2023,91.9
China,RTD Coffee,Convenience Retailers,Off-trade Volume,2023,19.9
China,RTD Coffee,Convenience Stores,Off-trade Volume,2023,15.7
China,RTD Coffee,Forecourt Retailers,Off-trade Volume,2023,4.2
China,RTD Coffee,Supermarkets,Off-trade Volume,2023,20.8
China,RTD Coffee,Hypermarkets,Off-trade Volume,2023,8.2
China,RTD Coffee,Discounters,Off-trade Volume,2023,0.5
China,RTD Coffee,Warehouse Clubs,Off-trade Volume,2023,0.0
China,RTD Coffee,Food/drink/tobacco specialists,Off-trade Volume,2023,0.0
China,RTD Coffee,Small Local Grocers,Off-trade Volume,2023,42.5
China,RTD Coffee,Non-Grocery Retailers,Off-trade Volume,2023,0.0
China,RTD Coffee,General Merchandise Stores,Off-trade Volume,2023,0.0
China,RTD Coffee,Apparel and Footwear Specialists,Off-trade Volume,2023,0.0
China,RTD Coffee,Appliances and Electronics Specialists,Off-trade Volume,2023,0.0
China,RTD Coffee,Home Products Specialists,Off-trade Volume,2023,0.0
China,RTD Coffee,Health and Beauty Specialists,Off-trade Volume,2023,0.0
China,RTD Coffee,Leisure and Personal Goods Specialists,Off-trade Volume,2023,0.0
China,RTD Coffee,Other Non-Grocery Retailers,Off-trade Volume,2023,0.0
China,RTD Coffee,Vending,Off-trade Volume,2023,2.5
China,RTD Coffee,Direct Selling,Off-trade Volume,2023,0.0
China,RTD Coffee,Retail E-Commerce,Off-trade Volume,2023,5.5
India,Coffee,Retail Channels,Retail Volume,2023,100.0
India,Coffee,Retail Offline,Retail Volume,2023,95.5
India,Coffee,Grocery Retailers,Retail Volume,2023,95.5
India,Coffee,Convenience Retailers,Retail Volume,2023,1.6
India,Coffee,Convenience Stores,Retail Volume,2023,1.5
India,Coffee,Forecourt Retailers,Retail Volume,2023,0.1
India,Coffee,Supermarkets,Retail Volume,2023,9.1
India,Coffee,Hypermarkets,Retail Volume,2023,7.1
India,Coffee,Discounters,Retail Volume,2023,0.0
India,Coffee,Warehouse Clubs,Retail Volume,2023,0.0
India,Coffee,Food/drink/tobacco specialists,Retail Volume,2023,0.0
India,Coffee,Small Local Grocers,Retail Volume,2023,77.7
India,Coffee,Non-Grocery Retailers,Retail Volume,2023,0.0
India,Coffee,General Merchandise Stores,Retail Volume,2023,0.0
India,Coffee,Apparel and Footwear Specialists,Retail Volume,2023,0.0
India,Coffee,Appliances and Electronics Specialists,Retail Volume,2023,0.0
India,Coffee,Home Products Specialists,Retail Volume,2023,0.0
India,Coffee,Health and Beauty Specialists,Retail Volume,2023,0.0
India,Coffee,Leisure and Personal Goods Specialists,Retail Volume,2023,0.0
India,Coffee,Other Non-Grocery Retailers,Retail Volume,2023,0.0
India,Coffee,Vending,Retail Volume,2023,0.0
India,Coffee,Direct Selling,Retail Volume,2023,0.0
India,Coffee,Retail E-Commerce,Retail Volume,2023,4.5
India,RTD Coffee,Retail Channels,Off-trade Volume,2023,0.0
India,RTD Coffee,Retail Offline,Off-trade Volume,2023,0.0
India,RTD Coffee,Grocery Retailers,Off-trade Volume,2023,0.0
India,RTD Coffee,Convenience Retailers,Off-trade Volume,2023,0.0
India,RTD Coffee,Convenience Stores,Off-trade Volume,2023,0.0
India,RTD Coffee,Forecourt Retailers,Off-trade Volume,2023,0.0
India,RTD Coffee,Supermarkets,Off-trade Volume,2023,0.0
India,RTD Coffee,Hypermarkets,Off-trade Volume,2023,0.0
India,RTD Coffee,Discounters,Off-trade Volume,2023,0.0
India,RTD Coffee,Warehouse Clubs,Off-trade Volume,2023,0.0
India,RTD Coffee,Food/drink/tobacco specialists,Off-trade Volume,2023,0.0
India,RTD Coffee,Small Local Grocers,Off-trade Volume,2023,0.0
India,RTD Coffee,Non-Grocery Retailers,Off-trade Volume,2023,0.0
India,RTD Coffee,General Merchandise Stores,Off-trade Volume,2023,0.0
India,RTD Coffee,Apparel and Footwear Specialists,Off-trade Volume,2023,0.0
India,RTD Coffee,Appliances and Electronics Specialists,Off-trade Volume,2023,0.0
India,RTD Coffee,Home Products Specialists,Off-trade Volume,2023,0.0
India,RTD Coffee,Health and Beauty Specialists,Off-trade Volume,2023,0.0
India,RTD Coffee,Leisure and Personal Goods Specialists,Off-trade Volume,2023,0.0
India,RTD Coffee,Other Non-Grocery Retailers,Off-trade Volume,2023,0.0
India,RTD Coffee,Vending,Off-trade Volume,2023,0.0
India,RTD Coffee,Direct Selling,Off-trade Volume,2023,0.0
India,RTD Coffee,Retail E-Commerce,Off-trade Volume,2023,0.0
Japan,Coffee,Retail Channels,Retail Volume,2023,100.0
Japan,Coffee,Retail Offline,Retail Volume,2023,88.2
Japan,Coffee,Grocery Retailers,Retail Volume,2023,67.6
Japan,Coffee,Convenience Retailers,Retail Volume,2023,3.0
Japan,Coffee,Convenience Stores,Retail Volume,2023,3.0
Japan,Coffee,Forecourt Retailers,Retail Volume,2023,0.0
Japan,Coffee,Supermarkets,Retail Volume,2023,46.1
Japan,Coffee,Hypermarkets,Retail Volume,2023,10.4
Japan,Coffee,Discounters,Retail Volume,2023,0.0
Japan,Coffee,Warehouse Clubs,Retail Volume,2023,2.8
Japan,Coffee,Food/drink/tobacco specialists,Retail Volume,2023,0.0
Japan,Coffee,Small Local Grocers,Retail Volume,2023,5.4
Japan,Coffee,Non-Grocery Retailers,Retail Volume,2023,19.9
Japan,Coffee,General Merchandise Stores,Retail Volume,2023,13.2
Japan,Coffee,Apparel and Footwear Specialists,Retail Volume,2023,0.0
Japan,Coffee,Appliances and Electronics Specialists,Retail Volume,2023,0.0
Japan,Coffee,Home Products Specialists,Retail Volume,2023,0.0
Japan,Coffee,Health and Beauty Specialists,Retail Volume,2023,6.6
Japan,Coffee,Leisure and Personal Goods Specialists,Retail Volume,2023,0.0
Japan,Coffee,Other Non-Grocery Retailers,Retail Volume,2023,0.0
Japan,Coffee,Vending,Retail Volume,2023,0.8
Japan,Coffee,Direct Selling,Retail Volume,2023,0.0
Japan,Coffee,Retail E-Commerce,Retail Volume,2023,11.8
Japan,RTD Coffee,Retail Channels,Off-trade Volume,2023,100.0
Japan,RTD Coffee,Retail Offline,Off-trade Volume,2023,99.2
Japan,RTD Coffee,Grocery Retailers,Off-trade Volume,2023,57.0
Japan,RTD Coffee,Convenience Retailers,Off-trade Volume,2023,20.9
Japan,RTD Coffee,Convenience Stores,Off-trade Volume,2023,20.9
Japan,RTD Coffee,Forecourt Retailers,Off-trade Volume,2023,0.0
Japan,RTD Coffee,Supermarkets,Off-trade Volume,2023,24.1
Japan,RTD Coffee,Hypermarkets,Off-trade Volume,2023,6.2
Japan,RTD Coffee,Discounters,Off-trade Volume,2023,0.0
Japan,RTD Coffee,Warehouse Clubs,Off-trade Volume,2023,1.6
Japan,RTD Coffee,Food/drink/tobacco specialists,Off-trade Volume,2023,0.0
Japan,RTD Coffee,Small Local Grocers,Off-trade Volume,2023,4.2
Japan,RTD Coffee,Non-Grocery Retailers,Off-trade Volume,2023,18.3
Japan,RTD Coffee,General Merchandise Stores,Off-trade Volume,2023,7.7
Japan,RTD Coffee,Apparel and Footwear Specialists,Off-trade Volume,2023,0.0
Japan,RTD Coffee,Appliances and Electronics Specialists,Off-trade Volume,2023,0.0
Japan,RTD Coffee,Home Products Specialists,Off-trade Volume,2023,0.0
Japan,RTD Coffee,Health and Beauty Specialists,Off-trade Volume,2023,10.6
Japan,RTD Coffee,Leisure and Personal Goods Specialists,Off-trade Volume,2023,0.0
Japan,RTD Coffee,Other Non-Grocery Retailers,Off-trade Volume,2023,0.0
Japan,RTD Coffee,Vending,Off-trade Volume,2023,23.8
Japan,RTD Coffee,Direct Selling,Off-trade Volume,2023,0.0
Japan,RTD Coffee,Retail E-Commerce,Off-trade Volume,2023,0.8
Thailand,Coffee,Retail Channels,Retail Volume,2023,100.0
Thailand,Coffee,Retail Offline,Retail Volume,2023,97.3
Thailand,Coffee,Grocery Retailers,Retail Volume,2023,97.3
Thailand,Coffee,Convenience Retailers,Retail Volume,2023,29.5
Thailand,Coffee,Convenience Stores,Retail Volume,2023,16.7
Thailand,Coffee,Forecourt Retailers,Retail Volume,2023,12.8
Thailand,Coffee,Supermarkets,Retail Volume,2023,7.0
Thailand,Coffee,Hypermarkets,Retail Volume,2023,24.7
Thailand,Coffee,Discounters,Retail Volume,2023,0.0
Thailand,Coffee,Warehouse Clubs,Retail Volume,2023,0.0
Thailand,Coffee,Food/drink/tobacco specialists,Retail Volume,2023,0.0
Thailand,Coffee,Small Local Grocers,Retail Volume,2023,36.2
Thailand,Coffee,Non-Grocery Retailers,Retail Volume,2023,0.0
Thailand,Coffee,General Merchandise Stores,Retail Volume,2023,0.0
Thailand,Coffee,Apparel and Footwear Specialists,Retail Volume,2023,0.0
Thailand,Coffee,Appliances and Electronics Specialists,Retail Volume,2023,0.0
Thailand,Coffee,Home Products Specialists,Retail Volume,2023,0.0
Thailand,Coffee,Health and Beauty Specialists,Retail Volume,2023,0.0
Thailand,Coffee,Leisure and Personal Goods Specialists,Retail Volume,2023,0.0
Thailand,Coffee,Other Non-Grocery Retailers,Retail Volume,2023,0.0
Thailand,Coffee,Vending,Retail Volume,2023,0.0
Thailand,Coffee,Direct Selling,Retail Volume,2023,0.0
Thailand,Coffee,Retail E-Commerce,Retail Volume,2023,2.7
Thailand,RTD Coffee,Retail Channels,Off-trade Volume,2023,100.0
Thailand,RTD Coffee,Retail Offline,Off-trade Volume,2023,97.9
Thailand,RTD Coffee,Grocery Retailers,Off-trade Volume,2023,91.8
Thailand,RTD Coffee,Convenience Retailers,Off-trade Volume,2023,29.4
Thailand,RTD Coffee,Convenience Stores,Off-trade Volume,2023,18.2
Thailand,RTD Coffee,Forecourt Retailers,Off-trade Volume,2023,11.2
Thailand,RTD Coffee,Supermarkets,Off-trade Volume,2023,5.0
Thailand,RTD Coffee,Hypermarkets,Off-trade Volume,2023,22.0
Thailand,RTD Coffee,Discounters,Off-trade Volume,2023,0.0
Thailand,RTD Coffee,Warehouse Clubs,Off-trade Volume,2023,0.0
Thailand,RTD Coffee,Food/drink/tobacco specialists,Off-trade Volume,2023,0.0
Thailand,RTD Coffee,Small Local Grocers,Off-trade Volume,2023,35.4
Thailand,RTD Coffee,Non-Grocery Retailers,Off-trade Volume,2023,0.0
Thailand,RTD Coffee,General Merchandise Stores,Off-trade Volume,2023,0.0
Thailand,RTD Coffee,Apparel and Footwear Specialists,Off-trade Volume,2023,0.0
Thailand,RTD Coffee,Appliances and Electronics Specialists,Off-trade Volume,2023,0.0
Thailand,RTD Coffee,Home Products Specialists,Off-trade Volume,2023,0.0
Thailand,RTD Coffee,Health and Beauty Specialists,Off-trade Volume,2023,0.0
Thailand,RTD Coffee,Leisure and Personal Goods Specialists,Off-trade Volume,2023,0.0
Thailand,RTD Coffee,Other Non-Grocery Retailers,Off-trade Volume,2023,0.0
Thailand,RTD Coffee,Vending,Off-trade Volume,2023,6.1
Thailand,RTD Coffee,Direct Selling,Off-trade Volume,2023,0.0
Thailand,RTD Coffee,Retail E-Commerce,Off-trade Volume,2023,2.1
Australasia,Coffee,Retail Channels,Retail Volume,2023,100.0
Australasia,Coffee,Retail Offline,Retail Volume,2023,86.9
Australasia,Coffee,Grocery Retailers,Retail Volume,2023,86.5
Australasia,Coffee,Convenience Retailers,Retail Volume,2023,5.1
Australasia,Coffee,Convenience Stores,Retail Volume,2023,2.8
Australasia,Coffee,Forecourt Retailers,Retail Volume,2023,2.3
Australasia,Coffee,Supermarkets,Retail Volume,2023,65.5
Australasia,Coffee,Hypermarkets,Retail Volume,2023,0.0
Australasia,Coffee,Discounters,Retail Volume,2023,12.4
Australasia,Coffee,Warehouse Clubs,Retail Volume,2023,0.2
Australasia,Coffee,Food/drink/tobacco specialists,Retail Volume,2023,0.0
Australasia,Coffee,Small Local Grocers,Retail Volume,2023,3.3
Australasia,Coffee,Non-Grocery Retailers,Retail Volume,2023,0.1
Australasia,Coffee,General Merchandise Stores,Retail Volume,2023,0.0
Australasia,Coffee,Apparel and Footwear Specialists,Retail Volume,2023,0.0
Australasia,Coffee,Appliances and Electronics Specialists,Retail Volume,2023,0.0
Australasia,Coffee,Home Products Specialists,Retail Volume,2023,0.0
Australasia,Coffee,Health and Beauty Specialists,Retail Volume,2023,0.1
Australasia,Coffee,Leisure and Personal Goods Specialists,Retail Volume,2023,0.0
Australasia,Coffee,Other Non-Grocery Retailers,Retail Volume,2023,0.0
Australasia,Coffee,Vending,Retail Volume,2023,0.3
Australasia,Coffee,Direct Selling,Retail Volume,2023,0.0
Australasia,Coffee,Retail E-Commerce,Retail Volume,2023,13.1
Australasia,RTD Coffee,Retail Channels,Off-trade Volume,2023,100.0
Australasia,RTD Coffee,Retail Offline,Off-trade Volume,2023,89.6
Australasia,RTD Coffee,Grocery Retailers,Off-trade Volume,2023,89.2
Australasia,RTD Coffee,Convenience Retailers,Off-trade Volume,2023,31.3
Australasia,RTD Coffee,Convenience Stores,Off-trade Volume,2023,5.2
Australasia,RTD Coffee,Forecourt Retailers,Off-trade Volume,2023,26.0
Australasia,RTD Coffee,Supermarkets,Off-trade Volume,2023,50.2
Australasia,RTD Coffee,Hypermarkets,Off-trade Volume,2023,0.0
Australasia,RTD Coffee,Discounters,Off-trade Volume,2023,1.2
Australasia,RTD Coffee,Warehouse Clubs,Off-trade Volume,2023,0.0
Australasia,RTD Coffee,Food/drink/tobacco specialists,Off-trade Volume,2023,0.0
Australasia,RTD Coffee,Small Local Grocers,Off-trade Volume,2023,6.5
Australasia,RTD Coffee,Non-Grocery Retailers,Off-trade Volume,2023,0.0
Australasia,RTD Coffee,General Merchandise Stores,Off-trade Volume,2023,0.0
Australasia,RTD Coffee,Apparel and Footwear Specialists,Off-trade Volume,2023,0.0
Australasia,RTD Coffee,Appliances and Electronics Specialists,Off-trade Volume,2023,0.0
Australasia,RTD Coffee,Home Products Specialists,Off-trade Volume,2023,0.0
Australasia,RTD Coffee,Health and Beauty Specialists,Off-trade Volume,2023,0.0
Australasia,RTD Coffee,Leisure and Personal Goods Specialists,Off-trade Volume,2023,0.0
Australasia,RTD Coffee,Other Non-Grocery Retailers,Off-trade Volume,2023,0.0
Australasia,RTD Coffee,Vending,Off-trade Volume,2023,0.4
Australasia,RTD Coffee,Direct Selling,Off-trade Volume,2023,0.0
Australasia,RTD Coffee,Retail E-Commerce,Off-trade Volume,2023,10.4
Australia,Coffee,Retail Channels,Retail Volume,2023,100.0
Australia,Coffee,Retail Offline,Retail Volume,2023,85.9
Australia,Coffee,Grocery Retailers,Retail Volume,2023,85.9
Australia,Coffee,Convenience Retailers,Retail Volume,2023,5.7
Australia,Coffee,Convenience Stores,Retail Volume,2023,3.0
Australia,Coffee,Forecourt Retailers,Retail Volume,2023,2.7
Australia,Coffee,Supermarkets,Retail Volume,2023,62.0
Australia,Coffee,Hypermarkets,Retail Volume,2023,0.0
Australia,Coffee,Discounters,Retail Volume,2023,14.6
Australia,Coffee,Warehouse Clubs,Retail Volume,2023,0.0
Australia,Coffee,Food/drink/tobacco specialists,Retail Volume,2023,0.0
Australia,Coffee,Small Local Grocers,Retail Volume,2023,3.6
Australia,Coffee,Non-Grocery Retailers,Retail Volume,2023,0.0
Australia,Coffee,General Merchandise Stores,Retail Volume,2023,0.0
Australia,Coffee,Apparel and Footwear Specialists,Retail Volume,2023,0.0
Australia,Coffee,Appliances and Electronics Specialists,Retail Volume,2023,0.0
Australia,Coffee,Home Products Specialists,Retail Volume,2023,0.0
Australia,Coffee,Health and Beauty Specialists,Retail Volume,2023,0.0
Australia,Coffee,Leisure and Personal Goods Specialists,Retail Volume,2023,0.0
Australia,Coffee,Other Non-Grocery Retailers,Retail Volume,2023,0.0
Australia,Coffee,Vending,Retail Volume,2023,0.0
Australia,Coffee,Direct Selling,Retail Volume,2023,0.0
Australia,Coffee,Retail E-Commerce,Retail Volume,2023,14.1
Australia,RTD Coffee,Retail Channels,Off-trade Volume,2023,100.0
Australia,RTD Coffee,Retail Offline,Off-trade Volume,2023,89.2
Australia,RTD Coffee,Grocery Retailers,Off-trade Volume,2023,88.8
Australia,RTD Coffee,Convenience Retailers,Off-trade Volume,2023,32.5
Australia,RTD Coffee,Convenience Stores,Off-trade Volume,2023,5.3
Australia,RTD Coffee,Forecourt Retailers,Off-trade Volume,2023,27.2
Australia,RTD Coffee,Supermarkets,Off-trade Volume,2023,48.2
Australia,RTD Coffee,Hypermarkets,Off-trade Volume,2023,0.0
Australia,RTD Coffee,Discounters,Off-trade Volume,2023,1.3
Australia,RTD Coffee,Warehouse Clubs,Off-trade Volume,2023,0.0
Australia,RTD Coffee,Food/drink/tobacco specialists,Off-trade Volume,2023,0.0
Australia,RTD Coffee,Small Local Grocers,Off-trade Volume,2023,6.8
Australia,RTD Coffee,Non-Grocery Retailers,Off-trade Volume,2023,0.0
Australia,RTD Coffee,General Merchandise Stores,Off-trade Volume,2023,0.0
Australia,RTD Coffee,Apparel and Footwear Specialists,Off-trade Volume,2023,0.0
Australia,RTD Coffee,Appliances and Electronics Specialists,Off-trade Volume,2023,0.0
Australia,RTD Coffee,Home Products Specialists,Off-trade Volume,2023,0.0
Australia,RTD Coffee,Health and Beauty Specialists,Off-trade Volume,2023,0.0
Australia,RTD Coffee,Leisure and Personal Goods Specialists,Off-trade Volume,2023,0.0
Australia,RTD Coffee,Other Non-Grocery Retailers,Off-trade Volume,2023,0.0
Australia,RTD Coffee,Vending,Off-trade Volume,2023,0.4
Australia,RTD Coffee,Direct Selling,Off-trade Volume,2023,0.0
Australia,RTD Coffee,Retail E-Commerce,Off-trade Volume,2023,10.8
Eastern Europe,Coffee,Retail Channels,Retail Volume,2023,100.0
Eastern Europe,Coffee,Retail Offline,Retail Volume,2023,94.1
Eastern Europe,Coffee,Grocery Retailers,Retail Volume,2023,90.4
Eastern Europe,Coffee,Convenience Retailers,Retail Volume,2023,15.0
Eastern Europe,Coffee,Convenience Stores,Retail Volume,2023,14.1
Eastern Europe,Coffee,Forecourt Retailers,Retail Volume,2023,0.9
Eastern Europe,Coffee,Supermarkets,Retail Volume,2023,29.2
Eastern Europe,Coffee,Hypermarkets,Retail Volume,2023,14.5
Eastern Europe,Coffee,Discounters,Retail Volume,2023,15.8
Eastern Europe,Coffee,Warehouse Clubs,Retail Volume,2023,0.0
Eastern Europe,Coffee,Food/drink/tobacco specialists,Retail Volume,2023,2.1
Eastern Europe,Coffee,Small Local Grocers,Retail Volume,2023,13.9
Eastern Europe,Coffee,Non-Grocery Retailers,Retail Volume,2023,0.5
Eastern Europe,Coffee,General Merchandise Stores,Retail Volume,2023,0.2
Eastern Europe,Coffee,Apparel and Footwear Specialists,Retail Volume,2023,0.0
Eastern Europe,Coffee,Appliances and Electronics Specialists,Retail Volume,2023,0.0
Eastern Europe,Coffee,Home Products Specialists,Retail Volume,2023,0.0
Eastern Europe,Coffee,Health and Beauty Specialists,Retail Volume,2023,0.4
Eastern Europe,Coffee,Leisure and Personal Goods Specialists,Retail Volume,2023,0.0
Eastern Europe,Coffee,Other Non-Grocery Retailers,Retail Volume,2023,0.0
Eastern Europe,Coffee,Vending,Retail Volume,2023,3.1
Eastern Europe,Coffee,Direct Selling,Retail Volume,2023,0.0
Eastern Europe,Coffee,Retail E-Commerce,Retail Volume,2023,5.9
Eastern Europe,RTD Coffee,Retail Channels,Off-trade Volume,2023,100.0
Eastern Europe,RTD Coffee,Retail Offline,Off-trade Volume,2023,98.3
Eastern Europe,RTD Coffee,Grocery Retailers,Off-trade Volume,2023,96.4
Eastern Europe,RTD Coffee,Convenience Retailers,Off-trade Volume,2023,35.4
Eastern Europe,RTD Coffee,Convenience Stores,Off-trade Volume,2023,16.0
Eastern Europe,RTD Coffee,Forecourt Retailers,Off-trade Volume,2023,19.4
Eastern Europe,RTD Coffee,Supermarkets,Off-trade Volume,2023,16.8
Eastern Europe,RTD Coffee,Hypermarkets,Off-trade Volume,2023,20.9
Eastern Europe,RTD Coffee,Discounters,Off-trade Volume,2023,16.8
Eastern Europe,RTD Coffee,Warehouse Clubs,Off-trade Volume,2023,0.0
Eastern Europe,RTD Coffee,Food/drink/tobacco specialists,Off-trade Volume,2023,1.1
Eastern Europe,RTD Coffee,Small Local Grocers,Off-trade Volume,2023,5.4
Eastern Europe,RTD Coffee,Non-Grocery Retailers,Off-trade Volume,2023,0.5
Eastern Europe,RTD Coffee,General Merchandise Stores,Off-trade Volume,2023,0.0
Eastern Europe,RTD Coffee,Apparel and Footwear Specialists,Off-trade Volume,2023,0.0
Eastern Europe,RTD Coffee,Appliances and Electronics Specialists,Off-trade Volume,2023,0.0
Eastern Europe,RTD Coffee,Home Products Specialists,Off-trade Volume,2023,0.0
Eastern Europe,RTD Coffee,Health and Beauty Specialists,Off-trade Volume,2023,0.5
Eastern Europe,RTD Coffee,Leisure and Personal Goods Specialists,Off-trade Volume,2023,0.0
Eastern Europe,RTD Coffee,Other Non-Grocery Retailers,Off-trade Volume,2023,0.0
Eastern Europe,RTD Coffee,Vending,Off-trade Volume,2023,1.4
Eastern Europe,RTD Coffee,Direct Selling,Off-trade Volume,2023,0.0
Eastern Europe,RTD Coffee,Retail E-Commerce,Off-trade Volume,2023,1.7
Latin America,Coffee,Retail Channels,Retail Volume,2023,100.0
Latin America,Coffee,Retail Offline,Retail Volume,2023,98.6
Latin America,Coffee,Grocery Retailers,Retail Volume,2023,96.7
Latin America,Coffee,Convenience Retailers,Retail Volume,2023,1.3
Latin America,Coffee,Convenience Stores,Retail Volume,2023,0.8
Latin America,Coffee,Forecourt Retailers,Retail Volume,2023,0.5
Latin America,Coffee,Supermarkets,Retail Volume,2023,33.8
Latin America,Coffee,Hypermarkets,Retail Volume,2023,25.0
Latin America,Coffee,Discounters,Retail Volume,2023,4.4
Latin America,Coffee,Warehouse Clubs,Retail Volume,2023,4.3
Latin America,Coffee,Food/drink/tobacco specialists,Retail Volume,2023,0.1
Latin America,Coffee,Small Local Grocers,Retail Volume,2023,27.7
Latin America,Coffee,Non-Grocery Retailers,Retail Volume,2023,1.7
Latin America,Coffee,General Merchandise Stores,Retail Volume,2023,1.5
Latin America,Coffee,Apparel and Footwear Specialists,Retail Volume,2023,0.0
Latin America,Coffee,Appliances and Electronics Specialists,Retail Volume,2023,0.0
Latin America,Coffee,Home Products Specialists,Retail Volume,2023,0.0
Latin America,Coffee,Health and Beauty Specialists,Retail Volume,2023,0.1
Latin America,Coffee,Leisure and Personal Goods Specialists,Retail Volume,2023,0.0
Latin America,Coffee,Other Non-Grocery Retailers,Retail Volume,2023,0.0
Latin America,Coffee,Vending,Retail Volume,2023,0.1
Latin America,Coffee,Direct Selling,Retail Volume,2023,0.2
Latin America,Coffee,Retail E-Commerce,Retail Volume,2023,1.4
Latin America,RTD Coffee,Retail Channels,Off-trade Volume,2023,100.0
Latin America,RTD Coffee,Retail Offline,Off-trade Volume,2023,99.8
Latin America,RTD Coffee,Grocery Retailers,Off-trade Volume,2023,98.7
Latin America,RTD Coffee,Convenience Retailers,Off-trade Volume,2023,16.6
Latin America,RTD Coffee,Convenience Stores,Off-trade Volume,2023,8.5
Latin America,RTD Coffee,Forecourt Retailers,Off-trade Volume,2023,8.1
Latin America,RTD Coffee,Supermarkets,Off-trade Volume,2023,30.2
Latin America,RTD Coffee,Hypermarkets,Off-trade Volume,2023,9.4
Latin America,RTD Coffee,Discounters,Off-trade Volume,2023,2.2
Latin America,RTD Coffee,Warehouse Clubs,Off-trade Volume,2023,0.7
Latin America,RTD Coffee,Food/drink/tobacco specialists,Off-trade Volume,2023,0.5
Latin America,RTD Coffee,Small Local Grocers,Off-trade Volume,2023,39.1
Latin America,RTD Coffee,Non-Grocery Retailers,Off-trade Volume,2023,1.1
Latin America,RTD Coffee,General Merchandise Stores,Off-trade Volume,2023,0.2
Latin America,RTD Coffee,Apparel and Footwear Specialists,Off-trade Volume,2023,0.0
Latin America,RTD Coffee,Appliances and Electronics Specialists,Off-trade Volume,2023,0.0
Latin America,RTD Coffee,Home Products Specialists,Off-trade Volume,2023,0.0
Latin America,RTD Coffee,Health and Beauty Specialists,Off-trade Volume,2023,0.9
Latin America,RTD Coffee,Leisure and Personal Goods Specialists,Off-trade Volume,2023,0.0
Latin America,RTD Coffee,Other Non-Grocery Retailers,Off-trade Volume,2023,0.0
Latin America,RTD Coffee,Vending,Off-trade Volume,2023,0.0
Latin America,RTD Coffee,Direct Selling,Off-trade Volume,2023,0.0
Latin America,RTD Coffee,Retail E-Commerce,Off-trade Volume,2023,0.2
Brazil,Coffee,Retail Channels,Retail Volume,2023,100.0
Brazil,Coffee,Retail Offline,Retail Volume,2023,99.4
Brazil,Coffee,Grocery Retailers,Retail Volume,2023,97.0
Brazil,Coffee,Convenience Retailers,Retail Volume,2023,0.9
Brazil,Coffee,Convenience Stores,Retail Volume,2023,0.3
Brazil,Coffee,Forecourt Retailers,Retail Volume,2023,0.6
Brazil,Coffee,Supermarkets,Retail Volume,2023,39.5
Brazil,Coffee,Hypermarkets,Retail Volume,2023,29.3
Brazil,Coffee,Discounters,Retail Volume,2023,0.3
Brazil,Coffee,Warehouse Clubs,Retail Volume,2023,5.9
Brazil,Coffee,Food/drink/tobacco specialists,Retail Volume,2023,0.0
Brazil,Coffee,Small Local Grocers,Retail Volume,2023,21.0
Brazil,Coffee,Non-Grocery Retailers,Retail Volume,2023,2.1
Brazil,Coffee,General Merchandise Stores,Retail Volume,2023,2.1
Brazil,Coffee,Apparel and Footwear Specialists,Retail Volume,2023,0.0
Brazil,Coffee,Appliances and Electronics Specialists,Retail Volume,2023,0.0
Brazil,Coffee,Home Products Specialists,Retail Volume,2023,0.0
Brazil,Coffee,Health and Beauty Specialists,Retail Volume,2023,0.0
Brazil,Coffee,Leisure and Personal Goods Specialists,Retail Volume,2023,0.0
Brazil,Coffee,Other Non-Grocery Retailers,Retail Volume,2023,0.0
Brazil,Coffee,Vending,Retail Volume,2023,0.0
Brazil,Coffee,Direct Selling,Retail Volume,2023,0.3
Brazil,Coffee,Retail E-Commerce,Retail Volume,2023,0.6
Brazil,RTD Coffee,Retail Channels,Off-trade Volume,2023,100.0
Brazil,RTD Coffee,Retail Offline,Off-trade Volume,2023,100.0
Brazil,RTD Coffee,Grocery Retailers,Off-trade Volume,2023,99.0
Brazil,RTD Coffee,Convenience Retailers,Off-trade Volume,2023,56.4
Brazil,RTD Coffee,Convenience Stores,Off-trade Volume,2023,2.0
Brazil,RTD Coffee,Forecourt Retailers,Off-trade Volume,2023,54.4
Brazil,RTD Coffee,Supermarkets,Off-trade Volume,2023,16.5
Brazil,RTD Coffee,Hypermarkets,Off-trade Volume,2023,11.2
Brazil,RTD Coffee,Discounters,Off-trade Volume,2023,0.0
Brazil,RTD Coffee,Warehouse Clubs,Off-trade Volume,2023,3.0
Brazil,RTD Coffee,Food/drink/tobacco specialists,Off-trade Volume,2023,0.0
Brazil,RTD Coffee,Small Local Grocers,Off-trade Volume,2023,11.8
Brazil,RTD Coffee,Non-Grocery Retailers,Off-trade Volume,2023,1.0
Brazil,RTD Coffee,General Merchandise Stores,Off-trade Volume,2023,1.0
Brazil,RTD Coffee,Apparel and Footwear Specialists,Off-trade Volume,2023,0.0
Brazil,RTD Coffee,Appliances and Electronics Specialists,Off-trade Volume,2023,0.0
Brazil,RTD Coffee,Home Products Specialists,Off-trade Volume,2023,0.0
Brazil,RTD Coffee,Health and Beauty Specialists,Off-trade Volume,2023,0.0
Brazil,RTD Coffee,Leisure and Personal Goods Specialists,Off-trade Volume,2023,0.0
Brazil,RTD Coffee,Other Non-Grocery Retailers,Off-trade Volume,2023,0.0
Brazil,RTD Coffee,Vending,Off-trade Volume,2023,0.0
Brazil,RTD Coffee,Direct Selling,Off-trade Volume,2023,0.0
Brazil,RTD Coffee,Retail E-Commerce,Off-trade Volume,2023,0.0
Middle East and Africa,Coffee,Retail Channels,Retail Volume,2023,100.0
Middle East and Africa,Coffee,Retail Offline,Retail Volume,2023,98.4
Middle East and Africa,Coffee,Grocery Retailers,Retail Volume,2023,96.8
Middle East and Africa,Coffee,Convenience Retailers,Retail Volume,2023,4.9
Middle East and Africa,Coffee,Convenience Stores,Retail Volume,2023,3.2
Middle East and Africa,Coffee,Forecourt Retailers,Retail Volume,2023,1.7
Middle East and Africa,Coffee,Supermarkets,Retail Volume,2023,29.8
Middle East and Africa,Coffee,Hypermarkets,Retail Volume,2023,8.0
Middle East and Africa,Coffee,Discounters,Retail Volume,2023,2.2
Middle East and Africa,Coffee,Warehouse Clubs,Retail Volume,2023,0.0
Middle East and Africa,Coffee,Food/drink/tobacco specialists,Retail Volume,2023,7.3
Middle East and Africa,Coffee,Small Local Grocers,Retail Volume,2023,44.7
Middle East and Africa,Coffee,Non-Grocery Retailers,Retail Volume,2023,1.2
Middle East and Africa,Coffee,General Merchandise Stores,Retail Volume,2023,0.0
Middle East and Africa,Coffee,Apparel and Footwear Specialists,Retail Volume,2023,0.0
Middle East and Africa,Coffee,Appliances and Electronics Specialists,Retail Volume,2023,0.0
Middle East and Africa,Coffee,Home Products Specialists,Retail Volume,2023,0.0
Middle East and Africa,Coffee,Health and Beauty Specialists,Retail Volume,2023,0.0
Middle East and Africa,Coffee,Leisure and Personal Goods Specialists,Retail Volume,2023,0.0
Middle East and Africa,Coffee,Other Non-Grocery Retailers,Retail Volume,2023,1.2
Middle East and Africa,Coffee,Vending,Retail Volume,2023,0.2
Middle East and Africa,Coffee,Direct Selling,Retail Volume,2023,0.1
Middle East and Africa,Coffee,Retail E-Commerce,Retail Volume,2023,1.6
Middle East and Africa,RTD Coffee,Retail Channels,Off-trade Volume,2023,100.0
Middle East and Africa,RTD Coffee,Retail Offline,Off-trade Volume,2023,98.1
Middle East and Africa,RTD Coffee,Grocery Retailers,Off-trade Volume,2023,97.6
Middle East and Africa,RTD Coffee,Convenience Retailers,Off-trade Volume,2023,36.7
Middle East and Africa,RTD Coffee,Convenience Stores,Off-trade Volume,2023,4.2
Middle East and Africa,RTD Coffee,Forecourt Retailers,Off-trade Volume,2023,32.5
Middle East and Africa,RTD Coffee,Supermarkets,Off-trade Volume,2023,17.1
Middle East and Africa,RTD Coffee,Hypermarkets,Off-trade Volume,2023,17.5
Middle East and Africa,RTD Coffee,Discounters,Off-trade Volume,2023,0.7
Middle East and Africa,RTD Coffee,Warehouse Clubs,Off-trade Volume,2023,0.2
Middle East and Africa,RTD Coffee,Food/drink/tobacco specialists,Off-trade Volume,2023,0.4
Middle East and Africa,RTD Coffee,Small Local Grocers,Off-trade Volume,2023,24.9
Middle East and Africa,RTD Coffee,Non-Grocery Retailers,Off-trade Volume,2023,0.4
Middle East and Africa,RTD Coffee,General Merchandise Stores,Off-trade Volume,2023,0.0
Middle East and Africa,RTD Coffee,Apparel and Footwear Specialists,Off-trade Volume,2023,0.0
Middle East and Africa,RTD Coffee,Appliances and Electronics Specialists,Off-trade Volume,2023,0.0
Middle East and Africa,RTD Coffee,Home Products Specialists,Off-trade Volume,2023,0.0
Middle East and Africa,RTD Coffee,Health and Beauty Specialists,Off-trade Volume,2023,0.4
Middle East and Africa,RTD Coffee,Leisure and Personal Goods Specialists,Off-trade Volume,2023,0.0
Middle East and Africa,RTD Coffee,Other Non-Grocery Retailers,Off-trade Volume,2023,0.0
Middle East and Africa,RTD Coffee,Vending,Off-trade Volume,2023,0.0
Middle East and Africa,RTD Coffee,Direct Selling,Off-trade Volume,2023,0.1
Middle East and Africa,RTD Coffee,Retail E-Commerce,Off-trade Volume,2023,1.9
North America,Coffee,Retail Channels,Retail Volume,2023,100.0
North America,Coffee,Retail Offline,Retail Volume,2023,78.1
North America,Coffee,Grocery Retailers,Retail Volume,2023,75.9
North America,Coffee,Convenience Retailers,Retail Volume,2023,1.4
North America,Coffee,Convenience Stores,Retail Volume,2023,0.3
North America,Coffee,Forecourt Retailers,Retail Volume,2023,1.1
North America,Coffee,Supermarkets,Retail Volume,2023,25.1
North America,Coffee,Hypermarkets,Retail Volume,2023,20.1
North America,Coffee,Discounters,Retail Volume,2023,3.2
North America,Coffee,Warehouse Clubs,Retail Volume,2023,4.0
North America,Coffee,Food/drink/tobacco specialists,Retail Volume,2023,4.6
North America,Coffee,Small Local Grocers,Retail Volume,2023,17.5
North America,Coffee,Non-Grocery Retailers,Retail Volume,2023,2.1
North America,Coffee,General Merchandise Stores,Retail Volume,2023,1.3
North America,Coffee,Apparel and Footwear Specialists,Retail Volume,2023,0.0
North America,Coffee,Appliances and Electronics Specialists,Retail Volume,2023,0.0
North America,Coffee,Home Products Specialists,Retail Volume,2023,0.0
North America,Coffee,Health and Beauty Specialists,Retail Volume,2023,0.8
North America,Coffee,Leisure and Personal Goods Specialists,Retail Volume,2023,0.0
North America,Coffee,Other Non-Grocery Retailers,Retail Volume,2023,0.0
North America,Coffee,Vending,Retail Volume,2023,0.0
North America,Coffee,Direct Selling,Retail Volume,2023,0.1
North America,Coffee,Retail E-Commerce,Retail Volume,2023,21.9
North America,RTD Coffee,Retail Channels,Off-trade Volume,2023,100.0
North America,RTD Coffee,Retail Offline,Off-trade Volume,2023,87.5
North America,RTD Coffee,Grocery Retailers,Off-trade Volume,2023,80.3
North America,RTD Coffee,Convenience Retailers,Off-trade Volume,2023,25.5
North America,RTD Coffee,Convenience Stores,Off-trade Volume,2023,6.0
North America,RTD Coffee,Forecourt Retailers,Off-trade Volume,2023,19.5
North America,RTD Coffee,Supermarkets,Off-trade Volume,2023,19.8
North America,RTD Coffee,Hypermarkets,Off-trade Volume,2023,19.6
North America,RTD Coffee,Discounters,Off-trade Volume,2023,1.3
North America,RTD Coffee,Warehouse Clubs,Off-trade Volume,2023,10.6
North America,RTD Coffee,Food/drink/tobacco specialists,Off-trade Volume,2023,0.0
North America,RTD Coffee,Small Local Grocers,Off-trade Volume,2023,3.6
North America,RTD Coffee,Non-Grocery Retailers,Off-trade Volume,2023,4.8
North America,RTD Coffee,General Merchandise Stores,Off-trade Volume,2023,3.6
North America,RTD Coffee,Apparel and Footwear Specialists,Off-trade Volume,2023,0.0
North America,RTD Coffee,Appliances and Electronics Specialists,Off-trade Volume,2023,0.0
North America,RTD Coffee,Home Products Specialists,Off-trade Volume,2023,0.0
North America,RTD Coffee,Health and Beauty Specialists,Off-trade Volume,2023,1.1
North America,RTD Coffee,Leisure and Personal Goods Specialists,Off-trade Volume,2023,0.0
North America,RTD Coffee,Other Non-Grocery Retailers,Off-trade Volume,2023,0.0
North America,RTD Coffee,Vending,Off-trade Volume,2023,2.4
North America,RTD Coffee,Direct Selling,Off-trade Volume,2023,0.0
North America,RTD Coffee,Retail E-Commerce,Off-trade Volume,2023,12.5
USA,Coffee,Retail Channels,Retail Volume,2023,100.0
USA,Coffee,Retail Offline,Retail Volume,2023,77.0
USA,Coffee,Grocery Retailers,Retail Volume,2023,75.1
USA,Coffee,Convenience Retailers,Retail Volume,2023,1.4
USA,Coffee,Convenience Stores,Retail Volume,2023,0.2
USA,Coffee,Forecourt Retailers,Retail Volume,2023,1.2
USA,Coffee,Supermarkets,Retail Volume,2023,24.3
USA,Coffee,Hypermarkets,Retail Volume,2023,20.4
USA,Coffee,Discounters,Retail Volume,2023,2.0
USA,Coffee,Warehouse Clubs,Retail Volume,2023,3.6
USA,Coffee,Food/drink/tobacco specialists,Retail Volume,2023,5.0
USA,Coffee,Small Local Grocers,Retail Volume,2023,18.4
USA,Coffee,Non-Grocery Retailers,Retail Volume,2023,1.7
USA,Coffee,General Merchandise Stores,Retail Volume,2023,1.2
USA,Coffee,Apparel and Footwear Specialists,Retail Volume,2023,0.0
USA,Coffee,Appliances and Electronics Specialists,Retail Volume,2023,0.0
USA,Coffee,Home Products Specialists,Retail Volume,2023,0.0
USA,Coffee,Health and Beauty Specialists,Retail Volume,2023,0.5
USA,Coffee,Leisure and Personal Goods Specialists,Retail Volume,2023,0.0
USA,Coffee,Other Non-Grocery Retailers,Retail Volume,2023,0.0
USA,Coffee,Vending,Retail Volume,2023,0.0
USA,Coffee,Direct Selling,Retail Volume,2023,0.2
USA,Coffee,Retail E-Commerce,Retail Volume,2023,23.0
USA,RTD Coffee,Retail Channels,Off-trade Volume,2023,100.0
USA,RTD Coffee,Retail Offline,Off-trade Volume,2023,87.4
USA,RTD Coffee,Grocery Retailers,Off-trade Volume,2023,80.3
USA,RTD Coffee,Convenience Retailers,Off-trade Volume,2023,25.7
USA,RTD Coffee,Convenience Stores,Off-trade Volume,2023,6.0
USA,RTD Coffee,Forecourt Retailers,Off-trade Volume,2023,19.7
USA,RTD Coffee,Supermarkets,Off-trade Volume,2023,19.5
USA,RTD Coffee,Hypermarkets,Off-trade Volume,2023,19.7
USA,RTD Coffee,Discounters,Off-trade Volume,2023,1.3
USA,RTD Coffee,Warehouse Clubs,Off-trade Volume,2023,10.6
USA,RTD Coffee,Food/drink/tobacco specialists,Off-trade Volume,2023,0.0
USA,RTD Coffee,Small Local Grocers,Off-trade Volume,2023,3.6
USA,RTD Coffee,Non-Grocery Retailers,Off-trade Volume,2023,4.6
USA,RTD Coffee,General Merchandise Stores,Off-trade Volume,2023,3.7
USA,RTD Coffee,Apparel and Footwear Specialists,Off-trade Volume,2023,0.0
USA,RTD Coffee,Appliances and Electronics Specialists,Off-trade Volume,2023,0.0
USA,RTD Coffee,Home Products Specialists,Off-trade Volume,2023,0.0
USA,RTD Coffee,Health and Beauty Specialists,Off-trade Volume,2023,1.0
USA,RTD Coffee,Leisure and Personal Goods Specialists,Off-trade Volume,2023,0.0
USA,RTD Coffee,Other Non-Grocery Retailers,Off-trade Volume,2023,0.0
USA,RTD Coffee,Vending,Off-trade Volume,2023,2.4
USA,RTD Coffee,Direct Selling,Off-trade Volume,2023,0.0
USA,RTD Coffee,Retail E-Commerce,Off-trade Volume,2023,12.6
Western Europe,Coffee,Retail Channels,Retail Volume,2023,100.0
Western Europe,Coffee,Retail Offline,Retail Volume,2023,94.4
Western Europe,Coffee,Grocery Retailers,Retail Volume,2023,91.8
Western Europe,Coffee,Convenience Retailers,Retail Volume,2023,3.3
Western Europe,Coffee,Convenience Stores,Retail Volume,2023,3.0
Western Europe,Coffee,Forecourt Retailers,Retail Volume,2023,0.4
Western Europe,Coffee,Supermarkets,Retail Volume,2023,37.6
Western Europe,Coffee,Hypermarkets,Retail Volume,2023,19.0
Western Europe,Coffee,Discounters,Retail Volume,2023,24.9
Western Europe,Coffee,Warehouse Clubs,Retail Volume,2023,0.0
Western Europe,Coffee,Food/drink/tobacco specialists,Retail Volume,2023,4.1
Western Europe,Coffee,Small Local Grocers,Retail Volume,2023,3.0
Western Europe,Coffee,Non-Grocery Retailers,Retail Volume,2023,1.7
Western Europe,Coffee,General Merchandise Stores,Retail Volume,2023,0.7
Western Europe,Coffee,Apparel and Footwear Specialists,Retail Volume,2023,0.0
Western Europe,Coffee,Appliances and Electronics Specialists,Retail Volume,2023,0.0
Western Europe,Coffee,Home Products Specialists,Retail Volume,2023,0.0
Western Europe,Coffee,Health and Beauty Specialists,Retail Volume,2023,1.0
Western Europe,Coffee,Leisure and Personal Goods Specialists,Retail Volume,2023,0.0
Western Europe,Coffee,Other Non-Grocery Retailers,Retail Volume,2023,0.0
Western Europe,Coffee,Vending,Retail Volume,2023,0.9
Western Europe,Coffee,Direct Selling,Retail Volume,2023,0.0
Western Europe,Coffee,Retail E-Commerce,Retail Volume,2023,5.6
Western Europe,RTD Coffee,Retail Channels,Off-trade Volume,2023,100.0
Western Europe,RTD Coffee,Retail Offline,Off-trade Volume,2023,96.6
Western Europe,RTD Coffee,Grocery Retailers,Off-trade Volume,2023,94.6
Western Europe,RTD Coffee,Convenience Retailers,Off-trade Volume,2023,13.7
Western Europe,RTD Coffee,Convenience Stores,Off-trade Volume,2023,6.5
Western Europe,RTD Coffee,Forecourt Retailers,Off-trade Volume,2023,7.2
Western Europe,RTD Coffee,Supermarkets,Off-trade Volume,2023,44.0
Western Europe,RTD Coffee,Hypermarkets,Off-trade Volume,2023,15.4
Western Europe,RTD Coffee,Discounters,Off-trade Volume,2023,15.5
Western Europe,RTD Coffee,Warehouse Clubs,Off-trade Volume,2023,0.0
Western Europe,RTD Coffee,Food/drink/tobacco specialists,Off-trade Volume,2023,0.2
Western Europe,RTD Coffee,Small Local Grocers,Off-trade Volume,2023,5.8
Western Europe,RTD Coffee,Non-Grocery Retailers,Off-trade Volume,2023,1.5
Western Europe,RTD Coffee,General Merchandise Stores,Off-trade Volume,2023,0.0
Western Europe,RTD Coffee,Apparel and Footwear Specialists,Off-trade Volume,2023,0.0
Western Europe,RTD Coffee,Appliances and Electronics Specialists,Off-trade Volume,2023,0.0
Western Europe,RTD Coffee,Home Products Specialists,Off-trade Volume,2023,0.0
Western Europe,RTD Coffee,Health and Beauty Specialists,Off-trade Volume,2023,1.5
Western Europe,RTD Coffee,Leisure and Personal Goods Specialists,Off-trade Volume,2023,0.0
Western Europe,RTD Coffee,Other Non-Grocery Retailers,Off-trade Volume,2023,0.0
Western Europe,RTD Coffee,Vending,Off-trade Volume,2023,0.5
Western Europe,RTD Coffee,Direct Selling,Off-trade Volume,2023,0.0
Western Europe,RTD Coffee,Retail E-Commerce,Off-trade Volume,2023,3.4
France,Coffee,Retail Channels,Retail Volume,2023,100.0
France,Coffee,Retail Offline,Retail Volume,2023,86.4
France,Coffee,Grocery Retailers,Retail Volume,2023,85.3
France,Coffee,Convenience Retailers,Retail Volume,2023,1.3
France,Coffee,Convenience Stores,Retail Volume,2023,1.3
France,Coffee,Forecourt Retailers,Retail Volume,2023,0.0
France,Coffee,Supermarkets,Retail Volume,2023,22.8
France,Coffee,Hypermarkets,Retail Volume,2023,30.0
France,Coffee,Discounters,Retail Volume,2023,13.3
France,Coffee,Warehouse Clubs,Retail Volume,2023,0.0
France,Coffee,Food/drink/tobacco specialists,Retail Volume,2023,17.1
France,Coffee,Small Local Grocers,Retail Volume,2023,0.8
France,Coffee,Non-Grocery Retailers,Retail Volume,2023,0.6
France,Coffee,General Merchandise Stores,Retail Volume,2023,0.0
France,Coffee,Apparel and Footwear Specialists,Retail Volume,2023,0.0
France,Coffee,Appliances and Electronics Specialists,Retail Volume,2023,0.0
France,Coffee,Home Products Specialists,Retail Volume,2023,0.0
France,Coffee,Health and Beauty Specialists,Retail Volume,2023,0.6
France,Coffee,Leisure and Personal Goods Specialists,Retail Volume,2023,0.0
France,Coffee,Other Non-Grocery Retailers,Retail Volume,2023,0.0
France,Coffee,Vending,Retail Volume,2023,0.5
France,Coffee,Direct Selling,Retail Volume,2023,0.0
France,Coffee,Retail E-Commerce,Retail Volume,2023,13.6
France,RTD Coffee,Retail Channels,Off-trade Volume,2023,100.0
France,RTD Coffee,Retail Offline,Off-trade Volume,2023,98.1
France,RTD Coffee,Grocery Retailers,Off-trade Volume,2023,97.7
France,RTD Coffee,Convenience Retailers,Off-trade Volume,2023,36.8
France,RTD Coffee,Convenience Stores,Off-trade Volume,2023,17.0
France,RTD Coffee,Forecourt Retailers,Off-trade Volume,2023,19.8
France,RTD Coffee,Supermarkets,Off-trade Volume,2023,27.5
France,RTD Coffee,Hypermarkets,Off-trade Volume,2023,28.9
France,RTD Coffee,Discounters,Off-trade Volume,2023,2.8
France,RTD Coffee,Warehouse Clubs,Off-trade Volume,2023,0.0
France,RTD Coffee,Food/drink/tobacco specialists,Off-trade Volume,2023,0.0
France,RTD Coffee,Small Local Grocers,Off-trade Volume,2023,1.7
France,RTD Coffee,Non-Grocery Retailers,Off-trade Volume,2023,0.0
France,RTD Coffee,General Merchandise Stores,Off-trade Volume,2023,0.0
France,RTD Coffee,Apparel and Footwear Specialists,Off-trade Volume,2023,0.0
France,RTD Coffee,Appliances and Electronics Specialists,Off-trade Volume,2023,0.0
France,RTD Coffee,Home Products Specialists,Off-trade Volume,2023,0.0
France,RTD Coffee,Health and Beauty Specialists,Off-trade Volume,2023,0.0
France,RTD Coffee,Leisure and Personal Goods Specialists,Off-trade Volume,2023,0.0
France,RTD Coffee,Other Non-Grocery Retailers,Off-trade Volume,2023,0.0
France,RTD Coffee,Vending,Off-trade Volume,2023,0.5
France,RTD Coffee,Direct Selling,Off-trade Volume,2023,0.0
France,RTD Coffee,Retail E-Commerce,Off-trade Volume,2023,1.9
Germany,Coffee,Retail Channels,Retail Volume,2023,100.0
Germany,Coffee,Retail Offline,Retail Volume,2023,97.1
Germany,Coffee,Grocery Retailers,Retail Volume,2023,94.3
Germany,Coffee,Convenience Retailers,Retail Volume,2023,0.6
Germany,Coffee,Convenience Stores,Retail Volume,2023,0.4
Germany,Coffee,Forecourt Retailers,Retail Volume,2023,0.2
Germany,Coffee,Supermarkets,Retail Volume,2023,25.8
Germany,Coffee,Hypermarkets,Retail Volume,2023,16.9
Germany,Coffee,Discounters,Retail Volume,2023,47.9
Germany,Coffee,Warehouse Clubs,Retail Volume,2023,0.0
Germany,Coffee,Food/drink/tobacco specialists,Retail Volume,2023,2.4
Germany,Coffee,Small Local Grocers,Retail Volume,2023,0.8
Germany,Coffee,Non-Grocery Retailers,Retail Volume,2023,2.5
Germany,Coffee,General Merchandise Stores,Retail Volume,2023,1.3
Germany,Coffee,Apparel and Footwear Specialists,Retail Volume,2023,0.0
Germany,Coffee,Appliances and Electronics Specialists,Retail Volume,2023,0.0
Germany,Coffee,Home Products Specialists,Retail Volume,2023,0.0
Germany,Coffee,Health and Beauty Specialists,Retail Volume,2023,1.2
Germany,Coffee,Leisure and Personal Goods Specialists,Retail Volume,2023,0.0
Germany,Coffee,Other Non-Grocery Retailers,Retail Volume,2023,0.0
Germany,Coffee,Vending,Retail Volume,2023,0.3
Germany,Coffee,Direct Selling,Retail Volume,2023,0.0
Germany,Coffee,Retail E-Commerce,Retail Volume,2023,2.9
Germany,RTD Coffee,Retail Channels,Off-trade Volume,2023,100.0
Germany,RTD Coffee,Retail Offline,Off-trade Volume,2023,98.7
Germany,RTD Coffee,Grocery Retailers,Off-trade Volume,2023,94.2
Germany,RTD Coffee,Convenience Retailers,Off-trade Volume,2023,14.8
Germany,RTD Coffee,Convenience Stores,Off-trade Volume,2023,0.1
Germany,RTD Coffee,Forecourt Retailers,Off-trade Volume,2023,14.7
Germany,RTD Coffee,Supermarkets,Off-trade Volume,2023,31.4
Germany,RTD Coffee,Hypermarkets,Off-trade Volume,2023,14.6
Germany,RTD Coffee,Discounters,Off-trade Volume,2023,27.3
Germany,RTD Coffee,Warehouse Clubs,Off-trade Volume,2023,0.0
Germany,RTD Coffee,Food/drink/tobacco specialists,Off-trade Volume,2023,0.1
Germany,RTD Coffee,Small Local Grocers,Off-trade Volume,2023,6.0
Germany,RTD Coffee,Non-Grocery Retailers,Off-trade Volume,2023,4.2
Germany,RTD Coffee,General Merchandise Stores,Off-trade Volume,2023,0.0
Germany,RTD Coffee,Apparel and Footwear Specialists,Off-trade Volume,2023,0.0
Germany,RTD Coffee,Appliances and Electronics Specialists,Off-trade Volume,2023,0.0
Germany,RTD Coffee,Home Products Specialists,Off-trade Volume,2023,0.0
Germany,RTD Coffee,Health and Beauty Specialists,Off-trade Volume,2023,4.2
Germany,RTD Coffee,Leisure and Personal Goods Specialists,Off-trade Volume,2023,0.0
Germany,RTD Coffee,Other Non-Grocery Retailers,Off-trade Volume,2023,0.0
Germany,RTD Coffee,Vending,Off-trade Volume,2023,0.3
Germany,RTD Coffee,Direct Selling,Off-trade Volume,2023,0.0
Germany,RTD Coffee,Retail E-Commerce,Off-trade Volume,2023,1.3
United Kingdom,Coffee,Retail Channels,Retail Volume,2023,100.0
United Kingdom,Coffee,Retail Offline,Retail Volume,2023,87.9
United Kingdom,Coffee,Grocery Retailers,Retail Volume,2023,85.1
United Kingdom,Coffee,Convenience Retailers,Retail Volume,2023,5.2
United Kingdom,Coffee,Convenience Stores,Retail Volume,2023,4.9
United Kingdom,Coffee,Forecourt Retailers,Retail Volume,2023,0.2
United Kingdom,Coffee,Supermarkets,Retail Volume,2023,36.2
United Kingdom,Coffee,Hypermarkets,Retail Volume,2023,32.7
United Kingdom,Coffee,Discounters,Retail Volume,2023,8.6
United Kingdom,Coffee,Warehouse Clubs,Retail Volume,2023,0.1
United Kingdom,Coffee,Food/drink/tobacco specialists,Retail Volume,2023,1.3
United Kingdom,Coffee,Small Local Grocers,Retail Volume,2023,1.0
United Kingdom,Coffee,Non-Grocery Retailers,Retail Volume,2023,2.1
United Kingdom,Coffee,General Merchandise Stores,Retail Volume,2023,2.1
United Kingdom,Coffee,Apparel and Footwear Specialists,Retail Volume,2023,0.0
United Kingdom,Coffee,Appliances and Electronics Specialists,Retail Volume,2023,0.0
United Kingdom,Coffee,Home Products Specialists,Retail Volume,2023,0.0
United Kingdom,Coffee,Health and Beauty Specialists,Retail Volume,2023,0.0
United Kingdom,Coffee,Leisure and Personal Goods Specialists,Retail Volume,2023,0.0
United Kingdom,Coffee,Other Non-Grocery Retailers,Retail Volume,2023,0.0
United Kingdom,Coffee,Vending,Retail Volume,2023,0.7
United Kingdom,Coffee,Direct Selling,Retail Volume,2023,0.0
United Kingdom,Coffee,Retail E-Commerce,Retail Volume,2023,12.1
United Kingdom,RTD Coffee,Retail Channels,Off-trade Volume,2023,100.0
United Kingdom,RTD Coffee,Retail Offline,Off-trade Volume,2023,90.9
United Kingdom,RTD Coffee,Grocery Retailers,Off-trade Volume,2023,90.1
United Kingdom,RTD Coffee,Convenience Retailers,Off-trade Volume,2023,12.5
United Kingdom,RTD Coffee,Convenience Stores,Off-trade Volume,2023,9.5
United Kingdom,RTD Coffee,Forecourt Retailers,Off-trade Volume,2023,3.0
United Kingdom,RTD Coffee,Supermarkets,Off-trade Volume,2023,33.2
United Kingdom,RTD Coffee,Hypermarkets,Off-trade Volume,2023,29.7
United Kingdom,RTD Coffee,Discounters,Off-trade Volume,2023,0.0
United Kingdom,RTD Coffee,Warehouse Clubs,Off-trade Volume,2023,0.0
United Kingdom,RTD Coffee,Food/drink/tobacco specialists,Off-trade Volume,2023,0.0
United Kingdom,RTD Coffee,Small Local Grocers,Off-trade Volume,2023,14.7
United Kingdom,RTD Coffee,Non-Grocery Retailers,Off-trade Volume,2023,0.8
United Kingdom,RTD Coffee,General Merchandise Stores,Off-trade Volume,2023,0.0
United Kingdom,RTD Coffee,Apparel and Footwear Specialists,Off-trade Volume,2023,0.0
United Kingdom,RTD Coffee,Appliances and Electronics Specialists,Off-trade Volume,2023,0.0
United Kingdom,RTD Coffee,Home Products Specialists,Off-trade Volume,2023,0.0
United Kingdom,RTD Coffee,Health and Beauty Specialists,Off-trade Volume,2023,0.8
United Kingdom,RTD Coffee,Leisure and Personal Goods Specialists,Off-trade Volume,2023,0.0
United Kingdom,RTD Coffee,Other Non-Grocery Retailers,Off-trade Volume,2023,0.0
United Kingdom,RTD Coffee,Vending,Off-trade Volume,2023,0.0
United Kingdom,RTD Coffee,Direct Selling,Off-trade Volume,2023,0.0
United Kingdom,RTD Coffee,Retail E-Commerce,Off-trade Volume,2023,9.1
World,Coffee,Retail Channels,Retail Volume,2024,100.0
World,Coffee,Retail Offline,Retail Volume,2024,91.8
World,Coffee,Grocery Retailers,Retail Volume,2024,89.6
World,Coffee,Convenience Retailers,Retail Volume,2024,5.2
World,Coffee,Convenience Stores,Retail Volume,2024,4.4
World,Coffee,Forecourt Retailers,Retail Volume,2024,0.8
World,Coffee,Supermarkets,Retail Volume,2024,28.1
World,Coffee,Hypermarkets,Retail Volume,2024,15.9
World,Coffee,Discounters,Retail Volume,2024,8.4
World,Coffee,Warehouse Clubs,Retail Volume,2024,1.4
World,Coffee,Food/drink/tobacco specialists,Retail Volume,2024,2.6
World,Coffee,Small Local Grocers,Retail Volume,2024,27.9
World,Coffee,Non-Grocery Retailers,Retail Volume,2024,1.6
World,Coffee,General Merchandise Stores,Retail Volume,2024,0.9
World,Coffee,Apparel and Footwear Specialists,Retail Volume,2024,0.0
World,Coffee,Appliances and Electronics Specialists,Retail Volume,2024,0.0
World,Coffee,Home Products Specialists,Retail Volume,2024,0.0
World,Coffee,Health and Beauty Specialists,Retail Volume,2024,0.5
World,Coffee,Leisure and Personal Goods Specialists,Retail Volume,2024,0.0
World,Coffee,Other Non-Grocery Retailers,Retail Volume,2024,0.1
World,Coffee,Vending,Retail Volume,2024,0.5
World,Coffee,Direct Selling,Retail Volume,2024,0.1
World,Coffee,Retail E-Commerce,Retail Volume,2024,8.2
World,RTD Coffee,Retail Channels,Off-trade Volume,2024,100.0
World,RTD Coffee,Retail Offline,Off-trade Volume,2024,94.6
World,RTD Coffee,Grocery Retailers,Off-trade Volume,2024,71.2
World,RTD Coffee,Convenience Retailers,Off-trade Volume,2024,26.1
World,RTD Coffee,Convenience Stores,Off-trade Volume,2024,21.6
World,RTD Coffee,Forecourt Retailers,Off-trade Volume,2024,4.5
World,RTD Coffee,Supermarkets,Off-trade Volume,2024,21.9
World,RTD Coffee,Hypermarkets,Off-trade Volume,2024,9.3
World,RTD Coffee,Discounters,Off-trade Volume,2024,1.4
World,RTD Coffee,Warehouse Clubs,Off-trade Volume,2024,2.6
World,RTD Coffee,Food/drink/tobacco specialists,Off-trade Volume,2024,0.0
World,RTD Coffee,Small Local Grocers,Off-trade Volume,2024,9.9
World,RTD Coffee,Non-Grocery Retailers,Off-trade Volume,2024,10.6
World,RTD Coffee,General Merchandise Stores,Off-trade Volume,2024,4.6
World,RTD Coffee,Apparel and Footwear Specialists,Off-trade Volume,2024,0.0
World,RTD Coffee,Appliances and Electronics Specialists,Off-trade Volume,2024,0.0
World,RTD Coffee,Home Products Specialists,Off-trade Volume,2024,0.0
World,RTD Coffee,Health and Beauty Specialists,Off-trade Volume,2024,6.0
World,RTD Coffee,Leisure and Personal Goods Specialists,Off-trade Volume,2024,0.0
World,RTD Coffee,Other Non-Grocery Retailers,Off-trade Volume,2024,0.0
World,RTD Coffee,Vending,Off-trade Volume,2024,12.8
World,RTD Coffee,Direct Selling,Off-trade Volume,2024,0.0
World,RTD Coffee,Retail E-Commerce,Off-trade Volume,2024,5.4
Asia Pacific,Coffee,Retail Channels,Retail Volume,2024,100.0
Asia Pacific,Coffee,Retail Offline,Retail Volume,2024,90.5
Asia Pacific,Coffee,Grocery Retailers,Retail Volume,2024,88.6
Asia Pacific,Coffee,Convenience Retailers,Retail Volume,2024,8.6
Asia Pacific,Coffee,Convenience Stores,Retail Volume,2024,7.7
Asia Pacific,Coffee,Forecourt Retailers,Retail Volume,2024,0.9
Asia Pacific,Coffee,Supermarkets,Retail Volume,2024,16.0
Asia Pacific,Coffee,Hypermarkets,Retail Volume,2024,9.1
Asia Pacific,Coffee,Discounters,Retail Volume,2024,0.1
Asia Pacific,Coffee,Warehouse Clubs,Retail Volume,2024,0.3
Asia Pacific,Coffee,Food/drink/tobacco specialists,Retail Volume,2024,0.7
Asia Pacific,Coffee,Small Local Grocers,Retail Volume,2024,53.9
Asia Pacific,Coffee,Non-Grocery Retailers,Retail Volume,2024,1.7
Asia Pacific,Coffee,General Merchandise Stores,Retail Volume,2024,1.1
Asia Pacific,Coffee,Apparel and Footwear Specialists,Retail Volume,2024,0.0
Asia Pacific,Coffee,Appliances and Electronics Specialists,Retail Volume,2024,0.0
Asia Pacific,Coffee,Home Products Specialists,Retail Volume,2024,0.0
Asia Pacific,Coffee,Health and Beauty Specialists,Retail Volume,2024,0.7
Asia Pacific,Coffee,Leisure and Personal Goods Specialists,Retail Volume,2024,0.0
Asia Pacific,Coffee,Other Non-Grocery Retailers,Retail Volume,2024,0.0
Asia Pacific,Coffee,Vending,Retail Volume,2024,0.1
Asia Pacific,Coffee,Direct Selling,Retail Volume,2024,0.1
Asia Pacific,Coffee,Retail E-Commerce,Retail Volume,2024,9.5
Asia Pacific,RTD Coffee,Retail Channels,Off-trade Volume,2024,100.0
Asia Pacific,RTD Coffee,Retail Offline,Off-trade Volume,2024,96.1
Asia Pacific,RTD Coffee,Grocery Retailers,Off-trade Volume,2024,66.7
Asia Pacific,RTD Coffee,Convenience Retailers,Off-trade Volume,2024,27.5
Asia Pacific,RTD Coffee,Convenience Stores,Off-trade Volume,2024,26.5
Asia Pacific,RTD Coffee,Forecourt Retailers,Off-trade Volume,2024,0.9
Asia Pacific,RTD Coffee,Supermarkets,Off-trade Volume,2024,20.3
Asia Pacific,RTD Coffee,Hypermarkets,Off-trade Volume,2024,6.5
Asia Pacific,RTD Coffee,Discounters,Off-trade Volume,2024,0.0
Asia Pacific,RTD Coffee,Warehouse Clubs,Off-trade Volume,2024,1.2
Asia Pacific,RTD Coffee,Food/drink/tobacco specialists,Off-trade Volume,2024,0.0
Asia Pacific,RTD Coffee,Small Local Grocers,Off-trade Volume,2024,11.2
Asia Pacific,RTD Coffee,Non-Grocery Retailers,Off-trade Volume,2024,13.0
Asia Pacific,RTD Coffee,General Merchandise Stores,Off-trade Volume,2024,5.4
Asia Pacific,RTD Coffee,Apparel and Footwear Specialists,Off-trade Volume,2024,0.0
Asia Pacific,RTD Coffee,Appliances and Electronics Specialists,Off-trade Volume,2024,0.0
Asia Pacific,RTD Coffee,Home Products Specialists,Off-trade Volume,2024,0.0
Asia Pacific,RTD Coffee,Health and Beauty Specialists,Off-trade Volume,2024,7.6
Asia Pacific,RTD Coffee,Leisure and Personal Goods Specialists,Off-trade Volume,2024,0.0
Asia Pacific,RTD Coffee,Other Non-Grocery Retailers,Off-trade Volume,2024,0.0
Asia Pacific,RTD Coffee,Vending,Off-trade Volume,2024,16.4
Asia Pacific,RTD Coffee,Direct Selling,Off-trade Volume,2024,0.0
Asia Pacific,RTD Coffee,Retail E-Commerce,Off-trade Volume,2024,3.9
China,Coffee,Retail Channels,Retail Volume,2024,100.0
China,Coffee,Retail Offline,Retail Volume,2024,53.6
China,Coffee,Grocery Retailers,Retail Volume,2024,53.6
China,Coffee,Convenience Retailers,Retail Volume,2024,5.5
China,Coffee,Convenience Stores,Retail Volume,2024,5.5
China,Coffee,Forecourt Retailers,Retail Volume,2024,0.0
China,Coffee,Supermarkets,Retail Volume,2024,20.6
China,Coffee,Hypermarkets,Retail Volume,2024,24.5
China,Coffee,Discounters,Retail Volume,2024,0.0
China,Coffee,Warehouse Clubs,Retail Volume,2024,0.0
China,Coffee,Food/drink/tobacco specialists,Retail Volume,2024,0.0
China,Coffee,Small Local Grocers,Retail Volume,2024,3.1
China,Coffee,Non-Grocery Retailers,Retail Volume,2024,0.0
China,Coffee,General Merchandise Stores,Retail Volume,2024,0.0
China,Coffee,Apparel and Footwear Specialists,Retail Volume,2024,0.0
China,Coffee,Appliances and Electronics Specialists,Retail Volume,2024,0.0
China,Coffee,Home Products Specialists,Retail Volume,2024,0.0
China,Coffee,Health and Beauty Specialists,Retail Volume,2024,0.0
China,Coffee,Leisure and Personal Goods Specialists,Retail Volume,2024,0.0
China,Coffee,Other Non-Grocery Retailers,Retail Volume,2024,0.0
China,Coffee,Vending,Retail Volume,2024,0.0
China,Coffee,Direct Selling,Retail Volume,2024,0.0
China,Coffee,Retail E-Commerce,Retail Volume,2024,46.4
China,RTD Coffee,Retail Channels,Off-trade Volume,2024,100.0
China,RTD Coffee,Retail Offline,Off-trade Volume,2024,94.1
China,RTD Coffee,Grocery Retailers,Off-trade Volume,2024,91.3
China,RTD Coffee,Convenience Retailers,Off-trade Volume,2024,20.4
China,RTD Coffee,Convenience Stores,Off-trade Volume,2024,16.3
China,RTD Coffee,Forecourt Retailers,Off-trade Volume,2024,4.2
China,RTD Coffee,Supermarkets,Off-trade Volume,2024,19.7
China,RTD Coffee,Hypermarkets,Off-trade Volume,2024,8.1
China,RTD Coffee,Discounters,Off-trade Volume,2024,0.5
China,RTD Coffee,Warehouse Clubs,Off-trade Volume,2024,0.0
China,RTD Coffee,Food/drink/tobacco specialists,Off-trade Volume,2024,0.0
China,RTD Coffee,Small Local Grocers,Off-trade Volume,2024,42.6
China,RTD Coffee,Non-Grocery Retailers,Off-trade Volume,2024,0.0
China,RTD Coffee,General Merchandise Stores,Off-trade Volume,2024,0.0
China,RTD Coffee,Apparel and Footwear Specialists,Off-trade Volume,2024,0.0
China,RTD Coffee,Appliances and Electronics Specialists,Off-trade Volume,2024,0.0
China,RTD Coffee,Home Products Specialists,Off-trade Volume,2024,0.0
China,RTD Coffee,Health and Beauty Specialists,Off-trade Volume,2024,0.0
China,RTD Coffee,Leisure and Personal Goods Specialists,Off-trade Volume,2024,0.0
China,RTD Coffee,Other Non-Grocery Retailers,Off-trade Volume,2024,0.0
China,RTD Coffee,Vending,Off-trade Volume,2024,2.7
China,RTD Coffee,Direct Selling,Off-trade Volume,2024,0.0
China,RTD Coffee,Retail E-Commerce,Off-trade Volume,2024,5.9
India,Coffee,Retail Channels,Retail Volume,2024,100.0
India,Coffee,Retail Offline,Retail Volume,2024,94.6
India,Coffee,Grocery Retailers,Retail Volume,2024,94.6
India,Coffee,Convenience Retailers,Retail Volume,2024,1.6
India,Coffee,Convenience Stores,Retail Volume,2024,1.5
India,Coffee,Forecourt Retailers,Retail Volume,2024,0.1
India,Coffee,Supermarkets,Retail Volume,2024,9.1
India,Coffee,Hypermarkets,Retail Volume,2024,7.1
India,Coffee,Discounters,Retail Volume,2024,0.0
India,Coffee,Warehouse Clubs,Retail Volume,2024,0.0
India,Coffee,Food/drink/tobacco specialists,Retail Volume,2024,0.0
India,Coffee,Small Local Grocers,Retail Volume,2024,76.8
India,Coffee,Non-Grocery Retailers,Retail Volume,2024,0.0
India,Coffee,General Merchandise Stores,Retail Volume,2024,0.0
India,Coffee,Apparel and Footwear Specialists,Retail Volume,2024,0.0
India,Coffee,Appliances and Electronics Specialists,Retail Volume,2024,0.0
India,Coffee,Home Products Specialists,Retail Volume,2024,0.0
India,Coffee,Health and Beauty Specialists,Retail Volume,2024,0.0
India,Coffee,Leisure and Personal Goods Specialists,Retail Volume,2024,0.0
India,Coffee,Other Non-Grocery Retailers,Retail Volume,2024,0.0
India,Coffee,Vending,Retail Volume,2024,0.0
India,Coffee,Direct Selling,Retail Volume,2024,0.0
India,Coffee,Retail E-Commerce,Retail Volume,2024,5.4
India,RTD Coffee,Retail Channels,Off-trade Volume,2024,0.0
India,RTD Coffee,Retail Offline,Off-trade Volume,2024,0.0
India,RTD Coffee,Grocery Retailers,Off-trade Volume,2024,0.0
India,RTD Coffee,Convenience Retailers,Off-trade Volume,2024,0.0
India,RTD Coffee,Convenience Stores,Off-trade Volume,2024,0.0
India,RTD Coffee,Forecourt Retailers,Off-trade Volume,2024,0.0
India,RTD Coffee,Supermarkets,Off-trade Volume,2024,0.0
India,RTD Coffee,Hypermarkets,Off-trade Volume,2024,0.0
India,RTD Coffee,Discounters,Off-trade Volume,2024,0.0
India,RTD Coffee,Warehouse Clubs,Off-trade Volume,2024,0.0
India,RTD Coffee,Food/drink/tobacco specialists,Off-trade Volume,2024,0.0
India,RTD Coffee,Small Local Grocers,Off-trade Volume,2024,0.0
India,RTD Coffee,Non-Grocery Retailers,Off-trade Volume,2024,0.0
India,RTD Coffee,General Merchandise Stores,Off-trade Volume,2024,0.0
India,RTD Coffee,Apparel and Footwear Specialists,Off-trade Volume,2024,0.0
India,RTD Coffee,Appliances and Electronics Specialists,Off-trade Volume,2024,0.0
India,RTD Coffee,Home Products Specialists,Off-trade Volume,2024,0.0
India,RTD Coffee,Health and Beauty Specialists,Off-trade Volume,2024,0.0
India,RTD Coffee,Leisure and Personal Goods Specialists,Off-trade Volume,2024,0.0
India,RTD Coffee,Other Non-Grocery Retailers,Off-trade Volume,2024,0.0
India,RTD Coffee,Vending,Off-trade Volume,2024,0.0
India,RTD Coffee,Direct Selling,Off-trade Volume,2024,0.0
India,RTD Coffee,Retail E-Commerce,Off-trade Volume,2024,0.0
Japan,Coffee,Retail Channels,Retail Volume,2024,100.0
Japan,Coffee,Retail Offline,Retail Volume,2024,87.9
Japan,Coffee,Grocery Retailers,Retail Volume,2024,67.9
Japan,Coffee,Convenience Retailers,Retail Volume,2024,2.9
Japan,Coffee,Convenience Stores,Retail Volume,2024,2.9
Japan,Coffee,Forecourt Retailers,Retail Volume,2024,0.0
Japan,Coffee,Supermarkets,Retail Volume,2024,46.4
Japan,Coffee,Hypermarkets,Retail Volume,2024,10.5
Japan,Coffee,Discounters,Retail Volume,2024,0.0
Japan,Coffee,Warehouse Clubs,Retail Volume,2024,2.8
Japan,Coffee,Food/drink/tobacco specialists,Retail Volume,2024,0.0
Japan,Coffee,Small Local Grocers,Retail Volume,2024,5.3
Japan,Coffee,Non-Grocery Retailers,Retail Volume,2024,19.3
Japan,Coffee,General Merchandise Stores,Retail Volume,2024,12.6
Japan,Coffee,Apparel and Footwear Specialists,Retail Volume,2024,0.0
Japan,Coffee,Appliances and Electronics Specialists,Retail Volume,2024,0.0
Japan,Coffee,Home Products Specialists,Retail Volume,2024,0.0
Japan,Coffee,Health and Beauty Specialists,Retail Volume,2024,6.7
Japan,Coffee,Leisure and Personal Goods Specialists,Retail Volume,2024,0.0
Japan,Coffee,Other Non-Grocery Retailers,Retail Volume,2024,0.0
Japan,Coffee,Vending,Retail Volume,2024,0.8
Japan,Coffee,Direct Selling,Retail Volume,2024,0.0
Japan,Coffee,Retail E-Commerce,Retail Volume,2024,12.1
Japan,RTD Coffee,Retail Channels,Off-trade Volume,2024,100.0
Japan,RTD Coffee,Retail Offline,Off-trade Volume,2024,99.0
Japan,RTD Coffee,Grocery Retailers,Off-trade Volume,2024,57.3
Japan,RTD Coffee,Convenience Retailers,Off-trade Volume,2024,21.4
Japan,RTD Coffee,Convenience Stores,Off-trade Volume,2024,21.4
Japan,RTD Coffee,Forecourt Retailers,Off-trade Volume,2024,0.0
Japan,RTD Coffee,Supermarkets,Off-trade Volume,2024,24.0
Japan,RTD Coffee,Hypermarkets,Off-trade Volume,2024,6.2
Japan,RTD Coffee,Discounters,Off-trade Volume,2024,0.0
Japan,RTD Coffee,Warehouse Clubs,Off-trade Volume,2024,1.7
Japan,RTD Coffee,Food/drink/tobacco specialists,Off-trade Volume,2024,0.0
Japan,RTD Coffee,Small Local Grocers,Off-trade Volume,2024,4.1
Japan,RTD Coffee,Non-Grocery Retailers,Off-trade Volume,2024,18.3
Japan,RTD Coffee,General Merchandise Stores,Off-trade Volume,2024,7.4
Japan,RTD Coffee,Apparel and Footwear Specialists,Off-trade Volume,2024,0.0
Japan,RTD Coffee,Appliances and Electronics Specialists,Off-trade Volume,2024,0.0
Japan,RTD Coffee,Home Products Specialists,Off-trade Volume,2024,0.0
Japan,RTD Coffee,Health and Beauty Specialists,Off-trade Volume,2024,10.9
Japan,RTD Coffee,Leisure and Personal Goods Specialists,Off-trade Volume,2024,0.0
Japan,RTD Coffee,Other Non-Grocery Retailers,Off-trade Volume,2024,0.0
Japan,RTD Coffee,Vending,Off-trade Volume,2024,23.4
Japan,RTD Coffee,Direct Selling,Off-trade Volume,2024,0.0
Japan,RTD Coffee,Retail E-Commerce,Off-trade Volume,2024,1.0
Thailand,Coffee,Retail Channels,Retail Volume,2024,100.0
Thailand,Coffee,Retail Offline,Retail Volume,2024,97.0
Thailand,Coffee,Grocery Retailers,Retail Volume,2024,97.0
Thailand,Coffee,Convenience Retailers,Retail Volume,2024,29.5
Thailand,Coffee,Convenience Stores,Retail Volume,2024,16.7
Thailand,Coffee,Forecourt Retailers,Retail Volume,2024,12.9
Thailand,Coffee,Supermarkets,Retail Volume,2024,7.0
Thailand,Coffee,Hypermarkets,Retail Volume,2024,24.6
Thailand,Coffee,Discounters,Retail Volume,2024,0.0
Thailand,Coffee,Warehouse Clubs,Retail Volume,2024,0.0
Thailand,Coffee,Food/drink/tobacco specialists,Retail Volume,2024,0.0
Thailand,Coffee,Small Local Grocers,Retail Volume,2024,35.9
Thailand,Coffee,Non-Grocery Retailers,Retail Volume,2024,0.0
Thailand,Coffee,General Merchandise Stores,Retail Volume,2024,0.0
Thailand,Coffee,Apparel and Footwear Specialists,Retail Volume,2024,0.0
Thailand,Coffee,Appliances and Electronics Specialists,Retail Volume,2024,0.0
Thailand,Coffee,Home Products Specialists,Retail Volume,2024,0.0
Thailand,Coffee,Health and Beauty Specialists,Retail Volume,2024,0.0
Thailand,Coffee,Leisure and Personal Goods Specialists,Retail Volume,2024,0.0
Thailand,Coffee,Other Non-Grocery Retailers,Retail Volume,2024,0.0
Thailand,Coffee,Vending,Retail Volume,2024,0.0
Thailand,Coffee,Direct Selling,Retail Volume,2024,0.0
Thailand,Coffee,Retail E-Commerce,Retail Volume,2024,3.0
Thailand,RTD Coffee,Retail Channels,Off-trade Volume,2024,100.0
Thailand,RTD Coffee,Retail Offline,Off-trade Volume,2024,97.9
Thailand,RTD Coffee,Grocery Retailers,Off-trade Volume,2024,92.9
Thailand,RTD Coffee,Convenience Retailers,Off-trade Volume,2024,30.0
Thailand,RTD Coffee,Convenience Stores,Off-trade Volume,2024,18.6
Thailand,RTD Coffee,Forecourt Retailers,Off-trade Volume,2024,11.4
Thailand,RTD Coffee,Supermarkets,Off-trade Volume,2024,5.1
Thailand,RTD Coffee,Hypermarkets,Off-trade Volume,2024,22.2
Thailand,RTD Coffee,Discounters,Off-trade Volume,2024,0.0
Thailand,RTD Coffee,Warehouse Clubs,Off-trade Volume,2024,0.0
Thailand,RTD Coffee,Food/drink/tobacco specialists,Off-trade Volume,2024,0.0
Thailand,RTD Coffee,Small Local Grocers,Off-trade Volume,2024,35.5
Thailand,RTD Coffee,Non-Grocery Retailers,Off-trade Volume,2024,0.0
Thailand,RTD Coffee,General Merchandise Stores,Off-trade Volume,2024,0.0
Thailand,RTD Coffee,Apparel and Footwear Specialists,Off-trade Volume,2024,0.0
Thailand,RTD Coffee,Appliances and Electronics Specialists,Off-trade Volume,2024,0.0
Thailand,RTD Coffee,Home Products Specialists,Off-trade Volume,2024,0.0
Thailand,RTD Coffee,Health and Beauty Specialists,Off-trade Volume,2024,0.0
Thailand,RTD Coffee,Leisure and Personal Goods Specialists,Off-trade Volume,2024,0.0
Thailand,RTD Coffee,Other Non-Grocery Retailers,Off-trade Volume,2024,0.0
Thailand,RTD Coffee,Vending,Off-trade Volume,2024,5.1
Thailand,RTD Coffee,Direct Selling,Off-trade Volume,2024,0.0
Thailand,RTD Coffee,Retail E-Commerce,Off-trade Volume,2024,2.1
Australasia,Coffee,Retail Channels,Retail Volume,2024,100.0
Australasia,Coffee,Retail Offline,Retail Volume,2024,85.8
Australasia,Coffee,Grocery Retailers,Retail Volume,2024,85.5
Australasia,Coffee,Convenience Retailers,Retail Volume,2024,5.1
Australasia,Coffee,Convenience Stores,Retail Volume,2024,2.8
Australasia,Coffee,Forecourt Retailers,Retail Volume,2024,2.4
Australasia,Coffee,Supermarkets,Retail Volume,2024,64.7
Australasia,Coffee,Hypermarkets,Retail Volume,2024,0.0
Australasia,Coffee,Discounters,Retail Volume,2024,12.4
Australasia,Coffee,Warehouse Clubs,Retail Volume,2024,0.2
Australasia,Coffee,Food/drink/tobacco specialists,Retail Volume,2024,0.0
Australasia,Coffee,Small Local Grocers,Retail Volume,2024,3.1
Australasia,Coffee,Non-Grocery Retailers,Retail Volume,2024,0.1
Australasia,Coffee,General Merchandise Stores,Retail Volume,2024,0.0
Australasia,Coffee,Apparel and Footwear Specialists,Retail Volume,2024,0.0
Australasia,Coffee,Appliances and Electronics Specialists,Retail Volume,2024,0.0
Australasia,Coffee,Home Products Specialists,Retail Volume,2024,0.0
Australasia,Coffee,Health and Beauty Specialists,Retail Volume,2024,0.1
Australasia,Coffee,Leisure and Personal Goods Specialists,Retail Volume,2024,0.0
Australasia,Coffee,Other Non-Grocery Retailers,Retail Volume,2024,0.0
Australasia,Coffee,Vending,Retail Volume,2024,0.3
Australasia,Coffee,Direct Selling,Retail Volume,2024,0.0
Australasia,Coffee,Retail E-Commerce,Retail Volume,2024,14.2
Australasia,RTD Coffee,Retail Channels,Off-trade Volume,2024,100.0
Australasia,RTD Coffee,Retail Offline,Off-trade Volume,2024,89.5
Australasia,RTD Coffee,Grocery Retailers,Off-trade Volume,2024,89.2
Australasia,RTD Coffee,Convenience Retailers,Off-trade Volume,2024,31.5
Australasia,RTD Coffee,Convenience Stores,Off-trade Volume,2024,5.3
Australasia,RTD Coffee,Forecourt Retailers,Off-trade Volume,2024,26.2
Australasia,RTD Coffee,Supermarkets,Off-trade Volume,2024,50.7
Australasia,RTD Coffee,Hypermarkets,Off-trade Volume,2024,0.0
Australasia,RTD Coffee,Discounters,Off-trade Volume,2024,1.2
Australasia,RTD Coffee,Warehouse Clubs,Off-trade Volume,2024,0.0
Australasia,RTD Coffee,Food/drink/tobacco specialists,Off-trade Volume,2024,0.0
Australasia,RTD Coffee,Small Local Grocers,Off-trade Volume,2024,5.8
Australasia,RTD Coffee,Non-Grocery Retailers,Off-trade Volume,2024,0.0
Australasia,RTD Coffee,General Merchandise Stores,Off-trade Volume,2024,0.0
Australasia,RTD Coffee,Apparel and Footwear Specialists,Off-trade Volume,2024,0.0
Australasia,RTD Coffee,Appliances and Electronics Specialists,Off-trade Volume,2024,0.0
Australasia,RTD Coffee,Home Products Specialists,Off-trade Volume,2024,0.0
Australasia,RTD Coffee,Health and Beauty Specialists,Off-trade Volume,2024,0.0
Australasia,RTD Coffee,Leisure and Personal Goods Specialists,Off-trade Volume,2024,0.0
Australasia,RTD Coffee,Other Non-Grocery Retailers,Off-trade Volume,2024,0.0
Australasia,RTD Coffee,Vending,Off-trade Volume,2024,0.3
Australasia,RTD Coffee,Direct Selling,Off-trade Volume,2024,0.0
Australasia,RTD Coffee,Retail E-Commerce,Off-trade Volume,2024,10.5
Australia,Coffee,Retail Channels,Retail Volume,2024,100.0
Australia,Coffee,Retail Offline,Retail Volume,2024,84.8
Australia,Coffee,Grocery Retailers,Retail Volume,2024,84.8
Australia,Coffee,Convenience Retailers,Retail Volume,2024,5.7
Australia,Coffee,Convenience Stores,Retail Volume,2024,3.0
Australia,Coffee,Forecourt Retailers,Retail Volume,2024,2.7
Australia,Coffee,Supermarkets,Retail Volume,2024,61.1
Australia,Coffee,Hypermarkets,Retail Volume,2024,0.0
Australia,Coffee,Discounters,Retail Volume,2024,14.6
Australia,Coffee,Warehouse Clubs,Retail Volume,2024,0.0
Australia,Coffee,Food/drink/tobacco specialists,Retail Volume,2024,0.0
Australia,Coffee,Small Local Grocers,Retail Volume,2024,3.4
Australia,Coffee,Non-Grocery Retailers,Retail Volume,2024,0.0
Australia,Coffee,General Merchandise Stores,Retail Volume,2024,0.0
Australia,Coffee,Apparel and Footwear Specialists,Retail Volume,2024,0.0
Australia,Coffee,Appliances and Electronics Specialists,Retail Volume,2024,0.0
Australia,Coffee,Home Products Specialists,Retail Volume,2024,0.0
Australia,Coffee,Health and Beauty Specialists,Retail Volume,2024,0.0
Australia,Coffee,Leisure and Personal Goods Specialists,Retail Volume,2024,0.0
Australia,Coffee,Other Non-Grocery Retailers,Retail Volume,2024,0.0
Australia,Coffee,Vending,Retail Volume,2024,0.0
Australia,Coffee,Direct Selling,Retail Volume,2024,0.0
Australia,Coffee,Retail E-Commerce,Retail Volume,2024,15.2
Australia,RTD Coffee,Retail Channels,Off-trade Volume,2024,100.0
Australia,RTD Coffee,Retail Offline,Off-trade Volume,2024,89.2
Australia,RTD Coffee,Grocery Retailers,Off-trade Volume,2024,88.8
Australia,RTD Coffee,Convenience Retailers,Off-trade Volume,2024,32.8
Australia,RTD Coffee,Convenience Stores,Off-trade Volume,2024,5.3
Australia,RTD Coffee,Forecourt Retailers,Off-trade Volume,2024,27.5
Australia,RTD Coffee,Supermarkets,Off-trade Volume,2024,48.6
Australia,RTD Coffee,Hypermarkets,Off-trade Volume,2024,0.0
Australia,RTD Coffee,Discounters,Off-trade Volume,2024,1.2
Australia,RTD Coffee,Warehouse Clubs,Off-trade Volume,2024,0.0
Australia,RTD Coffee,Food/drink/tobacco specialists,Off-trade Volume,2024,0.0
Australia,RTD Coffee,Small Local Grocers,Off-trade Volume,2024,6.1
Australia,RTD Coffee,Non-Grocery Retailers,Off-trade Volume,2024,0.0
Australia,RTD Coffee,General Merchandise Stores,Off-trade Volume,2024,0.0
Australia,RTD Coffee,Apparel and Footwear Specialists,Off-trade Volume,2024,0.0
Australia,RTD Coffee,Appliances and Electronics Specialists,Off-trade Volume,2024,0.0
Australia,RTD Coffee,Home Products Specialists,Off-trade Volume,2024,0.0
Australia,RTD Coffee,Health and Beauty Specialists,Off-trade Volume,2024,0.0
Australia,RTD Coffee,Leisure and Personal Goods Specialists,Off-trade Volume,2024,0.0
Australia,RTD Coffee,Other Non-Grocery Retailers,Off-trade Volume,2024,0.0
Australia,RTD Coffee,Vending,Off-trade Volume,2024,0.4
Australia,RTD Coffee,Direct Selling,Off-trade Volume,2024,0.0
Australia,RTD Coffee,Retail E-Commerce,Off-trade Volume,2024,10.8
Eastern Europe,Coffee,Retail Channels,Retail Volume,2024,100.0
Eastern Europe,Coffee,Retail Offline,Retail Volume,2024,92.9
Eastern Europe,Coffee,Grocery Retailers,Retail Volume,2024,89.1
Eastern Europe,Coffee,Convenience Retailers,Retail Volume,2024,15.2
Eastern Europe,Coffee,Convenience Stores,Retail Volume,2024,14.3
Eastern Europe,Coffee,Forecourt Retailers,Retail Volume,2024,0.9
Eastern Europe,Coffee,Supermarkets,Retail Volume,2024,29.0
Eastern Europe,Coffee,Hypermarkets,Retail Volume,2024,13.9
Eastern Europe,Coffee,Discounters,Retail Volume,2024,16.4
Eastern Europe,Coffee,Warehouse Clubs,Retail Volume,2024,0.0
Eastern Europe,Coffee,Food/drink/tobacco specialists,Retail Volume,2024,2.1
Eastern Europe,Coffee,Small Local Grocers,Retail Volume,2024,12.6
Eastern Europe,Coffee,Non-Grocery Retailers,Retail Volume,2024,0.5
Eastern Europe,Coffee,General Merchandise Stores,Retail Volume,2024,0.2
Eastern Europe,Coffee,Apparel and Footwear Specialists,Retail Volume,2024,0.0
Eastern Europe,Coffee,Appliances and Electronics Specialists,Retail Volume,2024,0.0
Eastern Europe,Coffee,Home Products Specialists,Retail Volume,2024,0.0
Eastern Europe,Coffee,Health and Beauty Specialists,Retail Volume,2024,0.4
Eastern Europe,Coffee,Leisure and Personal Goods Specialists,Retail Volume,2024,0.0
Eastern Europe,Coffee,Other Non-Grocery Retailers,Retail Volume,2024,0.0
Eastern Europe,Coffee,Vending,Retail Volume,2024,3.2
Eastern Europe,Coffee,Direct Selling,Retail Volume,2024,0.0
Eastern Europe,Coffee,Retail E-Commerce,Retail Volume,2024,7.1
Eastern Europe,RTD Coffee,Retail Channels,Off-trade Volume,2024,100.0
Eastern Europe,RTD Coffee,Retail Offline,Off-trade Volume,2024,98.1
Eastern Europe,RTD Coffee,Grocery Retailers,Off-trade Volume,2024,96.4
Eastern Europe,RTD Coffee,Convenience Retailers,Off-trade Volume,2024,36.6
Eastern Europe,RTD Coffee,Convenience Stores,Off-trade Volume,2024,16.8
Eastern Europe,RTD Coffee,Forecourt Retailers,Off-trade Volume,2024,19.8
Eastern Europe,RTD Coffee,Supermarkets,Off-trade Volume,2024,17.0
Eastern Europe,RTD Coffee,Hypermarkets,Off-trade Volume,2024,19.7
Eastern Europe,RTD Coffee,Discounters,Off-trade Volume,2024,17.0
Eastern Europe,RTD Coffee,Warehouse Clubs,Off-trade Volume,2024,0.0
Eastern Europe,RTD Coffee,Food/drink/tobacco specialists,Off-trade Volume,2024,1.1
Eastern Europe,RTD Coffee,Small Local Grocers,Off-trade Volume,2024,5.0
Eastern Europe,RTD Coffee,Non-Grocery Retailers,Off-trade Volume,2024,0.5
Eastern Europe,RTD Coffee,General Merchandise Stores,Off-trade Volume,2024,0.0
Eastern Europe,RTD Coffee,Apparel and Footwear Specialists,Off-trade Volume,2024,0.0
Eastern Europe,RTD Coffee,Appliances and Electronics Specialists,Off-trade Volume,2024,0.0
Eastern Europe,RTD Coffee,Home Products Specialists,Off-trade Volume,2024,0.0
Eastern Europe,RTD Coffee,Health and Beauty Specialists,Off-trade Volume,2024,0.5
Eastern Europe,RTD Coffee,Leisure and Personal Goods Specialists,Off-trade Volume,2024,0.0
Eastern Europe,RTD Coffee,Other Non-Grocery Retailers,Off-trade Volume,2024,0.0
Eastern Europe,RTD Coffee,Vending,Off-trade Volume,2024,1.2
Eastern Europe,RTD Coffee,Direct Selling,Off-trade Volume,2024,0.0
Eastern Europe,RTD Coffee,Retail E-Commerce,Off-trade Volume,2024,1.9
Latin America,Coffee,Retail Channels,Retail Volume,2024,100.0
Latin America,Coffee,Retail Offline,Retail Volume,2024,98.6
Latin America,Coffee,Grocery Retailers,Retail Volume,2024,96.7
Latin America,Coffee,Convenience Retailers,Retail Volume,2024,1.4
Latin America,Coffee,Convenience Stores,Retail Volume,2024,0.9
Latin America,Coffee,Forecourt Retailers,Retail Volume,2024,0.5
Latin America,Coffee,Supermarkets,Retail Volume,2024,34.2
Latin America,Coffee,Hypermarkets,Retail Volume,2024,25.3
Latin America,Coffee,Discounters,Retail Volume,2024,4.5
Latin America,Coffee,Warehouse Clubs,Retail Volume,2024,4.4
Latin America,Coffee,Food/drink/tobacco specialists,Retail Volume,2024,0.1
Latin America,Coffee,Small Local Grocers,Retail Volume,2024,26.9
Latin America,Coffee,Non-Grocery Retailers,Retail Volume,2024,1.7
Latin America,Coffee,General Merchandise Stores,Retail Volume,2024,1.5
Latin America,Coffee,Apparel and Footwear Specialists,Retail Volume,2024,0.0
Latin America,Coffee,Appliances and Electronics Specialists,Retail Volume,2024,0.0
Latin America,Coffee,Home Products Specialists,Retail Volume,2024,0.0
Latin America,Coffee,Health and Beauty Specialists,Retail Volume,2024,0.1
Latin America,Coffee,Leisure and Personal Goods Specialists,Retail Volume,2024,0.0
Latin America,Coffee,Other Non-Grocery Retailers,Retail Volume,2024,0.0
Latin America,Coffee,Vending,Retail Volume,2024,0.1
Latin America,Coffee,Direct Selling,Retail Volume,2024,0.2
Latin America,Coffee,Retail E-Commerce,Retail Volume,2024,1.4
Latin America,RTD Coffee,Retail Channels,Off-trade Volume,2024,100.0
Latin America,RTD Coffee,Retail Offline,Off-trade Volume,2024,99.8
Latin America,RTD Coffee,Grocery Retailers,Off-trade Volume,2024,98.7
Latin America,RTD Coffee,Convenience Retailers,Off-trade Volume,2024,16.3
Latin America,RTD Coffee,Convenience Stores,Off-trade Volume,2024,8.8
Latin America,RTD Coffee,Forecourt Retailers,Off-trade Volume,2024,7.5
Latin America,RTD Coffee,Supermarkets,Off-trade Volume,2024,28.9
Latin America,RTD Coffee,Hypermarkets,Off-trade Volume,2024,9.7
Latin America,RTD Coffee,Discounters,Off-trade Volume,2024,2.3
Latin America,RTD Coffee,Warehouse Clubs,Off-trade Volume,2024,0.7
Latin America,RTD Coffee,Food/drink/tobacco specialists,Off-trade Volume,2024,0.5
Latin America,RTD Coffee,Small Local Grocers,Off-trade Volume,2024,40.4
Latin America,RTD Coffee,Non-Grocery Retailers,Off-trade Volume,2024,1.1
Latin America,RTD Coffee,General Merchandise Stores,Off-trade Volume,2024,0.2
Latin America,RTD Coffee,Apparel and Footwear Specialists,Off-trade Volume,2024,0.0
Latin America,RTD Coffee,Appliances and Electronics Specialists,Off-trade Volume,2024,0.0
Latin America,RTD Coffee,Home Products Specialists,Off-trade Volume,2024,0.0
Latin America,RTD Coffee,Health and Beauty Specialists,Off-trade Volume,2024,0.9
Latin America,RTD Coffee,Leisure and Personal Goods Specialists,Off-trade Volume,2024,0.0
Latin America,RTD Coffee,Other Non-Grocery Retailers,Off-trade Volume,2024,0.0
Latin America,RTD Coffee,Vending,Off-trade Volume,2024,0.0
Latin America,RTD Coffee,Direct Selling,Off-trade Volume,2024,0.0
Latin America,RTD Coffee,Retail E-Commerce,Off-trade Volume,2024,0.2
Brazil,Coffee,Retail Channels,Retail Volume,2024,100.0
Brazil,Coffee,Retail Offline,Retail Volume,2024,99.4
Brazil,Coffee,Grocery Retailers,Retail Volume,2024,97.0
Brazil,Coffee,Convenience Retailers,Retail Volume,2024,1.0
Brazil,Coffee,Convenience Stores,Retail Volume,2024,0.4
Brazil,Coffee,Forecourt Retailers,Retail Volume,2024,0.6
Brazil,Coffee,Supermarkets,Retail Volume,2024,40.2
Brazil,Coffee,Hypermarkets,Retail Volume,2024,29.7
Brazil,Coffee,Discounters,Retail Volume,2024,0.3
Brazil,Coffee,Warehouse Clubs,Retail Volume,2024,6.0
Brazil,Coffee,Food/drink/tobacco specialists,Retail Volume,2024,0.0
Brazil,Coffee,Small Local Grocers,Retail Volume,2024,19.8
Brazil,Coffee,Non-Grocery Retailers,Retail Volume,2024,2.1
Brazil,Coffee,General Merchandise Stores,Retail Volume,2024,2.1
Brazil,Coffee,Apparel and Footwear Specialists,Retail Volume,2024,0.0
Brazil,Coffee,Appliances and Electronics Specialists,Retail Volume,2024,0.0
Brazil,Coffee,Home Products Specialists,Retail Volume,2024,0.0
Brazil,Coffee,Health and Beauty Specialists,Retail Volume,2024,0.0
Brazil,Coffee,Leisure and Personal Goods Specialists,Retail Volume,2024,0.0
Brazil,Coffee,Other Non-Grocery Retailers,Retail Volume,2024,0.0
Brazil,Coffee,Vending,Retail Volume,2024,0.0
Brazil,Coffee,Direct Selling,Retail Volume,2024,0.3
Brazil,Coffee,Retail E-Commerce,Retail Volume,2024,0.6
Brazil,RTD Coffee,Retail Channels,Off-trade Volume,2024,100.0
Brazil,RTD Coffee,Retail Offline,Off-trade Volume,2024,100.0
Brazil,RTD Coffee,Grocery Retailers,Off-trade Volume,2024,98.9
Brazil,RTD Coffee,Convenience Retailers,Off-trade Volume,2024,53.6
Brazil,RTD Coffee,Convenience Stores,Off-trade Volume,2024,2.1
Brazil,RTD Coffee,Forecourt Retailers,Off-trade Volume,2024,51.4
Brazil,RTD Coffee,Supermarkets,Off-trade Volume,2024,18.1
Brazil,RTD Coffee,Hypermarkets,Off-trade Volume,2024,12.2
Brazil,RTD Coffee,Discounters,Off-trade Volume,2024,0.0
Brazil,RTD Coffee,Warehouse Clubs,Off-trade Volume,2024,3.2
Brazil,RTD Coffee,Food/drink/tobacco specialists,Off-trade Volume,2024,0.0
Brazil,RTD Coffee,Small Local Grocers,Off-trade Volume,2024,11.9
Brazil,RTD Coffee,Non-Grocery Retailers,Off-trade Volume,2024,1.1
Brazil,RTD Coffee,General Merchandise Stores,Off-trade Volume,2024,1.1
Brazil,RTD Coffee,Apparel and Footwear Specialists,Off-trade Volume,2024,0.0
Brazil,RTD Coffee,Appliances and Electronics Specialists,Off-trade Volume,2024,0.0
Brazil,RTD Coffee,Home Products Specialists,Off-trade Volume,2024,0.0
Brazil,RTD Coffee,Health and Beauty Specialists,Off-trade Volume,2024,0.0
Brazil,RTD Coffee,Leisure and Personal Goods Specialists,Off-trade Volume,2024,0.0
Brazil,RTD Coffee,Other Non-Grocery Retailers,Off-trade Volume,2024,0.0
Brazil,RTD Coffee,Vending,Off-trade Volume,2024,0.0
Brazil,RTD Coffee,Direct Selling,Off-trade Volume,2024,0.0
Brazil,RTD Coffee,Retail E-Commerce,Off-trade Volume,2024,0.0
Middle East and Africa,Coffee,Retail Channels,Retail Volume,2024,100.0
Middle East and Africa,Coffee,Retail Offline,Retail Volume,2024,98.2
Middle East and Africa,Coffee,Grocery Retailers,Retail Volume,2024,96.7
Middle East and Africa,Coffee,Convenience Retailers,Retail Volume,2024,4.9
Middle East and Africa,Coffee,Convenience Stores,Retail Volume,2024,3.2
Middle East and Africa,Coffee,Forecourt Retailers,Retail Volume,2024,1.7
Middle East and Africa,Coffee,Supermarkets,Retail Volume,2024,29.5
Middle East and Africa,Coffee,Hypermarkets,Retail Volume,2024,7.5
Middle East and Africa,Coffee,Discounters,Retail Volume,2024,2.2
Middle East and Africa,Coffee,Warehouse Clubs,Retail Volume,2024,0.0
Middle East and Africa,Coffee,Food/drink/tobacco specialists,Retail Volume,2024,7.9
Middle East and Africa,Coffee,Small Local Grocers,Retail Volume,2024,44.7
Middle East and Africa,Coffee,Non-Grocery Retailers,Retail Volume,2024,1.2
Middle East and Africa,Coffee,General Merchandise Stores,Retail Volume,2024,0.0
Middle East and Africa,Coffee,Apparel and Footwear Specialists,Retail Volume,2024,0.0
Middle East and Africa,Coffee,Appliances and Electronics Specialists,Retail Volume,2024,0.0
Middle East and Africa,Coffee,Home Products Specialists,Retail Volume,2024,0.0
Middle East and Africa,Coffee,Health and Beauty Specialists,Retail Volume,2024,0.0
Middle East and Africa,Coffee,Leisure and Personal Goods Specialists,Retail Volume,2024,0.0
Middle East and Africa,Coffee,Other Non-Grocery Retailers,Retail Volume,2024,1.2
Middle East and Africa,Coffee,Vending,Retail Volume,2024,0.2
Middle East and Africa,Coffee,Direct Selling,Retail Volume,2024,0.1
Middle East and Africa,Coffee,Retail E-Commerce,Retail Volume,2024,1.8
Middle East and Africa,RTD Coffee,Retail Channels,Off-trade Volume,2024,100.0
Middle East and Africa,RTD Coffee,Retail Offline,Off-trade Volume,2024,97.9
Middle East and Africa,RTD Coffee,Grocery Retailers,Off-trade Volume,2024,97.4
Middle East and Africa,RTD Coffee,Convenience Retailers,Off-trade Volume,2024,32.7
Middle East and Africa,RTD Coffee,Convenience Stores,Off-trade Volume,2024,3.9
Middle East and Africa,RTD Coffee,Forecourt Retailers,Off-trade Volume,2024,28.8
Middle East and Africa,RTD Coffee,Supermarkets,Off-trade Volume,2024,16.5
Middle East and Africa,RTD Coffee,Hypermarkets,Off-trade Volume,2024,17.0
Middle East and Africa,RTD Coffee,Discounters,Off-trade Volume,2024,0.9
Middle East and Africa,RTD Coffee,Warehouse Clubs,Off-trade Volume,2024,0.1
Middle East and Africa,RTD Coffee,Food/drink/tobacco specialists,Off-trade Volume,2024,0.5
Middle East and Africa,RTD Coffee,Small Local Grocers,Off-trade Volume,2024,29.7
Middle East and Africa,RTD Coffee,Non-Grocery Retailers,Off-trade Volume,2024,0.4
Middle East and Africa,RTD Coffee,General Merchandise Stores,Off-trade Volume,2024,0.0
Middle East and Africa,RTD Coffee,Apparel and Footwear Specialists,Off-trade Volume,2024,0.0
Middle East and Africa,RTD Coffee,Appliances and Electronics Specialists,Off-trade Volume,2024,0.0
Middle East and Africa,RTD Coffee,Home Products Specialists,Off-trade Volume,2024,0.0
Middle East and Africa,RTD Coffee,Health and Beauty Specialists,Off-trade Volume,2024,0.4
Middle East and Africa,RTD Coffee,Leisure and Personal Goods Specialists,Off-trade Volume,2024,0.0
Middle East and Africa,RTD Coffee,Other Non-Grocery Retailers,Off-trade Volume,2024,0.0
Middle East and Africa,RTD Coffee,Vending,Off-trade Volume,2024,0.0
Middle East and Africa,RTD Coffee,Direct Selling,Off-trade Volume,2024,0.1
Middle East and Africa,RTD Coffee,Retail E-Commerce,Off-trade Volume,2024,2.1
North America,Coffee,Retail Channels,Retail Volume,2024,100.0
North America,Coffee,Retail Offline,Retail Volume,2024,74.7
North America,Coffee,Grocery Retailers,Retail Volume,2024,72.6
North America,Coffee,Convenience Retailers,Retail Volume,2024,1.3
North America,Coffee,Convenience Stores,Retail Volume,2024,0.2
North America,Coffee,Forecourt Retailers,Retail Volume,2024,1.0
North America,Coffee,Supermarkets,Retail Volume,2024,23.9
North America,Coffee,Hypermarkets,Retail Volume,2024,19.8
North America,Coffee,Discounters,Retail Volume,2024,3.1
North America,Coffee,Warehouse Clubs,Retail Volume,2024,3.8
North America,Coffee,Food/drink/tobacco specialists,Retail Volume,2024,4.2
North America,Coffee,Small Local Grocers,Retail Volume,2024,16.5
North America,Coffee,Non-Grocery Retailers,Retail Volume,2024,1.9
North America,Coffee,General Merchandise Stores,Retail Volume,2024,1.2
North America,Coffee,Apparel and Footwear Specialists,Retail Volume,2024,0.0
North America,Coffee,Appliances and Electronics Specialists,Retail Volume,2024,0.0
North America,Coffee,Home Products Specialists,Retail Volume,2024,0.0
North America,Coffee,Health and Beauty Specialists,Retail Volume,2024,0.7
North America,Coffee,Leisure and Personal Goods Specialists,Retail Volume,2024,0.0
North America,Coffee,Other Non-Grocery Retailers,Retail Volume,2024,0.0
North America,Coffee,Vending,Retail Volume,2024,0.0
North America,Coffee,Direct Selling,Retail Volume,2024,0.1
North America,Coffee,Retail E-Commerce,Retail Volume,2024,25.3
North America,RTD Coffee,Retail Channels,Off-trade Volume,2024,100.0
North America,RTD Coffee,Retail Offline,Off-trade Volume,2024,86.3
North America,RTD Coffee,Grocery Retailers,Off-trade Volume,2024,79.2
North America,RTD Coffee,Convenience Retailers,Off-trade Volume,2024,23.6
North America,RTD Coffee,Convenience Stores,Off-trade Volume,2024,5.5
North America,RTD Coffee,Forecourt Retailers,Off-trade Volume,2024,18.1
North America,RTD Coffee,Supermarkets,Off-trade Volume,2024,20.1
North America,RTD Coffee,Hypermarkets,Off-trade Volume,2024,19.9
North America,RTD Coffee,Discounters,Off-trade Volume,2024,1.3
North America,RTD Coffee,Warehouse Clubs,Off-trade Volume,2024,10.7
North America,RTD Coffee,Food/drink/tobacco specialists,Off-trade Volume,2024,0.0
North America,RTD Coffee,Small Local Grocers,Off-trade Volume,2024,3.6
North America,RTD Coffee,Non-Grocery Retailers,Off-trade Volume,2024,4.7
North America,RTD Coffee,General Merchandise Stores,Off-trade Volume,2024,3.7
North America,RTD Coffee,Apparel and Footwear Specialists,Off-trade Volume,2024,0.0
North America,RTD Coffee,Appliances and Electronics Specialists,Off-trade Volume,2024,0.0
North America,RTD Coffee,Home Products Specialists,Off-trade Volume,2024,0.0
North America,RTD Coffee,Health and Beauty Specialists,Off-trade Volume,2024,1.0
North America,RTD Coffee,Leisure and Personal Goods Specialists,Off-trade Volume,2024,0.0
North America,RTD Coffee,Other Non-Grocery Retailers,Off-trade Volume,2024,0.0
North America,RTD Coffee,Vending,Off-trade Volume,2024,2.5
North America,RTD Coffee,Direct Selling,Off-trade Volume,2024,0.0
North America,RTD Coffee,Retail E-Commerce,Off-trade Volume,2024,13.7
USA,Coffee,Retail Channels,Retail Volume,2024,100.0
USA,Coffee,Retail Offline,Retail Volume,2024,73.3
USA,Coffee,Grocery Retailers,Retail Volume,2024,71.6
USA,Coffee,Convenience Retailers,Retail Volume,2024,1.3
USA,Coffee,Convenience Stores,Retail Volume,2024,0.2
USA,Coffee,Forecourt Retailers,Retail Volume,2024,1.1
USA,Coffee,Supermarkets,Retail Volume,2024,23.2
USA,Coffee,Hypermarkets,Retail Volume,2024,20.1
USA,Coffee,Discounters,Retail Volume,2024,1.8
USA,Coffee,Warehouse Clubs,Retail Volume,2024,3.3
USA,Coffee,Food/drink/tobacco specialists,Retail Volume,2024,4.7
USA,Coffee,Small Local Grocers,Retail Volume,2024,17.2
USA,Coffee,Non-Grocery Retailers,Retail Volume,2024,1.6
USA,Coffee,General Merchandise Stores,Retail Volume,2024,1.1
USA,Coffee,Apparel and Footwear Specialists,Retail Volume,2024,0.0
USA,Coffee,Appliances and Electronics Specialists,Retail Volume,2024,0.0
USA,Coffee,Home Products Specialists,Retail Volume,2024,0.0
USA,Coffee,Health and Beauty Specialists,Retail Volume,2024,0.5
USA,Coffee,Leisure and Personal Goods Specialists,Retail Volume,2024,0.0
USA,Coffee,Other Non-Grocery Retailers,Retail Volume,2024,0.0
USA,Coffee,Vending,Retail Volume,2024,0.0
USA,Coffee,Direct Selling,Retail Volume,2024,0.2
USA,Coffee,Retail E-Commerce,Retail Volume,2024,26.7
USA,RTD Coffee,Retail Channels,Off-trade Volume,2024,100.0
USA,RTD Coffee,Retail Offline,Off-trade Volume,2024,86.2
USA,RTD Coffee,Grocery Retailers,Off-trade Volume,2024,79.2
USA,RTD Coffee,Convenience Retailers,Off-trade Volume,2024,23.7
USA,RTD Coffee,Convenience Stores,Off-trade Volume,2024,5.6
USA,RTD Coffee,Forecourt Retailers,Off-trade Volume,2024,18.2
USA,RTD Coffee,Supermarkets,Off-trade Volume,2024,19.8
USA,RTD Coffee,Hypermarkets,Off-trade Volume,2024,20.0
USA,RTD Coffee,Discounters,Off-trade Volume,2024,1.3
USA,RTD Coffee,Warehouse Clubs,Off-trade Volume,2024,10.7
USA,RTD Coffee,Food/drink/tobacco specialists,Off-trade Volume,2024,0.0
USA,RTD Coffee,Small Local Grocers,Off-trade Volume,2024,3.7
USA,RTD Coffee,Non-Grocery Retailers,Off-trade Volume,2024,4.5
USA,RTD Coffee,General Merchandise Stores,Off-trade Volume,2024,3.7
USA,RTD Coffee,Apparel and Footwear Specialists,Off-trade Volume,2024,0.0
USA,RTD Coffee,Appliances and Electronics Specialists,Off-trade Volume,2024,0.0
USA,RTD Coffee,Home Products Specialists,Off-trade Volume,2024,0.0
USA,RTD Coffee,Health and Beauty Specialists,Off-trade Volume,2024,0.8
USA,RTD Coffee,Leisure and Personal Goods Specialists,Off-trade Volume,2024,0.0
USA,RTD Coffee,Other Non-Grocery Retailers,Off-trade Volume,2024,0.0
USA,RTD Coffee,Vending,Off-trade Volume,2024,2.5
USA,RTD Coffee,Direct Selling,Off-trade Volume,2024,0.0
USA,RTD Coffee,Retail E-Commerce,Off-trade Volume,2024,13.8
Western Europe,Coffee,Retail Channels,Retail Volume,2024,100.0
Western Europe,Coffee,Retail Offline,Retail Volume,2024,94.2
Western Europe,Coffee,Grocery Retailers,Retail Volume,2024,91.6
Western Europe,Coffee,Convenience Retailers,Retail Volume,2024,3.3
Western Europe,Coffee,Convenience Stores,Retail Volume,2024,3.0
Western Europe,Coffee,Forecourt Retailers,Retail Volume,2024,0.4
Western Europe,Coffee,Supermarkets,Retail Volume,2024,37.5
Western Europe,Coffee,Hypermarkets,Retail Volume,2024,18.8
Western Europe,Coffee,Discounters,Retail Volume,2024,25.0
Western Europe,Coffee,Warehouse Clubs,Retail Volume,2024,0.0
Western Europe,Coffee,Food/drink/tobacco specialists,Retail Volume,2024,4.1
Western Europe,Coffee,Small Local Grocers,Retail Volume,2024,3.0
Western Europe,Coffee,Non-Grocery Retailers,Retail Volume,2024,1.7
Western Europe,Coffee,General Merchandise Stores,Retail Volume,2024,0.6
Western Europe,Coffee,Apparel and Footwear Specialists,Retail Volume,2024,0.0
Western Europe,Coffee,Appliances and Electronics Specialists,Retail Volume,2024,0.0
Western Europe,Coffee,Home Products Specialists,Retail Volume,2024,0.0
Western Europe,Coffee,Health and Beauty Specialists,Retail Volume,2024,1.0
Western Europe,Coffee,Leisure and Personal Goods Specialists,Retail Volume,2024,0.0
Western Europe,Coffee,Other Non-Grocery Retailers,Retail Volume,2024,0.0
Western Europe,Coffee,Vending,Retail Volume,2024,0.9
Western Europe,Coffee,Direct Selling,Retail Volume,2024,0.0
Western Europe,Coffee,Retail E-Commerce,Retail Volume,2024,5.8
Western Europe,RTD Coffee,Retail Channels,Off-trade Volume,2024,100.0
Western Europe,RTD Coffee,Retail Offline,Off-trade Volume,2024,96.4
Western Europe,RTD Coffee,Grocery Retailers,Off-trade Volume,2024,94.5
Western Europe,RTD Coffee,Convenience Retailers,Off-trade Volume,2024,13.9
Western Europe,RTD Coffee,Convenience Stores,Off-trade Volume,2024,6.5
Western Europe,RTD Coffee,Forecourt Retailers,Off-trade Volume,2024,7.4
Western Europe,RTD Coffee,Supermarkets,Off-trade Volume,2024,44.4
Western Europe,RTD Coffee,Hypermarkets,Off-trade Volume,2024,15.1
Western Europe,RTD Coffee,Discounters,Off-trade Volume,2024,15.4
Western Europe,RTD Coffee,Warehouse Clubs,Off-trade Volume,2024,0.0
Western Europe,RTD Coffee,Food/drink/tobacco specialists,Off-trade Volume,2024,0.2
Western Europe,RTD Coffee,Small Local Grocers,Off-trade Volume,2024,5.6
Western Europe,RTD Coffee,Non-Grocery Retailers,Off-trade Volume,2024,1.4
Western Europe,RTD Coffee,General Merchandise Stores,Off-trade Volume,2024,0.0
Western Europe,RTD Coffee,Apparel and Footwear Specialists,Off-trade Volume,2024,0.0
Western Europe,RTD Coffee,Appliances and Electronics Specialists,Off-trade Volume,2024,0.0
Western Europe,RTD Coffee,Home Products Specialists,Off-trade Volume,2024,0.0
Western Europe,RTD Coffee,Health and Beauty Specialists,Off-trade Volume,2024,1.4
Western Europe,RTD Coffee,Leisure and Personal Goods Specialists,Off-trade Volume,2024,0.0
Western Europe,RTD Coffee,Other Non-Grocery Retailers,Off-trade Volume,2024,0.0
Western Europe,RTD Coffee,Vending,Off-trade Volume,2024,0.5
Western Europe,RTD Coffee,Direct Selling,Off-trade Volume,2024,0.0
Western Europe,RTD Coffee,Retail E-Commerce,Off-trade Volume,2024,3.6
France,Coffee,Retail Channels,Retail Volume,2024,100.0
France,Coffee,Retail Offline,Retail Volume,2024,86.0
France,Coffee,Grocery Retailers,Retail Volume,2024,84.9
France,Coffee,Convenience Retailers,Retail Volume,2024,1.4
France,Coffee,Convenience Stores,Retail Volume,2024,1.4
France,Coffee,Forecourt Retailers,Retail Volume,2024,0.0
France,Coffee,Supermarkets,Retail Volume,2024,22.5
France,Coffee,Hypermarkets,Retail Volume,2024,29.4
France,Coffee,Discounters,Retail Volume,2024,13.5
France,Coffee,Warehouse Clubs,Retail Volume,2024,0.0
France,Coffee,Food/drink/tobacco specialists,Retail Volume,2024,17.3
France,Coffee,Small Local Grocers,Retail Volume,2024,0.8
France,Coffee,Non-Grocery Retailers,Retail Volume,2024,0.6
France,Coffee,General Merchandise Stores,Retail Volume,2024,0.0
France,Coffee,Apparel and Footwear Specialists,Retail Volume,2024,0.0
France,Coffee,Appliances and Electronics Specialists,Retail Volume,2024,0.0
France,Coffee,Home Products Specialists,Retail Volume,2024,0.0
France,Coffee,Health and Beauty Specialists,Retail Volume,2024,0.6
France,Coffee,Leisure and Personal Goods Specialists,Retail Volume,2024,0.0
France,Coffee,Other Non-Grocery Retailers,Retail Volume,2024,0.0
France,Coffee,Vending,Retail Volume,2024,0.6
France,Coffee,Direct Selling,Retail Volume,2024,0.0
France,Coffee,Retail E-Commerce,Retail Volume,2024,14.0
France,RTD Coffee,Retail Channels,Off-trade Volume,2024,100.0
France,RTD Coffee,Retail Offline,Off-trade Volume,2024,97.9
France,RTD Coffee,Grocery Retailers,Off-trade Volume,2024,97.4
France,RTD Coffee,Convenience Retailers,Off-trade Volume,2024,37.6
France,RTD Coffee,Convenience Stores,Off-trade Volume,2024,17.3
France,RTD Coffee,Forecourt Retailers,Off-trade Volume,2024,20.3
France,RTD Coffee,Supermarkets,Off-trade Volume,2024,27.0
France,RTD Coffee,Hypermarkets,Off-trade Volume,2024,28.3
France,RTD Coffee,Discounters,Off-trade Volume,2024,2.9
France,RTD Coffee,Warehouse Clubs,Off-trade Volume,2024,0.0
France,RTD Coffee,Food/drink/tobacco specialists,Off-trade Volume,2024,0.0
France,RTD Coffee,Small Local Grocers,Off-trade Volume,2024,1.6
France,RTD Coffee,Non-Grocery Retailers,Off-trade Volume,2024,0.0
France,RTD Coffee,General Merchandise Stores,Off-trade Volume,2024,0.0
France,RTD Coffee,Apparel and Footwear Specialists,Off-trade Volume,2024,0.0
France,RTD Coffee,Appliances and Electronics Specialists,Off-trade Volume,2024,0.0
France,RTD Coffee,Home Products Specialists,Off-trade Volume,2024,0.0
France,RTD Coffee,Health and Beauty Specialists,Off-trade Volume,2024,0.0
France,RTD Coffee,Leisure and Personal Goods Specialists,Off-trade Volume,2024,0.0
France,RTD Coffee,Other Non-Grocery Retailers,Off-trade Volume,2024,0.0
France,RTD Coffee,Vending,Off-trade Volume,2024,0.5
France,RTD Coffee,Direct Selling,Off-trade Volume,2024,0.0
France,RTD Coffee,Retail E-Commerce,Off-trade Volume,2024,2.1
Germany,Coffee,Retail Channels,Retail Volume,2024,100.0
Germany,Coffee,Retail Offline,Retail Volume,2024,97.1
Germany,Coffee,Grocery Retailers,Retail Volume,2024,94.4
Germany,Coffee,Convenience Retailers,Retail Volume,2024,0.6
Germany,Coffee,Convenience Stores,Retail Volume,2024,0.4
Germany,Coffee,Forecourt Retailers,Retail Volume,2024,0.2
Germany,Coffee,Supermarkets,Retail Volume,2024,25.8
Germany,Coffee,Hypermarkets,Retail Volume,2024,16.9
Germany,Coffee,Discounters,Retail Volume,2024,47.9
Germany,Coffee,Warehouse Clubs,Retail Volume,2024,0.0
Germany,Coffee,Food/drink/tobacco specialists,Retail Volume,2024,2.4
Germany,Coffee,Small Local Grocers,Retail Volume,2024,0.8
Germany,Coffee,Non-Grocery Retailers,Retail Volume,2024,2.5
Germany,Coffee,General Merchandise Stores,Retail Volume,2024,1.3
Germany,Coffee,Apparel and Footwear Specialists,Retail Volume,2024,0.0
Germany,Coffee,Appliances and Electronics Specialists,Retail Volume,2024,0.0
Germany,Coffee,Home Products Specialists,Retail Volume,2024,0.0
Germany,Coffee,Health and Beauty Specialists,Retail Volume,2024,1.2
Germany,Coffee,Leisure and Personal Goods Specialists,Retail Volume,2024,0.0
Germany,Coffee,Other Non-Grocery Retailers,Retail Volume,2024,0.0
Germany,Coffee,Vending,Retail Volume,2024,0.2
Germany,Coffee,Direct Selling,Retail Volume,2024,0.0
Germany,Coffee,Retail E-Commerce,Retail Volume,2024,2.9
Germany,RTD Coffee,Retail Channels,Off-trade Volume,2024,100.0
Germany,RTD Coffee,Retail Offline,Off-trade Volume,2024,98.8
Germany,RTD Coffee,Grocery Retailers,Off-trade Volume,2024,94.6
Germany,RTD Coffee,Convenience Retailers,Off-trade Volume,2024,16.0
Germany,RTD Coffee,Convenience Stores,Off-trade Volume,2024,0.1
Germany,RTD Coffee,Forecourt Retailers,Off-trade Volume,2024,15.8
Germany,RTD Coffee,Supermarkets,Off-trade Volume,2024,31.6
Germany,RTD Coffee,Hypermarkets,Off-trade Volume,2024,13.8
Germany,RTD Coffee,Discounters,Off-trade Volume,2024,27.5
Germany,RTD Coffee,Warehouse Clubs,Off-trade Volume,2024,0.0
Germany,RTD Coffee,Food/drink/tobacco specialists,Off-trade Volume,2024,0.1
Germany,RTD Coffee,Small Local Grocers,Off-trade Volume,2024,5.6
Germany,RTD Coffee,Non-Grocery Retailers,Off-trade Volume,2024,4.0
Germany,RTD Coffee,General Merchandise Stores,Off-trade Volume,2024,0.0
Germany,RTD Coffee,Apparel and Footwear Specialists,Off-trade Volume,2024,0.0
Germany,RTD Coffee,Appliances and Electronics Specialists,Off-trade Volume,2024,0.0
Germany,RTD Coffee,Home Products Specialists,Off-trade Volume,2024,0.0
Germany,RTD Coffee,Health and Beauty Specialists,Off-trade Volume,2024,4.0
Germany,RTD Coffee,Leisure and Personal Goods Specialists,Off-trade Volume,2024,0.0
Germany,RTD Coffee,Other Non-Grocery Retailers,Off-trade Volume,2024,0.0
Germany,RTD Coffee,Vending,Off-trade Volume,2024,0.3
Germany,RTD Coffee,Direct Selling,Off-trade Volume,2024,0.0
Germany,RTD Coffee,Retail E-Commerce,Off-trade Volume,2024,1.2
United Kingdom,Coffee,Retail Channels,Retail Volume,2024,100.0
United Kingdom,Coffee,Retail Offline,Retail Volume,2024,87.8
United Kingdom,Coffee,Grocery Retailers,Retail Volume,2024,85.0
United Kingdom,Coffee,Convenience Retailers,Retail Volume,2024,5.3
United Kingdom,Coffee,Convenience Stores,Retail Volume,2024,5.0
United Kingdom,Coffee,Forecourt Retailers,Retail Volume,2024,0.2
United Kingdom,Coffee,Supermarkets,Retail Volume,2024,36.4
United Kingdom,Coffee,Hypermarkets,Retail Volume,2024,32.3
United Kingdom,Coffee,Discounters,Retail Volume,2024,8.7
United Kingdom,Coffee,Warehouse Clubs,Retail Volume,2024,0.1
United Kingdom,Coffee,Food/drink/tobacco specialists,Retail Volume,2024,1.3
United Kingdom,Coffee,Small Local Grocers,Retail Volume,2024,1.0
United Kingdom,Coffee,Non-Grocery Retailers,Retail Volume,2024,1.9
United Kingdom,Coffee,General Merchandise Stores,Retail Volume,2024,1.9
United Kingdom,Coffee,Apparel and Footwear Specialists,Retail Volume,2024,0.0
United Kingdom,Coffee,Appliances and Electronics Specialists,Retail Volume,2024,0.0
United Kingdom,Coffee,Home Products Specialists,Retail Volume,2024,0.0
United Kingdom,Coffee,Health and Beauty Specialists,Retail Volume,2024,0.0
United Kingdom,Coffee,Leisure and Personal Goods Specialists,Retail Volume,2024,0.0
United Kingdom,Coffee,Other Non-Grocery Retailers,Retail Volume,2024,0.0
United Kingdom,Coffee,Vending,Retail Volume,2024,0.8
United Kingdom,Coffee,Direct Selling,Retail Volume,2024,0.0
United Kingdom,Coffee,Retail E-Commerce,Retail Volume,2024,12.2
United Kingdom,RTD Coffee,Retail Channels,Off-trade Volume,2024,100.0
United Kingdom,RTD Coffee,Retail Offline,Off-trade Volume,2024,90.9
United Kingdom,RTD Coffee,Grocery Retailers,Off-trade Volume,2024,90.1
United Kingdom,RTD Coffee,Convenience Retailers,Off-trade Volume,2024,12.6
United Kingdom,RTD Coffee,Convenience Stores,Off-trade Volume,2024,9.5
United Kingdom,RTD Coffee,Forecourt Retailers,Off-trade Volume,2024,3.1
United Kingdom,RTD Coffee,Supermarkets,Off-trade Volume,2024,33.2
United Kingdom,RTD Coffee,Hypermarkets,Off-trade Volume,2024,29.7
United Kingdom,RTD Coffee,Discounters,Off-trade Volume,2024,0.0
United Kingdom,RTD Coffee,Warehouse Clubs,Off-trade Volume,2024,0.0
United Kingdom,RTD Coffee,Food/drink/tobacco specialists,Off-trade Volume,2024,0.0
United Kingdom,RTD Coffee,Small Local Grocers,Off-trade Volume,2024,14.6
United Kingdom,RTD Coffee,Non-Grocery Retailers,Off-trade Volume,2024,0.8
United Kingdom,RTD Coffee,General Merchandise Stores,Off-trade Volume,2024,0.0
United Kingdom,RTD Coffee,Apparel and Footwear Specialists,Off-trade Volume,2024,0.0
United Kingdom,RTD Coffee,Appliances and Electronics Specialists,Off-trade Volume,2024,0.0
United Kingdom,RTD Coffee,Home Products Specialists,Off-trade Volume,2024,0.0
United Kingdom,RTD Coffee,Health and Beauty Specialists,Off-trade Volume,2024,0.8
United Kingdom,RTD Coffee,Leisure and Personal Goods Specialists,Off-trade Volume,2024,0.0
United Kingdom,RTD Coffee,Other Non-Grocery Retailers,Off-trade Volume,2024,0.0
United Kingdom,RTD Coffee,Vending,Off-trade Volume,2024,0.0
United Kingdom,RTD Coffee,Direct Selling,Off-trade Volume,2024,0.0
United Kingdom,RTD Coffee,Retail E-Commerce,Off-trade Volume,2024,9.1
World,Coffee,Retail Channels,Retail Volume,2025,100.0
World,Coffee,Retail Offline,Retail Volume,2025,91.4
World,Coffee,Grocery Retailers,Retail Volume,2025,89.2
World,Coffee,Convenience Retailers,Retail Volume,2025,5.1
World,Coffee,Convenience Stores,Retail Volume,2025,4.3
World,Coffee,Forecourt Retailers,Retail Volume,2025,0.8
World,Coffee,Supermarkets,Retail Volume,2025,28.1
World,Coffee,Hypermarkets,Retail Volume,2025,15.6
World,Coffee,Discounters,Retail Volume,2025,8.4
World,Coffee,Warehouse Clubs,Retail Volume,2025,1.4
World,Coffee,Food/drink/tobacco specialists,Retail Volume,2025,2.6
World,Coffee,Small Local Grocers,Retail Volume,2025,27.9
World,Coffee,Non-Grocery Retailers,Retail Volume,2025,1.5
World,Coffee,General Merchandise Stores,Retail Volume,2025,0.9
World,Coffee,Apparel and Footwear Specialists,Retail Volume,2025,0.0
World,Coffee,Appliances and Electronics Specialists,Retail Volume,2025,0.0
World,Coffee,Home Products Specialists,Retail Volume,2025,0.0
World,Coffee,Health and Beauty Specialists,Retail Volume,2025,0.5
World,Coffee,Leisure and Personal Goods Specialists,Retail Volume,2025,0.0
World,Coffee,Other Non-Grocery Retailers,Retail Volume,2025,0.1
World,Coffee,Vending,Retail Volume,2025,0.5
World,Coffee,Direct Selling,Retail Volume,2025,0.1
World,Coffee,Retail E-Commerce,Retail Volume,2025,8.6
World,RTD Coffee,Retail Channels,Off-trade Volume,2025,100.0
World,RTD Coffee,Retail Offline,Off-trade Volume,2025,94.5
World,RTD Coffee,Grocery Retailers,Off-trade Volume,2025,71.2
World,RTD Coffee,Convenience Retailers,Off-trade Volume,2025,26.4
World,RTD Coffee,Convenience Stores,Off-trade Volume,2025,21.9
World,RTD Coffee,Forecourt Retailers,Off-trade Volume,2025,4.5
World,RTD Coffee,Supermarkets,Off-trade Volume,2025,21.5
World,RTD Coffee,Hypermarkets,Off-trade Volume,2025,9.2
World,RTD Coffee,Discounters,Off-trade Volume,2025,1.5
World,RTD Coffee,Warehouse Clubs,Off-trade Volume,2025,2.6
World,RTD Coffee,Food/drink/tobacco specialists,Off-trade Volume,2025,0.0
World,RTD Coffee,Small Local Grocers,Off-trade Volume,2025,10.1
World,RTD Coffee,Non-Grocery Retailers,Off-trade Volume,2025,10.8
World,RTD Coffee,General Merchandise Stores,Off-trade Volume,2025,4.7
World,RTD Coffee,Apparel and Footwear Specialists,Off-trade Volume,2025,0.0
World,RTD Coffee,Appliances and Electronics Specialists,Off-trade Volume,2025,0.0
World,RTD Coffee,Home Products Specialists,Off-trade Volume,2025,0.0
World,RTD Coffee,Health and Beauty Specialists,Off-trade Volume,2025,6.1
World,RTD Coffee,Leisure and Personal Goods Specialists,Off-trade Volume,2025,0.0
World,RTD Coffee,Other Non-Grocery Retailers,Off-trade Volume,2025,0.0
World,RTD Coffee,Vending,Off-trade Volume,2025,12.4
World,RTD Coffee,Direct Selling,Off-trade Volume,2025,0.0
World,RTD Coffee,Retail E-Commerce,Off-trade Volume,2025,5.5
Asia Pacific,Coffee,Retail Channels,Retail Volume,2025,100.0
Asia Pacific,Coffee,Retail Offline,Retail Volume,2025,89.8
Asia Pacific,Coffee,Grocery Retailers,Retail Volume,2025,88.0
Asia Pacific,Coffee,Convenience Retailers,Retail Volume,2025,8.2
Asia Pacific,Coffee,Convenience Stores,Retail Volume,2025,7.3
Asia Pacific,Coffee,Forecourt Retailers,Retail Volume,2025,0.9
Asia Pacific,Coffee,Supermarkets,Retail Volume,2025,15.7
Asia Pacific,Coffee,Hypermarkets,Retail Volume,2025,8.2
Asia Pacific,Coffee,Discounters,Retail Volume,2025,0.1
Asia Pacific,Coffee,Warehouse Clubs,Retail Volume,2025,0.3
Asia Pacific,Coffee,Food/drink/tobacco specialists,Retail Volume,2025,0.6
Asia Pacific,Coffee,Small Local Grocers,Retail Volume,2025,55.0
Asia Pacific,Coffee,Non-Grocery Retailers,Retail Volume,2025,1.6
Asia Pacific,Coffee,General Merchandise Stores,Retail Volume,2025,1.0
Asia Pacific,Coffee,Apparel and Footwear Specialists,Retail Volume,2025,0.0
Asia Pacific,Coffee,Appliances and Electronics Specialists,Retail Volume,2025,0.0
Asia Pacific,Coffee,Home Products Specialists,Retail Volume,2025,0.0
Asia Pacific,Coffee,Health and Beauty Specialists,Retail Volume,2025,0.6
Asia Pacific,Coffee,Leisure and Personal Goods Specialists,Retail Volume,2025,0.0
Asia Pacific,Coffee,Other Non-Grocery Retailers,Retail Volume,2025,0.0
Asia Pacific,Coffee,Vending,Retail Volume,2025,0.1
Asia Pacific,Coffee,Direct Selling,Retail Volume,2025,0.1
Asia Pacific,Coffee,Retail E-Commerce,Retail Volume,2025,10.2
Asia Pacific,RTD Coffee,Retail Channels,Off-trade Volume,2025,100.0
Asia Pacific,RTD Coffee,Retail Offline,Off-trade Volume,2025,95.8
Asia Pacific,RTD Coffee,Grocery Retailers,Off-trade Volume,2025,66.5
Asia Pacific,RTD Coffee,Convenience Retailers,Off-trade Volume,2025,28.0
Asia Pacific,RTD Coffee,Convenience Stores,Off-trade Volume,2025,27.1
Asia Pacific,RTD Coffee,Forecourt Retailers,Off-trade Volume,2025,0.9
Asia Pacific,RTD Coffee,Supermarkets,Off-trade Volume,2025,19.5
Asia Pacific,RTD Coffee,Hypermarkets,Off-trade Volume,2025,6.3
Asia Pacific,RTD Coffee,Discounters,Off-trade Volume,2025,0.0
Asia Pacific,RTD Coffee,Warehouse Clubs,Off-trade Volume,2025,1.3
Asia Pacific,RTD Coffee,Food/drink/tobacco specialists,Off-trade Volume,2025,0.0
Asia Pacific,RTD Coffee,Small Local Grocers,Off-trade Volume,2025,11.4
Asia Pacific,RTD Coffee,Non-Grocery Retailers,Off-trade Volume,2025,13.4
Asia Pacific,RTD Coffee,General Merchandise Stores,Off-trade Volume,2025,5.5
Asia Pacific,RTD Coffee,Apparel and Footwear Specialists,Off-trade Volume,2025,0.0
Asia Pacific,RTD Coffee,Appliances and Electronics Specialists,Off-trade Volume,2025,0.0
Asia Pacific,RTD Coffee,Home Products Specialists,Off-trade Volume,2025,0.0
Asia Pacific,RTD Coffee,Health and Beauty Specialists,Off-trade Volume,2025,7.9
Asia Pacific,RTD Coffee,Leisure and Personal Goods Specialists,Off-trade Volume,2025,0.0
Asia Pacific,RTD Coffee,Other Non-Grocery Retailers,Off-trade Volume,2025,0.0
Asia Pacific,RTD Coffee,Vending,Off-trade Volume,2025,16.0
Asia Pacific,RTD Coffee,Direct Selling,Off-trade Volume,2025,0.0
Asia Pacific,RTD Coffee,Retail E-Commerce,Off-trade Volume,2025,4.2
China,Coffee,Retail Channels,Retail Volume,2025,100.0
China,Coffee,Retail Offline,Retail Volume,2025,53.3
China,Coffee,Grocery Retailers,Retail Volume,2025,53.3
China,Coffee,Convenience Retailers,Retail Volume,2025,5.5
China,Coffee,Convenience Stores,Retail Volume,2025,5.5
China,Coffee,Forecourt Retailers,Retail Volume,2025,0.0
China,Coffee,Supermarkets,Retail Volume,2025,20.5
China,Coffee,Hypermarkets,Retail Volume,2025,24.1
China,Coffee,Discounters,Retail Volume,2025,0.0
China,Coffee,Warehouse Clubs,Retail Volume,2025,0.0
China,Coffee,Food/drink/tobacco specialists,Retail Volume,2025,0.0
China,Coffee,Small Local Grocers,Retail Volume,2025,3.2
China,Coffee,Non-Grocery Retailers,Retail Volume,2025,0.0
China,Coffee,General Merchandise Stores,Retail Volume,2025,0.0
China,Coffee,Apparel and Footwear Specialists,Retail Volume,2025,0.0
China,Coffee,Appliances and Electronics Specialists,Retail Volume,2025,0.0
China,Coffee,Home Products Specialists,Retail Volume,2025,0.0
China,Coffee,Health and Beauty Specialists,Retail Volume,2025,0.0
China,Coffee,Leisure and Personal Goods Specialists,Retail Volume,2025,0.0
China,Coffee,Other Non-Grocery Retailers,Retail Volume,2025,0.0
China,Coffee,Vending,Retail Volume,2025,0.0
China,Coffee,Direct Selling,Retail Volume,2025,0.0
China,Coffee,Retail E-Commerce,Retail Volume,2025,46.7
China,RTD Coffee,Retail Channels,Off-trade Volume,2025,100.0
China,RTD Coffee,Retail Offline,Off-trade Volume,2025,93.6
China,RTD Coffee,Grocery Retailers,Off-trade Volume,2025,90.7
China,RTD Coffee,Convenience Retailers,Off-trade Volume,2025,20.7
China,RTD Coffee,Convenience Stores,Off-trade Volume,2025,16.7
China,RTD Coffee,Forecourt Retailers,Off-trade Volume,2025,4.0
China,RTD Coffee,Supermarkets,Off-trade Volume,2025,18.9
China,RTD Coffee,Hypermarkets,Off-trade Volume,2025,8.0
China,RTD Coffee,Discounters,Off-trade Volume,2025,0.5
China,RTD Coffee,Warehouse Clubs,Off-trade Volume,2025,0.0
China,RTD Coffee,Food/drink/tobacco specialists,Off-trade Volume,2025,0.0
China,RTD Coffee,Small Local Grocers,Off-trade Volume,2025,42.6
China,RTD Coffee,Non-Grocery Retailers,Off-trade Volume,2025,0.0
China,RTD Coffee,General Merchandise Stores,Off-trade Volume,2025,0.0
China,RTD Coffee,Apparel and Footwear Specialists,Off-trade Volume,2025,0.0
China,RTD Coffee,Appliances and Electronics Specialists,Off-trade Volume,2025,0.0
China,RTD Coffee,Home Products Specialists,Off-trade Volume,2025,0.0
China,RTD Coffee,Health and Beauty Specialists,Off-trade Volume,2025,0.0
China,RTD Coffee,Leisure and Personal Goods Specialists,Off-trade Volume,2025,0.0
China,RTD Coffee,Other Non-Grocery Retailers,Off-trade Volume,2025,0.0
China,RTD Coffee,Vending,Off-trade Volume,2025,2.9
China,RTD Coffee,Direct Selling,Off-trade Volume,2025,0.0
China,RTD Coffee,Retail E-Commerce,Off-trade Volume,2025,6.4
India,Coffee,Retail Channels,Retail Volume,2025,100.0
India,Coffee,Retail Offline,Retail Volume,2025,93.3
India,Coffee,Grocery Retailers,Retail Volume,2025,93.3
India,Coffee,Convenience Retailers,Retail Volume,2025,1.6
India,Coffee,Convenience Stores,Retail Volume,2025,1.4
India,Coffee,Forecourt Retailers,Retail Volume,2025,0.1
India,Coffee,Supermarkets,Retail Volume,2025,9.1
India,Coffee,Hypermarkets,Retail Volume,2025,7.1
India,Coffee,Discounters,Retail Volume,2025,0.0
India,Coffee,Warehouse Clubs,Retail Volume,2025,0.0
India,Coffee,Food/drink/tobacco specialists,Retail Volume,2025,0.0
India,Coffee,Small Local Grocers,Retail Volume,2025,75.5
India,Coffee,Non-Grocery Retailers,Retail Volume,2025,0.0
India,Coffee,General Merchandise Stores,Retail Volume,2025,0.0
India,Coffee,Apparel and Footwear Specialists,Retail Volume,2025,0.0
India,Coffee,Appliances and Electronics Specialists,Retail Volume,2025,0.0
India,Coffee,Home Products Specialists,Retail Volume,2025,0.0
India,Coffee,Health and Beauty Specialists,Retail Volume,2025,0.0
India,Coffee,Leisure and Personal Goods Specialists,Retail Volume,2025,0.0
India,Coffee,Other Non-Grocery Retailers,Retail Volume,2025,0.0
India,Coffee,Vending,Retail Volume,2025,0.0
India,Coffee,Direct Selling,Retail Volume,2025,0.0
India,Coffee,Retail E-Commerce,Retail Volume,2025,6.7
India,RTD Coffee,Retail Channels,Off-trade Volume,2025,0.0
India,RTD Coffee,Retail Offline,Off-trade Volume,2025,0.0
India,RTD Coffee,Grocery Retailers,Off-trade Volume,2025,0.0
India,RTD Coffee,Convenience Retailers,Off-trade Volume,2025,0.0
India,RTD Coffee,Convenience Stores,Off-trade Volume,2025,0.0
India,RTD Coffee,Forecourt Retailers,Off-trade Volume,2025,0.0
India,RTD Coffee,Supermarkets,Off-trade Volume,2025,0.0
India,RTD Coffee,Hypermarkets,Off-trade Volume,2025,0.0
India,RTD Coffee,Discounters,Off-trade Volume,2025,0.0
India,RTD Coffee,Warehouse Clubs,Off-trade Volume,2025,0.0
India,RTD Coffee,Food/drink/tobacco specialists,Off-trade Volume,2025,0.0
India,RTD Coffee,Small Local Grocers,Off-trade Volume,2025,0.0
India,RTD Coffee,Non-Grocery Retailers,Off-trade Volume,2025,0.0
India,RTD Coffee,General Merchandise Stores,Off-trade Volume,2025,0.0
India,RTD Coffee,Apparel and Footwear Specialists,Off-trade Volume,2025,0.0
India,RTD Coffee,Appliances and Electronics Specialists,Off-trade Volume,2025,0.0
India,RTD Coffee,Home Products Specialists,Off-trade Volume,2025,0.0
India,RTD Coffee,Health and Beauty Specialists,Off-trade Volume,2025,0.0
India,RTD Coffee,Leisure and Personal Goods Specialists,Off-trade Volume,2025,0.0
India,RTD Coffee,Other Non-Grocery Retailers,Off-trade Volume,2025,0.0
India,RTD Coffee,Vending,Off-trade Volume,2025,0.0
India,RTD Coffee,Direct Selling,Off-trade Volume,2025,0.0
India,RTD Coffee,Retail E-Commerce,Off-trade Volume,2025,0.0
Japan,Coffee,Retail Channels,Retail Volume,2025,100.0
Japan,Coffee,Retail Offline,Retail Volume,2025,87.6
Japan,Coffee,Grocery Retailers,Retail Volume,2025,67.7
Japan,Coffee,Convenience Retailers,Retail Volume,2025,2.8
Japan,Coffee,Convenience Stores,Retail Volume,2025,2.8
Japan,Coffee,Forecourt Retailers,Retail Volume,2025,0.0
Japan,Coffee,Supermarkets,Retail Volume,2025,46.4
Japan,Coffee,Hypermarkets,Retail Volume,2025,10.5
Japan,Coffee,Discounters,Retail Volume,2025,0.0
Japan,Coffee,Warehouse Clubs,Retail Volume,2025,2.8
Japan,Coffee,Food/drink/tobacco specialists,Retail Volume,2025,0.0
Japan,Coffee,Small Local Grocers,Retail Volume,2025,5.3
Japan,Coffee,Non-Grocery Retailers,Retail Volume,2025,19.2
Japan,Coffee,General Merchandise Stores,Retail Volume,2025,12.4
Japan,Coffee,Apparel and Footwear Specialists,Retail Volume,2025,0.0
Japan,Coffee,Appliances and Electronics Specialists,Retail Volume,2025,0.0
Japan,Coffee,Home Products Specialists,Retail Volume,2025,0.0
Japan,Coffee,Health and Beauty Specialists,Retail Volume,2025,6.8
Japan,Coffee,Leisure and Personal Goods Specialists,Retail Volume,2025,0.0
Japan,Coffee,Other Non-Grocery Retailers,Retail Volume,2025,0.0
Japan,Coffee,Vending,Retail Volume,2025,0.7
Japan,Coffee,Direct Selling,Retail Volume,2025,0.0
Japan,Coffee,Retail E-Commerce,Retail Volume,2025,12.4
Japan,RTD Coffee,Retail Channels,Off-trade Volume,2025,100.0
Japan,RTD Coffee,Retail Offline,Off-trade Volume,2025,98.8
Japan,RTD Coffee,Grocery Retailers,Off-trade Volume,2025,56.8
Japan,RTD Coffee,Convenience Retailers,Off-trade Volume,2025,21.8
Japan,RTD Coffee,Convenience Stores,Off-trade Volume,2025,21.8
Japan,RTD Coffee,Forecourt Retailers,Off-trade Volume,2025,0.0
Japan,RTD Coffee,Supermarkets,Off-trade Volume,2025,23.2
Japan,RTD Coffee,Hypermarkets,Off-trade Volume,2025,6.0
Japan,RTD Coffee,Discounters,Off-trade Volume,2025,0.0
Japan,RTD Coffee,Warehouse Clubs,Off-trade Volume,2025,1.7
Japan,RTD Coffee,Food/drink/tobacco specialists,Off-trade Volume,2025,0.0
Japan,RTD Coffee,Small Local Grocers,Off-trade Volume,2025,4.1
Japan,RTD Coffee,Non-Grocery Retailers,Off-trade Volume,2025,19.1
Japan,RTD Coffee,General Merchandise Stores,Off-trade Volume,2025,7.7
Japan,RTD Coffee,Apparel and Footwear Specialists,Off-trade Volume,2025,0.0
Japan,RTD Coffee,Appliances and Electronics Specialists,Off-trade Volume,2025,0.0
Japan,RTD Coffee,Home Products Specialists,Off-trade Volume,2025,0.0
Japan,RTD Coffee,Health and Beauty Specialists,Off-trade Volume,2025,11.4
Japan,RTD Coffee,Leisure and Personal Goods Specialists,Off-trade Volume,2025,0.0
Japan,RTD Coffee,Other Non-Grocery Retailers,Off-trade Volume,2025,0.0
Japan,RTD Coffee,Vending,Off-trade Volume,2025,22.9
Japan,RTD Coffee,Direct Selling,Off-trade Volume,2025,0.0
Japan,RTD Coffee,Retail E-Commerce,Off-trade Volume,2025,1.2
Thailand,Coffee,Retail Channels,Retail Volume,2025,100.0
Thailand,Coffee,Retail Offline,Retail Volume,2025,96.5
Thailand,Coffee,Grocery Retailers,Retail Volume,2025,96.5
Thailand,Coffee,Convenience Retailers,Retail Volume,2025,29.0
Thailand,Coffee,Convenience Stores,Retail Volume,2025,16.3
Thailand,Coffee,Forecourt Retailers,Retail Volume,2025,12.7
Thailand,Coffee,Supermarkets,Retail Volume,2025,7.3
Thailand,Coffee,Hypermarkets,Retail Volume,2025,24.5
Thailand,Coffee,Discounters,Retail Volume,2025,0.0
Thailand,Coffee,Warehouse Clubs,Retail Volume,2025,0.0
Thailand,Coffee,Food/drink/tobacco specialists,Retail Volume,2025,0.0
Thailand,Coffee,Small Local Grocers,Retail Volume,2025,35.6
Thailand,Coffee,Non-Grocery Retailers,Retail Volume,2025,0.0
Thailand,Coffee,General Merchandise Stores,Retail Volume,2025,0.0
Thailand,Coffee,Apparel and Footwear Specialists,Retail Volume,2025,0.0
Thailand,Coffee,Appliances and Electronics Specialists,Retail Volume,2025,0.0
Thailand,Coffee,Home Products Specialists,Retail Volume,2025,0.0
Thailand,Coffee,Health and Beauty Specialists,Retail Volume,2025,0.0
Thailand,Coffee,Leisure and Personal Goods Specialists,Retail Volume,2025,0.0
Thailand,Coffee,Other Non-Grocery Retailers,Retail Volume,2025,0.0
Thailand,Coffee,Vending,Retail Volume,2025,0.0
Thailand,Coffee,Direct Selling,Retail Volume,2025,0.0
Thailand,Coffee,Retail E-Commerce,Retail Volume,2025,3.5
Thailand,RTD Coffee,Retail Channels,Off-trade Volume,2025,100.0
Thailand,RTD Coffee,Retail Offline,Off-trade Volume,2025,97.9
Thailand,RTD Coffee,Grocery Retailers,Off-trade Volume,2025,91.5
Thailand,RTD Coffee,Convenience Retailers,Off-trade Volume,2025,30.1
Thailand,RTD Coffee,Convenience Stores,Off-trade Volume,2025,19.0
Thailand,RTD Coffee,Forecourt Retailers,Off-trade Volume,2025,11.0
Thailand,RTD Coffee,Supermarkets,Off-trade Volume,2025,5.0
Thailand,RTD Coffee,Hypermarkets,Off-trade Volume,2025,22.1
Thailand,RTD Coffee,Discounters,Off-trade Volume,2025,0.0
Thailand,RTD Coffee,Warehouse Clubs,Off-trade Volume,2025,0.0
Thailand,RTD Coffee,Food/drink/tobacco specialists,Off-trade Volume,2025,0.0
Thailand,RTD Coffee,Small Local Grocers,Off-trade Volume,2025,34.3
Thailand,RTD Coffee,Non-Grocery Retailers,Off-trade Volume,2025,0.0
Thailand,RTD Coffee,General Merchandise Stores,Off-trade Volume,2025,0.0
Thailand,RTD Coffee,Apparel and Footwear Specialists,Off-trade Volume,2025,0.0
Thailand,RTD Coffee,Appliances and Electronics Specialists,Off-trade Volume,2025,0.0
Thailand,RTD Coffee,Home Products Specialists,Off-trade Volume,2025,0.0
Thailand,RTD Coffee,Health and Beauty Specialists,Off-trade Volume,2025,0.0
Thailand,RTD Coffee,Leisure and Personal Goods Specialists,Off-trade Volume,2025,0.0
Thailand,RTD Coffee,Other Non-Grocery Retailers,Off-trade Volume,2025,0.0
Thailand,RTD Coffee,Vending,Off-trade Volume,2025,6.4
Thailand,RTD Coffee,Direct Selling,Off-trade Volume,2025,0.0
Thailand,RTD Coffee,Retail E-Commerce,Off-trade Volume,2025,2.1
Australasia,Coffee,Retail Channels,Retail Volume,2025,100.0
Australasia,Coffee,Retail Offline,Retail Volume,2025,85.2
Australasia,Coffee,Grocery Retailers,Retail Volume,2025,84.9
Australasia,Coffee,Convenience Retailers,Retail Volume,2025,4.8
Australasia,Coffee,Convenience Stores,Retail Volume,2025,2.4
Australasia,Coffee,Forecourt Retailers,Retail Volume,2025,2.4
Australasia,Coffee,Supermarkets,Retail Volume,2025,64.5
Australasia,Coffee,Hypermarkets,Retail Volume,2025,0.0
Australasia,Coffee,Discounters,Retail Volume,2025,12.6
Australasia,Coffee,Warehouse Clubs,Retail Volume,2025,0.2
Australasia,Coffee,Food/drink/tobacco specialists,Retail Volume,2025,0.0
Australasia,Coffee,Small Local Grocers,Retail Volume,2025,2.8
Australasia,Coffee,Non-Grocery Retailers,Retail Volume,2025,0.1
Australasia,Coffee,General Merchandise Stores,Retail Volume,2025,0.0
Australasia,Coffee,Apparel and Footwear Specialists,Retail Volume,2025,0.0
Australasia,Coffee,Appliances and Electronics Specialists,Retail Volume,2025,0.0
Australasia,Coffee,Home Products Specialists,Retail Volume,2025,0.0
Australasia,Coffee,Health and Beauty Specialists,Retail Volume,2025,0.1
Australasia,Coffee,Leisure and Personal Goods Specialists,Retail Volume,2025,0.0
Australasia,Coffee,Other Non-Grocery Retailers,Retail Volume,2025,0.0
Australasia,Coffee,Vending,Retail Volume,2025,0.3
Australasia,Coffee,Direct Selling,Retail Volume,2025,0.0
Australasia,Coffee,Retail E-Commerce,Retail Volume,2025,14.8
Australasia,RTD Coffee,Retail Channels,Off-trade Volume,2025,100.0
Australasia,RTD Coffee,Retail Offline,Off-trade Volume,2025,89.2
Australasia,RTD Coffee,Grocery Retailers,Off-trade Volume,2025,88.9
Australasia,RTD Coffee,Convenience Retailers,Off-trade Volume,2025,31.7
Australasia,RTD Coffee,Convenience Stores,Off-trade Volume,2025,5.1
Australasia,RTD Coffee,Forecourt Retailers,Off-trade Volume,2025,26.6
Australasia,RTD Coffee,Supermarkets,Off-trade Volume,2025,50.9
Australasia,RTD Coffee,Hypermarkets,Off-trade Volume,2025,0.0
Australasia,RTD Coffee,Discounters,Off-trade Volume,2025,1.1
Australasia,RTD Coffee,Warehouse Clubs,Off-trade Volume,2025,0.0
Australasia,RTD Coffee,Food/drink/tobacco specialists,Off-trade Volume,2025,0.0
Australasia,RTD Coffee,Small Local Grocers,Off-trade Volume,2025,5.2
Australasia,RTD Coffee,Non-Grocery Retailers,Off-trade Volume,2025,0.0
Australasia,RTD Coffee,General Merchandise Stores,Off-trade Volume,2025,0.0
Australasia,RTD Coffee,Apparel and Footwear Specialists,Off-trade Volume,2025,0.0
Australasia,RTD Coffee,Appliances and Electronics Specialists,Off-trade Volume,2025,0.0
Australasia,RTD Coffee,Home Products Specialists,Off-trade Volume,2025,0.0
Australasia,RTD Coffee,Health and Beauty Specialists,Off-trade Volume,2025,0.0
Australasia,RTD Coffee,Leisure and Personal Goods Specialists,Off-trade Volume,2025,0.0
Australasia,RTD Coffee,Other Non-Grocery Retailers,Off-trade Volume,2025,0.0
Australasia,RTD Coffee,Vending,Off-trade Volume,2025,0.3
Australasia,RTD Coffee,Direct Selling,Off-trade Volume,2025,0.0
Australasia,RTD Coffee,Retail E-Commerce,Off-trade Volume,2025,10.8
Australia,Coffee,Retail Channels,Retail Volume,2025,100.0
Australia,Coffee,Retail Offline,Retail Volume,2025,84.2
Australia,Coffee,Grocery Retailers,Retail Volume,2025,84.2
Australia,Coffee,Convenience Retailers,Retail Volume,2025,5.3
Australia,Coffee,Convenience Stores,Retail Volume,2025,2.6
Australia,Coffee,Forecourt Retailers,Retail Volume,2025,2.7
Australia,Coffee,Supermarkets,Retail Volume,2025,61.1
Australia,Coffee,Hypermarkets,Retail Volume,2025,0.0
Australia,Coffee,Discounters,Retail Volume,2025,14.8
Australia,Coffee,Warehouse Clubs,Retail Volume,2025,0.0
Australia,Coffee,Food/drink/tobacco specialists,Retail Volume,2025,0.0
Australia,Coffee,Small Local Grocers,Retail Volume,2025,2.9
Australia,Coffee,Non-Grocery Retailers,Retail Volume,2025,0.0
Australia,Coffee,General Merchandise Stores,Retail Volume,2025,0.0
Australia,Coffee,Apparel and Footwear Specialists,Retail Volume,2025,0.0
Australia,Coffee,Appliances and Electronics Specialists,Retail Volume,2025,0.0
Australia,Coffee,Home Products Specialists,Retail Volume,2025,0.0
Australia,Coffee,Health and Beauty Specialists,Retail Volume,2025,0.0
Australia,Coffee,Leisure and Personal Goods Specialists,Retail Volume,2025,0.0
Australia,Coffee,Other Non-Grocery Retailers,Retail Volume,2025,0.0
Australia,Coffee,Vending,Retail Volume,2025,0.0
Australia,Coffee,Direct Selling,Retail Volume,2025,0.0
Australia,Coffee,Retail E-Commerce,Retail Volume,2025,15.8
Australia,RTD Coffee,Retail Channels,Off-trade Volume,2025,100.0
Australia,RTD Coffee,Retail Offline,Off-trade Volume,2025,88.9
Australia,RTD Coffee,Grocery Retailers,Off-trade Volume,2025,88.5
Australia,RTD Coffee,Convenience Retailers,Off-trade Volume,2025,32.9
Australia,RTD Coffee,Convenience Stores,Off-trade Volume,2025,5.1
Australia,RTD Coffee,Forecourt Retailers,Off-trade Volume,2025,27.8
Australia,RTD Coffee,Supermarkets,Off-trade Volume,2025,49.0
Australia,RTD Coffee,Hypermarkets,Off-trade Volume,2025,0.0
Australia,RTD Coffee,Discounters,Off-trade Volume,2025,1.2
Australia,RTD Coffee,Warehouse Clubs,Off-trade Volume,2025,0.0
Australia,RTD Coffee,Food/drink/tobacco specialists,Off-trade Volume,2025,0.0
Australia,RTD Coffee,Small Local Grocers,Off-trade Volume,2025,5.4
Australia,RTD Coffee,Non-Grocery Retailers,Off-trade Volume,2025,0.0
Australia,RTD Coffee,General Merchandise Stores,Off-trade Volume,2025,0.0
Australia,RTD Coffee,Apparel and Footwear Specialists,Off-trade Volume,2025,0.0
Australia,RTD Coffee,Appliances and Electronics Specialists,Off-trade Volume,2025,0.0
Australia,RTD Coffee,Home Products Specialists,Off-trade Volume,2025,0.0
Australia,RTD Coffee,Health and Beauty Specialists,Off-trade Volume,2025,0.0
Australia,RTD Coffee,Leisure and Personal Goods Specialists,Off-trade Volume,2025,0.0
Australia,RTD Coffee,Other Non-Grocery Retailers,Off-trade Volume,2025,0.0
Australia,RTD Coffee,Vending,Off-trade Volume,2025,0.3
Australia,RTD Coffee,Direct Selling,Off-trade Volume,2025,0.0
Australia,RTD Coffee,Retail E-Commerce,Off-trade Volume,2025,11.1
Eastern Europe,Coffee,Retail Channels,Retail Volume,2025,100.0
Eastern Europe,Coffee,Retail Offline,Retail Volume,2025,92.5
Eastern Europe,Coffee,Grocery Retailers,Retail Volume,2025,88.4
Eastern Europe,Coffee,Convenience Retailers,Retail Volume,2025,15.5
Eastern Europe,Coffee,Convenience Stores,Retail Volume,2025,14.5
Eastern Europe,Coffee,Forecourt Retailers,Retail Volume,2025,0.9
Eastern Europe,Coffee,Supermarkets,Retail Volume,2025,29.1
Eastern Europe,Coffee,Hypermarkets,Retail Volume,2025,13.3
Eastern Europe,Coffee,Discounters,Retail Volume,2025,16.6
Eastern Europe,Coffee,Warehouse Clubs,Retail Volume,2025,0.0
Eastern Europe,Coffee,Food/drink/tobacco specialists,Retail Volume,2025,2.1
Eastern Europe,Coffee,Small Local Grocers,Retail Volume,2025,11.8
Eastern Europe,Coffee,Non-Grocery Retailers,Retail Volume,2025,0.8
Eastern Europe,Coffee,General Merchandise Stores,Retail Volume,2025,0.2
Eastern Europe,Coffee,Apparel and Footwear Specialists,Retail Volume,2025,0.0
Eastern Europe,Coffee,Appliances and Electronics Specialists,Retail Volume,2025,0.0
Eastern Europe,Coffee,Home Products Specialists,Retail Volume,2025,0.0
Eastern Europe,Coffee,Health and Beauty Specialists,Retail Volume,2025,0.6
Eastern Europe,Coffee,Leisure and Personal Goods Specialists,Retail Volume,2025,0.0
Eastern Europe,Coffee,Other Non-Grocery Retailers,Retail Volume,2025,0.0
Eastern Europe,Coffee,Vending,Retail Volume,2025,3.3
Eastern Europe,Coffee,Direct Selling,Retail Volume,2025,0.0
Eastern Europe,Coffee,Retail E-Commerce,Retail Volume,2025,7.5
Eastern Europe,RTD Coffee,Retail Channels,Off-trade Volume,2025,100.0
Eastern Europe,RTD Coffee,Retail Offline,Off-trade Volume,2025,97.9
Eastern Europe,RTD Coffee,Grocery Retailers,Off-trade Volume,2025,96.2
Eastern Europe,RTD Coffee,Convenience Retailers,Off-trade Volume,2025,37.0
Eastern Europe,RTD Coffee,Convenience Stores,Off-trade Volume,2025,17.1
Eastern Europe,RTD Coffee,Forecourt Retailers,Off-trade Volume,2025,19.9
Eastern Europe,RTD Coffee,Supermarkets,Off-trade Volume,2025,17.1
Eastern Europe,RTD Coffee,Hypermarkets,Off-trade Volume,2025,19.3
Eastern Europe,RTD Coffee,Discounters,Off-trade Volume,2025,17.0
Eastern Europe,RTD Coffee,Warehouse Clubs,Off-trade Volume,2025,0.0
Eastern Europe,RTD Coffee,Food/drink/tobacco specialists,Off-trade Volume,2025,1.1
Eastern Europe,RTD Coffee,Small Local Grocers,Off-trade Volume,2025,4.7
Eastern Europe,RTD Coffee,Non-Grocery Retailers,Off-trade Volume,2025,0.5
Eastern Europe,RTD Coffee,General Merchandise Stores,Off-trade Volume,2025,0.0
Eastern Europe,RTD Coffee,Apparel and Footwear Specialists,Off-trade Volume,2025,0.0
Eastern Europe,RTD Coffee,Appliances and Electronics Specialists,Off-trade Volume,2025,0.0
Eastern Europe,RTD Coffee,Home Products Specialists,Off-trade Volume,2025,0.0
Eastern Europe,RTD Coffee,Health and Beauty Specialists,Off-trade Volume,2025,0.5
Eastern Europe,RTD Coffee,Leisure and Personal Goods Specialists,Off-trade Volume,2025,0.0
Eastern Europe,RTD Coffee,Other Non-Grocery Retailers,Off-trade Volume,2025,0.0
Eastern Europe,RTD Coffee,Vending,Off-trade Volume,2025,1.2
Eastern Europe,RTD Coffee,Direct Selling,Off-trade Volume,2025,0.0
Eastern Europe,RTD Coffee,Retail E-Commerce,Off-trade Volume,2025,2.1
Latin America,Coffee,Retail Channels,Retail Volume,2025,100.0
Latin America,Coffee,Retail Offline,Retail Volume,2025,98.6
Latin America,Coffee,Grocery Retailers,Retail Volume,2025,96.7
Latin America,Coffee,Convenience Retailers,Retail Volume,2025,1.4
Latin America,Coffee,Convenience Stores,Retail Volume,2025,0.9
Latin America,Coffee,Forecourt Retailers,Retail Volume,2025,0.5
Latin America,Coffee,Supermarkets,Retail Volume,2025,34.6
Latin America,Coffee,Hypermarkets,Retail Volume,2025,25.6
Latin America,Coffee,Discounters,Retail Volume,2025,4.7
Latin America,Coffee,Warehouse Clubs,Retail Volume,2025,4.5
Latin America,Coffee,Food/drink/tobacco specialists,Retail Volume,2025,0.1
Latin America,Coffee,Small Local Grocers,Retail Volume,2025,25.8
Latin America,Coffee,Non-Grocery Retailers,Retail Volume,2025,1.6
Latin America,Coffee,General Merchandise Stores,Retail Volume,2025,1.5
Latin America,Coffee,Apparel and Footwear Specialists,Retail Volume,2025,0.0
Latin America,Coffee,Appliances and Electronics Specialists,Retail Volume,2025,0.0
Latin America,Coffee,Home Products Specialists,Retail Volume,2025,0.0
Latin America,Coffee,Health and Beauty Specialists,Retail Volume,2025,0.1
Latin America,Coffee,Leisure and Personal Goods Specialists,Retail Volume,2025,0.0
Latin America,Coffee,Other Non-Grocery Retailers,Retail Volume,2025,0.0
Latin America,Coffee,Vending,Retail Volume,2025,0.1
Latin America,Coffee,Direct Selling,Retail Volume,2025,0.2
Latin America,Coffee,Retail E-Commerce,Retail Volume,2025,1.4
Latin America,RTD Coffee,Retail Channels,Off-trade Volume,2025,100.0
Latin America,RTD Coffee,Retail Offline,Off-trade Volume,2025,99.8
Latin America,RTD Coffee,Grocery Retailers,Off-trade Volume,2025,98.7
Latin America,RTD Coffee,Convenience Retailers,Off-trade Volume,2025,16.3
Latin America,RTD Coffee,Convenience Stores,Off-trade Volume,2025,9.1
Latin America,RTD Coffee,Forecourt Retailers,Off-trade Volume,2025,7.2
Latin America,RTD Coffee,Supermarkets,Off-trade Volume,2025,27.2
Latin America,RTD Coffee,Hypermarkets,Off-trade Volume,2025,9.9
Latin America,RTD Coffee,Discounters,Off-trade Volume,2025,2.3
Latin America,RTD Coffee,Warehouse Clubs,Off-trade Volume,2025,0.6
Latin America,RTD Coffee,Food/drink/tobacco specialists,Off-trade Volume,2025,0.5
Latin America,RTD Coffee,Small Local Grocers,Off-trade Volume,2025,41.9
Latin America,RTD Coffee,Non-Grocery Retailers,Off-trade Volume,2025,1.1
Latin America,RTD Coffee,General Merchandise Stores,Off-trade Volume,2025,0.2
Latin America,RTD Coffee,Apparel and Footwear Specialists,Off-trade Volume,2025,0.0
Latin America,RTD Coffee,Appliances and Electronics Specialists,Off-trade Volume,2025,0.0
Latin America,RTD Coffee,Home Products Specialists,Off-trade Volume,2025,0.0
Latin America,RTD Coffee,Health and Beauty Specialists,Off-trade Volume,2025,0.9
Latin America,RTD Coffee,Leisure and Personal Goods Specialists,Off-trade Volume,2025,0.0
Latin America,RTD Coffee,Other Non-Grocery Retailers,Off-trade Volume,2025,0.0
Latin America,RTD Coffee,Vending,Off-trade Volume,2025,0.0
Latin America,RTD Coffee,Direct Selling,Off-trade Volume,2025,0.0
Latin America,RTD Coffee,Retail E-Commerce,Off-trade Volume,2025,0.2
Brazil,Coffee,Retail Channels,Retail Volume,2025,100.0
Brazil,Coffee,Retail Offline,Retail Volume,2025,99.4
Brazil,Coffee,Grocery Retailers,Retail Volume,2025,97.1
Brazil,Coffee,Convenience Retailers,Retail Volume,2025,1.0
Brazil,Coffee,Convenience Stores,Retail Volume,2025,0.4
Brazil,Coffee,Forecourt Retailers,Retail Volume,2025,0.5
Brazil,Coffee,Supermarkets,Retail Volume,2025,40.8
Brazil,Coffee,Hypermarkets,Retail Volume,2025,30.2
Brazil,Coffee,Discounters,Retail Volume,2025,0.4
Brazil,Coffee,Warehouse Clubs,Retail Volume,2025,6.1
Brazil,Coffee,Food/drink/tobacco specialists,Retail Volume,2025,0.0
Brazil,Coffee,Small Local Grocers,Retail Volume,2025,18.5
Brazil,Coffee,Non-Grocery Retailers,Retail Volume,2025,2.1
Brazil,Coffee,General Merchandise Stores,Retail Volume,2025,2.1
Brazil,Coffee,Apparel and Footwear Specialists,Retail Volume,2025,0.0
Brazil,Coffee,Appliances and Electronics Specialists,Retail Volume,2025,0.0
Brazil,Coffee,Home Products Specialists,Retail Volume,2025,0.0
Brazil,Coffee,Health and Beauty Specialists,Retail Volume,2025,0.0
Brazil,Coffee,Leisure and Personal Goods Specialists,Retail Volume,2025,0.0
Brazil,Coffee,Other Non-Grocery Retailers,Retail Volume,2025,0.0
Brazil,Coffee,Vending,Retail Volume,2025,0.0
Brazil,Coffee,Direct Selling,Retail Volume,2025,0.3
Brazil,Coffee,Retail E-Commerce,Retail Volume,2025,0.6
Brazil,RTD Coffee,Retail Channels,Off-trade Volume,2025,100.0
Brazil,RTD Coffee,Retail Offline,Off-trade Volume,2025,100.0
Brazil,RTD Coffee,Grocery Retailers,Off-trade Volume,2025,98.9
Brazil,RTD Coffee,Convenience Retailers,Off-trade Volume,2025,51.4
Brazil,RTD Coffee,Convenience Stores,Off-trade Volume,2025,2.2
Brazil,RTD Coffee,Forecourt Retailers,Off-trade Volume,2025,49.2
Brazil,RTD Coffee,Supermarkets,Off-trade Volume,2025,19.3
Brazil,RTD Coffee,Hypermarkets,Off-trade Volume,2025,12.9
Brazil,RTD Coffee,Discounters,Off-trade Volume,2025,0.0
Brazil,RTD Coffee,Warehouse Clubs,Off-trade Volume,2025,3.3
Brazil,RTD Coffee,Food/drink/tobacco specialists,Off-trade Volume,2025,0.0
Brazil,RTD Coffee,Small Local Grocers,Off-trade Volume,2025,12.0
Brazil,RTD Coffee,Non-Grocery Retailers,Off-trade Volume,2025,1.1
Brazil,RTD Coffee,General Merchandise Stores,Off-trade Volume,2025,1.1
Brazil,RTD Coffee,Apparel and Footwear Specialists,Off-trade Volume,2025,0.0
Brazil,RTD Coffee,Appliances and Electronics Specialists,Off-trade Volume,2025,0.0
Brazil,RTD Coffee,Home Products Specialists,Off-trade Volume,2025,0.0
Brazil,RTD Coffee,Health and Beauty Specialists,Off-trade Volume,2025,0.0
Brazil,RTD Coffee,Leisure and Personal Goods Specialists,Off-trade Volume,2025,0.0
Brazil,RTD Coffee,Other Non-Grocery Retailers,Off-trade Volume,2025,0.0
Brazil,RTD Coffee,Vending,Off-trade Volume,2025,0.0
Brazil,RTD Coffee,Direct Selling,Off-trade Volume,2025,0.0
Brazil,RTD Coffee,Retail E-Commerce,Off-trade Volume,2025,0.0
Middle East and Africa,Coffee,Retail Channels,Retail Volume,2025,100.0
Middle East and Africa,Coffee,Retail Offline,Retail Volume,2025,98.1
Middle East and Africa,Coffee,Grocery Retailers,Retail Volume,2025,96.5
Middle East and Africa,Coffee,Convenience Retailers,Retail Volume,2025,4.9
Middle East and Africa,Coffee,Convenience Stores,Retail Volume,2025,3.2
Middle East and Africa,Coffee,Forecourt Retailers,Retail Volume,2025,1.7
Middle East and Africa,Coffee,Supermarkets,Retail Volume,2025,29.2
Middle East and Africa,Coffee,Hypermarkets,Retail Volume,2025,7.4
Middle East and Africa,Coffee,Discounters,Retail Volume,2025,2.3
Middle East and Africa,Coffee,Warehouse Clubs,Retail Volume,2025,0.0
Middle East and Africa,Coffee,Food/drink/tobacco specialists,Retail Volume,2025,8.3
Middle East and Africa,Coffee,Small Local Grocers,Retail Volume,2025,44.3
Middle East and Africa,Coffee,Non-Grocery Retailers,Retail Volume,2025,1.3
Middle East and Africa,Coffee,General Merchandise Stores,Retail Volume,2025,0.0
Middle East and Africa,Coffee,Apparel and Footwear Specialists,Retail Volume,2025,0.0
Middle East and Africa,Coffee,Appliances and Electronics Specialists,Retail Volume,2025,0.0
Middle East and Africa,Coffee,Home Products Specialists,Retail Volume,2025,0.0
Middle East and Africa,Coffee,Health and Beauty Specialists,Retail Volume,2025,0.0
Middle East and Africa,Coffee,Leisure and Personal Goods Specialists,Retail Volume,2025,0.0
Middle East and Africa,Coffee,Other Non-Grocery Retailers,Retail Volume,2025,1.3
Middle East and Africa,Coffee,Vending,Retail Volume,2025,0.2
Middle East and Africa,Coffee,Direct Selling,Retail Volume,2025,0.1
Middle East and Africa,Coffee,Retail E-Commerce,Retail Volume,2025,1.9
Middle East and Africa,RTD Coffee,Retail Channels,Off-trade Volume,2025,100.0
Middle East and Africa,RTD Coffee,Retail Offline,Off-trade Volume,2025,97.8
Middle East and Africa,RTD Coffee,Grocery Retailers,Off-trade Volume,2025,97.3
Middle East and Africa,RTD Coffee,Convenience Retailers,Off-trade Volume,2025,30.0
Middle East and Africa,RTD Coffee,Convenience Stores,Off-trade Volume,2025,3.8
Middle East and Africa,RTD Coffee,Forecourt Retailers,Off-trade Volume,2025,26.3
Middle East and Africa,RTD Coffee,Supermarkets,Off-trade Volume,2025,16.1
Middle East and Africa,RTD Coffee,Hypermarkets,Off-trade Volume,2025,16.5
Middle East and Africa,RTD Coffee,Discounters,Off-trade Volume,2025,0.9
Middle East and Africa,RTD Coffee,Warehouse Clubs,Off-trade Volume,2025,0.1
Middle East and Africa,RTD Coffee,Food/drink/tobacco specialists,Off-trade Volume,2025,0.5
Middle East and Africa,RTD Coffee,Small Local Grocers,Off-trade Volume,2025,33.1
Middle East and Africa,RTD Coffee,Non-Grocery Retailers,Off-trade Volume,2025,0.3
Middle East and Africa,RTD Coffee,General Merchandise Stores,Off-trade Volume,2025,0.0
Middle East and Africa,RTD Coffee,Apparel and Footwear Specialists,Off-trade Volume,2025,0.0
Middle East and Africa,RTD Coffee,Appliances and Electronics Specialists,Off-trade Volume,2025,0.0
Middle East and Africa,RTD Coffee,Home Products Specialists,Off-trade Volume,2025,0.0
Middle East and Africa,RTD Coffee,Health and Beauty Specialists,Off-trade Volume,2025,0.3
Middle East and Africa,RTD Coffee,Leisure and Personal Goods Specialists,Off-trade Volume,2025,0.0
Middle East and Africa,RTD Coffee,Other Non-Grocery Retailers,Off-trade Volume,2025,0.0
Middle East and Africa,RTD Coffee,Vending,Off-trade Volume,2025,0.0
Middle East and Africa,RTD Coffee,Direct Selling,Off-trade Volume,2025,0.1
Middle East and Africa,RTD Coffee,Retail E-Commerce,Off-trade Volume,2025,2.2
North America,Coffee,Retail Channels,Retail Volume,2025,100.0
North America,Coffee,Retail Offline,Retail Volume,2025,73.4
North America,Coffee,Grocery Retailers,Retail Volume,2025,71.4
North America,Coffee,Convenience Retailers,Retail Volume,2025,1.3
North America,Coffee,Convenience Stores,Retail Volume,2025,0.2
North America,Coffee,Forecourt Retailers,Retail Volume,2025,1.0
North America,Coffee,Supermarkets,Retail Volume,2025,23.8
North America,Coffee,Hypermarkets,Retail Volume,2025,19.6
North America,Coffee,Discounters,Retail Volume,2025,3.1
North America,Coffee,Warehouse Clubs,Retail Volume,2025,3.5
North America,Coffee,Food/drink/tobacco specialists,Retail Volume,2025,3.9
North America,Coffee,Small Local Grocers,Retail Volume,2025,16.4
North America,Coffee,Non-Grocery Retailers,Retail Volume,2025,1.8
North America,Coffee,General Merchandise Stores,Retail Volume,2025,1.2
North America,Coffee,Apparel and Footwear Specialists,Retail Volume,2025,0.0
North America,Coffee,Appliances and Electronics Specialists,Retail Volume,2025,0.0
North America,Coffee,Home Products Specialists,Retail Volume,2025,0.0
North America,Coffee,Health and Beauty Specialists,Retail Volume,2025,0.7
North America,Coffee,Leisure and Personal Goods Specialists,Retail Volume,2025,0.0
North America,Coffee,Other Non-Grocery Retailers,Retail Volume,2025,0.0
North America,Coffee,Vending,Retail Volume,2025,0.0
North America,Coffee,Direct Selling,Retail Volume,2025,0.1
North America,Coffee,Retail E-Commerce,Retail Volume,2025,26.6
North America,RTD Coffee,Retail Channels,Off-trade Volume,2025,100.0
North America,RTD Coffee,Retail Offline,Off-trade Volume,2025,86.3
North America,RTD Coffee,Grocery Retailers,Off-trade Volume,2025,79.3
North America,RTD Coffee,Convenience Retailers,Off-trade Volume,2025,23.4
North America,RTD Coffee,Convenience Stores,Off-trade Volume,2025,5.4
North America,RTD Coffee,Forecourt Retailers,Off-trade Volume,2025,18.0
North America,RTD Coffee,Supermarkets,Off-trade Volume,2025,20.2
North America,RTD Coffee,Hypermarkets,Off-trade Volume,2025,20.0
North America,RTD Coffee,Discounters,Off-trade Volume,2025,1.3
North America,RTD Coffee,Warehouse Clubs,Off-trade Volume,2025,10.7
North America,RTD Coffee,Food/drink/tobacco specialists,Off-trade Volume,2025,0.0
North America,RTD Coffee,Small Local Grocers,Off-trade Volume,2025,3.6
North America,RTD Coffee,Non-Grocery Retailers,Off-trade Volume,2025,4.5
North America,RTD Coffee,General Merchandise Stores,Off-trade Volume,2025,3.7
North America,RTD Coffee,Apparel and Footwear Specialists,Off-trade Volume,2025,0.0
North America,RTD Coffee,Appliances and Electronics Specialists,Off-trade Volume,2025,0.0
North America,RTD Coffee,Home Products Specialists,Off-trade Volume,2025,0.0
North America,RTD Coffee,Health and Beauty Specialists,Off-trade Volume,2025,0.9
North America,RTD Coffee,Leisure and Personal Goods Specialists,Off-trade Volume,2025,0.0
North America,RTD Coffee,Other Non-Grocery Retailers,Off-trade Volume,2025,0.0
North America,RTD Coffee,Vending,Off-trade Volume,2025,2.5
North America,RTD Coffee,Direct Selling,Off-trade Volume,2025,0.0
North America,RTD Coffee,Retail E-Commerce,Off-trade Volume,2025,13.7
USA,Coffee,Retail Channels,Retail Volume,2025,100.0
USA,Coffee,Retail Offline,Retail Volume,2025,71.9
USA,Coffee,Grocery Retailers,Retail Volume,2025,70.3
USA,Coffee,Convenience Retailers,Retail Volume,2025,1.2
USA,Coffee,Convenience Stores,Retail Volume,2025,0.2
USA,Coffee,Forecourt Retailers,Retail Volume,2025,1.1
USA,Coffee,Supermarkets,Retail Volume,2025,23.1
USA,Coffee,Hypermarkets,Retail Volume,2025,19.8
USA,Coffee,Discounters,Retail Volume,2025,1.8
USA,Coffee,Warehouse Clubs,Retail Volume,2025,3.0
USA,Coffee,Food/drink/tobacco specialists,Retail Volume,2025,4.3
USA,Coffee,Small Local Grocers,Retail Volume,2025,17.1
USA,Coffee,Non-Grocery Retailers,Retail Volume,2025,1.5
USA,Coffee,General Merchandise Stores,Retail Volume,2025,1.1
USA,Coffee,Apparel and Footwear Specialists,Retail Volume,2025,0.0
USA,Coffee,Appliances and Electronics Specialists,Retail Volume,2025,0.0
USA,Coffee,Home Products Specialists,Retail Volume,2025,0.0
USA,Coffee,Health and Beauty Specialists,Retail Volume,2025,0.4
USA,Coffee,Leisure and Personal Goods Specialists,Retail Volume,2025,0.0
USA,Coffee,Other Non-Grocery Retailers,Retail Volume,2025,0.0
USA,Coffee,Vending,Retail Volume,2025,0.0
USA,Coffee,Direct Selling,Retail Volume,2025,0.1
USA,Coffee,Retail E-Commerce,Retail Volume,2025,28.1
USA,RTD Coffee,Retail Channels,Off-trade Volume,2025,100.0
USA,RTD Coffee,Retail Offline,Off-trade Volume,2025,86.2
USA,RTD Coffee,Grocery Retailers,Off-trade Volume,2025,79.3
USA,RTD Coffee,Convenience Retailers,Off-trade Volume,2025,23.6
USA,RTD Coffee,Convenience Stores,Off-trade Volume,2025,5.5
USA,RTD Coffee,Forecourt Retailers,Off-trade Volume,2025,18.1
USA,RTD Coffee,Supermarkets,Off-trade Volume,2025,19.9
USA,RTD Coffee,Hypermarkets,Off-trade Volume,2025,20.1
USA,RTD Coffee,Discounters,Off-trade Volume,2025,1.3
USA,RTD Coffee,Warehouse Clubs,Off-trade Volume,2025,10.8
USA,RTD Coffee,Food/drink/tobacco specialists,Off-trade Volume,2025,0.0
USA,RTD Coffee,Small Local Grocers,Off-trade Volume,2025,3.7
USA,RTD Coffee,Non-Grocery Retailers,Off-trade Volume,2025,4.4
USA,RTD Coffee,General Merchandise Stores,Off-trade Volume,2025,3.7
USA,RTD Coffee,Apparel and Footwear Specialists,Off-trade Volume,2025,0.0
USA,RTD Coffee,Appliances and Electronics Specialists,Off-trade Volume,2025,0.0
USA,RTD Coffee,Home Products Specialists,Off-trade Volume,2025,0.0
USA,RTD Coffee,Health and Beauty Specialists,Off-trade Volume,2025,0.7
USA,RTD Coffee,Leisure and Personal Goods Specialists,Off-trade Volume,2025,0.0
USA,RTD Coffee,Other Non-Grocery Retailers,Off-trade Volume,2025,0.0
USA,RTD Coffee,Vending,Off-trade Volume,2025,2.5
USA,RTD Coffee,Direct Selling,Off-trade Volume,2025,0.0
USA,RTD Coffee,Retail E-Commerce,Off-trade Volume,2025,13.8
Western Europe,Coffee,Retail Channels,Retail Volume,2025,100.0
Western Europe,Coffee,Retail Offline,Retail Volume,2025,94.0
Western Europe,Coffee,Grocery Retailers,Retail Volume,2025,91.4
Western Europe,Coffee,Convenience Retailers,Retail Volume,2025,3.3
Western Europe,Coffee,Convenience Stores,Retail Volume,2025,2.9
Western Europe,Coffee,Forecourt Retailers,Retail Volume,2025,0.4
Western Europe,Coffee,Supermarkets,Retail Volume,2025,37.4
Western Europe,Coffee,Hypermarkets,Retail Volume,2025,18.5
Western Europe,Coffee,Discounters,Retail Volume,2025,25.2
Western Europe,Coffee,Warehouse Clubs,Retail Volume,2025,0.0
Western Europe,Coffee,Food/drink/tobacco specialists,Retail Volume,2025,4.1
Western Europe,Coffee,Small Local Grocers,Retail Volume,2025,3.0
Western Europe,Coffee,Non-Grocery Retailers,Retail Volume,2025,1.6
Western Europe,Coffee,General Merchandise Stores,Retail Volume,2025,0.6
Western Europe,Coffee,Apparel and Footwear Specialists,Retail Volume,2025,0.0
Western Europe,Coffee,Appliances and Electronics Specialists,Retail Volume,2025,0.0
Western Europe,Coffee,Home Products Specialists,Retail Volume,2025,0.0
Western Europe,Coffee,Health and Beauty Specialists,Retail Volume,2025,1.0
Western Europe,Coffee,Leisure and Personal Goods Specialists,Retail Volume,2025,0.0
Western Europe,Coffee,Other Non-Grocery Retailers,Retail Volume,2025,0.0
Western Europe,Coffee,Vending,Retail Volume,2025,0.9
Western Europe,Coffee,Direct Selling,Retail Volume,2025,0.0
Western Europe,Coffee,Retail E-Commerce,Retail Volume,2025,6.0
Western Europe,RTD Coffee,Retail Channels,Off-trade Volume,2025,100.0
Western Europe,RTD Coffee,Retail Offline,Off-trade Volume,2025,96.3
Western Europe,RTD Coffee,Grocery Retailers,Off-trade Volume,2025,94.4
Western Europe,RTD Coffee,Convenience Retailers,Off-trade Volume,2025,13.7
Western Europe,RTD Coffee,Convenience Stores,Off-trade Volume,2025,6.4
Western Europe,RTD Coffee,Forecourt Retailers,Off-trade Volume,2025,7.2
Western Europe,RTD Coffee,Supermarkets,Off-trade Volume,2025,44.8
Western Europe,RTD Coffee,Hypermarkets,Off-trade Volume,2025,15.0
Western Europe,RTD Coffee,Discounters,Off-trade Volume,2025,15.3
Western Europe,RTD Coffee,Warehouse Clubs,Off-trade Volume,2025,0.0
Western Europe,RTD Coffee,Food/drink/tobacco specialists,Off-trade Volume,2025,0.2
Western Europe,RTD Coffee,Small Local Grocers,Off-trade Volume,2025,5.5
Western Europe,RTD Coffee,Non-Grocery Retailers,Off-trade Volume,2025,1.4
Western Europe,RTD Coffee,General Merchandise Stores,Off-trade Volume,2025,0.0
Western Europe,RTD Coffee,Apparel and Footwear Specialists,Off-trade Volume,2025,0.0
Western Europe,RTD Coffee,Appliances and Electronics Specialists,Off-trade Volume,2025,0.0
Western Europe,RTD Coffee,Home Products Specialists,Off-trade Volume,2025,0.0
Western Europe,RTD Coffee,Health and Beauty Specialists,Off-trade Volume,2025,1.3
Western Europe,RTD Coffee,Leisure and Personal Goods Specialists,Off-trade Volume,2025,0.1
Western Europe,RTD Coffee,Other Non-Grocery Retailers,Off-trade Volume,2025,0.0
Western Europe,RTD Coffee,Vending,Off-trade Volume,2025,0.4
Western Europe,RTD Coffee,Direct Selling,Off-trade Volume,2025,0.0
Western Europe,RTD Coffee,Retail E-Commerce,Off-trade Volume,2025,3.7
France,Coffee,Retail Channels,Retail Volume,2025,100.0
France,Coffee,Retail Offline,Retail Volume,2025,85.7
France,Coffee,Grocery Retailers,Retail Volume,2025,84.5
France,Coffee,Convenience Retailers,Retail Volume,2025,1.4
France,Coffee,Convenience Stores,Retail Volume,2025,1.4
France,Coffee,Forecourt Retailers,Retail Volume,2025,0.0
France,Coffee,Supermarkets,Retail Volume,2025,22.3
France,Coffee,Hypermarkets,Retail Volume,2025,28.8
France,Coffee,Discounters,Retail Volume,2025,13.7
France,Coffee,Warehouse Clubs,Retail Volume,2025,0.0
France,Coffee,Food/drink/tobacco specialists,Retail Volume,2025,17.5
France,Coffee,Small Local Grocers,Retail Volume,2025,0.8
France,Coffee,Non-Grocery Retailers,Retail Volume,2025,0.6
France,Coffee,General Merchandise Stores,Retail Volume,2025,0.0
France,Coffee,Apparel and Footwear Specialists,Retail Volume,2025,0.0
France,Coffee,Appliances and Electronics Specialists,Retail Volume,2025,0.0
France,Coffee,Home Products Specialists,Retail Volume,2025,0.0
France,Coffee,Health and Beauty Specialists,Retail Volume,2025,0.6
France,Coffee,Leisure and Personal Goods Specialists,Retail Volume,2025,0.0
France,Coffee,Other Non-Grocery Retailers,Retail Volume,2025,0.0
France,Coffee,Vending,Retail Volume,2025,0.7
France,Coffee,Direct Selling,Retail Volume,2025,0.0
France,Coffee,Retail E-Commerce,Retail Volume,2025,14.3
France,RTD Coffee,Retail Channels,Off-trade Volume,2025,100.0
France,RTD Coffee,Retail Offline,Off-trade Volume,2025,97.8
France,RTD Coffee,Grocery Retailers,Off-trade Volume,2025,97.3
France,RTD Coffee,Convenience Retailers,Off-trade Volume,2025,38.3
France,RTD Coffee,Convenience Stores,Off-trade Volume,2025,17.6
France,RTD Coffee,Forecourt Retailers,Off-trade Volume,2025,20.7
France,RTD Coffee,Supermarkets,Off-trade Volume,2025,27.3
France,RTD Coffee,Hypermarkets,Off-trade Volume,2025,27.2
France,RTD Coffee,Discounters,Off-trade Volume,2025,2.9
France,RTD Coffee,Warehouse Clubs,Off-trade Volume,2025,0.0
France,RTD Coffee,Food/drink/tobacco specialists,Off-trade Volume,2025,0.0
France,RTD Coffee,Small Local Grocers,Off-trade Volume,2025,1.6
France,RTD Coffee,Non-Grocery Retailers,Off-trade Volume,2025,0.0
France,RTD Coffee,General Merchandise Stores,Off-trade Volume,2025,0.0
France,RTD Coffee,Apparel and Footwear Specialists,Off-trade Volume,2025,0.0
France,RTD Coffee,Appliances and Electronics Specialists,Off-trade Volume,2025,0.0
France,RTD Coffee,Home Products Specialists,Off-trade Volume,2025,0.0
France,RTD Coffee,Health and Beauty Specialists,Off-trade Volume,2025,0.0
France,RTD Coffee,Leisure and Personal Goods Specialists,Off-trade Volume,2025,0.0
France,RTD Coffee,Other Non-Grocery Retailers,Off-trade Volume,2025,0.0
France,RTD Coffee,Vending,Off-trade Volume,2025,0.5
France,RTD Coffee,Direct Selling,Off-trade Volume,2025,0.0
France,RTD Coffee,Retail E-Commerce,Off-trade Volume,2025,2.2
Germany,Coffee,Retail Channels,Retail Volume,2025,100.0
Germany,Coffee,Retail Offline,Retail Volume,2025,97.1
Germany,Coffee,Grocery Retailers,Retail Volume,2025,94.5
Germany,Coffee,Convenience Retailers,Retail Volume,2025,0.6
Germany,Coffee,Convenience Stores,Retail Volume,2025,0.4
Germany,Coffee,Forecourt Retailers,Retail Volume,2025,0.2
Germany,Coffee,Supermarkets,Retail Volume,2025,25.7
Germany,Coffee,Hypermarkets,Retail Volume,2025,16.9
Germany,Coffee,Discounters,Retail Volume,2025,48.2
Germany,Coffee,Warehouse Clubs,Retail Volume,2025,0.0
Germany,Coffee,Food/drink/tobacco specialists,Retail Volume,2025,2.4
Germany,Coffee,Small Local Grocers,Retail Volume,2025,0.8
Germany,Coffee,Non-Grocery Retailers,Retail Volume,2025,2.5
Germany,Coffee,General Merchandise Stores,Retail Volume,2025,1.3
Germany,Coffee,Apparel and Footwear Specialists,Retail Volume,2025,0.0
Germany,Coffee,Appliances and Electronics Specialists,Retail Volume,2025,0.0
Germany,Coffee,Home Products Specialists,Retail Volume,2025,0.0
Germany,Coffee,Health and Beauty Specialists,Retail Volume,2025,1.2
Germany,Coffee,Leisure and Personal Goods Specialists,Retail Volume,2025,0.0
Germany,Coffee,Other Non-Grocery Retailers,Retail Volume,2025,0.0
Germany,Coffee,Vending,Retail Volume,2025,0.2
Germany,Coffee,Direct Selling,Retail Volume,2025,0.0
Germany,Coffee,Retail E-Commerce,Retail Volume,2025,2.9
Germany,RTD Coffee,Retail Channels,Off-trade Volume,2025,100.0
Germany,RTD Coffee,Retail Offline,Off-trade Volume,2025,98.9
Germany,RTD Coffee,Grocery Retailers,Off-trade Volume,2025,94.6
Germany,RTD Coffee,Convenience Retailers,Off-trade Volume,2025,16.0
Germany,RTD Coffee,Convenience Stores,Off-trade Volume,2025,0.1
Germany,RTD Coffee,Forecourt Retailers,Off-trade Volume,2025,15.9
Germany,RTD Coffee,Supermarkets,Off-trade Volume,2025,31.6
Germany,RTD Coffee,Hypermarkets,Off-trade Volume,2025,13.7
Germany,RTD Coffee,Discounters,Off-trade Volume,2025,27.5
Germany,RTD Coffee,Warehouse Clubs,Off-trade Volume,2025,0.0
Germany,RTD Coffee,Food/drink/tobacco specialists,Off-trade Volume,2025,0.1
Germany,RTD Coffee,Small Local Grocers,Off-trade Volume,2025,5.6
Germany,RTD Coffee,Non-Grocery Retailers,Off-trade Volume,2025,3.9
Germany,RTD Coffee,General Merchandise Stores,Off-trade Volume,2025,0.0
Germany,RTD Coffee,Apparel and Footwear Specialists,Off-trade Volume,2025,0.0
Germany,RTD Coffee,Appliances and Electronics Specialists,Off-trade Volume,2025,0.0
Germany,RTD Coffee,Home Products Specialists,Off-trade Volume,2025,0.0
Germany,RTD Coffee,Health and Beauty Specialists,Off-trade Volume,2025,3.9
Germany,RTD Coffee,Leisure and Personal Goods Specialists,Off-trade Volume,2025,0.0
Germany,RTD Coffee,Other Non-Grocery Retailers,Off-trade Volume,2025,0.0
Germany,RTD Coffee,Vending,Off-trade Volume,2025,0.3
Germany,RTD Coffee,Direct Selling,Off-trade Volume,2025,0.0
Germany,RTD Coffee,Retail E-Commerce,Off-trade Volume,2025,1.1
United Kingdom,Coffee,Retail Channels,Retail Volume,2025,100.0
United Kingdom,Coffee,Retail Offline,Retail Volume,2025,87.6
United Kingdom,Coffee,Grocery Retailers,Retail Volume,2025,84.9
United Kingdom,Coffee,Convenience Retailers,Retail Volume,2025,5.4
United Kingdom,Coffee,Convenience Stores,Retail Volume,2025,5.1
United Kingdom,Coffee,Forecourt Retailers,Retail Volume,2025,0.2
United Kingdom,Coffee,Supermarkets,Retail Volume,2025,36.5
United Kingdom,Coffee,Hypermarkets,Retail Volume,2025,31.9
United Kingdom,Coffee,Discounters,Retail Volume,2025,8.7
United Kingdom,Coffee,Warehouse Clubs,Retail Volume,2025,0.1
United Kingdom,Coffee,Food/drink/tobacco specialists,Retail Volume,2025,1.3
United Kingdom,Coffee,Small Local Grocers,Retail Volume,2025,1.0
United Kingdom,Coffee,Non-Grocery Retailers,Retail Volume,2025,1.9
United Kingdom,Coffee,General Merchandise Stores,Retail Volume,2025,1.9
United Kingdom,Coffee,Apparel and Footwear Specialists,Retail Volume,2025,0.0
United Kingdom,Coffee,Appliances and Electronics Specialists,Retail Volume,2025,0.0
United Kingdom,Coffee,Home Products Specialists,Retail Volume,2025,0.0
United Kingdom,Coffee,Health and Beauty Specialists,Retail Volume,2025,0.0
United Kingdom,Coffee,Leisure and Personal Goods Specialists,Retail Volume,2025,0.0
United Kingdom,Coffee,Other Non-Grocery Retailers,Retail Volume,2025,0.0
United Kingdom,Coffee,Vending,Retail Volume,2025,0.8
United Kingdom,Coffee,Direct Selling,Retail Volume,2025,0.0
United Kingdom,Coffee,Retail E-Commerce,Retail Volume,2025,12.4
United Kingdom,RTD Coffee,Retail Channels,Off-trade Volume,2025,100.0
United Kingdom,RTD Coffee,Retail Offline,Off-trade Volume,2025,90.9
United Kingdom,RTD Coffee,Grocery Retailers,Off-trade Volume,2025,90.1
United Kingdom,RTD Coffee,Convenience Retailers,Off-trade Volume,2025,12.8
United Kingdom,RTD Coffee,Convenience Stores,Off-trade Volume,2025,9.5
United Kingdom,RTD Coffee,Forecourt Retailers,Off-trade Volume,2025,3.3
United Kingdom,RTD Coffee,Supermarkets,Off-trade Volume,2025,33.1
United Kingdom,RTD Coffee,Hypermarkets,Off-trade Volume,2025,29.6
United Kingdom,RTD Coffee,Discounters,Off-trade Volume,2025,0.0
United Kingdom,RTD Coffee,Warehouse Clubs,Off-trade Volume,2025,0.0
United Kingdom,RTD Coffee,Food/drink/tobacco specialists,Off-trade Volume,2025,0.0
United Kingdom,RTD Coffee,Small Local Grocers,Off-trade Volume,2025,14.5
United Kingdom,RTD Coffee,Non-Grocery Retailers,Off-trade Volume,2025,0.8
United Kingdom,RTD Coffee,General Merchandise Stores,Off-trade Volume,2025,0.0
United Kingdom,RTD Coffee,Apparel and Footwear Specialists,Off-trade Volume,2025,0.0
United Kingdom,RTD Coffee,Appliances and Electronics Specialists,Off-trade Volume,2025,0.0
United Kingdom,RTD Coffee,Home Products Specialists,Off-trade Volume,2025,0.0
United Kingdom,RTD Coffee,Health and Beauty Specialists,Off-trade Volume,2025,0.8
United Kingdom,RTD Coffee,Leisure and Personal Goods Specialists,Off-trade Volume,2025,0.0
United Kingdom,RTD Coffee,Other Non-Grocery Retailers,Off-trade Volume,2025,0.0
United Kingdom,RTD Coffee,Vending,Off-trade Volume,2025,0.0
United Kingdom,RTD Coffee,Direct Selling,Off-trade Volume,2025,0.0
United Kingdom,RTD Coffee,Retail E-Commerce,Off-trade Volume,2025,9.1
